{"info":{"FIRST_NAME":"Adrian","LAST_NAME":"Caldwell","WEIGHT":"","COUNTRY":"USA","SCHOOL":"Lamar","BIRTHDATE":"1966-07-04T00:00:00","HEIGHT":"","TO_YEAR":1997,"DLEAGUE":"N","FROM_YEAR":1989,"TEAM":"","PERSON_ID":154,"SEASON_EXP":5,"POSITION":"","ROSTERSTATUS":"Inactive","ALL_STAR":0,"PIE":0,"JERSEY":""},"career":{"header":["MIN","FGM","FGA","FG_PCT","FG3M","FG3A","FG3_PCT","FTM","FTA","FT_PCT","OREB","DREB","REB","AST","STL","BLK","TOV","PF","PTS"],"RegularSeason":{"PerGame":[8.1,0.8,1.7,0.485,0.0,0.0,0.0,0.3,0.7,0.453,0.9,1.6,2.5,0.2,0.3,0.2,0.6,1.4,2.0],"GS":1,"GP":197},"PostSeason":{"PerGame":[2.0,0.5,0.5,1.0,0.0,0.0,0.0,0.0,0.0,0.0,0.0,0.5,0.5,0.0,0.0,0.0,0.0,0.0,1.0],"GS":0,"GP":2}},"season":{"headerRank":["RANK_PG_MIN","RANK_PG_FGM","RANK_PG_FGA","RANK_FG_PCT","RANK_PG_FG3M","RANK_PG_FG3A","RANK_FG3_PCT","RANK_PG_FTM","RANK_PG_FTA","RANK_FT_PCT","RANK_PG_OREB","RANK_PG_DREB","RANK_PG_REB","RANK_PG_AST","RANK_PG_STL","RANK_PG_BLK","RANK_PG_TOV","RANK_PG_PTS","RANK_PG_EFF"],"headerGame":["PLAYER_ID","GAME_ID","GAME_DATE","TEAM_ABBREVIATION","TEAM_NAME","VS_TEAM_ABBREVIATION","VS_TEAM_NAME","TOV","PTS","FGM","FGA","FG3M","FG3A","PF","BLK","STL","AST","REB"],"RegularSeason":{"1990":{"GameList":{"29000646":[154,"0029000646","02/14/1991","HOU","Rockets","WAS","Bullets",1,0,0,2,0,0,1,0,0,0,3],"29000507":[154,"0029000507","01/19/1991","HOU","Rockets","LAC","Clippers",1,1,0,0,0,0,0,0,0,0,0],"29000071":[154,"0029000071","11/13/1990","HOU","Rockets","MIN","Timberwolves",0,2,1,1,0,0,1,0,0,0,1],"29000661":[154,"0029000661","02/16/1991","HOU","Rockets","PHX","Suns",1,2,1,3,0,0,1,0,0,0,3],"29000743":[154,"0029000743","02/28/1991","HOU","Rockets","LAC","Clippers",1,5,2,4,0,0,0,1,2,0,5],"29000329":[154,"0029000329","12/22/1990","HOU","Rockets","PHX","Suns",1,4,2,4,0,0,0,0,0,1,2],"29000722":[154,"0029000722","02/24/1991","HOU","Rockets","MIN","Timberwolves",1,0,0,0,0,0,0,0,0,0,0],"29000626":[154,"0029000626","02/07/1991","HOU","Rockets","CLE","Cavaliers",1,2,1,2,0,0,0,1,0,0,4],"29001068":[154,"0029001068","04/16/1991","HOU","Rockets","POR","Trail Blazers",0,9,4,5,0,0,1,0,2,0,2],"29000469":[154,"0029000469","01/14/1991","HOU","Rockets","LAC","Clippers",0,0,0,3,0,0,2,1,0,0,1],"29000351":[154,"0029000351","12/26/1990","HOU","Rockets","ORL","Magic",0,0,0,0,0,0,0,0,0,0,1],"29000431":[154,"0029000431","01/08/1991","HOU","Rockets","POR","Trail Blazers",1,4,2,5,0,0,2,3,0,0,3],"29000685":[154,"0029000685","02/19/1991","HOU","Rockets","LAL","Lakers",0,0,0,0,0,0,2,0,0,1,3],"29000809":[154,"0029000809","03/09/1991","HOU","Rockets","PHL","76ers",0,2,1,2,0,0,1,0,0,0,0],"29000022":[154,"0029000022","11/03/1990","HOU","Rockets","SEA","SuperSonics",0,0,0,0,0,0,1,0,0,0,0],"29000001":[154,"0029000001","11/02/1990","HOU","Rockets","POR","Trail Blazers",2,0,0,2,0,0,2,0,1,0,2],"29000515":[154,"0029000515","01/21/1991","HOU","Rockets","SAC","Kings",1,0,0,0,0,0,3,0,1,0,2],"29000107":[154,"0029000107","11/17/1990","HOU","Rockets","MIA","Heat",1,5,2,3,0,0,1,1,1,0,1],"29000776":[154,"0029000776","03/05/1991","HOU","Rockets","NJN","Nets",1,0,0,1,0,1,0,0,2,2,4],"29000487":[154,"0029000487","01/17/1991","HOU","Rockets","DET","Pistons",0,0,0,0,0,0,0,0,0,0,0],"29000465":[154,"0029000465","01/13/1991","HOU","Rockets","LAL","Lakers",0,0,0,0,0,0,0,0,0,0,0],"29000734":[154,"0029000734","02/26/1991","HOU","Rockets","DEN","Nuggets",2,3,1,6,0,0,1,0,3,0,12],"29000531":[154,"0029000531","01/24/1991","HOU","Rockets","MIN","Timberwolves",0,2,1,3,0,0,0,0,1,0,4],"29000617":[154,"0029000617","02/06/1991","HOU","Rockets","MIL","Bucks",1,2,1,1,0,0,0,0,0,0,3],"29000632":[154,"0029000632","02/12/1991","HOU","Rockets","UTH","Jazz",1,0,0,0,0,0,2,2,0,0,2],"29000408":[154,"0029000408","01/05/1991","HOU","Rockets","IND","Pacers",2,6,3,8,0,0,2,0,0,0,7],"29000599":[154,"0029000599","02/03/1991","HOU","Rockets","GOS","Warriors",1,2,1,2,0,0,0,0,0,0,3],"29000441":[154,"0029000441","01/10/1991","HOU","Rockets","DEN","Nuggets",1,0,0,1,0,0,0,0,0,1,0],"29000955":[154,"0029000955","03/30/1991","HOU","Rockets","ORL","Magic",0,4,2,2,0,0,0,0,0,0,2],"29000367":[154,"0029000367","12/29/1990","HOU","Rockets","DET","Pistons",0,0,0,1,0,0,0,0,0,0,1],"29000957":[154,"0029000957","03/31/1991","HOU","Rockets","MIA","Heat",1,0,0,1,0,0,0,0,0,0,1],"29000591":[154,"0029000591","02/02/1991","HOU","Rockets","SAN","Spurs",0,2,1,3,0,0,3,0,1,0,3],"29000977":[154,"0029000977","04/03/1991","HOU","Rockets","DAL","Mavericks",1,1,0,0,0,0,1,0,0,1,1],"29000446":[154,"0029000446","01/11/1991","HOU","Rockets","PHX","Suns",1,2,1,1,0,0,1,0,0,0,0],"29000695":[154,"0029000695","02/21/1991","HOU","Rockets","MIL","Bucks",1,6,3,4,0,0,2,0,3,0,6],"29000794":[154,"0029000794","03/07/1991","HOU","Rockets","DAL","Mavericks",1,2,1,2,0,0,2,0,0,2,2],"29000030":[154,"0029000030","11/06/1990","HOU","Rockets","DEN","Nuggets",2,2,1,3,0,0,0,1,0,0,4],"29000839":[154,"0029000839","03/14/1991","HOU","Rockets","ORL","Magic",2,2,1,1,0,0,1,0,0,0,2],"29001088":[154,"0029001088","04/19/1991","HOU","Rockets","DAL","Mavericks",0,0,0,1,0,0,0,0,0,0,2],"29000394":[154,"0029000394","01/03/1991","HOU","Rockets","CHI","Bulls",0,2,1,5,0,0,0,0,1,0,3],"29000575":[154,"0029000575","01/31/1991","HOU","Rockets","SEA","SuperSonics",0,3,1,1,0,0,2,0,0,0,3],"29000565":[154,"0029000565","01/29/1991","HOU","Rockets","SAN","Spurs",0,0,0,0,0,0,0,0,1,0,2]},"data":[24.0,42,0,8.2,0.8,2.0,0.422,0.0,0.0,0.0,0.2,0.4,0.412,1.0,1.4,2.4,0.2,0.5,0.2,0.7,0.8,1.8],"rank":{"PerGame":[null,null,null,null,null,null,null,null,null,null,null,null,null,null,null,null,null,null,null],"Totals":[303,311,311,null,235,295,null,348,330,null,234,273,265,340,264,228,288,319,306]},"team":"HOU"},"1995":{"GameList":{"29500742":[154,"0029500742","02/21/1996","IND","Pacers","ORL","Magic",0,1,0,0,0,0,2,0,0,0,1],"29500605":[154,"0029500605","01/30/1996","IND","Pacers","ATL","Hawks",0,0,0,1,0,0,1,0,0,0,0],"29500059":[154,"0029500059","11/10/1995","IND","Pacers","SAC","Kings",2,7,3,5,0,0,2,0,0,0,5],"29500627":[154,"0029500627","02/02/1996","IND","Pacers","BOS","Celtics",0,0,0,0,0,0,1,0,0,0,0],"29500389":[154,"0029500389","12/28/1995","IND","Pacers","MIA","Heat",1,0,0,0,0,0,3,0,0,0,1],"29500032":[154,"0029500032","11/07/1995","IND","Pacers","CLE","Cavaliers",1,2,1,2,0,0,3,0,1,0,4],"29500052":[154,"0029500052","11/09/1995","IND","Pacers","NYK","Knicks",1,0,0,0,0,0,0,0,0,0,1],"29500424":[154,"0029500424","01/03/1996","IND","Pacers","LAC","Clippers",1,2,1,1,0,0,1,0,0,0,2],"29500347":[154,"0029500347","12/22/1995","IND","Pacers","DAL","Mavericks",2,3,1,2,0,0,2,0,0,0,1],"29500117":[154,"0029500117","11/18/1995","IND","Pacers","SEA","SuperSonics",2,11,4,7,0,0,4,0,0,0,8],"29500519":[154,"0029500519","01/17/1996","IND","Pacers","ATL","Hawks",0,0,0,0,0,0,0,0,0,0,0],"29500017":[154,"0029500017","11/04/1995","IND","Pacers","TOR","Raptors",2,8,4,5,0,0,2,0,0,0,4],"29500781":[154,"0029500781","02/27/1996","IND","Pacers","POR","Trail Blazers",0,4,2,2,0,0,1,1,0,0,1],"29501183":[154,"0029501183","04/21/1996","IND","Pacers","CLE","Cavaliers",3,10,4,7,0,0,4,0,0,0,11],"29500985":[154,"0029500985","03/26/1996","IND","Pacers","BOS","Celtics",0,0,0,0,0,0,0,0,0,0,0],"29500445":[154,"0029500445","01/06/1996","IND","Pacers","HOU","Rockets",3,2,1,1,0,0,2,0,0,1,4],"29500460":[154,"0029500460","01/09/1996","IND","Pacers","DAL","Mavericks",0,0,0,0,0,0,0,0,0,0,0],"29500304":[154,"0029500304","12/15/1995","IND","Pacers","MIL","Bucks",0,0,0,0,0,0,2,0,0,0,0],"29500099":[154,"0029500099","11/16/1995","IND","Pacers","ORL","Magic",0,3,1,4,0,0,4,1,0,0,6],"29500975":[154,"0029500975","03/24/1996","IND","Pacers","SAN","Spurs",1,3,1,1,0,0,2,0,1,0,1],"29500194":[154,"0029500194","11/30/1995","IND","Pacers","SAC","Kings",1,0,0,0,0,0,2,0,0,0,1],"29500593":[154,"0029500593","01/27/1996","IND","Pacers","ORL","Magic",0,6,2,2,0,0,2,0,1,1,3],"29500846":[154,"0029500846","03/06/1996","IND","Pacers","UTH","Jazz",0,6,3,3,0,0,2,0,0,0,4],"29501030":[154,"0029501030","03/31/1996","IND","Pacers","NJN","Nets",1,4,2,3,0,0,1,0,0,0,1],"29500842":[154,"0029500842","03/05/1996","IND","Pacers","PHX","Suns",1,0,0,0,0,0,0,0,0,0,0],"29500800":[154,"0029500800","02/29/1996","IND","Pacers","GOS","Warriors",1,0,0,2,0,0,1,0,1,1,2],"29500564":[154,"0029500564","01/24/1996","IND","Pacers","MIL","Bucks",1,2,1,2,0,0,2,1,0,0,2],"29500617":[154,"0029500617","02/01/1996","IND","Pacers","DET","Pistons",0,0,0,0,0,0,0,0,0,0,0],"29500393":[154,"0029500393","12/29/1995","IND","Pacers","CHI","Bulls",0,2,1,2,0,0,1,0,1,0,4],"29500153":[154,"0029500153","11/24/1995","IND","Pacers","CLE","Cavaliers",1,0,0,0,0,0,1,0,0,0,1],"29500961":[154,"0029500961","03/22/1996","IND","Pacers","VAN","Grizzlies",2,4,2,2,0,0,0,0,1,0,5],"29500376":[154,"0029500376","12/26/1995","IND","Pacers","CHI","Bulls",0,2,1,2,0,0,0,0,0,1,2],"29500434":[154,"0029500434","01/05/1996","IND","Pacers","SAN","Spurs",0,4,2,3,0,0,1,0,0,0,3],"29500149":[154,"0029500149","11/23/1995","IND","Pacers","HOU","Rockets",2,2,1,2,0,0,3,1,0,0,3],"29500691":[154,"0029500691","02/14/1996","IND","Pacers","NJN","Nets",0,0,0,0,0,0,0,0,0,0,0],"29500416":[154,"0029500416","01/02/1996","IND","Pacers","DEN","Nuggets",1,2,1,2,0,0,2,0,0,0,1],"29501045":[154,"0029501045","04/03/1996","IND","Pacers","PHL","76ers",0,0,0,0,0,0,0,0,0,0,0],"29500679":[154,"0029500679","02/13/1996","IND","Pacers","NJN","Nets",0,3,1,1,0,0,0,0,0,0,0],"29500331":[154,"0029500331","12/20/1995","IND","Pacers","LAL","Lakers",0,2,0,1,0,0,2,0,1,0,3],"29500187":[154,"0029500187","11/28/1995","IND","Pacers","SEA","SuperSonics",2,5,2,4,0,0,3,0,1,1,4],"29500874":[154,"0029500874","03/10/1996","IND","Pacers","POR","Trail Blazers",0,0,0,0,0,0,0,0,0,0,0],"29500002":[154,"0029500002","11/03/1995","IND","Pacers","ATL","Hawks",0,0,0,1,0,0,1,0,0,0,1],"29500856":[154,"0029500856","03/08/1996","IND","Pacers","VAN","Grizzlies",0,0,0,1,0,0,3,0,0,0,1],"29500581":[154,"0029500581","01/26/1996","IND","Pacers","BOS","Celtics",0,4,2,2,0,0,2,0,0,0,7],"29500720":[154,"0029500720","02/18/1996","IND","Pacers","CHI","Bulls",1,0,0,0,0,0,1,0,0,0,2],"29500708":[154,"0029500708","02/16/1996","IND","Pacers","WAS","Bullets",1,0,0,0,0,0,2,0,0,0,3],"29500947":[154,"0029500947","03/20/1996","IND","Pacers","NYK","Knicks",0,0,0,3,0,0,1,1,0,0,2],"29500912":[154,"0029500912","03/15/1996","IND","Pacers","UTH","Jazz",0,0,0,0,0,0,0,0,0,0,0],"29500935":[154,"0029500935","03/19/1996","IND","Pacers","CHH","Hornets",0,0,0,1,0,0,2,0,0,0,1],"29500559":[154,"0029500559","01/23/1996","IND","Pacers","PHX","Suns",1,6,2,5,0,0,1,0,1,1,3],"29500766":[154,"0029500766","02/24/1996","IND","Pacers","CHH","Hornets",0,0,0,1,0,0,1,0,0,0,1]},"data":[29.0,51,1,6.4,0.9,1.6,0.554,0.0,0.0,0.0,0.4,0.7,0.5,0.8,1.3,2.2,0.1,0.2,0.1,0.7,1.4,2.2],"rank":{"PerGame":[null,null,null,null,null,null,null,null,null,null,null,null,null,null,null,null,null,null,null],"Totals":[339,330,342,null,301,366,null,341,323,null,225,282,273,372,336,303,308,335,324]},"team":"IND"},"1994":{"GameList":{"29400003":[154,"0029400003","11/04/1994","HOU","Rockets","NJN","Nets",0,0,0,0,0,0,0,0,0,0,1],"29400035":[154,"0029400035","11/09/1994","HOU","Rockets","IND","Pacers",0,0,0,0,0,0,0,0,0,0,0],"29400088":[154,"0029400088","11/17/1994","HOU","Rockets","CHI","Bulls",1,1,0,0,0,0,2,0,0,0,1],"29400130":[154,"0029400130","11/23/1994","HOU","Rockets","ORL","Magic",0,0,0,1,0,0,2,0,0,0,3],"29400021":[154,"0029400021","11/05/1994","HOU","Rockets","MIN","Timberwolves",0,2,1,1,0,0,2,0,0,0,1],"29400057":[154,"0029400057","11/12/1994","HOU","Rockets","NJN","Nets",0,1,0,0,0,0,0,0,1,0,2],"29400052":[154,"0029400052","11/11/1994","HOU","Rockets","BOS","Celtics",0,1,0,2,0,0,0,0,0,0,2]},"data":[28.0,7,0,4.3,0.1,0.6,0.25,0.0,0.0,0.0,0.4,0.9,0.5,0.1,1.3,1.4,0.0,0.1,0.0,0.1,0.9,0.7],"rank":{"PerGame":[null,null,null,null,null,null,null,null,null,null,null,null,null,null,null,null,null,null,null],"Totals":[385,391,395,null,283,351,null,374,370,null,378,367,373,396,374,364,390,393,382]},"team":"HOU"},"1997":{"shotchart":{"Averages":{"header":["SHOT_ZONE_BASIC","SHOT_ZONE_AREA","SHOT_ZONE_RANGE","FGA","FGM","FG_PCT"],"row":[["Above the Break 3","Back Court(BC)","Back Court Shot",94,0,0.0],["Above the Break 3","Center(C)","24+ ft.",5071,1698,0.335],["Above the Break 3","Left Side Center(LC)","24+ ft.",9535,3233,0.339],["Above the Break 3","Right Side Center(RC)","24+ ft.",9405,3317,0.353],["Backcourt","Back Court(BC)","Back Court Shot",243,12,0.049],["In The Paint (Non-RA)","Center(C)","8-16 ft.",4742,1938,0.409],["In The Paint (Non-RA)","Center(C)","Less Than 8 ft.",18323,6635,0.362],["In The Paint (Non-RA)","Left Side(L)","8-16 ft.",1889,688,0.364],["In The Paint (Non-RA)","Right Side(R)","8-16 ft.",1702,601,0.353],["Left Corner 3","Left Side(L)","24+ ft.",2878,1053,0.366],["Mid-Range","Center(C)","16-24 ft.",5306,2083,0.393],["Mid-Range","Center(C)","8-16 ft.",2052,834,0.406],["Mid-Range","Left Side Center(LC)","16-24 ft.",7450,3099,0.416],["Mid-Range","Left Side(L)","16-24 ft.",9910,4035,0.407],["Mid-Range","Left Side(L)","8-16 ft.",15120,5550,0.367],["Mid-Range","Right Side Center(RC)","16-24 ft.",8144,3310,0.406],["Mid-Range","Right Side(R)","16-24 ft.",8405,3365,0.4],["Mid-Range","Right Side(R)","8-16 ft.",13451,4898,0.364],["Restricted Area","Center(C)","Less Than 8 ft.",63115,38010,0.602],["Right Corner 3","Right Side(R)","24+ ft.",2688,1018,0.379]]},"Details":{"header":["GAME_ID","GAME_EVENT_ID","PERIOD","MINUTES_REMAINING","SECONDS_REMAINING","EVENT_TYPE","ACTION_TYPE","SHOT_TYPE","SHOT_ZONE_BASIC","SHOT_ZONE_AREA","SHOT_ZONE_RANGE","SHOT_DISTANCE","LOC_X","LOC_Y","SHOT_ATTEMPTED_FLAG","SHOT_MADE_FLAG"],"row":[]}},"GameList":{"29700014":[154,"0029700014","10/31/1997","DAL","Mavericks","VAN","Grizzlies",0,0,0,0,0,0,0,0,0,0,0]},"data":[31.0,1,0,3.0,0.0,0.0,0.0,0.0,0.0,0.0,0.0,0.0,0.0,0.0,0.0,0.0,0.0,0.0,0.0,0.0,0.0,0.0],"rank":{"PerGame":[null,null,null,null,null,null,null,null,null,null,null,null,null,null,null,null,null,null,null],"Totals":[439,434,438,null,274,366,null,421,425,null,429,435,438,427,423,400,434,435,431]},"team":"DAL"},"1996":{"shotchart":{"Averages":{"header":["SHOT_ZONE_BASIC","SHOT_ZONE_AREA","SHOT_ZONE_RANGE","FGA","FGM","FG_PCT"],"row":[["Above the Break 3","Back Court(BC)","Back Court Shot",85,2,0.024],["Above the Break 3","Center(C)","24+ ft.",2961,1004,0.339],["Above the Break 3","Left Side Center(LC)","24+ ft.",6391,2096,0.328],["Above the Break 3","Right Side Center(RC)","24+ ft.",4938,1713,0.347],["Backcourt","Back Court(BC)","Back Court Shot",207,9,0.043],["In The Paint (Non-RA)","Center(C)","8-16 ft.",4311,1896,0.44],["In The Paint (Non-RA)","Center(C)","Less Than 8 ft.",14430,6313,0.437],["In The Paint (Non-RA)","Left Side(L)","8-16 ft.",1893,781,0.413],["In The Paint (Non-RA)","Right Side(R)","8-16 ft.",1741,714,0.41],["Left Corner 3","Left Side(L)","24+ ft.",3068,1214,0.396],["Mid-Range","Center(C)","16-24 ft.",7169,2906,0.405],["Mid-Range","Center(C)","8-16 ft.",1668,710,0.426],["Mid-Range","Left Side Center(LC)","16-24 ft.",9900,4050,0.409],["Mid-Range","Left Side(L)","16-24 ft.",9842,4158,0.422],["Mid-Range","Left Side(L)","8-16 ft.",13794,5376,0.39],["Mid-Range","Right Side Center(RC)","16-24 ft.",11226,4357,0.388],["Mid-Range","Right Side(R)","16-24 ft.",9029,3715,0.411],["Mid-Range","Right Side(R)","8-16 ft.",12668,5036,0.398],["Restricted Area","Center(C)","Less Than 8 ft.",70575,38643,0.548],["Right Corner 3","Right Side(R)","24+ ft.",2689,1079,0.401]]},"Details":{"header":["GAME_ID","GAME_EVENT_ID","PERIOD","MINUTES_REMAINING","SECONDS_REMAINING","EVENT_TYPE","ACTION_TYPE","SHOT_TYPE","SHOT_ZONE_BASIC","SHOT_ZONE_AREA","SHOT_ZONE_RANGE","SHOT_DISTANCE","LOC_X","LOC_Y","SHOT_ATTEMPTED_FLAG","SHOT_MADE_FLAG"],"row":[["0029600055",92,1,3,16,"Made Shot","Hook Shot","2PT Field Goal","In The Paint (Non-RA)","Left Side(L)","8-16 ft.",8,-62,56,1,1],["0029600055",98,1,2,13,"Made Shot","Slam Dunk Shot","2PT Field Goal","Restricted Area","Center(C)","Less Than 8 ft.",0,0,0,1,1],["0029600055",263,2,0,1,"Missed Shot","Jump Shot","2PT Field Goal","Mid-Range","Right Side(R)","16-24 ft.",16,166,28,1,0],["0029600159",118,2,11,41,"Made Shot","Tip Shot","2PT Field Goal","Restricted Area","Center(C)","Less Than 8 ft.",0,0,0,1,1],["0029600159",365,4,8,51,"Missed Shot","Hook Shot","2PT Field Goal","In The Paint (Non-RA)","Right Side(R)","8-16 ft.",9,62,75,1,0],["0029600159",437,4,2,47,"Missed Shot","Jump Shot","2PT Field Goal","Mid-Range","Right Side(R)","8-16 ft.",13,129,17,1,0],["0029600159",454,4,1,35,"Missed Shot","Tip Shot","2PT Field Goal","Restricted Area","Center(C)","Less Than 8 ft.",0,0,0,1,0],["0029600159",459,4,1,17,"Missed Shot","Hook Shot","2PT Field Goal","Mid-Range","Right Side(R)","8-16 ft.",11,97,56,1,0],["0029600177",420,4,9,38,"Missed Shot","Hook Shot","2PT Field Goal","Mid-Range","Right Side(R)","8-16 ft.",9,99,10,1,0],["0029600177",494,4,1,56,"Missed Shot","Layup Shot","2PT Field Goal","Restricted Area","Center(C)","Less Than 8 ft.",0,0,0,1,0],["0029600198",402,3,0,1,"Missed Shot","Jump Shot","3PT Field Goal","Mid-Range","Left Side Center(LC)","16-24 ft.",23,-94,214,1,0],["0029600217",85,1,3,11,"Missed Shot","Layup Shot","2PT Field Goal","Restricted Area","Center(C)","Less Than 8 ft.",0,0,0,1,0],["0029600217",269,3,9,52,"Missed Shot","Layup Shot","2PT Field Goal","Restricted Area","Center(C)","Less Than 8 ft.",0,0,0,1,0],["0029600258",379,4,2,5,"Missed Shot","Jump Shot","2PT Field Goal","Mid-Range","Right Side(R)","8-16 ft.",9,90,23,1,0],["0029600287",377,4,9,6,"Made Shot","Layup Shot","2PT Field Goal","Restricted Area","Center(C)","Less Than 8 ft.",0,0,0,1,1],["0029600300",99,1,2,7,"Made Shot","Driving Dunk Shot","2PT Field Goal","Restricted Area","Center(C)","Less Than 8 ft.",0,0,0,1,1],["0029600300",120,2,11,39,"Missed Shot","Tip Shot","2PT Field Goal","Restricted Area","Center(C)","Less Than 8 ft.",0,0,0,1,0],["0029600300",352,3,0,14,"Missed Shot","Tip Shot","2PT Field Goal","Restricted Area","Center(C)","Less Than 8 ft.",0,0,0,1,0],["0029600300",354,3,0,14,"Made Shot","Layup Shot","2PT Field Goal","Restricted Area","Center(C)","Less Than 8 ft.",0,0,0,1,1],["0029600312",79,1,3,12,"Missed Shot","Jump Shot","2PT Field Goal","In The Paint (Non-RA)","Center(C)","Less Than 8 ft.",5,-47,28,1,0],["0029600312",102,1,1,23,"Missed Shot","Layup Shot","2PT Field Goal","Restricted Area","Center(C)","Less Than 8 ft.",0,0,0,1,0],["0029600312",104,1,1,19,"Made Shot","Layup Shot","2PT Field Goal","Restricted Area","Center(C)","Less Than 8 ft.",0,0,0,1,1],["0029600312",116,1,0,5,"Made Shot","Layup Shot","2PT Field Goal","Restricted Area","Center(C)","Less Than 8 ft.",0,0,0,1,1],["0029600312",214,2,1,20,"Missed Shot","Jump Shot","2PT Field Goal","Mid-Range","Right Side(R)","8-16 ft.",8,81,-16,1,0],["0029600312",233,2,0,53,"Missed Shot","Jump Shot","2PT Field Goal","In The Paint (Non-RA)","Center(C)","Less Than 8 ft.",7,78,2,1,0],["0029600312",401,4,5,54,"Missed Shot","Jump Shot","3PT Field Goal","Above the Break 3","Center(C)","24+ ft.",26,-68,253,1,0],["0029600312",451,4,0,22,"Missed Shot","Layup Shot","2PT Field Goal","Restricted Area","Center(C)","Less Than 8 ft.",0,0,0,1,0],["0029600312",453,4,0,18,"Missed Shot","Layup Shot","2PT Field Goal","Restricted Area","Center(C)","Less Than 8 ft.",0,0,0,1,0],["0029600327",109,2,11,40,"Missed Shot","Layup Shot","2PT Field Goal","Restricted Area","Center(C)","Less Than 8 ft.",0,0,0,1,0],["0029600327",218,2,2,53,"Missed Shot","Tip Shot","2PT Field Goal","Restricted Area","Center(C)","Less Than 8 ft.",0,0,0,1,0],["0029600335",94,1,2,21,"Missed Shot","Hook Shot","2PT Field Goal","In The Paint (Non-RA)","Center(C)","Less Than 8 ft.",7,64,32,1,0],["0029600335",421,4,3,54,"Missed Shot","Tip Shot","2PT Field Goal","Restricted Area","Center(C)","Less Than 8 ft.",0,0,0,1,0],["0029600358",123,2,9,57,"Made Shot","Dunk Shot","2PT Field Goal","Restricted Area","Center(C)","Less Than 8 ft.",0,0,0,1,1],["0029600385",127,2,11,15,"Made Shot","Tip Shot","2PT Field Goal","Restricted Area","Center(C)","Less Than 8 ft.",0,0,0,1,1],["0029600385",150,2,9,31,"Missed Shot","Hook Shot","2PT Field Goal","In The Paint (Non-RA)","Center(C)","Less Than 8 ft.",7,-16,69,1,0],["0029600516",326,3,1,59,"Made Shot","Layup Shot","2PT Field Goal","Restricted Area","Center(C)","Less Than 8 ft.",0,0,0,1,1],["0029600516",366,4,10,30,"Made Shot","Layup Shot","2PT Field Goal","Restricted Area","Center(C)","Less Than 8 ft.",0,0,0,1,1],["0029600516",418,4,5,30,"Made Shot","Tip Shot","2PT Field Goal","Restricted Area","Center(C)","Less Than 8 ft.",0,0,0,1,1],["0029600516",423,4,4,45,"Missed Shot","Jump Shot","2PT Field Goal","Mid-Range","Center(C)","16-24 ft.",18,-5,181,1,0],["0029600530",305,3,6,9,"Made Shot","Layup Shot","2PT Field Goal","Restricted Area","Center(C)","Less Than 8 ft.",0,0,0,1,1],["0029600530",355,3,1,37,"Made Shot","Jump Shot","2PT Field Goal","Mid-Range","Center(C)","16-24 ft.",17,-18,171,1,1],["0029600530",366,3,0,4,"Missed Shot","Layup Shot","2PT Field Goal","Restricted Area","Center(C)","Less Than 8 ft.",0,0,0,1,0],["0029600530",457,4,3,0,"Made Shot","Layup Shot","2PT Field Goal","Restricted Area","Center(C)","Less Than 8 ft.",0,0,0,1,1],["0029600547",66,1,5,10,"Made Shot","Tip Shot","2PT Field Goal","Restricted Area","Center(C)","Less Than 8 ft.",0,0,0,1,1],["0029600547",114,1,1,2,"Missed Shot","Layup Shot","2PT Field Goal","Restricted Area","Center(C)","Less Than 8 ft.",0,0,0,1,0],["0029600547",139,2,9,0,"Missed Shot","Layup Shot","2PT Field Goal","Restricted Area","Center(C)","Less Than 8 ft.",0,0,0,1,0],["0029600547",182,2,4,44,"Made Shot","Tip Shot","2PT Field Goal","Restricted Area","Center(C)","Less Than 8 ft.",0,0,0,1,1],["0029600553",102,1,1,11,"Missed Shot","Tip Shot","2PT Field Goal","Restricted Area","Center(C)","Less Than 8 ft.",0,0,0,1,0],["0029600553",118,2,11,33,"Missed Shot","Tip Shot","2PT Field Goal","Restricted Area","Center(C)","Less Than 8 ft.",0,0,0,1,0],["0029600553",176,2,6,14,"Made Shot","Layup Shot","2PT Field Goal","Restricted Area","Center(C)","Less Than 8 ft.",0,0,0,1,1],["0029600553",206,2,3,0,"Made Shot","Jump Shot","2PT Field Goal","In The Paint (Non-RA)","Center(C)","Less Than 8 ft.",4,-38,32,1,1],["0029600569",128,2,9,7,"Missed Shot","Jump Shot","2PT Field Goal","In The Paint (Non-RA)","Center(C)","Less Than 8 ft.",7,77,-9,1,0],["0029600584",109,2,11,7,"Made Shot","Tip Shot","2PT Field Goal","Restricted Area","Center(C)","Less Than 8 ft.",0,0,0,1,1],["0029600584",148,2,7,19,"Made Shot","Layup Shot","2PT Field Goal","Restricted Area","Center(C)","Less Than 8 ft.",0,0,0,1,1],["0029600584",335,3,0,39,"Made Shot","Layup Shot","2PT Field Goal","Restricted Area","Center(C)","Less Than 8 ft.",0,0,0,1,1],["0029600584",356,4,10,45,"Missed Shot","Layup Shot","2PT Field Goal","Restricted Area","Center(C)","Less Than 8 ft.",0,0,0,1,0],["0029600594",91,2,11,45,"Missed Shot","Layup Shot","2PT Field Goal","Restricted Area","Center(C)","Less Than 8 ft.",0,0,0,1,0],["0029600632",96,2,11,26,"Missed Shot","Layup Shot","2PT Field Goal","Restricted Area","Center(C)","Less Than 8 ft.",0,0,0,1,0],["0029600632",121,2,8,45,"Made Shot","Layup Shot","2PT Field Goal","Restricted Area","Center(C)","Less Than 8 ft.",0,0,0,1,1],["0029600642",98,2,11,48,"Made Shot","Dunk Shot","2PT Field Goal","Restricted Area","Center(C)","Less Than 8 ft.",0,0,0,1,1],["0029600642",101,2,11,7,"Made Shot","Layup Shot","2PT Field Goal","Restricted Area","Center(C)","Less Than 8 ft.",0,0,0,1,1],["0029600642",167,2,3,14,"Made Shot","Dunk Shot","2PT Field Goal","Restricted Area","Center(C)","Less Than 8 ft.",0,0,0,1,1],["0029600669",133,2,8,28,"Missed Shot","Layup Shot","2PT Field Goal","Restricted Area","Center(C)","Less Than 8 ft.",0,0,0,1,0],["0029600701",502,4,0,32,"Made Shot","Slam Dunk Shot","2PT Field Goal","Restricted Area","Center(C)","Less Than 8 ft.",0,0,0,1,1],["0029600717",134,2,8,30,"Missed Shot","Jump Shot","2PT Field Goal","In The Paint (Non-RA)","Center(C)","Less Than 8 ft.",6,60,13,1,0],["0029600717",333,3,1,52,"Missed Shot","Layup Shot","2PT Field Goal","Restricted Area","Center(C)","Less Than 8 ft.",0,0,0,1,0],["0029600723",360,3,1,4,"Made Shot","Layup Shot","2PT Field Goal","Restricted Area","Center(C)","Less Than 8 ft.",0,0,0,1,1],["0029600819",157,2,5,57,"Missed Shot","Tip Shot","2PT Field Goal","Restricted Area","Center(C)","Less Than 8 ft.",0,0,0,1,0],["0029601064",122,2,10,54,"Missed Shot","Layup Shot","2PT Field Goal","Restricted Area","Center(C)","Less Than 8 ft.",0,0,0,1,0],["0029601064",324,3,2,19,"Made Shot","Layup Shot","2PT Field Goal","Restricted Area","Center(C)","Less Than 8 ft.",0,0,0,1,1],["0029601064",368,4,9,18,"Missed Shot","Layup Shot","2PT Field Goal","Restricted Area","Center(C)","Less Than 8 ft.",0,0,0,1,0],["0029601064",431,4,3,33,"Made Shot","Driving Layup Shot","2PT Field Goal","Restricted Area","Center(C)","Less Than 8 ft.",0,0,0,1,1],["0029601064",440,4,3,16,"Made Shot","Dunk Shot","2PT Field Goal","Restricted Area","Center(C)","Less Than 8 ft.",0,0,0,1,1],["0029601074",31,1,8,19,"Made Shot","Layup Shot","2PT Field Goal","Restricted Area","Center(C)","Less Than 8 ft.",0,0,0,1,1],["0029601074",51,1,5,27,"Made Shot","Driving Layup Shot","2PT Field Goal","Restricted Area","Center(C)","Less Than 8 ft.",0,0,0,1,1],["0029601074",365,3,0,3,"Missed Shot","Layup Shot","2PT Field Goal","Restricted Area","Center(C)","Less Than 8 ft.",0,0,0,1,0],["0029601089",378,4,8,56,"Missed Shot","Jump Shot","2PT Field Goal","In The Paint (Non-RA)","Center(C)","Less Than 8 ft.",6,-55,28,1,0],["0029601101",105,1,1,34,"Missed Shot","Layup Shot","2PT Field Goal","Restricted Area","Center(C)","Less Than 8 ft.",0,0,0,1,0],["0029601101",115,1,0,2,"Missed Shot","Layup Shot","2PT Field Goal","Restricted Area","Center(C)","Less Than 8 ft.",0,0,0,1,0],["0029601101",120,2,11,48,"Missed Shot","Layup Shot","2PT Field Goal","Restricted Area","Center(C)","Less Than 8 ft.",0,0,0,1,0],["0029601119",116,2,10,35,"Made Shot","Dunk Shot","2PT Field Goal","Restricted Area","Center(C)","Less Than 8 ft.",0,0,0,1,1],["0029601119",135,2,7,46,"Made Shot","Layup Shot","2PT Field Goal","Restricted Area","Center(C)","Less Than 8 ft.",0,0,0,1,1],["0029601153",145,2,9,32,"Made Shot","Driving Layup Shot","2PT Field Goal","Restricted Area","Center(C)","Less Than 8 ft.",0,0,0,1,1],["0029601153",194,2,4,49,"Missed Shot","Layup Shot","2PT Field Goal","Restricted Area","Center(C)","Less Than 8 ft.",0,0,0,1,0],["0029601165",82,1,3,48,"Made Shot","Slam Dunk Shot","2PT Field Goal","Restricted Area","Center(C)","Less Than 8 ft.",0,0,0,1,1],["0029601165",145,2,8,39,"Missed Shot","Jump Shot","2PT Field Goal","Mid-Range","Right Side(R)","8-16 ft.",12,125,-25,1,0],["0029601165",155,2,6,57,"Missed Shot","Layup Shot","2PT Field Goal","Restricted Area","Center(C)","Less Than 8 ft.",0,0,0,1,0],["0029601165",337,3,1,48,"Made Shot","Driving Layup Shot","2PT Field Goal","Restricted Area","Center(C)","Less Than 8 ft.",0,0,0,1,1],["0029601165",388,4,9,36,"Made Shot","Tip Shot","2PT Field Goal","Restricted Area","Center(C)","Less Than 8 ft.",0,0,0,1,1],["0029601175",275,3,5,49,"Missed Shot","Jump Shot","2PT Field Goal","In The Paint (Non-RA)","Center(C)","Less Than 8 ft.",4,40,-9,1,0],["0029601175",298,3,3,30,"Missed Shot","Layup Shot","2PT Field Goal","Restricted Area","Center(C)","Less Than 8 ft.",0,0,0,1,0],["0029601175",327,3,1,21,"Missed Shot","Tip Shot","2PT Field Goal","Restricted Area","Center(C)","Less Than 8 ft.",0,0,0,1,0]]}},"GameList":{"29600669":[154,"0029600669","02/05/1997","PHI","76ers","SAS","Spurs",0,0,0,1,0,0,1,1,1,0,0],"29600819":[154,"0029600819","02/28/1997","PHI","76ers","VAN","Grizzlies",0,0,0,1,0,0,2,0,0,0,1],"29600584":[154,"0029600584","01/24/1997","PHI","76ers","SAC","Kings",1,6,3,4,0,0,4,0,0,0,4],"29600312":[154,"0029600312","12/14/1996","NJN","Nets","MIL","Bucks",1,7,2,9,0,1,3,0,0,2,11],"29600642":[154,"0029600642","02/01/1997","PHI","76ers","MIL","Bucks",1,8,3,3,0,0,4,0,1,0,4],"29600177":[154,"0029600177","11/25/1996","NJN","Nets","UTA","Jazz",3,1,0,2,0,0,2,1,1,0,3],"29600723":[154,"0029600723","02/16/1997","PHI","76ers","DEN","Nuggets",0,2,1,1,0,0,1,0,0,0,1],"29600287":[154,"0029600287","12/11/1996","NJN","Nets","SEA","SuperSonics",1,2,1,1,0,0,3,0,1,0,6],"29600159":[154,"0029600159","11/23/1996","NJN","Nets","DAL","Mavericks",1,3,1,5,0,0,3,0,0,0,6],"29600701":[154,"0029600701","02/13/1997","PHI","76ers","NYK","Knicks",0,2,1,1,0,0,0,0,0,0,0],"29600351":[154,"0029600351","12/20/1996","NJN","Nets","ATL","Hawks",0,0,0,0,0,0,1,0,0,0,0],"29600335":[154,"0029600335","12/18/1996","NJN","Nets","CLE","Cavaliers",1,0,0,2,0,0,1,0,1,0,4],"29600547":[154,"0029600547","01/19/1997","PHI","76ers","IND","Pacers",1,5,2,4,0,0,6,2,0,1,13],"29601049":[154,"0029601049","04/02/1997","PHI","76ers","TOR","Raptors",0,0,0,0,0,0,0,0,0,0,0],"29600569":[154,"0029600569","01/22/1997","PHI","76ers","BOS","Celtics",0,0,0,1,0,0,3,0,0,0,3],"29601127":[154,"0029601127","04/12/1997","PHI","76ers","CLE","Cavaliers",0,0,0,0,0,0,0,0,0,0,1],"29601089":[154,"0029601089","04/07/1997","PHI","76ers","CHI","Bulls",1,0,0,1,0,0,4,2,0,0,4],"29601064":[154,"0029601064","04/04/1997","PHI","76ers","IND","Pacers",1,8,3,5,0,0,1,0,0,0,7],"29600198":[154,"0029600198","11/28/1996","NJN","Nets","GSW","Warriors",0,0,0,1,0,1,0,0,0,0,1],"29601165":[154,"0029601165","04/18/1997","PHI","76ers","BOS","Celtics",1,6,3,5,0,0,3,1,1,0,6],"29601101":[154,"0029601101","04/09/1997","PHI","76ers","ATL","Hawks",0,0,0,3,0,0,3,0,0,0,1],"29600195":[154,"0029600195","11/27/1996","NJN","Nets","PHX","Suns",0,0,0,0,0,0,1,0,1,0,2],"29600632":[154,"0029600632","01/31/1997","PHI","76ers","ORL","Magic",0,2,1,2,0,0,3,0,0,0,3],"29600594":[154,"0029600594","01/25/1997","PHI","76ers","DET","Pistons",0,0,0,1,0,0,1,0,0,0,4],"29600752":[154,"0029600752","02/20/1997","PHI","76ers","LAC","Clippers",0,0,0,0,0,0,0,0,0,0,0],"29600617":[154,"0029600617","01/29/1997","PHI","76ers","TOR","Raptors",0,0,0,0,0,0,2,0,0,0,0],"29600717":[154,"0029600717","02/15/1997","PHI","76ers","MIA","Heat",1,0,0,2,0,0,4,0,1,0,5],"29600047":[154,"0029600047","11/07/1996","NJN","Nets","ORL","Magic",3,1,0,0,0,0,1,0,1,0,2],"29600385":[154,"0029600385","12/26/1996","NJN","Nets","TOR","Raptors",0,3,1,2,0,0,0,0,0,0,1],"29600327":[154,"0029600327","12/17/1996","NJN","Nets","TOR","Raptors",1,0,0,2,0,0,2,0,1,0,2],"29600530":[154,"0029600530","01/17/1997","PHI","76ers","NJN","Nets",1,7,3,4,0,0,4,0,2,1,14],"29600055":[154,"0029600055","11/08/1996","NJN","Nets","ORL","Magic",0,4,2,3,0,0,3,0,0,1,5],"29600516":[154,"0029600516","01/15/1997","PHI","76ers","GSW","Warriors",1,6,3,4,0,0,4,0,1,1,5],"29601175":[154,"0029601175","04/19/1997","PHI","76ers","ATL","Hawks",1,0,0,3,0,0,2,0,1,0,7],"29600248":[154,"0029600248","12/06/1996","NJN","Nets","BOS","Celtics",0,0,0,0,0,0,0,0,0,0,0],"29600358":[154,"0029600358","12/21/1996","NJN","Nets","BOS","Celtics",0,2,1,1,0,0,0,0,0,1,1],"29600553":[154,"0029600553","01/20/1997","PHI","76ers","MIL","Bucks",3,7,2,4,0,0,0,0,0,0,10],"29600258":[154,"0029600258","12/07/1996","NJN","Nets","DET","Pistons",0,0,0,1,0,0,1,0,0,0,1],"29600300":[154,"0029600300","12/13/1996","NJN","Nets","CHI","Bulls",0,6,2,4,0,0,1,0,2,1,9],"29600217":[154,"0029600217","11/30/1996","NJN","Nets","LAC","Clippers",1,0,0,2,0,0,4,0,0,0,2],"29601074":[154,"0029601074","04/05/1997","PHI","76ers","CHH","Hornets",2,5,2,3,0,0,3,0,0,1,5],"29600090":[154,"0029600090","11/13/1996","NJN","Nets","WAS","Bullets",0,0,0,0,0,0,1,0,0,0,0],"29600738":[154,"0029600738","02/18/1997","PHI","76ers","MIA","Heat",0,0,0,0,0,0,1,0,0,0,1],"29601153":[154,"0029601153","04/16/1997","PHI","76ers","NJN","Nets",1,3,1,2,0,0,2,1,0,2,9],"29601119":[154,"0029601119","04/11/1997","PHI","76ers","MIL","Bucks",0,5,2,2,0,0,2,0,0,1,3]},"data":[30.0,18,0,11.3,0.6,1.9,0.286,0.0,0.1,0.0,0.5,0.9,0.529,1.1,2.0,3.1,0.3,0.4,0.1,0.7,1.5,1.6],"rank":{"PerGame":[null,null,null,null,null,null,null,null,null,null,null,null,null,null,null,null,null,null,null],"Totals":[299,326,334,null,303,317,null,319,283,null,182,217,211,356,290,272,308,331,307]},"team":"TOT"},"1989":{"GameList":{"28900938":[154,"0028900938","03/29/1990","HOU","Rockets","MIL","Bucks",0,2,1,1,0,0,1,0,0,0,0],"28900850":[154,"0028900850","03/16/1990","HOU","Rockets","LAC","Clippers",0,7,3,3,0,0,2,0,0,0,5],"28900316":[154,"0028900316","12/22/1989","HOU","Rockets","SAC","Kings",0,0,0,1,0,0,1,0,0,1,1],"28900810":[154,"0028900810","03/10/1990","HOU","Rockets","DAL","Mavericks",0,0,0,2,0,0,0,0,0,0,1],"28901054":[154,"0028901054","04/15/1990","HOU","Rockets","LAL","Lakers",1,0,0,1,0,0,0,0,1,0,4],"28900779":[154,"0028900779","03/05/1990","HOU","Rockets","SAN","Spurs",0,0,0,0,0,0,1,0,0,0,0],"28900524":[154,"0028900524","01/23/1990","HOU","Rockets","UTH","Jazz",1,2,1,1,0,0,3,1,1,0,4],"28900506":[154,"0028900506","01/20/1990","HOU","Rockets","WAS","Bullets",1,2,1,2,0,0,0,0,0,0,0],"28900424":[154,"0028900424","01/09/1990","HOU","Rockets","SEA","SuperSonics",0,0,0,0,0,0,0,0,0,0,0],"28900269":[154,"0028900269","12/14/1989","HOU","Rockets","SAN","Spurs",1,11,4,4,0,0,4,0,1,0,4],"28900919":[154,"0028900919","03/26/1990","HOU","Rockets","SAN","Spurs",0,2,1,2,0,0,1,0,0,0,2],"28900879":[154,"0028900879","03/20/1990","HOU","Rockets","POR","Trail Blazers",0,2,1,1,0,0,1,0,0,0,0],"28900711":[154,"0028900711","02/23/1990","HOU","Rockets","NJN","Nets",3,7,3,5,0,0,4,0,2,0,5],"28900309":[154,"0028900309","12/20/1989","HOU","Rockets","GOS","Warriors",2,2,1,1,0,0,0,0,0,0,2],"28900044":[154,"0028900044","11/09/1989","HOU","Rockets","DEN","Nuggets",1,0,0,0,0,0,2,0,0,0,2],"28900653":[154,"0028900653","02/15/1990","HOU","Rockets","NYK","Knicks",1,0,0,1,0,0,0,0,0,1,4],"28900480":[154,"0028900480","01/17/1990","HOU","Rockets","CLE","Cavaliers",1,2,1,1,0,0,3,1,0,0,4],"28900890":[154,"0028900890","03/22/1990","HOU","Rockets","DET","Pistons",0,0,0,0,0,0,0,0,0,0,0],"28900251":[154,"0028900251","12/12/1989","HOU","Rockets","PHX","Suns",2,0,0,3,0,0,1,0,1,0,5],"28900142":[154,"0028900142","11/24/1989","HOU","Rockets","CHH","Hornets",0,0,0,0,0,0,0,0,0,0,1],"28900361":[154,"0028900361","12/29/1989","HOU","Rockets","IND","Pacers",0,4,2,2,0,0,1,0,1,0,2],"28900027":[154,"0028900027","11/07/1989","HOU","Rockets","POR","Trail Blazers",1,4,2,2,0,0,1,0,0,1,1],"28900120":[154,"0028900120","11/21/1989","HOU","Rockets","NYK","Knicks",2,0,0,0,0,0,1,0,1,0,1],"28900128":[154,"0028900128","11/22/1989","HOU","Rockets","BOS","Celtics",1,0,0,1,0,0,3,0,0,1,2],"28900687":[154,"0028900687","02/20/1990","HOU","Rockets","MIN","Timberwolves",0,0,0,0,0,0,1,0,0,0,1],"28900969":[154,"0028900969","04/03/1990","HOU","Rockets","PHL","76ers",0,4,2,3,0,0,1,1,0,0,2],"28900863":[154,"0028900863","03/18/1990","HOU","Rockets","POR","Trail Blazers",2,3,1,4,0,0,4,1,0,1,8],"28900579":[154,"0028900579","02/01/1990","HOU","Rockets","CHI","Bulls",0,6,3,4,0,0,3,0,0,0,1],"28901007":[154,"0028901007","04/08/1990","HOU","Rockets","ORL","Magic",1,4,2,5,0,0,2,1,0,0,7],"28900748":[154,"0028900748","03/01/1990","HOU","Rockets","PHX","Suns",0,0,0,0,0,0,1,1,0,0,0],"28900411":[154,"0028900411","01/06/1990","HOU","Rockets","PHL","76ers",0,0,0,0,0,0,0,0,0,1,0],"28900276":[154,"0028900276","12/15/1989","HOU","Rockets","PHX","Suns",2,4,2,6,0,0,3,2,0,0,6],"28900112":[154,"0028900112","11/18/1989","HOU","Rockets","DEN","Nuggets",1,2,1,2,0,0,2,1,0,0,2],"28900516":[154,"0028900516","01/22/1990","HOU","Rockets","DEN","Nuggets",0,0,0,1,0,0,0,0,0,0,0],"28900741":[154,"0028900741","02/27/1990","HOU","Rockets","DET","Pistons",0,0,0,0,0,0,1,1,0,0,1],"28900574":[154,"0028900574","01/31/1990","HOU","Rockets","DAL","Mavericks",0,2,1,2,0,0,3,0,0,0,5],"28900788":[154,"0028900788","03/06/1990","HOU","Rockets","LAL","Lakers",0,0,0,1,0,0,0,0,0,0,1],"28900989":[154,"0028900989","04/06/1990","HOU","Rockets","WAS","Bullets",0,0,0,0,0,0,0,0,0,0,0],"28900058":[154,"0028900058","11/11/1989","HOU","Rockets","UTH","Jazz",0,0,0,0,0,0,0,1,0,0,1],"28900767":[154,"0028900767","03/03/1990","HOU","Rockets","GOS","Warriors",0,0,0,1,0,0,0,0,0,0,0],"28900093":[154,"0028900093","11/16/1989","HOU","Rockets","LAC","Clippers",0,0,0,0,0,0,0,0,0,0,0],"28900450":[154,"0028900450","01/12/1990","HOU","Rockets","LAL","Lakers",0,3,1,1,0,0,2,0,0,0,3],"28901085":[154,"0028901085","04/20/1990","HOU","Rockets","DAL","Mavericks",0,1,0,0,0,0,1,0,0,0,1],"28900298":[154,"0028900298","12/19/1989","HOU","Rockets","POR","Trail Blazers",0,3,1,1,0,0,2,1,0,0,1],"28900596":[154,"0028900596","02/03/1990","HOU","Rockets","PHX","Suns",2,4,1,2,0,0,2,0,0,0,1],"28900154":[154,"0028900154","11/25/1989","HOU","Rockets","CLE","Cavaliers",0,0,0,0,0,0,1,0,0,0,3],"28900366":[154,"0028900366","12/30/1989","HOU","Rockets","CHH","Hornets",2,2,1,2,0,0,2,3,1,1,6],"28900291":[154,"0028900291","12/17/1989","HOU","Rockets","ORL","Magic",0,2,1,1,0,0,1,0,0,0,1],"28900014":[154,"0028900014","11/04/1989","HOU","Rockets","GOS","Warriors",1,2,1,1,0,0,2,0,2,0,4],"28900078":[154,"0028900078","11/14/1989","HOU","Rockets","MIA","Heat",1,0,0,1,0,0,2,1,0,0,3],"28900114":[154,"0028900114","11/19/1989","HOU","Rockets","MIA","Heat",2,8,3,4,0,0,3,2,0,0,1]},"data":[23.0,51,0,6.5,0.8,1.5,0.553,0.0,0.0,0.0,0.3,0.5,0.464,0.7,1.4,2.1,0.1,0.2,0.4,0.6,1.4,1.9],"rank":{"PerGame":[null,null,null,null,null,null,null,null,null,null,null,null,null,null,null,null,null,null,null],"Totals":[304,306,315,null,231,322,null,321,304,null,241,248,250,334,299,162,281,312,291]},"team":"HOU"}},"headerData":["PLAYER_AGE","GP","GS","MIN","FGM","FGA","FG_PCT","FG3M","FG3A","FG3_PCT","FTM","FTA","FT_PCT","OREB","DREB","REB","AST","STL","BLK","TOV","PF","PTS"],"PostSeason":{"1995":{"GameList":{"49500004":[154,"0049500004","04/25/1996","IND","Pacers","ATL","Hawks",0,2,1,1,0,0,0,0,0,0,1]},"data":[29.0,1,0,3.0,1.0,1.0,1.0,0.0,0.0,0.0,0.0,0.0,0.0,0.0,1.0,1.0,0.0,0.0,0.0,0.0,0.0,2.0],"rank":{"PerGame":[null,null,null,null,null,null,null,null,null,null,null,null,null,null,null,null,null,null,null],"Totals":[177,157,174,null,100,121,null,153,159,null,157,153,163,160,146,112,166,162,158]},"team":"IND"},"1989":{"GameList":{"48900018":[154,"0048900018","05/01/1990","HOU","Rockets","LAL","Lakers",0,0,0,0,0,0,0,0,0,0,0]},"data":[23.0,1,0,1.0,0.0,0.0,0.0,0.0,0.0,0.0,0.0,0.0,0.0,0.0,0.0,0.0,0.0,0.0,0.0,0.0,0.0,0.0],"rank":{"PerGame":[null,null,null,null,null,null,null,null,null,null,null,null,null,null,null,null,null,null,null],"Totals":[186,173,179,null,69,112,null,149,150,null,154,166,170,155,148,107,166,175,172]},"team":"HOU"}}}}