{"info":{"FIRST_NAME":"AJ","LAST_NAME":"Hammons","WEIGHT":"260","COUNTRY":"United States","SCHOOL":"Purdue","BIRTHDATE":"1992-08-27T00:00:00","HEIGHT":"7-0","TO_YEAR":2016,"DLEAGUE":"N","FROM_YEAR":2016,"TEAM":"DAL","PERSON_ID":1627773,"SEASON_EXP":0,"POSITION":"Center","ROSTERSTATUS":"Active","ALL_STAR":0,"PIE":0.1,"JERSEY":"20"},"career":{"header":["MIN","FGM","FGA","FG_PCT","FG3M","FG3A","FG3_PCT","FTM","FTA","FT_PCT","OREB","DREB","REB","AST","STL","BLK","TOV","PF","PTS"],"RegularSeason":{"PerGame":[1.0,0.0,0.0,0.0,0.0,0.0,0.0,0.0,0.0,0.0,0.0,0.0,0.0,0.5,0.0,0.0,0.0,0.0,0.0],"GS":0,"GP":2},"PostSeason":{}},"season":{"headerRank":["RANK_PG_MIN","RANK_PG_FGM","RANK_PG_FGA","RANK_FG_PCT","RANK_PG_FG3M","RANK_PG_FG3A","RANK_FG3_PCT","RANK_PG_FTM","RANK_PG_FTA","RANK_FT_PCT","RANK_PG_OREB","RANK_PG_DREB","RANK_PG_REB","RANK_PG_AST","RANK_PG_STL","RANK_PG_BLK","RANK_PG_TOV","RANK_PG_PTS","RANK_PG_EFF"],"headerGame":["PLAYER_ID","GAME_ID","GAME_DATE","TEAM_ABBREVIATION","TEAM_NAME","VS_TEAM_ABBREVIATION","VS_TEAM_NAME","TOV","PTS","FGM","FGA","FG3M","FG3A","PF","BLK","STL","AST","REB"],"RegularSeason":{"2016":{"shotchart":{"Averages":{"header":["SHOT_ZONE_BASIC","SHOT_ZONE_AREA","SHOT_ZONE_RANGE","FGA","FGM","FG_PCT"],"row":[["Above the Break 3","Back Court(BC)","Back Court Shot",8,0,0.0],["Above the Break 3","Center(C)","24+ ft.",1196,407,0.34],["Above the Break 3","Left Side Center(LC)","24+ ft.",1643,547,0.333],["Above the Break 3","Right Side Center(RC)","24+ ft.",1513,532,0.352],["Backcourt","Back Court(BC)","Back Court Shot",51,0,0.0],["In The Paint (Non-RA)","Center(C)","8-16 ft.",641,268,0.418],["In The Paint (Non-RA)","Center(C)","Less Than 8 ft.",1742,709,0.407],["In The Paint (Non-RA)","Left Side(L)","8-16 ft.",172,66,0.384],["In The Paint (Non-RA)","Right Side(R)","8-16 ft.",200,66,0.33],["Left Corner 3","Left Side(L)","24+ ft.",700,275,0.393],["Mid-Range","Center(C)","8-16 ft.",190,85,0.447],["Mid-Range","Center(C)","16-24 ft.",618,227,0.367],["Mid-Range","Left Side Center(LC)","16-24 ft.",659,254,0.385],["Mid-Range","Left Side(L)","16-24 ft.",448,188,0.42],["Mid-Range","Left Side(L)","8-16 ft.",680,288,0.424],["Mid-Range","Right Side Center(RC)","16-24 ft.",697,272,0.39],["Mid-Range","Right Side(R)","16-24 ft.",439,181,0.412],["Mid-Range","Right Side(R)","8-16 ft.",637,240,0.377],["Restricted Area","Center(C)","Less Than 8 ft.",6226,3756,0.603],["Right Corner 3","Right Side(R)","24+ ft.",637,215,0.338]]},"Details":{"header":["GAME_ID","GAME_EVENT_ID","PERIOD","MINUTES_REMAINING","SECONDS_REMAINING","EVENT_TYPE","ACTION_TYPE","SHOT_TYPE","SHOT_ZONE_BASIC","SHOT_ZONE_AREA","SHOT_ZONE_RANGE","SHOT_DISTANCE","LOC_X","LOC_Y","SHOT_ATTEMPTED_FLAG","SHOT_MADE_FLAG"],"row":[]}},"GameList":{},"data":[24.0,2,0,1.0,0.0,0.0,0.0,0.0,0.0,0.0,0.0,0.0,0.0,0.0,0.0,0.0,0.5,0.0,0.0,0.0,0.0,0.0],"rank":{"PerGame":[null,null,null,null,null,null,null,null,null,null,null,null,null,null,null,null,null,null,null],"Totals":[409,384,404,null,282,329,null,341,350,null,340,390,396,334,341,279,364,390,382]},"team":"DAL"}},"headerData":["PLAYER_AGE","GP","GS","MIN","FGM","FGA","FG_PCT","FG3M","FG3A","FG3_PCT","FTM","FTA","FT_PCT","OREB","DREB","REB","AST","STL","BLK","TOV","PF","PTS"],"PostSeason":{}}}