{"info":{"FIRST_NAME":"A.J.","LAST_NAME":"Wynder","WEIGHT":"180","COUNTRY":"USA","SCHOOL":"Fairfield","BIRTHDATE":"1964-09-11T00:00:00","HEIGHT":"6-2","TO_YEAR":1990,"DLEAGUE":"N","FROM_YEAR":1990,"TEAM":"BOS","PERSON_ID":78627,"SEASON_EXP":0,"POSITION":"Guard","ROSTERSTATUS":"Active","ALL_STAR":0,"PIE":0,"JERSEY":"12"},"career":{"header":["MIN","FGM","FGA","FG_PCT","FG3M","FG3A","FG3_PCT","FTM","FTA","FT_PCT","OREB","DREB","REB","AST","STL","BLK","TOV","PF","PTS"],"RegularSeason":{"PerGame":[6.5,0.5,2.0,0.25,0.0,0.2,0.0,1.0,1.3,0.75,0.2,0.3,0.5,1.3,0.2,0.0,0.7,0.2,2.0],"GS":0,"GP":6},"PostSeason":{}},"season":{"headerRank":["RANK_PG_MIN","RANK_PG_FGM","RANK_PG_FGA","RANK_FG_PCT","RANK_PG_FG3M","RANK_PG_FG3A","RANK_FG3_PCT","RANK_PG_FTM","RANK_PG_FTA","RANK_FT_PCT","RANK_PG_OREB","RANK_PG_DREB","RANK_PG_REB","RANK_PG_AST","RANK_PG_STL","RANK_PG_BLK","RANK_PG_TOV","RANK_PG_PTS","RANK_PG_EFF"],"headerGame":["PLAYER_ID","GAME_ID","GAME_DATE","TEAM_ABBREVIATION","TEAM_NAME","VS_TEAM_ABBREVIATION","VS_TEAM_NAME","TOV","PTS","FGM","FGA","FG3M","FG3A","PF","BLK","STL","AST","REB"],"RegularSeason":{"1990":{"GameList":{"29000965":[78627,"0029000965","04/02/1991","BOS","Celtics","NJN","Nets",0,4,1,1,0,0,0,0,0,0,0],"29001039":[78627,"0029001039","04/12/1991","BOS","Celtics","MIA","Heat",0,0,0,1,0,1,0,0,0,0,0],"29001076":[78627,"0029001076","04/18/1991","BOS","Celtics","PHL","76ers",3,3,1,6,0,0,0,0,0,3,2],"29001052":[78627,"0029001052","04/14/1991","BOS","Celtics","NYK","Knicks",0,2,0,0,0,0,0,0,0,0,1],"29001082":[78627,"0029001082","04/19/1991","BOS","Celtics","CLE","Cavaliers",0,0,0,1,0,0,1,0,0,3,0],"29001061":[78627,"0029001061","04/16/1991","BOS","Celtics","DET","Pistons",1,3,1,3,0,0,0,0,1,2,0]},"data":[26.0,6,0,6.5,0.5,2.0,0.25,0.0,0.2,0.0,1.0,1.3,0.75,0.2,0.3,0.5,1.3,0.2,0.0,0.7,0.2,2.0],"rank":{"PerGame":[null,null,null,null,null,null,null,null,null,null,null,null,null,null,null,null,null,null,null],"Totals":[369,373,369,null,235,295,null,355,360,null,371,372,376,340,355,359,358,371,375]},"team":"BOS"}},"headerData":["PLAYER_AGE","GP","GS","MIN","FGM","FGA","FG_PCT","FG3M","FG3A","FG3_PCT","FTM","FTA","FT_PCT","OREB","DREB","REB","AST","STL","BLK","TOV","PF","PTS"],"PostSeason":{}}}