{"info":{"FIRST_NAME":"Al","LAST_NAME":"Hairston","WEIGHT":"170","COUNTRY":"USA","SCHOOL":"Bowling Green","BIRTHDATE":"1945-12-11T00:00:00","HEIGHT":"6-1","TO_YEAR":1969,"DLEAGUE":"N","FROM_YEAR":1968,"TEAM":"SEA","PERSON_ID":76915,"SEASON_EXP":1,"POSITION":"Guard","ROSTERSTATUS":"Active","ALL_STAR":0,"PIE":0,"JERSEY":"25"},"career":{"header":["MIN","FGM","FGA","FG_PCT","FG3M","FG3A","FG3_PCT","FTM","FTA","FT_PCT","OREB","DREB","REB","AST","STL","BLK","TOV","PF","PTS"],"RegularSeason":{"PerGame":[7.0,1.0,2.9,0.336,null,null,null,0.2,0.4,0.6,null,null,1.0,1.0,null,null,null,0.9,2.2],"GS":null,"GP":42},"PostSeason":{}},"season":{"headerRank":["RANK_PG_MIN","RANK_PG_FGM","RANK_PG_FGA","RANK_FG_PCT","RANK_PG_FG3M","RANK_PG_FG3A","RANK_FG3_PCT","RANK_PG_FTM","RANK_PG_FTA","RANK_FT_PCT","RANK_PG_OREB","RANK_PG_DREB","RANK_PG_REB","RANK_PG_AST","RANK_PG_STL","RANK_PG_BLK","RANK_PG_TOV","RANK_PG_PTS","RANK_PG_EFF"],"headerGame":["PLAYER_ID","SEASON_YEAR","TOV","PTS","FGM","FG3M","FG3A","PF","BLK","STL","AST","REB"],"RegularSeason":{"1968":{"GameList":{"26800015":[76915,"0026800015","10/19/1968","SEA","SuperSonics","SFW","Warriors",0,0,0,0,0,0,0,0,0,0,0],"26800541":[76915,"0026800541","03/15/1969","SEA","SuperSonics","CHI","Bulls",0,0,0,0,0,0,0,0,0,0,0],"26800378":[76915,"0026800378","02/01/1969","SEA","SuperSonics","CIN","Royals",0,0,0,0,0,0,0,0,0,0,0],"26800204":[76915,"0026800204","12/14/1968","SEA","SuperSonics","LAL","Lakers",0,4,0,0,0,0,0,0,0,0,0],"26800227":[76915,"0026800227","12/20/1968","SEA","SuperSonics","MIL","Bucks",0,2,0,0,0,0,0,0,0,0,0],"26800161":[76915,"0026800161","12/03/1968","SEA","SuperSonics","SFW","Warriors",0,3,0,0,0,0,0,0,0,0,0],"26800247":[76915,"0026800247","12/26/1968","SEA","SuperSonics","ATL","Hawks",0,10,0,0,0,0,0,0,0,0,0],"26800308":[76915,"0026800308","01/11/1969","SEA","SuperSonics","CHI","Bulls",0,2,0,0,0,0,0,0,0,0,0],"26800530":[76915,"0026800530","03/13/1969","SEA","SuperSonics","MIL","Bucks",0,4,0,0,0,0,0,0,0,0,0],"26800006":[76915,"0026800006","10/17/1968","SEA","SuperSonics","SDR","Rockets",0,0,0,0,0,0,0,0,0,0,0],"26800008":[76915,"0026800008","10/18/1968","SEA","SuperSonics","PHX","Suns",0,2,0,0,0,0,0,0,0,0,0],"26800557":[76915,"0026800557","03/21/1969","SEA","SuperSonics","DET","Pistons",0,6,0,0,0,0,0,0,0,0,0],"26800280":[76915,"0026800280","01/04/1969","SEA","SuperSonics","SDR","Rockets",0,0,0,0,0,0,0,0,0,0,0],"26800287":[76915,"0026800287","01/06/1969","SEA","SuperSonics","BOS","Celtics",0,6,0,0,0,0,0,0,0,0,0],"26800551":[76915,"0026800551","03/19/1969","SEA","SuperSonics","PHL","76ers",0,4,0,0,0,0,0,0,0,0,0],"26800088":[76915,"0026800088","11/13/1968","SEA","SuperSonics","ATL","Hawks",0,5,0,0,0,0,0,0,0,0,0],"26800411":[76915,"0026800411","02/09/1969","SEA","SuperSonics","SFW","Warriors",0,0,0,0,0,0,0,0,0,0,0],"26800334":[76915,"0026800334","01/21/1969","SEA","SuperSonics","NYK","Knicks",0,0,0,0,0,0,0,0,0,0,0],"26800210":[76915,"0026800210","12/15/1968","SEA","SuperSonics","LAL","Lakers",0,0,0,0,0,0,0,0,0,0,0],"26800239":[76915,"0026800239","12/25/1968","SEA","SuperSonics","BLT","Bullets",0,0,0,0,0,0,0,0,0,0,0],"26800367":[76915,"0026800367","01/30/1969","SEA","SuperSonics","DET","Pistons",0,2,0,0,0,0,0,0,0,0,0],"26800232":[76915,"0026800232","12/21/1968","SEA","SuperSonics","NYK","Knicks",0,4,0,0,0,0,0,0,0,0,0],"26800115":[76915,"0026800115","11/20/1968","SEA","SuperSonics","BOS","Celtics",0,2,0,0,0,0,0,0,0,0,0],"26800321":[76915,"0026800321","01/17/1969","SEA","SuperSonics","NYK","Knicks",0,4,0,0,0,0,0,0,0,0,0],"26800130":[76915,"0026800130","11/24/1968","SEA","SuperSonics","MIL","Bucks",0,5,0,0,0,0,0,0,0,0,0],"26800133":[76915,"0026800133","11/25/1968","SEA","SuperSonics","MIL","Bucks",0,0,0,0,0,0,0,0,0,0,0],"26800299":[76915,"0026800299","01/09/1969","SEA","SuperSonics","CIN","Royals",0,2,0,0,0,0,0,0,0,0,0],"26800341":[76915,"0026800341","01/22/1969","SEA","SuperSonics","BLT","Bullets",0,1,0,0,0,0,0,0,0,0,0],"26800546":[76915,"0026800546","03/18/1969","SEA","SuperSonics","BLT","Bullets",0,0,0,0,0,0,0,0,0,0,0],"26800562":[76915,"0026800562","03/22/1969","SEA","SuperSonics","CIN","Royals",0,10,0,0,0,0,0,0,0,0,0],"26800301":[76915,"0026800301","01/10/1969","SEA","SuperSonics","MIL","Bucks",0,6,0,0,0,0,0,0,0,0,0],"26800118":[76915,"0026800118","11/22/1968","SEA","SuperSonics","SDR","Rockets",0,0,0,0,0,0,0,0,0,0,0]},"data":[23.0,39,null,7.0,1.0,2.9,0.333,null,null,null,0.2,0.4,0.571,null,null,0.9,1.0,null,null,null,0.9,2.2],"rank":{"PerGame":[null,null,null,null,null,null,null,null,null,null,null,null,null,null,null,null,null,null,null],"Totals":[142,145,138,null,null,null,null,153,154,null,null,null,151,129,null,null,null,146,1]},"team":"SEA"},"1969":{"GameList":{"26900485":[76915,"0026900485","02/28/1970","SEA","SuperSonics","CHI","Bulls",0,2,0,0,0,0,0,0,0,0,0],"26900558":[76915,"0026900558","03/22/1970","SEA","SuperSonics","LAL","Lakers",0,5,0,0,0,0,0,0,0,0,0],"26900516":[76915,"0026900516","03/09/1970","SEA","SuperSonics","MIL","Bucks",0,0,0,0,0,0,0,0,0,0,0]},"data":[24.0,3,null,6.7,1.0,2.7,0.375,null,null,null,0.3,0.3,1.0,null,null,1.7,2.0,null,null,null,1.0,2.3],"rank":{"PerGame":[null,null,null,null,null,null,null,null,null,null,null,null,null,null,null,null,null,null,null],"Totals":[166,163,166,null,null,null,null,166,166,null,null,null,164,164,null,null,null,164,1]},"team":"SEA"}},"headerData":["PLAYER_AGE","GP","GS","MIN","FGM","FGA","FG_PCT","FG3M","FG3A","FG3_PCT","FTM","FTA","FT_PCT","OREB","DREB","REB","AST","STL","BLK","TOV","PF","PTS"],"PostSeason":{}}}