{"info":{"FIRST_NAME":"Al","LAST_NAME":"Jackson","WEIGHT":"185","COUNTRY":"USA","SCHOOL":"Wilberforce","BIRTHDATE":"1943-07-29T00:00:00","HEIGHT":"6-1","TO_YEAR":1967,"DLEAGUE":"N","FROM_YEAR":1967,"TEAM":"CIN","PERSON_ID":77099,"SEASON_EXP":0,"POSITION":"Guard","ROSTERSTATUS":"Active","ALL_STAR":0,"PIE":0,"JERSEY":"11"},"career":{"header":["MIN","FGM","FGA","FG_PCT","FG3M","FG3A","FG3_PCT","FTM","FTA","FT_PCT","OREB","DREB","REB","AST","STL","BLK","TOV","PF","PTS"],"RegularSeason":{"PerGame":[8.5,0.0,1.5,0.0,null,null,null,0.0,0.0,0.0,null,null,0.0,0.5,null,null,null,3.0,0.0],"GS":null,"GP":2},"PostSeason":{}},"season":{"headerRank":["RANK_PG_MIN","RANK_PG_FGM","RANK_PG_FGA","RANK_FG_PCT","RANK_PG_FG3M","RANK_PG_FG3A","RANK_FG3_PCT","RANK_PG_FTM","RANK_PG_FTA","RANK_FT_PCT","RANK_PG_OREB","RANK_PG_DREB","RANK_PG_REB","RANK_PG_AST","RANK_PG_STL","RANK_PG_BLK","RANK_PG_TOV","RANK_PG_PTS","RANK_PG_EFF"],"headerGame":["PLAYER_ID","SEASON_YEAR","TOV","PTS","FGM","FG3M","FG3A","PF","BLK","STL","AST","REB"],"RegularSeason":{"1967":{"GameList":{"26700010":[77099,"0026700010","10/18/1967","CIN","Royals","SFW","Warriors",0,0,0,0,0,0,0,0,0,0,0],"26700007":[77099,"0026700007","10/17/1967","CIN","Royals","DET","Pistons",0,0,0,0,0,0,0,0,0,0,0]},"data":[24.0,2,null,8.5,0.0,1.5,0.0,null,null,null,0.0,0.0,null,null,null,0.0,0.5,null,null,null,3.0,0.0],"rank":{"PerGame":[null,null,null,null,null,null,null,null,null,null,null,null,null,null,null,null,null,null,null],"Totals":[147,150,149,null,null,null,null,148,148,null,null,null,150,145,null,null,null,150,1]},"team":"CIN"}},"headerData":["PLAYER_AGE","GP","GS","MIN","FGM","FGA","FG_PCT","FG3M","FG3A","FG3_PCT","FTM","FTA","FT_PCT","OREB","DREB","REB","AST","STL","BLK","TOV","PF","PTS"],"PostSeason":{}}}