{"info":{"FIRST_NAME":"Al","LAST_NAME":"Lujack","WEIGHT":"220","COUNTRY":"USA","SCHOOL":"Georgetown","BIRTHDATE":"1921-10-05T00:00:00","HEIGHT":"6-3","TO_YEAR":1946,"DLEAGUE":"N","FROM_YEAR":1946,"TEAM":"WAS","PERSON_ID":77423,"SEASON_EXP":0,"POSITION":"Forward","ROSTERSTATUS":"Active","ALL_STAR":0,"PIE":0,"JERSEY":""},"career":{"header":["MIN","FGM","FGA","FG_PCT","FG3M","FG3A","FG3_PCT","FTM","FTA","FT_PCT","OREB","DREB","REB","AST","STL","BLK","TOV","PF","PTS"],"RegularSeason":{"PerGame":[null,0.2,1.6,0.125,null,null,null,0.4,1.0,0.4,null,null,null,0.0,null,null,null,1.2,0.8],"GS":null,"GP":5},"PostSeason":{}},"season":{"headerRank":["RANK_PG_MIN","RANK_PG_FGM","RANK_PG_FGA","RANK_FG_PCT","RANK_PG_FG3M","RANK_PG_FG3A","RANK_FG3_PCT","RANK_PG_FTM","RANK_PG_FTA","RANK_FT_PCT","RANK_PG_OREB","RANK_PG_DREB","RANK_PG_REB","RANK_PG_AST","RANK_PG_STL","RANK_PG_BLK","RANK_PG_TOV","RANK_PG_PTS","RANK_PG_EFF"],"headerGame":["PLAYER_ID","SEASON_YEAR","TOV","PTS","FGM","FG3M","FG3A","PF","BLK","STL","AST","REB"],"RegularSeason":{"1946":{"GameList":{"24600089":[77423,"0024600089","12/11/1946","WAS","Capitols","DEF","Falcons",0,0,0,0,0,0,0,0,0,0,0],"24600040":[77423,"0024600040","11/21/1946","WAS","Capitols","PRO","Steamrollers",0,0,0,0,0,0,0,0,0,0,0],"24600070":[77423,"0024600070","12/04/1946","WAS","Capitols","PRO","Steamrollers",0,0,0,0,0,0,0,0,0,0,0],"24600027":[77423,"0024600027","11/16/1946","WAS","Capitols","CHS","Stags",0,2,0,0,0,0,0,0,0,0,0],"24600023":[77423,"0024600023","11/14/1946","WAS","Capitols","PHW","Warriors",0,2,0,0,0,0,0,0,0,0,0]},"data":[25.0,5,null,null,0.2,1.6,0.125,null,null,null,0.4,1.0,0.4,null,null,null,0.0,null,null,null,1.2,0.8],"rank":{},"team":"WAS"}},"headerData":["PLAYER_AGE","GP","GS","MIN","FGM","FGA","FG_PCT","FG3M","FG3A","FG3_PCT","FTM","FTA","FT_PCT","OREB","DREB","REB","AST","STL","BLK","TOV","PF","PTS"],"PostSeason":{}}}