{"info":{"FIRST_NAME":"Al","LAST_NAME":"Masino","WEIGHT":"174","COUNTRY":"USA","SCHOOL":"Canisius","BIRTHDATE":"1928-02-05T00:00:00","HEIGHT":"5-10","TO_YEAR":1953,"DLEAGUE":"N","FROM_YEAR":1952,"TEAM":"SYR","PERSON_ID":77482,"SEASON_EXP":1,"POSITION":"Guard","ROSTERSTATUS":"Active","ALL_STAR":0,"PIE":0,"JERSEY":"12"},"career":{"header":["MIN","FGM","FGA","FG_PCT","FG3M","FG3A","FG3_PCT","FTM","FTA","FT_PCT","OREB","DREB","REB","AST","STL","BLK","TOV","PF","PTS"],"RegularSeason":{"PerGame":[19.7,1.6,4.7,0.346,null,null,null,1.6,2.6,0.625,null,null,2.1,1.8,null,null,null,3.0,4.8],"GS":null,"GP":99},"PostSeason":{"PerGame":[3.6,0.5,1.5,0.35,null,null,null,0.5,1.2,0.467,null,null,0.0,0.3,null,null,null,1.8,1.6],"GS":null,"GP":13}},"season":{"headerRank":["RANK_PG_MIN","RANK_PG_FGM","RANK_PG_FGA","RANK_FG_PCT","RANK_PG_FG3M","RANK_PG_FG3A","RANK_FG3_PCT","RANK_PG_FTM","RANK_PG_FTA","RANK_FT_PCT","RANK_PG_OREB","RANK_PG_DREB","RANK_PG_REB","RANK_PG_AST","RANK_PG_STL","RANK_PG_BLK","RANK_PG_TOV","RANK_PG_PTS","RANK_PG_EFF"],"headerGame":["PLAYER_ID","SEASON_YEAR","TOV","PTS","FGM","FG3M","FG3A","PF","BLK","STL","AST","REB"],"RegularSeason":{"1953":{"GameList":{"25300169":[77482,"0025300169","01/16/1954","SYR","Nationals","ROC","Royals",0,0,0,0,0,0,0,0,0,0,0],"25300168":[77482,"0025300168","01/14/1954","SYR","Nationals","MNL","Lakers",0,6,0,0,0,0,0,0,0,0,0],"25300323":[77482,"0025300323","03/14/1954","SYR","Nationals","NYK","Knicks",0,10,0,0,0,0,0,0,0,0,0],"25300182":[77482,"0025300182","01/23/1954","SYR","Nationals","BAL","Bullets",0,8,0,0,0,0,0,0,0,0,0],"25300210":[77482,"0025300210","02/03/1954","SYR","Nationals","PHW","Warriors",0,0,0,0,0,0,0,0,0,0,0],"25300320":[77482,"0025300320","03/13/1954","SYR","Nationals","NYK","Knicks",0,0,0,0,0,0,0,0,0,0,0],"25300164":[77482,"0025300164","01/13/1954","SYR","Nationals","NYK","Knicks",0,4,0,0,0,0,0,0,0,0,0],"25300175":[77482,"0025300175","01/17/1954","SYR","Nationals","ROC","Royals",0,0,0,0,0,0,0,0,0,0,0],"25300153":[77482,"0025300153","01/07/1954","SYR","Nationals","FTW","Pistons",0,0,0,0,0,0,0,0,0,0,0],"25300147":[77482,"0025300147","01/05/1954","SYR","Nationals","FTW","Pistons",0,6,0,0,0,0,0,0,0,0,0],"25300158":[77482,"0025300158","01/10/1954","SYR","Nationals","BAL","Bullets",0,2,0,0,0,0,0,0,0,0,0],"25300190":[77482,"0025300190","01/26/1954","SYR","Nationals","PHW","Warriors",0,0,0,0,0,0,0,0,0,0,0],"25300205":[77482,"0025300205","01/31/1954","SYR","Nationals","NYK","Knicks",0,8,0,0,0,0,0,0,0,0,0],"25300187":[77482,"0025300187","01/24/1954","SYR","Nationals","PHW","Warriors",0,0,0,0,0,0,0,0,0,0,0],"25300314":[77482,"0025300314","03/11/1954","SYR","Nationals","BOS","Celtics",0,6,0,0,0,0,0,0,0,0,0],"25300225":[77482,"0025300225","02/07/1954","SYR","Nationals","MIH","Hawks",0,9,0,0,0,0,0,0,0,0,0]},"data":[26.0,27,null,6.7,1.0,2.3,0.419,null,null,null,1.1,1.8,0.612,null,null,1.0,0.8,null,null,null,1.6,3.0],"rank":{"PerGame":[null,null,null,null,null,null,null,null,null,null,null,null,null,null,null,null,null,null,null],"Totals":[93,90,92,null,null,null,null,84,83,null,null,null,92,92,null,null,null,90,10]},"team":"SYR"},"1952":{"GameList":{"25200218":[77482,"0025200218","01/27/1953","MIH","Hawks","BOS","Celtics",0,2,0,0,0,0,0,0,0,0,0],"25200022":[77482,"0025200022","11/09/1952","MIH","Hawks","ROC","Royals",0,9,0,0,0,0,0,0,0,0,0],"25200256":[77482,"0025200256","02/11/1953","MIH","Hawks","INO","Olympians",0,4,0,0,0,0,0,0,0,0,0],"25200125":[77482,"0025200125","12/20/1952","MIH","Hawks","MNL","Lakers",0,8,0,0,0,0,0,0,0,0,0],"25200027":[77482,"0025200027","11/12/1952","MIH","Hawks","BAL","Bullets",0,2,0,0,0,0,0,0,0,0,0],"25200238":[77482,"0025200238","02/03/1953","MIH","Hawks","NYK","Knicks",0,0,0,0,0,0,0,0,0,0,0],"25200219":[77482,"0025200219","01/28/1953","MIH","Hawks","BAL","Bullets",0,0,0,0,0,0,0,0,0,0,0],"25200210":[77482,"0025200210","01/24/1953","MIH","Hawks","INO","Olympians",0,1,0,0,0,0,0,0,0,0,0],"25200234":[77482,"0025200234","02/02/1953","MIH","Hawks","ROC","Royals",0,3,0,0,0,0,0,0,0,0,0],"25200213":[77482,"0025200213","01/25/1953","MIH","Hawks","FTW","Pistons",0,4,0,0,0,0,0,0,0,0,0],"25200258":[77482,"0025200258","02/12/1953","MIH","Hawks","BAL","Bullets",0,2,0,0,0,0,0,0,0,0,0],"25200142":[77482,"0025200142","12/28/1952","MIH","Hawks","MNL","Lakers",0,7,0,0,0,0,0,0,0,0,0],"25200189":[77482,"0025200189","01/15/1953","MIH","Hawks","INO","Olympians",0,1,0,0,0,0,0,0,0,0,0],"25200030":[77482,"0025200030","11/13/1952","MIH","Hawks","ROC","Royals",0,9,0,0,0,0,0,0,0,0,0],"25200084":[77482,"0025200084","12/03/1952","MIH","Hawks","BAL","Bullets",0,5,0,0,0,0,0,0,0,0,0],"25200086":[77482,"0025200086","12/04/1952","MIH","Hawks","BOS","Celtics",0,11,0,0,0,0,0,0,0,0,0],"25200342":[77482,"0025200342","03/13/1953","MIH","Hawks","INO","Olympians",0,5,0,0,0,0,0,0,0,0,0],"25200182":[77482,"0025200182","01/11/1953","MIH","Hawks","ROC","Royals",0,5,0,0,0,0,0,0,0,0,0],"25200035":[77482,"0025200035","11/15/1952","MIH","Hawks","FTW","Pistons",0,1,0,0,0,0,0,0,0,0,0],"25200064":[77482,"0025200064","11/26/1952","MIH","Hawks","FTW","Pistons",0,5,0,0,0,0,0,0,0,0,0],"25200290":[77482,"0025200290","02/22/1953","MIH","Hawks","INO","Olympians",0,0,0,0,0,0,0,0,0,0,0],"25200190":[77482,"0025200190","01/16/1953","MIH","Hawks","BOS","Celtics",0,2,0,0,0,0,0,0,0,0,0],"25200107":[77482,"0025200107","12/11/1952","MIH","Hawks","FTW","Pistons",0,0,0,0,0,0,0,0,0,0,0],"25200167":[77482,"0025200167","01/06/1953","MIH","Hawks","FTW","Pistons",0,7,0,0,0,0,0,0,0,0,0],"25200108":[77482,"0025200108","12/12/1952","MIH","Hawks","INO","Olympians",0,4,0,0,0,0,0,0,0,0,0],"25200280":[77482,"0025200280","02/19/1953","MIH","Hawks","SYR","Nationals",0,0,0,0,0,0,0,0,0,0,0],"25200286":[77482,"0025200286","02/21/1953","MIH","Hawks","INO","Olympians",0,3,0,0,0,0,0,0,0,0,0],"25200173":[77482,"0025200173","01/08/1953","MIH","Hawks","NYK","Knicks",0,4,0,0,0,0,0,0,0,0,0],"25200157":[77482,"0025200157","01/02/1953","MIH","Hawks","MNL","Lakers",0,4,0,0,0,0,0,0,0,0,0],"25200130":[77482,"0025200130","12/22/1952","MIH","Hawks","NYK","Knicks",0,7,0,0,0,0,0,0,0,0,0],"25200353":[77482,"0025200353","03/17/1953","MIH","Hawks","FTW","Pistons",0,8,0,0,0,0,0,0,0,0,0],"25200266":[77482,"0025200266","02/14/1953","MIH","Hawks","ROC","Royals",0,7,0,0,0,0,0,0,0,0,0],"25200333":[77482,"0025200333","03/10/1953","MIH","Hawks","PHW","Warriors",0,7,0,0,0,0,0,0,0,0,0],"25200071":[77482,"0025200071","11/28/1952","MIH","Hawks","PHW","Warriors",0,6,0,0,0,0,0,0,0,0,0],"25200150":[77482,"0025200150","12/31/1952","MIH","Hawks","ROC","Royals",0,6,0,0,0,0,0,0,0,0,0],"25200221":[77482,"0025200221","01/29/1953","MIH","Hawks","BAL","Bullets",0,13,0,0,0,0,0,0,0,0,0],"25200161":[77482,"0025200161","01/03/1953","MIH","Hawks","MNL","Lakers",0,9,0,0,0,0,0,0,0,0,0],"25200054":[77482,"0025200054","11/22/1952","MIH","Hawks","ROC","Royals",0,8,0,0,0,0,0,0,0,0,0],"25200225":[77482,"0025200225","01/30/1953","MIH","Hawks","SYR","Nationals",0,0,0,0,0,0,0,0,0,0,0],"25200313":[77482,"0025200313","03/03/1953","MIH","Hawks","SYR","Nationals",0,0,0,0,0,0,0,0,0,0,0],"25200115":[77482,"0025200115","12/14/1952","MIH","Hawks","NYK","Knicks",0,7,0,0,0,0,0,0,0,0,0],"25200011":[77482,"0025200011","11/01/1952","MIH","Hawks","INO","Olympians",0,6,0,0,0,0,0,0,0,0,0],"25200154":[77482,"0025200154","01/01/1953","MIH","Hawks","BAL","Bullets",0,19,0,0,0,0,0,0,0,0,0],"25200306":[77482,"0025200306","02/28/1953","MIH","Hawks","PHW","Warriors",0,11,0,0,0,0,0,0,0,0,0],"25200207":[77482,"0025200207","01/23/1953","MIH","Hawks","MNL","Lakers",0,5,0,0,0,0,0,0,0,0,0],"25200204":[77482,"0025200204","01/21/1953","MIH","Hawks","NYK","Knicks",0,0,0,0,0,0,0,0,0,0,0],"25200337":[77482,"0025200337","03/11/1953","MIH","Hawks","PHW","Warriors",0,8,0,0,0,0,0,0,0,0,0],"25200199":[77482,"0025200199","01/18/1953","MIH","Hawks","MNL","Lakers",0,11,0,0,0,0,0,0,0,0,0],"25200096":[77482,"0025200096","12/07/1952","MIH","Hawks","SYR","Nationals",0,4,0,0,0,0,0,0,0,0,0],"25200097":[77482,"0025200097","12/08/1952","MIH","Hawks","SYR","Nationals",0,3,0,0,0,0,0,0,0,0,0],"25200248":[77482,"0025200248","02/08/1953","MIH","Hawks","ROC","Royals",0,3,0,0,0,0,0,0,0,0,0],"25200090":[77482,"0025200090","12/06/1952","MIH","Hawks","BOS","Celtics",0,6,0,0,0,0,0,0,0,0,0],"25200077":[77482,"0025200077","11/30/1952","MIH","Hawks","ROC","Royals",0,15,0,0,0,0,0,0,0,0,0],"25200059":[77482,"0025200059","11/23/1952","MIH","Hawks","MNL","Lakers",0,6,0,0,0,0,0,0,0,0,0],"25200136":[77482,"0025200136","12/25/1952","MIH","Hawks","FTW","Pistons",0,2,0,0,0,0,0,0,0,0,0],"25200332":[77482,"0025200332","03/09/1953","MIH","Hawks","FTW","Pistons",0,14,0,0,0,0,0,0,0,0,0],"25200178":[77482,"0025200178","01/10/1953","MIH","Hawks","ROC","Royals",0,9,0,0,0,0,0,0,0,0,0],"25200354":[77482,"0025200354","03/18/1953","MIH","Hawks","INO","Olympians",0,4,0,0,0,0,0,0,0,0,0],"25200045":[77482,"0025200045","11/19/1952","MIH","Hawks","BOS","Celtics",0,10,0,0,0,0,0,0,0,0,0],"25200291":[77482,"0025200291","02/23/1953","MIH","Hawks","PHW","Warriors",0,10,0,0,0,0,0,0,0,0,0],"25200293":[77482,"0025200293","02/24/1953","MIH","Hawks","INO","Olympians",0,2,0,0,0,0,0,0,0,0,0],"25200041":[77482,"0025200041","11/16/1952","MIH","Hawks","MNL","Lakers",0,5,0,0,0,0,0,0,0,0,0],"25200329":[77482,"0025200329","03/08/1953","MIH","Hawks","MNL","Lakers",0,2,0,0,0,0,0,0,0,0,0],"25200066":[77482,"0025200066","11/27/1952","MIH","Hawks","FTW","Pistons",0,13,0,0,0,0,0,0,0,0,0],"25200308":[77482,"0025200308","03/01/1953","MIH","Hawks","FTW","Pistons",0,8,0,0,0,0,0,0,0,0,0],"25200271":[77482,"0025200271","02/15/1953","MIH","Hawks","MNL","Lakers",0,4,0,0,0,0,0,0,0,0,0],"25200048":[77482,"0025200048","11/20/1952","MIH","Hawks","SYR","Nationals",0,12,0,0,0,0,0,0,0,0,0],"25200061":[77482,"0025200061","11/25/1952","MIH","Hawks","INO","Olympians",0,11,0,0,0,0,0,0,0,0,0],"25200275":[77482,"0025200275","02/17/1953","MIH","Hawks","NYK","Knicks",0,2,0,0,0,0,0,0,0,0,0]},"data":[25.0,72,null,24.6,1.9,5.6,0.335,null,null,null,1.8,2.8,0.627,null,null,2.5,2.2,null,null,null,3.5,5.5],"rank":{"PerGame":[53,66,62,null,null,null,null,63,60,62,null,null,68,38,null,null,null,64,1],"Totals":[51,66,64,null,null,null,null,61,57,62,null,null,70,33,null,null,null,66,1]},"team":"MIH"}},"headerData":["PLAYER_AGE","GP","GS","MIN","FGM","FGA","FG_PCT","FG3M","FG3A","FG3_PCT","FTM","FTA","FT_PCT","OREB","DREB","REB","AST","STL","BLK","TOV","PF","PTS"],"PostSeason":{"1953":{"GameList":{"45300321":[77482,"0045300321","03/25/1954","SYR","Nationals","BOS","Celtics",0,5,0,0,0,0,0,0,0,0,0],"45300416":[77482,"0045300416","04/11/1954","SYR","Nationals","MNL","Lakers",0,0,0,0,0,0,0,0,0,0,0],"45300002":[77482,"0045300002","04/03/1954","SYR","Nationals","MNL","Lakers",0,0,0,0,0,0,0,0,0,0,0],"45300322":[77482,"0045300322","03/27/1954","SYR","Nationals","BOS","Celtics",0,2,0,0,0,0,0,0,0,0,0],"45300413":[77482,"0045300413","04/04/1954","SYR","Nationals","MNL","Lakers",0,0,0,0,0,0,0,0,0,0,0],"45300411":[77482,"0045300411","03/31/1954","SYR","Nationals","MNL","Lakers",0,0,0,0,0,0,0,0,0,0,0],"45300417":[77482,"0045300417","04/12/1954","SYR","Nationals","MNL","Lakers",0,4,0,0,0,0,0,0,0,0,0],"45300931":[77482,"0045300931","03/18/1954","SYR","Nationals","NYK","Knicks",0,0,0,0,0,0,0,0,0,0,0],"45300932":[77482,"0045300932","03/21/1954","SYR","Nationals","NYK","Knicks",0,2,0,0,0,0,0,0,0,0,0],"45300415":[77482,"0045300415","04/10/1954","SYR","Nationals","MNL","Lakers",0,0,0,0,0,0,0,0,0,0,0],"45300414":[77482,"0045300414","04/08/1954","SYR","Nationals","MNL","Lakers",0,2,0,0,0,0,0,0,0,0,0],"45300922":[77482,"0045300922","03/22/1954","SYR","Nationals","BOS","Celtics",0,3,0,0,0,0,0,0,0,0,0],"45300921":[77482,"0045300921","03/17/1954","SYR","Nationals","BOS","Celtics",0,3,0,0,0,0,0,0,0,0,0]},"data":[26.0,13,null,3.6,0.5,1.5,0.35,null,null,null,0.5,1.2,0.467,null,null,0.0,0.3,null,null,null,1.8,1.6],"rank":{"PerGame":[49,46,47,null,null,null,null,44,45,null,null,null,49,47,null,null,null,46,1],"Totals":[53,47,47,null,null,null,null,45,37,null,null,null,55,46,null,null,null,47,1]},"team":"SYR"}}}}