{"info":{"FIRST_NAME":"Al","LAST_NAME":"Miksis","WEIGHT":"210","COUNTRY":"USA","SCHOOL":"Western Illinois","BIRTHDATE":"1928-02-02T00:00:00","HEIGHT":"6-7","TO_YEAR":1949,"DLEAGUE":"N","FROM_YEAR":1949,"TEAM":"WAT","PERSON_ID":77594,"SEASON_EXP":0,"POSITION":"Center","ROSTERSTATUS":"Active","ALL_STAR":0,"PIE":0,"JERSEY":""},"career":{"header":["MIN","FGM","FGA","FG_PCT","FG3M","FG3A","FG3_PCT","FTM","FTA","FT_PCT","OREB","DREB","REB","AST","STL","BLK","TOV","PF","PTS"],"RegularSeason":{"PerGame":[null,0.6,2.6,0.238,null,null,null,2.1,2.6,0.81,null,null,null,0.5,null,null,null,2.8,3.4],"GS":null,"GP":8},"PostSeason":{}},"season":{"headerRank":["RANK_PG_MIN","RANK_PG_FGM","RANK_PG_FGA","RANK_FG_PCT","RANK_PG_FG3M","RANK_PG_FG3A","RANK_FG3_PCT","RANK_PG_FTM","RANK_PG_FTA","RANK_FT_PCT","RANK_PG_OREB","RANK_PG_DREB","RANK_PG_REB","RANK_PG_AST","RANK_PG_STL","RANK_PG_BLK","RANK_PG_TOV","RANK_PG_PTS","RANK_PG_EFF"],"headerGame":["PLAYER_ID","SEASON_YEAR","TOV","PTS","FGM","FG3M","FG3A","PF","BLK","STL","AST","REB"],"RegularSeason":{"1949":{"GameList":{"24900063":[77594,"0024900063","11/16/1949","WAT","Hawks","SHE","Redskins",0,3,0,0,0,0,0,0,0,0,0],"24900066":[77594,"0024900066","11/17/1949","WAT","Hawks","SHE","Redskins",0,6,0,0,0,0,0,0,0,0,0],"24900076":[77594,"0024900076","11/19/1949","WAT","Hawks","INO","Olympians",0,3,0,0,0,0,0,0,0,0,0],"24900093":[77594,"0024900093","11/23/1949","WAT","Hawks","ROC","Royals",0,3,0,0,0,0,0,0,0,0,0],"24900010":[77594,"0024900010","11/02/1949","WAT","Hawks","NYK","Knicks",0,3,0,0,0,0,0,0,0,0,0],"24900034":[77594,"0024900034","11/09/1949","WAT","Hawks","DN","Nuggets",0,3,0,0,0,0,0,0,0,0,0],"24900040":[77594,"0024900040","11/10/1949","WAT","Hawks","FTW","Pistons",0,3,0,0,0,0,0,0,0,0,0],"24900043":[77594,"0024900043","11/12/1949","WAT","Hawks","TCB","Blackhawks",0,3,0,0,0,0,0,0,0,0,0]},"data":[22.0,8,null,null,0.6,2.6,0.238,null,null,null,2.1,2.6,0.81,null,null,null,0.5,null,null,null,2.8,3.4],"rank":{"PerGame":[null,null,null,null,null,null,null,null,null,null,null,null,null,null,null,null,null,null,null],"Totals":[null,205,204,null,null,null,null,184,188,null,null,null,39,202,null,null,null,197,39]},"team":"WAT"}},"headerData":["PLAYER_AGE","GP","GS","MIN","FGM","FGA","FG_PCT","FG3M","FG3A","FG3_PCT","FTM","FTA","FT_PCT","OREB","DREB","REB","AST","STL","BLK","TOV","PF","PTS"],"PostSeason":{}}}