{"info":{"FIRST_NAME":"Al","LAST_NAME":"Negratti","WEIGHT":"200","COUNTRY":"USA","SCHOOL":"Seton Hall","BIRTHDATE":"1921-06-12T00:00:00","HEIGHT":"6-3","TO_YEAR":1946,"DLEAGUE":"N","FROM_YEAR":1946,"TEAM":"WAS","PERSON_ID":77698,"SEASON_EXP":0,"POSITION":"Forward","ROSTERSTATUS":"Active","ALL_STAR":0,"PIE":0,"JERSEY":""},"career":{"header":["MIN","FGM","FGA","FG_PCT","FG3M","FG3A","FG3_PCT","FTM","FTA","FT_PCT","OREB","DREB","REB","AST","STL","BLK","TOV","PF","PTS"],"RegularSeason":{"PerGame":[null,1.2,6.3,0.188,null,null,null,0.5,0.7,0.625,null,null,null,0.5,null,null,null,1.8,2.8],"GS":null,"GP":11},"PostSeason":{}},"season":{"headerRank":["RANK_PG_MIN","RANK_PG_FGM","RANK_PG_FGA","RANK_FG_PCT","RANK_PG_FG3M","RANK_PG_FG3A","RANK_FG3_PCT","RANK_PG_FTM","RANK_PG_FTA","RANK_FT_PCT","RANK_PG_OREB","RANK_PG_DREB","RANK_PG_REB","RANK_PG_AST","RANK_PG_STL","RANK_PG_BLK","RANK_PG_TOV","RANK_PG_PTS","RANK_PG_EFF"],"headerGame":["PLAYER_ID","SEASON_YEAR","TOV","PTS","FGM","FG3M","FG3A","PF","BLK","STL","AST","REB"],"RegularSeason":{"1946":{"GameList":{"24600045":[77698,"0024600045","11/23/1946","WAS","Capitols","HUS","Huskies",0,3,0,0,0,0,0,0,0,0,0],"24600018":[77698,"0024600018","11/10/1946","WAS","Capitols","CLR","Rebels",0,5,0,0,0,0,0,0,0,0,0],"24600040":[77698,"0024600040","11/21/1946","WAS","Capitols","PRO","Steamrollers",0,1,0,0,0,0,0,0,0,0,0],"24600051":[77698,"0024600051","11/26/1946","WAS","Capitols","HUS","Huskies",0,4,0,0,0,0,0,0,0,0,0],"24600038":[77698,"0024600038","11/20/1946","WAS","Capitols","BOM","Bombers",0,0,0,0,0,0,0,0,0,0,0],"24600005":[77698,"0024600005","11/02/1946","WAS","Capitols","DEF","Falcons",0,0,0,0,0,0,0,0,0,0,0],"24600007":[77698,"0024600007","11/04/1946","WAS","Capitols","PIT","Ironmen",0,4,0,0,0,0,0,0,0,0,0],"24600027":[77698,"0024600027","11/16/1946","WAS","Capitols","CHS","Stags",0,1,0,0,0,0,0,0,0,0,0],"24600014":[77698,"0024600014","11/09/1946","WAS","Capitols","BOM","Bombers",0,10,0,0,0,0,0,0,0,0,0],"24600023":[77698,"0024600023","11/14/1946","WAS","Capitols","PHW","Warriors",0,2,0,0,0,0,0,0,0,0,0],"24600065":[77698,"0024600065","11/30/1946","WAS","Capitols","PIT","Ironmen",0,0,0,0,0,0,0,0,0,0,0]},"data":[26.0,11,null,null,1.2,6.3,0.188,null,null,null,0.5,0.7,0.625,null,null,null,0.5,null,null,null,1.8,2.8],"rank":{},"team":"WAS"}},"headerData":["PLAYER_AGE","GP","GS","MIN","FGM","FGA","FG_PCT","FG3M","FG3A","FG3_PCT","FTM","FTA","FT_PCT","OREB","DREB","REB","AST","STL","BLK","TOV","PF","PTS"],"PostSeason":{}}}