{"info":{"FIRST_NAME":"Alaa","LAST_NAME":"Abdelnaby","WEIGHT":"240","COUNTRY":"USA","SCHOOL":"Duke","BIRTHDATE":"1968-06-24T00:00:00","HEIGHT":"6-10","TO_YEAR":1994,"DLEAGUE":"N","FROM_YEAR":1990,"TEAM":"PHL","PERSON_ID":76001,"SEASON_EXP":4,"POSITION":"Forward","ROSTERSTATUS":"Active","ALL_STAR":0,"PIE":0,"JERSEY":"30"},"career":{"header":["MIN","FGM","FGA","FG_PCT","FG3M","FG3A","FG3_PCT","FTM","FTA","FT_PCT","OREB","DREB","REB","AST","STL","BLK","TOV","PF","PTS"],"RegularSeason":{"PerGame":[12.5,2.4,4.8,0.502,0.0,0.0,0.0,0.9,1.3,0.701,1.1,2.2,3.3,0.3,0.3,0.3,1.0,1.9,5.7],"GS":53,"GP":256},"PostSeason":{"PerGame":[6.2,1.1,2.4,0.45,0.0,0.0,0.0,0.1,0.2,0.5,0.2,1.0,1.2,0.2,0.0,0.1,0.6,0.6,2.2],"GS":4,"GP":17}},"season":{"headerRank":["RANK_PG_MIN","RANK_PG_FGM","RANK_PG_FGA","RANK_FG_PCT","RANK_PG_FG3M","RANK_PG_FG3A","RANK_FG3_PCT","RANK_PG_FTM","RANK_PG_FTA","RANK_FT_PCT","RANK_PG_OREB","RANK_PG_DREB","RANK_PG_REB","RANK_PG_AST","RANK_PG_STL","RANK_PG_BLK","RANK_PG_TOV","RANK_PG_PTS","RANK_PG_EFF"],"headerGame":["PLAYER_ID","GAME_ID","GAME_DATE","TEAM_ABBREVIATION","TEAM_NAME","VS_TEAM_ABBREVIATION","VS_TEAM_NAME","TOV","PTS","FGM","FGA","FG3M","FG3A","PF","BLK","STL","AST","REB"],"RegularSeason":{"1991":{"GameList":{"29100079":[76001,"0029100079","11/12/1991","POR","Trail Blazers","DEN","Nuggets",0,6,3,6,0,0,1,0,0,1,1],"29100111":[76001,"0029100111","11/16/1991","POR","Trail Blazers","DEN","Nuggets",0,0,0,0,0,0,0,0,0,0,1],"29100776":[76001,"0029100776","03/01/1992","POR","Trail Blazers","CHI","Bulls",1,13,3,7,0,0,2,0,0,2,5],"29100283":[76001,"0029100283","12/14/1991","POR","Trail Blazers","SAC","Kings",1,14,5,9,0,0,3,0,0,0,4],"29100019":[76001,"0029100019","11/02/1991","POR","Trail Blazers","PHX","Suns",0,2,1,3,0,0,0,0,0,0,0],"29100325":[76001,"0029100325","12/20/1991","POR","Trail Blazers","GOS","Warriors",0,3,1,2,0,0,2,0,0,2,2],"29100417":[76001,"0029100417","01/05/1992","POR","Trail Blazers","PHL","76ers",1,2,1,3,0,0,2,0,0,1,4],"29100756":[76001,"0029100756","02/28/1992","POR","Trail Blazers","WAS","Bullets",1,0,0,2,0,0,1,0,1,0,3],"29100752":[76001,"0029100752","02/27/1992","POR","Trail Blazers","NJN","Nets",1,2,1,5,0,0,2,0,1,0,3],"29101058":[76001,"0029101058","04/12/1992","POR","Trail Blazers","SAN","Spurs",0,2,1,2,0,0,0,0,0,0,1],"29100052":[76001,"0029100052","11/08/1991","POR","Trail Blazers","IND","Pacers",0,4,2,3,0,0,0,2,0,0,1],"29100172":[76001,"0029100172","11/26/1991","POR","Trail Blazers","MIL","Bucks",1,10,4,7,0,0,4,0,1,1,5],"29100497":[76001,"0029100497","01/17/1992","POR","Trail Blazers","CHH","Hornets",3,8,4,7,0,0,4,0,0,1,8],"29100730":[76001,"0029100730","02/24/1992","POR","Trail Blazers","UTH","Jazz",2,6,3,7,0,0,1,0,0,1,3],"29100544":[76001,"0029100544","01/24/1992","POR","Trail Blazers","ATL","Hawks",2,10,2,3,0,0,2,0,1,0,6],"29100615":[76001,"0029100615","02/04/1992","POR","Trail Blazers","SAN","Spurs",1,8,4,6,0,0,2,0,0,0,6],"29100207":[76001,"0029100207","12/01/1991","POR","Trail Blazers","WAS","Bullets",1,4,2,7,0,0,2,0,0,1,6],"29100340":[76001,"0029100340","12/22/1991","POR","Trail Blazers","SEA","SuperSonics",0,2,1,1,0,0,0,0,0,0,1],"29100224":[76001,"0029100224","12/04/1991","POR","Trail Blazers","ORL","Magic",1,17,7,11,0,0,1,0,2,0,13],"29101071":[76001,"0029101071","04/14/1992","POR","Trail Blazers","HOU","Rockets",1,8,3,5,0,0,5,0,0,0,2],"29101075":[76001,"0029101075","04/15/1992","POR","Trail Blazers","DAL","Mavericks",0,10,4,8,0,0,1,0,0,1,2],"29100453":[76001,"0029100453","01/11/1992","POR","Trail Blazers","CHH","Hornets",2,10,5,6,0,0,2,2,2,0,6],"29100983":[76001,"0029100983","04/02/1992","POR","Trail Blazers","UTH","Jazz",1,3,1,1,0,0,1,0,0,0,4],"29100658":[76001,"0029100658","02/14/1992","POR","Trail Blazers","SAC","Kings",0,6,2,2,0,0,3,0,0,0,1],"29100880":[76001,"0029100880","03/17/1992","POR","Trail Blazers","MIN","Timberwolves",0,3,1,3,0,0,4,0,0,0,2],"29100676":[76001,"0029100676","02/16/1992","POR","Trail Blazers","LAC","Clippers",1,6,2,4,0,0,1,0,0,0,4],"29100537":[76001,"0029100537","01/23/1992","POR","Trail Blazers","SEA","SuperSonics",1,14,6,6,0,0,2,0,0,0,5],"29100712":[76001,"0029100712","02/21/1992","POR","Trail Blazers","LAC","Clippers",3,13,6,8,0,0,0,0,0,0,7],"29100071":[76001,"0029100071","11/10/1991","POR","Trail Blazers","BOS","Celtics",1,4,2,4,0,0,1,0,0,0,0],"29100829":[76001,"0029100829","03/10/1992","POR","Trail Blazers","MIL","Bucks",2,4,1,3,0,0,3,0,1,0,2],"29100908":[76001,"0029100908","03/21/1992","POR","Trail Blazers","UTH","Jazz",1,0,0,1,0,0,2,0,0,0,0],"29100720":[76001,"0029100720","02/22/1992","POR","Trail Blazers","SEA","SuperSonics",0,10,4,13,0,0,0,0,0,0,11],"29100394":[76001,"0029100394","01/02/1992","POR","Trail Blazers","UTH","Jazz",1,6,3,5,0,0,1,0,1,1,2],"29100240":[76001,"0029100240","12/07/1991","POR","Trail Blazers","IND","Pacers",4,7,2,8,0,0,6,1,0,1,7],"29100851":[76001,"0029100851","03/13/1992","POR","Trail Blazers","ATL","Hawks",1,4,0,2,0,0,2,0,0,0,3],"29100297":[76001,"0029100297","12/16/1991","POR","Trail Blazers","MIN","Timberwolves",3,7,3,5,0,0,2,1,0,0,5],"29100138":[76001,"0029100138","11/21/1991","POR","Trail Blazers","LAC","Clippers",0,0,0,1,0,0,1,0,0,1,0],"29100940":[76001,"0029100940","03/26/1992","POR","Trail Blazers","SAC","Kings",0,13,5,9,0,0,0,0,1,1,3],"29100925":[76001,"0029100925","03/24/1992","POR","Trail Blazers","DAL","Mavericks",1,6,2,8,0,0,2,0,1,0,4],"29100968":[76001,"0029100968","03/31/1992","POR","Trail Blazers","PHX","Suns",0,0,0,1,0,0,1,0,0,2,3],"29100258":[76001,"0029100258","12/10/1991","POR","Trail Blazers","HOU","Rockets",0,1,0,4,0,0,3,0,1,1,3],"29100102":[76001,"0029100102","11/15/1991","POR","Trail Blazers","MIN","Timberwolves",1,2,1,2,0,0,0,0,0,0,1],"29100867":[76001,"0029100867","03/15/1992","POR","Trail Blazers","BOS","Celtics",0,2,0,3,0,0,0,0,0,0,3],"29100125":[76001,"0029100125","11/19/1991","POR","Trail Blazers","LAC","Clippers",0,0,0,0,0,0,2,1,0,0,3],"29100582":[76001,"0029100582","01/31/1992","POR","Trail Blazers","NJN","Nets",3,6,3,5,0,0,2,1,2,0,3],"29100475":[76001,"0029100475","01/14/1992","POR","Trail Blazers","CLE","Cavaliers",0,4,2,6,0,0,2,0,0,1,2],"29100359":[76001,"0029100359","12/26/1991","POR","Trail Blazers","DAL","Mavericks",1,6,3,8,0,0,2,1,1,0,7],"29100688":[76001,"0029100688","02/18/1992","POR","Trail Blazers","PHX","Suns",0,14,6,9,0,0,2,0,1,1,5],"29100520":[76001,"0029100520","01/21/1992","POR","Trail Blazers","LAL","Lakers",3,14,6,11,0,0,3,2,1,0,9],"29100484":[76001,"0029100484","01/15/1992","POR","Trail Blazers","NYK","Knicks",3,4,2,4,0,0,4,1,0,0,5],"29100045":[76001,"0029100045","11/06/1991","POR","Trail Blazers","SAN","Spurs",1,4,2,2,0,0,1,0,0,0,0],"29100960":[76001,"0029100960","03/29/1992","POR","Trail Blazers","NYK","Knicks",0,0,0,0,0,0,1,0,0,0,0],"29100379":[76001,"0029100379","12/29/1991","POR","Trail Blazers","MIA","Heat",1,10,4,10,0,0,5,1,1,1,6],"29100233":[76001,"0029100233","12/06/1991","POR","Trail Blazers","PHL","76ers",3,17,6,10,0,0,5,0,0,1,3],"29100603":[76001,"0029100603","02/02/1992","POR","Trail Blazers","SAC","Kings",0,8,3,6,0,0,4,1,2,2,6],"29100185":[76001,"0029100185","11/29/1991","POR","Trail Blazers","CHI","Bulls",1,6,3,4,0,0,4,0,0,0,4],"29100373":[76001,"0029100373","12/28/1991","POR","Trail Blazers","LAL","Lakers",1,8,4,6,0,0,3,0,1,0,6],"29100279":[76001,"0029100279","12/13/1991","POR","Trail Blazers","DET","Pistons",1,20,10,21,0,0,2,1,1,1,11],"29100445":[76001,"0029100445","01/10/1992","POR","Trail Blazers","DET","Pistons",1,2,1,6,0,0,2,0,0,1,3],"29100565":[76001,"0029100565","01/28/1992","POR","Trail Blazers","GOS","Warriors",0,2,1,1,0,0,3,0,0,0,1],"29100649":[76001,"0029100649","02/12/1992","POR","Trail Blazers","PHX","Suns",0,2,1,3,0,0,1,0,0,1,0],"29100509":[76001,"0029100509","01/19/1992","POR","Trail Blazers","PHX","Suns",0,0,0,4,0,0,3,0,0,0,0],"29100956":[76001,"0029100956","03/28/1992","POR","Trail Blazers","HOU","Rockets",1,8,4,5,0,0,0,0,0,0,1],"29100628":[76001,"0029100628","02/06/1992","POR","Trail Blazers","DAL","Mavericks",0,8,4,9,0,0,0,0,0,0,5],"29100643":[76001,"0029100643","02/11/1992","POR","Trail Blazers","DEN","Nuggets",2,11,5,9,0,0,2,0,0,1,9],"29100891":[76001,"0029100891","03/18/1992","POR","Trail Blazers","LAL","Lakers",0,6,2,2,0,0,1,0,0,0,2],"29100842":[76001,"0029100842","03/11/1992","POR","Trail Blazers","MIN","Timberwolves",0,0,0,1,0,0,2,0,0,0,2],"29101043":[76001,"0029101043","04/10/1992","POR","Trail Blazers","SEA","SuperSonics",0,3,1,2,0,0,0,0,0,0,2],"29101030":[76001,"0029101030","04/09/1992","POR","Trail Blazers","LAC","Clippers",1,0,0,4,0,0,1,0,0,0,3],"29101096":[76001,"0029101096","04/18/1992","POR","Trail Blazers","LAL","Lakers",1,4,1,2,0,0,1,0,0,1,3],"29100217":[76001,"0029100217","12/03/1991","POR","Trail Blazers","MIA","Heat",2,13,6,8,0,0,2,2,2,1,6]},"data":[24.0,71,1,13.2,2.5,5.1,0.493,0.0,0.0,0.0,1.1,1.4,0.752,1.1,2.5,3.7,0.4,0.4,0.2,0.9,1.9,6.1],"rank":{"PerGame":[188,155,161,null,132,173,null,150,154,null,112,109,106,179,171,135,160,159,178],"Totals":[231,198,209,null,240,326,null,201,202,null,155,143,144,290,245,190,212,205,213]},"team":"POR"},"1990":{"GameList":{"29000077":[76001,"0029000077","11/13/1990","POR","Trail Blazers","DEN","Nuggets",1,0,0,2,0,0,0,0,0,0,1],"29001028":[76001,"0029001028","04/10/1991","POR","Trail Blazers","SAN","Spurs",1,2,1,1,0,0,0,1,0,0,2],"29000338":[76001,"0029000338","12/23/1990","POR","Trail Blazers","DEN","Nuggets",0,6,3,3,0,0,1,0,0,0,2],"29000491":[76001,"0029000491","01/18/1991","POR","Trail Blazers","WAS","Bullets",0,6,3,6,0,0,0,0,1,2,3],"29000746":[76001,"0029000746","02/28/1991","POR","Trail Blazers","ATL","Hawks",0,0,0,0,0,0,1,0,0,0,0],"29000883":[76001,"0029000883","03/20/1991","POR","Trail Blazers","LAC","Clippers",0,4,2,2,0,0,1,1,0,0,0],"29000604":[76001,"0029000604","02/04/1991","POR","Trail Blazers","NJN","Nets",1,4,2,6,0,0,2,0,0,0,4],"29000092":[76001,"0029000092","11/15/1990","POR","Trail Blazers","NYK","Knicks",0,1,0,2,0,0,0,0,0,0,1],"29000475":[76001,"0029000475","01/15/1991","POR","Trail Blazers","MIN","Timberwolves",1,2,1,3,0,0,3,2,0,0,5],"29000236":[76001,"0029000236","12/07/1990","POR","Trail Blazers","IND","Pacers",0,1,0,0,0,0,0,0,0,2,1],"29000704":[76001,"0029000704","02/22/1991","POR","Trail Blazers","PHX","Suns",0,8,4,6,0,0,1,0,0,0,0],"29001068":[76001,"0029001068","04/16/1991","POR","Trail Blazers","HOU","Rockets",1,6,2,5,0,0,1,0,0,0,5],"29000259":[76001,"0029000259","12/11/1990","POR","Trail Blazers","IND","Pacers",1,3,1,2,0,0,2,0,0,1,2],"29000412":[76001,"0029000412","01/05/1991","POR","Trail Blazers","MIA","Heat",1,6,3,7,0,0,0,0,1,0,5],"29000549":[76001,"0029000549","01/26/1991","POR","Trail Blazers","SAC","Kings",0,3,1,1,0,0,3,0,0,0,1],"29000929":[76001,"0029000929","03/26/1991","POR","Trail Blazers","SEA","SuperSonics",2,0,0,0,0,0,1,0,0,0,0],"29000848":[76001,"0029000848","03/15/1991","POR","Trail Blazers","UTH","Jazz",2,8,4,6,0,0,3,2,1,0,3],"29000864":[76001,"0029000864","03/17/1991","POR","Trail Blazers","LAC","Clippers",1,2,1,5,0,0,1,0,0,0,2],"29000069":[76001,"0029000069","11/11/1990","POR","Trail Blazers","LAC","Clippers",0,4,2,4,0,0,1,0,0,1,4],"29000147":[76001,"0029000147","11/23/1990","POR","Trail Blazers","GOS","Warriors",0,1,0,2,0,0,1,0,0,1,0],"29001099":[76001,"0029001099","04/21/1991","POR","Trail Blazers","PHX","Suns",1,4,2,7,0,0,4,1,0,0,8],"29000431":[76001,"0029000431","01/08/1991","POR","Trail Blazers","HOU","Rockets",0,2,1,4,0,0,1,0,0,0,2],"29001091":[76001,"0029001091","04/19/1991","POR","Trail Blazers","SAC","Kings",1,15,6,7,0,0,1,0,0,2,2],"29000654":[76001,"0029000654","02/15/1991","POR","Trail Blazers","UTH","Jazz",0,0,0,1,0,0,0,0,0,0,1],"29000326":[76001,"0029000326","12/21/1990","POR","Trail Blazers","LAC","Clippers",0,0,0,1,0,0,0,0,0,0,0],"29000750":[76001,"0029000750","03/01/1991","POR","Trail Blazers","PHL","76ers",0,0,0,0,0,0,0,0,0,0,0],"29001006":[76001,"0029001006","04/07/1991","POR","Trail Blazers","DAL","Mavericks",2,5,1,2,0,0,1,0,0,0,3],"29000633":[76001,"0029000633","02/12/1991","POR","Trail Blazers","PHL","76ers",0,0,0,0,0,0,0,0,0,0,1],"29000577":[76001,"0029000577","01/31/1991","POR","Trail Blazers","UTH","Jazz",0,2,1,1,0,0,1,1,0,0,1],"29000301":[76001,"0029000301","12/18/1990","POR","Trail Blazers","GOS","Warriors",0,4,2,3,0,0,0,0,0,0,3],"29000184":[76001,"0029000184","11/29/1990","POR","Trail Blazers","MIN","Timberwolves",0,1,0,1,0,0,0,0,0,0,0],"29000836":[76001,"0029000836","03/13/1991","POR","Trail Blazers","PHX","Suns",0,2,1,1,0,0,0,1,0,0,2],"29000345":[76001,"0029000345","12/26/1990","POR","Trail Blazers","NYK","Knicks",0,2,1,1,0,0,0,0,0,0,2],"29001055":[76001,"0029001055","04/14/1991","POR","Trail Blazers","ORL","Magic",1,10,3,5,0,0,0,2,0,0,5],"29000913":[76001,"0029000913","03/24/1991","POR","Trail Blazers","CHH","Hornets",3,4,1,4,0,0,1,0,1,0,4],"29000694":[76001,"0029000694","02/21/1991","POR","Trail Blazers","DEN","Nuggets",0,0,0,0,0,0,1,0,0,0,0],"29000588":[76001,"0029000588","02/01/1991","POR","Trail Blazers","GOS","Warriors",0,0,0,1,0,0,0,0,0,1,0],"29000953":[76001,"0029000953","03/30/1991","POR","Trail Blazers","MIN","Timberwolves",1,11,3,6,0,0,3,0,0,0,6],"29000268":[76001,"0029000268","12/13/1990","POR","Trail Blazers","SAC","Kings",0,0,0,0,0,0,0,1,0,0,1],"29000001":[76001,"0029000001","11/02/1990","POR","Trail Blazers","HOU","Rockets",0,0,0,1,0,0,0,0,0,1,2],"29000035":[76001,"0029000035","11/06/1990","POR","Trail Blazers","LAL","Lakers",1,0,0,0,0,0,3,0,0,0,0],"29000110":[76001,"0029000110","11/17/1990","POR","Trail Blazers","DEN","Nuggets",0,6,3,6,0,0,0,0,0,1,5],"29000874":[76001,"0029000874","03/19/1991","POR","Trail Blazers","GOS","Warriors",0,0,0,1,0,0,1,0,0,0,0]},"data":[23.0,43,0,6.7,1.3,2.7,0.474,0.0,0.0,0.0,0.6,1.0,0.568,0.6,1.4,2.1,0.3,0.1,0.3,0.5,0.9,3.1],"rank":{"PerGame":[null,null,null,null,null,null,null,null,null,null,null,null,null,null,null,null,null,null,null],"Totals":[311,296,301,null,235,329,null,294,284,null,275,266,275,325,330,213,304,301,296]},"team":"POR"},"1993":{"GameList":{"29300577":[76001,"0029300577","02/02/1994","BOS","Celtics","SEA","SuperSonics",1,0,0,0,0,0,1,0,0,0,0],"29300515":[76001,"0029300515","01/24/1994","BOS","Celtics","DAL","Mavericks",0,12,5,7,0,0,1,2,0,2,9],"29300708":[76001,"0029300708","02/25/1994","BOS","Celtics","SEA","SuperSonics",2,0,0,0,0,0,4,0,0,0,2],"29300557":[76001,"0029300557","01/30/1994","BOS","Celtics","PHX","Suns",1,5,2,3,0,0,0,0,0,0,2],"29300527":[76001,"0029300527","01/26/1994","BOS","Celtics","MIA","Heat",2,11,3,7,0,0,2,1,0,0,8],"29300673":[76001,"0029300673","02/20/1994","BOS","Celtics","POR","Trail Blazers",2,2,1,1,0,0,1,0,0,0,0],"29300672":[76001,"0029300672","02/19/1994","BOS","Celtics","GOS","Warriors",2,4,2,5,0,0,1,0,0,0,2],"29300745":[76001,"0029300745","03/02/1994","BOS","Celtics","CLE","Cavaliers",2,8,3,5,0,0,3,0,0,0,2],"29300498":[76001,"0029300498","01/21/1994","BOS","Celtics","GOS","Warriors",0,2,1,5,0,0,1,0,0,0,2],"29300561":[76001,"0029300561","02/01/1994","BOS","Celtics","NYK","Knicks",1,8,3,6,0,0,2,0,2,0,7],"29300696":[76001,"0029300696","02/23/1994","BOS","Celtics","DEN","Nuggets",1,2,1,6,0,0,1,0,0,1,3],"29300687":[76001,"0029300687","02/22/1994","BOS","Celtics","SAC","Kings",1,1,0,2,0,0,1,0,0,0,2],"29300657":[76001,"0029300657","02/17/1994","BOS","Celtics","NJN","Nets",2,9,3,8,0,0,2,0,0,0,7]},"data":[26.0,13,0,12.2,1.8,4.2,0.436,0.0,0.0,0.0,1.2,1.9,0.64,0.9,2.6,3.5,0.2,0.2,0.2,1.3,1.5,4.9],"rank":{"PerGame":[null,null,null,null,null,null,null,null,null,null,null,null,null,null,null,null,null,null,null],"Totals":[339,333,334,null,247,333,null,316,318,null,319,317,317,368,356,307,314,333,337]},"team":"BOS"},"1992":{"GameList":{"29200311":[76001,"0029200311","12/23/1992","BOS","Celtics","HOU","Rockets",0,6,3,5,0,0,0,1,1,2,1],"29200417":[76001,"0029200417","01/10/1993","BOS","Celtics","NYK","Knicks",1,6,3,7,0,0,5,0,0,0,4],"29200583":[76001,"0029200583","02/05/1993","BOS","Celtics","PHL","76ers",1,0,0,0,0,0,0,0,0,0,2],"29200449":[76001,"0029200449","01/15/1993","BOS","Celtics","ORL","Magic",2,5,1,4,0,0,2,0,1,0,5],"29200372":[76001,"0029200372","01/03/1993","BOS","Celtics","LAC","Clippers",1,23,6,9,0,0,3,0,0,1,3],"29200278":[76001,"0029200278","12/18/1992","BOS","Celtics","NYK","Knicks",0,2,0,2,0,0,0,0,0,0,2],"29200149":[76001,"0029200149","11/28/1992","MIL","Bucks","WAS","Bullets",2,8,4,6,0,1,1,1,0,1,3],"29200331":[76001,"0029200331","12/27/1992","BOS","Celtics","SAC","Kings",3,26,9,17,0,0,5,1,1,0,7],"29200037":[76001,"0029200037","11/11/1992","MIL","Bucks","DAL","Mavericks",1,12,4,7,0,0,3,0,0,1,6],"29201013":[76001,"0029201013","04/13/1993","BOS","Celtics","IND","Pacers",4,14,7,13,0,0,4,0,0,0,8],"29200257":[76001,"0029200257","12/15/1992","BOS","Celtics","MIN","Timberwolves",1,2,1,3,0,0,2,0,0,0,3],"29200467":[76001,"0029200467","01/18/1993","BOS","Celtics","CHI","Bulls",0,2,1,4,0,0,2,0,0,0,2],"29200769":[76001,"0029200769","03/07/1993","BOS","Celtics","CLE","Cavaliers",1,14,7,7,0,0,4,0,0,1,7],"29200403":[76001,"0029200403","01/08/1993","BOS","Celtics","NJN","Nets",1,11,3,11,0,0,3,1,0,0,8],"29200727":[76001,"0029200727","03/01/1993","BOS","Celtics","DET","Pistons",0,4,2,7,0,0,4,0,0,1,3],"29201055":[76001,"0029201055","04/18/1993","BOS","Celtics","ORL","Magic",1,6,3,6,0,0,4,2,0,0,5],"29201031":[76001,"0029201031","04/15/1993","BOS","Celtics","NJN","Nets",2,15,7,8,0,0,3,2,0,1,10],"29200723":[76001,"0029200723","02/28/1993","BOS","Celtics","POR","Trail Blazers",0,6,3,5,0,0,4,2,0,1,3],"29200682":[76001,"0029200682","02/23/1993","BOS","Celtics","IND","Pacers",0,6,2,4,0,0,3,0,0,0,3],"29200420":[76001,"0029200420","01/12/1993","BOS","Celtics","CLE","Cavaliers",1,5,2,2,0,0,3,0,0,0,1],"29200523":[76001,"0029200523","01/27/1993","BOS","Celtics","DET","Pistons",2,6,3,4,0,0,5,0,0,1,3],"29200991":[76001,"0029200991","04/09/1993","BOS","Celtics","DET","Pistons",5,20,9,11,0,0,2,1,1,0,8],"29201074":[76001,"0029201074","04/21/1993","BOS","Celtics","ORL","Magic",0,8,4,7,0,0,0,1,0,0,6],"29200844":[76001,"0029200844","03/19/1993","BOS","Celtics","LAL","Lakers",0,8,3,8,0,0,3,0,0,0,3],"29200146":[76001,"0029200146","11/27/1992","MIL","Bucks","PHL","76ers",0,2,0,5,0,0,1,1,0,1,2],"29200341":[76001,"0029200341","12/29/1992","BOS","Celtics","SEA","SuperSonics",2,10,4,9,0,0,3,0,0,0,8],"29200814":[76001,"0029200814","03/14/1993","BOS","Celtics","CHH","Hornets",3,11,5,6,0,0,3,0,0,0,6],"29200824":[76001,"0029200824","03/16/1993","BOS","Celtics","GOS","Warriors",2,25,12,13,0,0,2,0,0,2,10],"29200017":[76001,"0029200017","11/07/1992","MIL","Bucks","BOS","Celtics",0,2,1,5,0,0,0,0,0,1,2],"29200380":[76001,"0029200380","01/05/1993","BOS","Celtics","CHH","Hornets",2,8,4,8,0,0,4,0,0,0,5],"29200132":[76001,"0029200132","11/25/1992","MIL","Bucks","CLE","Cavaliers",1,4,2,2,0,0,3,0,0,0,1],"29201088":[76001,"0029201088","04/23/1993","BOS","Celtics","CLE","Cavaliers",3,8,3,7,0,0,4,1,1,1,4],"29200657":[76001,"0029200657","02/16/1993","BOS","Celtics","PHX","Suns",0,6,3,4,0,0,3,0,1,1,3],"29200175":[76001,"0029200175","12/02/1992","MIL","Bucks","MIA","Heat",0,2,0,0,0,0,3,0,0,0,1],"29200918":[76001,"0029200918","03/29/1993","BOS","Celtics","SAC","Kings",0,10,5,11,0,0,2,1,0,0,7],"29200070":[76001,"0029200070","11/15/1992","MIL","Bucks","DEN","Nuggets",2,5,2,7,0,0,3,1,0,1,3],"29201102":[76001,"0029201102","04/25/1993","BOS","Celtics","WAS","Bullets",2,10,4,11,0,0,4,3,1,0,7],"29200054":[76001,"0029200054","11/13/1992","MIL","Bucks","CHI","Bulls",1,2,1,4,0,0,0,0,1,2,7],"29200459":[76001,"0029200459","01/16/1993","BOS","Celtics","MIL","Bucks",5,2,1,2,0,0,1,0,0,0,2],"29200265":[76001,"0029200265","12/16/1992","BOS","Celtics","IND","Pacers",1,16,6,9,0,0,1,0,0,0,1],"29200784":[76001,"0029200784","03/10/1993","BOS","Celtics","PHL","76ers",3,5,2,6,0,0,3,2,0,0,6],"29200078":[76001,"0029200078","11/17/1992","MIL","Bucks","ATL","Hawks",3,7,3,5,0,0,2,0,1,0,1],"29200321":[76001,"0029200321","12/26/1992","BOS","Celtics","UTH","Jazz",2,8,4,7,0,0,3,0,0,0,6],"29200675":[76001,"0029200675","02/18/1993","BOS","Celtics","HOU","Rockets",1,6,3,12,0,0,1,1,0,1,8],"29201004":[76001,"0029201004","04/11/1993","BOS","Celtics","NYK","Knicks",0,10,4,9,0,0,1,0,1,0,3],"29200301":[76001,"0029200301","12/22/1992","BOS","Celtics","NJN","Nets",0,3,1,3,0,0,3,0,1,0,2],"29200539":[76001,"0029200539","01/29/1993","BOS","Celtics","ORL","Magic",2,2,1,2,0,0,0,0,0,0,3],"29200908":[76001,"0029200908","03/28/1993","BOS","Celtics","WAS","Bullets",3,9,4,7,0,0,4,0,1,0,3],"29200477":[76001,"0029200477","01/20/1993","BOS","Celtics","ATL","Hawks",1,8,4,7,0,0,4,0,0,0,6],"29200191":[76001,"0029200191","12/04/1992","BOS","Celtics","MIA","Heat",0,2,0,0,0,0,0,0,0,0,0],"29200883":[76001,"0029200883","03/24/1993","BOS","Celtics","MIA","Heat",1,10,5,9,0,0,3,0,0,0,4],"29200758":[76001,"0029200758","03/05/1993","BOS","Celtics","DET","Pistons",0,9,4,6,0,0,2,0,0,0,5],"29200432":[76001,"0029200432","01/13/1993","BOS","Celtics","WAS","Bullets",2,9,4,8,0,0,1,0,0,1,6],"29200705":[76001,"0029200705","02/26/1993","BOS","Celtics","ATL","Hawks",0,6,3,5,0,0,3,0,1,0,4],"29200980":[76001,"0029200980","04/08/1993","BOS","Celtics","NYK","Knicks",2,3,1,6,0,0,4,0,0,1,7],"29200739":[76001,"0029200739","03/03/1993","BOS","Celtics","SAN","Spurs",0,10,5,5,0,0,5,0,0,0,6],"29200607":[76001,"0029200607","02/09/1993","BOS","Celtics","MIL","Bucks",2,12,5,6,0,0,0,1,0,0,11],"29200929":[76001,"0029200929","03/31/1993","BOS","Celtics","PHL","76ers",0,12,6,11,0,0,2,0,0,0,2],"29200692":[76001,"0029200692","02/24/1993","BOS","Celtics","NJN","Nets",1,4,1,5,0,0,4,0,0,0,3],"29200390":[76001,"0029200390","01/06/1993","BOS","Celtics","IND","Pacers",1,6,3,11,0,0,1,0,0,0,6],"29201048":[76001,"0029201048","04/17/1993","BOS","Celtics","MIA","Heat",2,4,1,4,0,0,4,0,1,0,2],"29200803":[76001,"0029200803","03/12/1993","BOS","Celtics","MIL","Bucks",4,2,1,3,0,0,2,0,0,0,4],"29200199":[76001,"0029200199","12/05/1992","BOS","Celtics","CHI","Bulls",0,0,0,2,0,0,0,0,0,0,1],"29200007":[76001,"0029200007","11/06/1992","MIL","Bucks","DET","Pistons",0,4,2,4,0,0,4,0,0,1,5],"29200842":[76001,"0029200842","03/18/1993","BOS","Celtics","DEN","Nuggets",1,9,3,4,0,0,1,0,1,1,8],"29200108":[76001,"0029200108","11/21/1992","MIL","Bucks","IND","Pacers",0,6,3,6,0,0,2,0,2,1,3],"29200901":[76001,"0029200901","03/26/1993","BOS","Celtics","DAL","Mavericks",1,4,1,4,0,0,2,0,0,0,1],"29200124":[76001,"0029200124","11/24/1992","MIL","Bucks","CLE","Cavaliers",3,10,4,5,0,0,2,1,2,1,3],"29200354":[76001,"0029200354","12/30/1992","BOS","Celtics","LAC","Clippers",0,6,2,5,0,0,5,1,1,0,5],"29200861":[76001,"0029200861","03/21/1993","BOS","Celtics","POR","Trail Blazers",1,4,2,6,0,0,3,1,0,0,10],"29200640":[76001,"0029200640","02/13/1993","BOS","Celtics","SAN","Spurs",1,4,2,7,0,0,2,0,0,0,7],"29200625":[76001,"0029200625","02/12/1993","BOS","Celtics","DAL","Mavericks",3,24,11,15,0,0,4,0,3,0,10],"29200945":[76001,"0029200945","04/02/1993","BOS","Celtics","PHX","Suns",0,7,3,9,0,0,4,0,2,1,3],"29200234":[76001,"0029200234","12/11/1992","BOS","Celtics","SEA","SuperSonics",1,6,3,4,0,0,3,0,0,0,4],"29200961":[76001,"0029200961","04/04/1993","BOS","Celtics","CHI","Bulls",3,9,4,5,0,0,3,0,0,0,4]},"data":[25.0,12,0,13.3,2.2,4.7,0.464,0.0,0.1,0.0,1.0,1.3,0.75,1.0,2.1,3.1,0.8,0.5,0.3,1.1,2.0,5.3],"rank":{"PerGame":[181,132,145,null,140,174,null,162,165,null,71,101,91,191,179,101,130,141,162],"Totals":[199,159,176,null,244,300,null,194,202,null,82,112,100,292,244,131,154,172,182]},"team":"TOT"},"1994":{"GameList":{"29400441":[76001,"0029400441","01/13/1995","SAC","Kings","CHI","Bulls",2,10,4,6,0,0,3,0,0,0,1],"29400498":[76001,"0029400498","01/21/1995","SAC","Kings","LAC","Clippers",2,4,2,3,0,0,5,0,1,0,4],"29400591":[76001,"0029400591","02/04/1995","SAC","Kings","SAN","Spurs",2,24,12,16,0,0,3,0,1,0,4],"29400240":[76001,"0029400240","12/11/1994","SAC","Kings","POR","Trail Blazers",0,5,2,2,0,0,3,0,0,0,0],"29400847":[76001,"0029400847","03/16/1995","SAC","Kings","DEN","Nuggets",1,2,1,2,0,0,2,0,0,2,1],"29400648":[76001,"0029400648","02/16/1995","SAC","Kings","LAL","Lakers",0,9,4,9,0,0,2,1,0,1,6],"29400625":[76001,"0029400625","02/08/1995","SAC","Kings","HOU","Rockets",0,2,1,4,0,0,2,0,0,1,2],"29400800":[76001,"0029400800","03/10/1995","SAC","Kings","UTH","Jazz",4,11,5,7,0,0,3,1,1,0,1],"29400701":[76001,"0029400701","02/23/1995","SAC","Kings","NYK","Knicks",0,4,2,6,0,1,2,0,1,0,6],"29400041":[76001,"0029400041","11/10/1994","SAC","Kings","POR","Trail Blazers",0,0,0,0,0,0,0,0,0,0,0],"29400740":[76001,"0029400740","03/01/1995","SAC","Kings","MIN","Timberwolves",0,4,2,5,0,0,3,0,1,0,2],"29400459":[76001,"0029400459","01/15/1995","SAC","Kings","BOS","Celtics",0,6,3,5,0,0,0,0,0,1,2],"29400249":[76001,"0029400249","12/13/1994","SAC","Kings","GOS","Warriors",0,2,1,2,0,0,2,0,0,0,2],"29400666":[76001,"0029400666","02/18/1995","SAC","Kings","LAC","Clippers",0,2,1,4,0,0,1,0,0,1,0],"29400713":[76001,"0029400713","02/25/1995","SAC","Kings","WAS","Bullets",0,0,0,2,0,0,1,0,0,1,0],"29400363":[76001,"0029400363","12/30/1994","SAC","Kings","PHL","76ers",1,10,5,6,0,0,2,0,0,0,1],"29400472":[76001,"0029400472","01/17/1995","SAC","Kings","POR","Trail Blazers",2,0,0,4,0,0,1,0,1,1,5],"29400419":[76001,"0029400419","01/10/1995","SAC","Kings","MIN","Timberwolves",0,6,3,3,0,0,2,0,1,0,2],"29400579":[76001,"0029400579","02/02/1995","SAC","Kings","CHI","Bulls",0,4,2,3,0,0,0,0,1,0,0],"29400267":[76001,"0029400267","12/15/1994","SAC","Kings","NYK","Knicks",0,2,1,2,0,0,1,0,0,0,0],"29400169":[76001,"0029400169","11/30/1994","SAC","Kings","ORL","Magic",3,8,4,9,0,0,6,0,1,0,5],"29400204":[76001,"0029400204","12/06/1994","SAC","Kings","MIL","Bucks",2,8,4,7,0,0,3,1,1,0,3],"29400162":[76001,"0029400162","11/29/1994","SAC","Kings","MIA","Heat",2,12,6,8,0,0,4,2,0,0,6],"29400904":[76001,"0029400904","03/24/1995","PHL","76ers","BOS","Celtics",3,0,0,4,0,0,2,0,0,0,4],"29400484":[76001,"0029400484","01/19/1995","SAC","Kings","GOS","Warriors",1,7,3,3,0,0,1,1,0,0,0],"29400855":[76001,"0029400855","03/17/1995","SAC","Kings","GOS","Warriors",0,0,0,0,0,0,1,0,0,0,0],"29400979":[76001,"0029400979","04/05/1995","PHL","76ers","CHH","Hornets",2,0,0,2,0,0,0,0,0,0,2],"29400731":[76001,"0029400731","02/27/1995","SAC","Kings","ATL","Hawks",2,10,5,8,0,0,2,0,2,0,5],"29400338":[76001,"0029400338","12/27/1994","SAC","Kings","POR","Trail Blazers",1,8,4,5,0,0,3,0,0,0,2],"29400635":[76001,"0029400635","02/14/1995","SAC","Kings","BOS","Celtics",0,9,4,6,0,0,4,0,0,0,5],"29400426":[76001,"0029400426","01/11/1995","SAC","Kings","MIL","Bucks",0,4,2,2,0,0,1,0,0,0,2],"29400546":[76001,"0029400546","01/28/1995","SAC","Kings","DAL","Mavericks",0,2,1,3,0,0,0,1,0,0,1],"29400948":[76001,"0029400948","03/31/1995","PHL","76ers","POR","Trail Blazers",0,2,1,5,0,0,0,0,0,0,2],"29400831":[76001,"0029400831","03/14/1995","SAC","Kings","DAL","Mavericks",0,6,3,7,0,0,2,1,0,1,2],"29400182":[76001,"0029400182","12/02/1994","SAC","Kings","PHL","76ers",1,2,1,2,0,0,0,0,1,0,1],"29400391":[76001,"0029400391","01/05/1995","SAC","Kings","DET","Pistons",4,10,3,6,0,0,1,0,0,0,4],"29400215":[76001,"0029400215","12/08/1994","SAC","Kings","SEA","SuperSonics",1,4,1,1,0,0,1,1,0,0,0],"29400757":[76001,"0029400757","03/03/1995","SAC","Kings","LAL","Lakers",1,0,0,0,0,0,3,0,0,0,2],"29400007":[76001,"0029400007","11/04/1994","SAC","Kings","PHX","Suns",0,0,0,0,0,0,2,0,1,0,1],"29400677":[76001,"0029400677","02/20/1995","SAC","Kings","DET","Pistons",1,1,0,5,0,0,1,0,0,0,1],"29400520":[76001,"0029400520","01/24/1995","SAC","Kings","DAL","Mavericks",0,0,0,1,0,0,0,1,0,0,1],"29400504":[76001,"0029400504","01/22/1995","SAC","Kings","POR","Trail Blazers",1,4,2,3,0,0,5,0,0,0,0],"29400563":[76001,"0029400563","01/31/1995","SAC","Kings","SAN","Spurs",1,6,3,7,0,0,1,0,0,0,2],"29400820":[76001,"0029400820","03/12/1995","SAC","Kings","LAC","Clippers",0,2,1,1,0,0,1,0,0,0,0],"29400526":[76001,"0029400526","01/25/1995","SAC","Kings","UTH","Jazz",2,7,3,6,0,0,5,0,0,0,5],"29400372":[76001,"0029400372","01/03/1995","SAC","Kings","PHX","Suns",0,0,0,1,0,0,2,0,0,1,0],"29400795":[76001,"0029400795","03/09/1995","SAC","Kings","IND","Pacers",0,0,0,0,0,0,0,1,0,0,0],"29400332":[76001,"0029400332","12/26/1994","SAC","Kings","SEA","SuperSonics",1,3,1,8,0,0,1,1,0,0,6],"29400236":[76001,"0029400236","12/10/1994","SAC","Kings","GOS","Warriors",0,2,1,1,0,0,2,0,0,0,1],"29400191":[76001,"0029400191","12/03/1994","SAC","Kings","NJN","Nets",1,10,5,9,0,0,3,0,1,0,2],"29400310":[76001,"0029400310","12/22/1994","SAC","Kings","MIN","Timberwolves",1,10,4,7,0,0,2,0,0,2,2],"29400278":[76001,"0029400278","12/17/1994","SAC","Kings","PHX","Suns",0,2,1,2,0,1,3,0,0,1,2],"29400690":[76001,"0029400690","02/22/1995","SAC","Kings","CHH","Hornets",0,6,2,7,0,0,4,0,0,0,4],"29400315":[76001,"0029400315","12/23/1994","SAC","Kings","LAL","Lakers",0,4,2,4,0,0,0,0,0,0,2]},"data":[27.0,51,0,9.3,2.3,4.3,0.532,0.0,0.0,0.0,0.4,0.7,0.571,0.7,1.4,2.1,0.3,0.3,0.2,0.8,2.0,5.0],"rank":{"PerGame":[null,null,null,null,null,null,null,null,null,null,null,null,null,null,null,null,null,null,null],"Totals":[302,236,255,null,283,295,null,323,312,null,229,258,252,337,289,223,259,260,280]},"team":"TOT"}},"headerData":["PLAYER_AGE","GP","GS","MIN","FGM","FGA","FG_PCT","FG3M","FG3A","FG3_PCT","FTM","FTA","FT_PCT","OREB","DREB","REB","AST","STL","BLK","TOV","PF","PTS"],"PostSeason":{"1991":{"GameList":{"49100058":[76001,"0049100058","05/19/1992","POR","Trail Blazers","UTH","Jazz",0,0,0,0,0,0,0,0,0,1,0],"49103001":[76001,"0049103001","06/03/1992","POR","Trail Blazers","CHI","Bulls",1,1,0,1,0,0,0,0,0,0,2],"49100012":[76001,"0049100012","04/25/1992","POR","Trail Blazers","LAL","Lakers",1,4,2,4,0,0,0,0,0,1,2],"49100054":[76001,"0049100054","05/16/1992","POR","Trail Blazers","UTH","Jazz",0,2,1,1,0,0,0,0,0,0,0],"49100023":[76001,"0049100023","04/29/1992","POR","Trail Blazers","LAL","Lakers",0,0,0,0,0,0,0,0,0,0,0],"49100046":[76001,"0049100046","05/11/1992","POR","Trail Blazers","PHX","Suns",0,0,0,0,0,0,2,0,0,0,0],"49100062":[76001,"0049100062","05/24/1992","POR","Trail Blazers","UTH","Jazz",0,0,0,0,0,0,1,0,0,0,0],"49100030":[76001,"0049100030","05/03/1992","POR","Trail Blazers","LAL","Lakers",0,5,2,4,0,0,1,0,0,0,0]},"data":[24.0,8,0,3.1,0.6,1.3,0.5,0.0,0.0,0.0,0.3,0.5,0.5,0.0,0.5,0.5,0.3,0.0,0.0,0.3,0.5,1.5],"rank":{"PerGame":[null,null,null,null,null,null,null,null,null,null,null,null,null,null,null,null,null,null,null],"Totals":[151,137,141,null,77,118,null,133,118,null,151,134,143,138,155,122,135,141,147]},"team":"POR"},"1990":{"GameList":{"49000037":[76001,"0049000037","05/07/1991","POR","Trail Blazers","UTH","Jazz",0,2,1,2,0,0,0,0,0,0,0],"49000016":[76001,"0049000016","04/28/1991","POR","Trail Blazers","SEA","SuperSonics",0,0,0,0,0,0,0,0,0,0,1],"49000060":[76001,"0049000060","05/26/1991","POR","Trail Blazers","LAL","Lakers",0,2,1,3,0,0,0,0,0,0,1],"49000058":[76001,"0049000058","05/24/1991","POR","Trail Blazers","LAL","Lakers",0,0,0,0,0,0,0,0,0,0,0],"49000031":[76001,"0049000031","05/04/1991","POR","Trail Blazers","SEA","SuperSonics",0,0,0,1,0,0,0,0,0,0,1]},"data":[23.0,5,0,2.6,0.4,1.2,0.333,0.0,0.0,0.0,0.0,0.0,0.0,0.2,0.4,0.6,0.0,0.0,0.0,0.0,0.0,0.8],"rank":{"PerGame":[null,null,null,null,null,null,null,null,null,null,null,null,null,null,null,null,null,null,null],"Totals":[165,157,154,null,74,112,null,153,160,null,140,149,151,168,152,118,171,164,171]},"team":"POR"},"1992":{"GameList":{"49200009":[76001,"0049200009","05/01/1993","BOS","Celtics","CHH","Hornets",2,6,3,10,0,0,2,0,0,0,2],"49200018":[76001,"0049200018","05/03/1993","BOS","Celtics","CHH","Hornets",1,6,3,4,0,0,1,0,0,0,6],"49200002":[76001,"0049200002","04/29/1993","BOS","Celtics","CHH","Hornets",2,8,4,6,0,0,3,0,0,0,2],"49200023":[76001,"0049200023","05/05/1993","BOS","Celtics","CHH","Hornets",4,2,1,4,0,0,1,1,0,1,3]},"data":[25.0,4,4,17.0,2.8,6.0,0.458,0.0,0.0,0.0,0.0,0.0,0.0,0.5,2.8,3.3,0.3,0.0,0.3,2.3,1.8,5.5],"rank":{"PerGame":[109,null,null,null,null,null,null,null,null,null,102,59,77,126,125,64,30,96,122],"Totals":[135,117,121,null,81,114,null,152,156,null,131,101,114,149,151,86,75,123,144]},"team":"BOS"}}}}