{"info":{"FIRST_NAME":"Alando","LAST_NAME":"Tucker","WEIGHT":"","COUNTRY":"USA","SCHOOL":"Wisconsin","BIRTHDATE":"1984-02-11T00:00:00","HEIGHT":"","TO_YEAR":2009,"DLEAGUE":"Y","FROM_YEAR":2007,"TEAM":"","PERSON_ID":201169,"SEASON_EXP":3,"POSITION":"","ROSTERSTATUS":"Inactive","ALL_STAR":0,"PIE":0,"JERSEY":""},"career":{"header":["MIN","FGM","FGA","FG_PCT","FG3M","FG3A","FG3_PCT","FTM","FTA","FT_PCT","OREB","DREB","REB","AST","STL","BLK","TOV","PF","PTS"],"RegularSeason":{"PerGame":[8.4,1.5,3.6,0.423,0.2,0.7,0.294,0.9,1.2,0.783,0.6,0.4,1.0,0.3,0.1,0.0,0.4,0.4,4.1],"GS":1,"GP":51},"PostSeason":{}},"season":{"headerRank":["RANK_PG_MIN","RANK_PG_FGM","RANK_PG_FGA","RANK_FG_PCT","RANK_PG_FG3M","RANK_PG_FG3A","RANK_FG3_PCT","RANK_PG_FTM","RANK_PG_FTA","RANK_FT_PCT","RANK_PG_OREB","RANK_PG_DREB","RANK_PG_REB","RANK_PG_AST","RANK_PG_STL","RANK_PG_BLK","RANK_PG_TOV","RANK_PG_PTS","RANK_PG_EFF"],"headerGame":["PLAYER_ID","GAME_ID","GAME_DATE","TEAM_ABBREVIATION","TEAM_NAME","VS_TEAM_ABBREVIATION","VS_TEAM_NAME","TOV","PTS","FGM","FGA","FG3M","FG3A","PF","BLK","STL","AST","REB"],"RegularSeason":{"2008":{"shotchart":{"Averages":{"header":["SHOT_ZONE_BASIC","SHOT_ZONE_AREA","SHOT_ZONE_RANGE","FGA","FGM","FG_PCT"],"row":[["Above the Break 3","Back Court(BC)","Back Court Shot",112,4,0.036],["Above the Break 3","Center(C)","24+ ft.",6677,2385,0.357],["Above the Break 3","Left Side Center(LC)","24+ ft.",12232,4453,0.364],["Above the Break 3","Right Side Center(RC)","24+ ft.",12317,4465,0.363],["Backcourt","Back Court(BC)","Back Court Shot",445,10,0.022],["In The Paint (Non-RA)","Center(C)","8-16 ft.",6223,2563,0.412],["In The Paint (Non-RA)","Center(C)","Less Than 8 ft.",14898,6255,0.42],["In The Paint (Non-RA)","Left Side(L)","8-16 ft.",2042,803,0.393],["In The Paint (Non-RA)","Right Side(R)","8-16 ft.",2251,857,0.381],["Left Corner 3","Left Side(L)","24+ ft.",6748,2657,0.394],["Mid-Range","Center(C)","16-24 ft.",7773,3212,0.413],["Mid-Range","Center(C)","8-16 ft.",1680,736,0.438],["Mid-Range","Left Side Center(LC)","16-24 ft.",9716,3993,0.411],["Mid-Range","Left Side(L)","16-24 ft.",9026,3603,0.399],["Mid-Range","Left Side(L)","8-16 ft.",8777,3372,0.384],["Mid-Range","Right Side Center(RC)","16-24 ft.",10621,4397,0.414],["Mid-Range","Right Side(R)","16-24 ft.",8006,3165,0.395],["Mid-Range","Right Side(R)","8-16 ft.",8391,3208,0.382],["Restricted Area","Center(C)","Less Than 8 ft.",65152,38818,0.596],["Right Corner 3","Right Side(R)","24+ ft.",5943,2346,0.395]]},"Details":{"header":["GAME_ID","GAME_EVENT_ID","PERIOD","MINUTES_REMAINING","SECONDS_REMAINING","EVENT_TYPE","ACTION_TYPE","SHOT_TYPE","SHOT_ZONE_BASIC","SHOT_ZONE_AREA","SHOT_ZONE_RANGE","SHOT_DISTANCE","LOC_X","LOC_Y","SHOT_ATTEMPTED_FLAG","SHOT_MADE_FLAG"],"row":[["0020800539",434,4,3,40,"Made Shot","Fadeaway Jump Shot","2PT Field Goal","In The Paint (Non-RA)","Center(C)","8-16 ft.",10,-18,102,1,1],["0020800539",449,4,2,31,"Made Shot","Jump Shot","2PT Field Goal","Mid-Range","Right Side(R)","16-24 ft.",16,144,78,1,1],["0020800579",173,2,10,9,"Missed Shot","Jump Shot","2PT Field Goal","Mid-Range","Right Side(R)","16-24 ft.",16,163,26,1,0],["0020800586",152,2,7,22,"Made Shot","Layup Shot","2PT Field Goal","Restricted Area","Center(C)","Less Than 8 ft.",0,0,0,1,1],["0020800586",168,2,5,1,"Made Shot","Layup Shot","2PT Field Goal","Restricted Area","Center(C)","Less Than 8 ft.",0,0,0,1,1],["0020800610",336,4,11,18,"Missed Shot","Jump Shot","3PT Field Goal","Above the Break 3","Left Side Center(LC)","24+ ft.",25,-180,178,1,0],["0020800610",363,4,9,40,"Made Shot","Floating Jump shot","2PT Field Goal","In The Paint (Non-RA)","Center(C)","Less Than 8 ft.",4,-2,44,1,1],["0020800610",387,4,6,51,"Made Shot","Jump Bank Shot","2PT Field Goal","Mid-Range","Left Side(L)","8-16 ft.",15,-116,101,1,1],["0020800610",407,4,5,6,"Missed Shot","Jump Shot","2PT Field Goal","Mid-Range","Right Side Center(RC)","16-24 ft.",18,97,156,1,0],["0020800610",428,4,2,40,"Made Shot","Layup Shot","2PT Field Goal","Restricted Area","Center(C)","Less Than 8 ft.",0,-7,6,1,1],["0020800610",434,4,1,55,"Made Shot","Slam Dunk Shot","2PT Field Goal","Restricted Area","Center(C)","Less Than 8 ft.",1,15,6,1,1],["0020800630",445,4,5,7,"Missed Shot","Jump Shot","2PT Field Goal","In The Paint (Non-RA)","Right Side(R)","8-16 ft.",8,48,66,1,0],["0020800630",460,4,3,6,"Made Shot","Layup Shot","2PT Field Goal","Restricted Area","Center(C)","Less Than 8 ft.",0,0,0,1,1],["0020800630",464,4,2,14,"Made Shot","Jump Shot","3PT Field Goal","Above the Break 3","Left Side Center(LC)","24+ ft.",25,-199,160,1,1],["0020800630",477,4,0,35,"Missed Shot","Jump Shot","2PT Field Goal","Mid-Range","Left Side Center(LC)","16-24 ft.",19,-65,179,1,0],["0020800630",482,4,0,25,"Missed Shot","Layup Shot","2PT Field Goal","Restricted Area","Center(C)","Less Than 8 ft.",0,0,0,1,0],["0020800630",491,4,0,0,"Missed Shot","Jump Shot","3PT Field Goal","Backcourt","Back Court(BC)","Back Court Shot",56,-75,563,1,0],["0020800711",425,3,2,0,"Missed Shot","Jump Shot","3PT Field Goal","Above the Break 3","Right Side Center(RC)","24+ ft.",25,189,170,1,0],["0020800711",431,3,1,10,"Missed Shot","Jump Shot","3PT Field Goal","Left Corner 3","Left Side(L)","24+ ft.",23,-229,34,1,0],["0020800711",433,3,1,0,"Missed Shot","Layup Shot","2PT Field Goal","Restricted Area","Center(C)","Less Than 8 ft.",0,0,0,1,0],["0020800711",457,4,10,29,"Missed Shot","Jump Shot","2PT Field Goal","Mid-Range","Left Side(L)","16-24 ft.",16,-169,9,1,0],["0020800711",459,4,10,8,"Missed Shot","Jump Shot","2PT Field Goal","In The Paint (Non-RA)","Center(C)","Less Than 8 ft.",7,61,36,1,0],["0020800711",491,4,6,27,"Missed Shot","Jump Shot","2PT Field Goal","Mid-Range","Left Side(L)","16-24 ft.",20,-166,115,1,0],["0020800711",494,4,6,13,"Made Shot","Layup Shot","2PT Field Goal","Restricted Area","Center(C)","Less Than 8 ft.",0,0,0,1,1],["0020800711",521,4,3,36,"Missed Shot","Layup Shot","2PT Field Goal","Restricted Area","Center(C)","Less Than 8 ft.",0,0,0,1,0],["0020800730",517,4,0,58,"Missed Shot","Running Jump Shot","2PT Field Goal","Restricted Area","Center(C)","Less Than 8 ft.",0,0,0,1,0],["0020800761",125,2,10,54,"Missed Shot","Jump Shot","2PT Field Goal","In The Paint (Non-RA)","Center(C)","8-16 ft.",11,6,118,1,0],["0020800761",143,2,9,9,"Missed Shot","Layup Shot","2PT Field Goal","Restricted Area","Center(C)","Less Than 8 ft.",0,0,0,1,0],["0020800761",364,3,1,49,"Made Shot","Jump Shot","3PT Field Goal","Left Corner 3","Left Side(L)","24+ ft.",23,-234,-14,1,1],["0020800761",366,3,1,29,"Missed Shot","Layup Shot","2PT Field Goal","Restricted Area","Center(C)","Less Than 8 ft.",0,0,0,1,0],["0020800761",380,3,0,30,"Made Shot","Layup Shot","2PT Field Goal","Restricted Area","Center(C)","Less Than 8 ft.",0,0,0,1,1],["0020800761",396,4,10,33,"Made Shot","Dunk Shot","2PT Field Goal","Restricted Area","Center(C)","Less Than 8 ft.",0,0,0,1,1],["0020800761",442,4,6,57,"Missed Shot","Tip Shot","2PT Field Goal","Restricted Area","Center(C)","Less Than 8 ft.",0,0,0,1,0],["0020800761",477,4,4,55,"Missed Shot","Jump Shot","2PT Field Goal","In The Paint (Non-RA)","Center(C)","8-16 ft.",9,12,97,1,0],["0020800761",520,4,1,14,"Missed Shot","Layup Shot","2PT Field Goal","Restricted Area","Center(C)","Less Than 8 ft.",0,0,0,1,0],["0020800761",522,4,1,3,"Made Shot","Turnaround Jump Shot","2PT Field Goal","Mid-Range","Right Side(R)","8-16 ft.",8,83,3,1,1],["0020800774",509,4,5,18,"Missed Shot","Jump Shot","2PT Field Goal","Mid-Range","Right Side(R)","8-16 ft.",14,132,67,1,0],["0020800774",545,4,1,58,"Made Shot","Jump Shot","3PT Field Goal","Left Corner 3","Left Side(L)","24+ ft.",23,-234,48,1,1],["0020800795",103,1,0,39,"Made Shot","Jump Shot","2PT Field Goal","Mid-Range","Left Side Center(LC)","16-24 ft.",18,-112,151,1,1],["0020800795",138,2,9,47,"Missed Shot","Layup Shot","2PT Field Goal","Restricted Area","Center(C)","Less Than 8 ft.",0,0,0,1,0],["0020800795",438,4,11,1,"Missed Shot","Jump Shot","3PT Field Goal","Above the Break 3","Left Side Center(LC)","24+ ft.",25,-164,194,1,0],["0020800795",448,4,9,59,"Missed Shot","Jump Shot","2PT Field Goal","Mid-Range","Right Side Center(RC)","16-24 ft.",20,119,168,1,0],["0020800795",516,4,4,14,"Missed Shot","Jump Shot","2PT Field Goal","Mid-Range","Left Side Center(LC)","16-24 ft.",20,-166,124,1,0],["0020800795",521,4,3,51,"Missed Shot","Layup Shot","2PT Field Goal","Restricted Area","Center(C)","Less Than 8 ft.",0,0,0,1,0],["0020800795",529,4,2,44,"Missed Shot","Jump Bank Shot","2PT Field Goal","Mid-Range","Right Side(R)","8-16 ft.",10,91,47,1,0],["0020800795",537,4,1,45,"Missed Shot","Jump Shot","3PT Field Goal","Above the Break 3","Right Side Center(RC)","24+ ft.",25,218,126,1,0],["0020800795",551,4,0,44,"Made Shot","Jump Shot","2PT Field Goal","Restricted Area","Center(C)","Less Than 8 ft.",3,-21,34,1,1],["0020800808",524,4,2,25,"Missed Shot","Jump Shot","2PT Field Goal","In The Paint (Non-RA)","Center(C)","Less Than 8 ft.",6,24,56,1,0],["0020800862",43,1,6,4,"Made Shot","Driving Reverse Layup Shot","2PT Field Goal","Restricted Area","Center(C)","Less Than 8 ft.",0,0,0,1,1],["0020800862",184,2,7,59,"Missed Shot","Layup Shot","2PT Field Goal","Restricted Area","Center(C)","Less Than 8 ft.",0,0,0,1,0],["0020800862",186,2,7,55,"Made Shot","Layup Shot","2PT Field Goal","Restricted Area","Center(C)","Less Than 8 ft.",0,0,0,1,1],["0020800862",225,2,3,39,"Missed Shot","Jump Shot","3PT Field Goal","Above the Break 3","Right Side Center(RC)","24+ ft.",25,218,124,1,0],["0020800862",295,3,10,15,"Made Shot","Jump Shot","3PT Field Goal","Above the Break 3","Left Side Center(LC)","24+ ft.",25,-109,225,1,1],["0020800862",455,4,7,54,"Made Shot","Layup Shot","2PT Field Goal","Restricted Area","Center(C)","Less Than 8 ft.",0,0,0,1,1],["0020800862",463,4,6,44,"Made Shot","Jump Shot","3PT Field Goal","Above the Break 3","Right Side Center(RC)","24+ ft.",27,99,255,1,1],["0020800862",466,4,6,12,"Missed Shot","Jump Shot","2PT Field Goal","Mid-Range","Left Side Center(LC)","16-24 ft.",18,-139,115,1,0],["0020800862",485,4,4,35,"Missed Shot","Jump Shot","2PT Field Goal","In The Paint (Non-RA)","Center(C)","Less Than 8 ft.",6,-26,58,1,0],["0020800862",495,4,3,44,"Made Shot","Layup Shot","2PT Field Goal","Restricted Area","Center(C)","Less Than 8 ft.",0,0,0,1,1],["0020800862",531,4,0,26,"Made Shot","Driving Layup Shot","2PT Field Goal","Restricted Area","Center(C)","Less Than 8 ft.",0,0,0,1,1],["0020800872",76,1,4,44,"Made Shot","Jump Shot","2PT Field Goal","Mid-Range","Left Side(L)","16-24 ft.",17,-177,1,1,1],["0020800872",94,1,2,50,"Missed Shot","Jump Shot","2PT Field Goal","In The Paint (Non-RA)","Right Side(R)","8-16 ft.",8,61,61,1,0],["0020800872",166,2,11,0,"Missed Shot","Jump Shot","2PT Field Goal","Mid-Range","Right Side(R)","16-24 ft.",18,151,108,1,0],["0020800872",169,2,10,44,"Missed Shot","Layup Shot","2PT Field Goal","Restricted Area","Center(C)","Less Than 8 ft.",0,0,0,1,0],["0020800872",570,4,0,31,"Made Shot","Jump Shot","3PT Field Goal","Above the Break 3","Left Side Center(LC)","24+ ft.",24,-220,104,1,1],["0020800984",151,2,10,36,"Made Shot","Layup Shot","2PT Field Goal","Restricted Area","Center(C)","Less Than 8 ft.",0,0,0,1,1],["0020800984",369,4,10,41,"Missed Shot","Jump Shot","3PT Field Goal","Left Corner 3","Left Side(L)","24+ ft.",22,-226,12,1,0],["0020800984",402,4,8,37,"Missed Shot","Layup Shot","2PT Field Goal","Restricted Area","Center(C)","Less Than 8 ft.",0,0,0,1,0],["0020800984",408,4,8,36,"Missed Shot","Tip Shot","2PT Field Goal","Restricted Area","Center(C)","Less Than 8 ft.",0,0,0,1,0],["0020800994",526,4,5,4,"Missed Shot","Jump Shot","3PT Field Goal","Above the Break 3","Right Side Center(RC)","24+ ft.",25,159,205,1,0],["0020800994",536,4,4,13,"Made Shot","Fadeaway Jump Shot","2PT Field Goal","In The Paint (Non-RA)","Left Side(L)","8-16 ft.",8,-70,55,1,1],["0020800994",560,4,1,57,"Made Shot","Driving Layup Shot","2PT Field Goal","Restricted Area","Center(C)","Less Than 8 ft.",1,6,12,1,1],["0020801018",124,2,10,26,"Missed Shot","Layup Shot","2PT Field Goal","Restricted Area","Center(C)","Less Than 8 ft.",0,0,0,1,0],["0020801018",128,2,9,53,"Made Shot","Layup Shot","2PT Field Goal","Restricted Area","Center(C)","Less Than 8 ft.",0,0,0,1,1],["0020801018",151,2,8,41,"Missed Shot","Jump Shot","2PT Field Goal","In The Paint (Non-RA)","Center(C)","Less Than 8 ft.",7,24,72,1,0],["0020801040",462,4,5,7,"Made Shot","Jump Shot","2PT Field Goal","Mid-Range","Right Side(R)","8-16 ft.",13,135,11,1,1],["0020801040",469,4,3,50,"Made Shot","Reverse Layup Shot","2PT Field Goal","Restricted Area","Center(C)","Less Than 8 ft.",0,0,0,1,1],["0020801040",471,4,3,2,"Made Shot","Jump Shot","3PT Field Goal","Above the Break 3","Left Side Center(LC)","24+ ft.",25,-183,183,1,1],["0020801040",484,4,1,57,"Made Shot","Alley Oop Dunk Shot","2PT Field Goal","Restricted Area","Center(C)","Less Than 8 ft.",0,0,0,1,1],["0020801040",502,4,0,51,"Made Shot","Layup Shot","2PT Field Goal","Restricted Area","Center(C)","Less Than 8 ft.",0,0,0,1,1],["0020801040",514,4,0,2,"Missed Shot","Jump Shot","2PT Field Goal","Mid-Range","Left Side(L)","16-24 ft.",20,-182,102,1,0],["0020801053",155,2,9,14,"Made Shot","Jump Shot","2PT Field Goal","In The Paint (Non-RA)","Center(C)","8-16 ft.",11,53,105,1,1],["0020801053",464,4,9,20,"Made Shot","Layup Shot","2PT Field Goal","Restricted Area","Center(C)","Less Than 8 ft.",0,0,0,1,1],["0020801053",474,4,8,41,"Missed Shot","Jump Shot","2PT Field Goal","Mid-Range","Right Side(R)","16-24 ft.",16,163,-16,1,0],["0020801053",486,4,7,36,"Missed Shot","Jump Shot","2PT Field Goal","In The Paint (Non-RA)","Center(C)","Less Than 8 ft.",6,62,0,1,0],["0020801053",502,4,6,35,"Missed Shot","Running Bank shot","2PT Field Goal","Mid-Range","Left Side(L)","8-16 ft.",8,-82,37,1,0],["0020801069",148,2,9,7,"Missed Shot","Jump Shot","3PT Field Goal","Above the Break 3","Left Side Center(LC)","24+ ft.",25,-212,142,1,0],["0020801072",143,2,9,16,"Made Shot","Jump Shot","2PT Field Goal","In The Paint (Non-RA)","Center(C)","8-16 ft.",11,-23,110,1,1],["0020801072",151,2,8,30,"Missed Shot","Running Jump Shot","2PT Field Goal","In The Paint (Non-RA)","Center(C)","Less Than 8 ft.",6,-54,44,1,0],["0020801072",416,4,7,33,"Missed Shot","Jump Shot","2PT Field Goal","In The Paint (Non-RA)","Center(C)","Less Than 8 ft.",7,-68,41,1,0],["0020801072",439,4,5,10,"Missed Shot","Jump Shot","3PT Field Goal","Above the Break 3","Right Side Center(RC)","24+ ft.",24,143,195,1,0],["0020801072",447,4,3,51,"Made Shot","Driving Layup Shot","2PT Field Goal","Restricted Area","Center(C)","Less Than 8 ft.",0,0,0,1,1],["0020801072",465,4,2,18,"Missed Shot","Jump Shot","3PT Field Goal","Left Corner 3","Left Side(L)","24+ ft.",22,-228,9,1,0],["0020801072",474,4,1,54,"Made Shot","Driving Layup Shot","2PT Field Goal","Restricted Area","Center(C)","Less Than 8 ft.",0,0,0,1,1],["0020801072",486,4,0,56,"Made Shot","Jump Shot","3PT Field Goal","Left Corner 3","Left Side(L)","24+ ft.",22,-223,-5,1,1],["0020801072",489,4,0,30,"Missed Shot","Jump Shot","2PT Field Goal","In The Paint (Non-RA)","Center(C)","8-16 ft.",12,47,121,1,0],["0020801072",493,4,0,23,"Missed Shot","Driving Layup Shot","2PT Field Goal","Restricted Area","Center(C)","Less Than 8 ft.",0,0,0,1,0],["0020801089",202,2,7,25,"Missed Shot","Layup Shot","2PT Field Goal","Restricted Area","Center(C)","Less Than 8 ft.",0,0,0,1,0],["0020801099",142,2,11,30,"Missed Shot","Jump Shot","3PT Field Goal","Left Corner 3","Left Side(L)","24+ ft.",23,-232,20,1,0],["0020801099",157,2,9,27,"Missed Shot","Layup Shot","2PT Field Goal","Restricted Area","Center(C)","Less Than 8 ft.",1,9,11,1,0],["0020801119",127,2,9,18,"Missed Shot","Jump Shot","2PT Field Goal","Mid-Range","Left Side(L)","16-24 ft.",17,-169,52,1,0],["0020801132",536,4,3,17,"Missed Shot","Jump Shot","2PT Field Goal","Mid-Range","Right Side Center(RC)","16-24 ft.",18,125,143,1,0],["0020801132",554,4,2,21,"Made Shot","Jump Shot","2PT Field Goal","Mid-Range","Right Side Center(RC)","16-24 ft.",17,132,108,1,1],["0020801132",577,4,0,0,"Missed Shot","Jump Shot","2PT Field Goal","In The Paint (Non-RA)","Left Side(L)","8-16 ft.",9,-59,69,1,0],["0020801143",458,4,8,19,"Made Shot","Fadeaway Jump Shot","2PT Field Goal","In The Paint (Non-RA)","Left Side(L)","8-16 ft.",9,-67,63,1,1],["0020801143",465,4,6,58,"Missed Shot","Turnaround Jump Shot","2PT Field Goal","In The Paint (Non-RA)","Center(C)","8-16 ft.",11,26,108,1,0],["0020801143",492,4,4,59,"Made Shot","Layup Shot","2PT Field Goal","Restricted Area","Center(C)","Less Than 8 ft.",0,0,0,1,1],["0020801143",497,4,3,54,"Missed Shot","Jump Shot","3PT Field Goal","Above the Break 3","Left Side Center(LC)","24+ ft.",24,-220,105,1,0],["0020801143",530,4,1,46,"Made Shot","Layup Shot","2PT Field Goal","Restricted Area","Center(C)","Less Than 8 ft.",0,0,0,1,1],["0020801143",561,4,0,2,"Made Shot","Layup Shot","2PT Field Goal","Restricted Area","Center(C)","Less Than 8 ft.",0,0,0,1,1],["0020801181",182,2,6,20,"Missed Shot","Jump Shot","2PT Field Goal","Mid-Range","Left Side(L)","16-24 ft.",20,-202,53,1,0],["0020801181",188,2,5,29,"Missed Shot","Fadeaway Jump Shot","2PT Field Goal","In The Paint (Non-RA)","Center(C)","8-16 ft.",9,32,94,1,0],["0020801181",192,2,5,4,"Made Shot","Dunk Shot","2PT Field Goal","Restricted Area","Center(C)","Less Than 8 ft.",0,0,0,1,1],["0020801181",195,2,4,39,"Missed Shot","Layup Shot","2PT Field Goal","Restricted Area","Center(C)","Less Than 8 ft.",0,0,0,1,0],["0020801191",359,3,3,43,"Made Shot","Layup Shot","2PT Field Goal","Restricted Area","Center(C)","Less Than 8 ft.",0,0,0,1,1],["0020801191",371,3,2,47,"Made Shot","Jump Shot","2PT Field Goal","Restricted Area","Center(C)","Less Than 8 ft.",3,32,22,1,1],["0020801191",408,3,0,0,"Missed Shot","Layup Shot","2PT Field Goal","Restricted Area","Center(C)","Less Than 8 ft.",0,0,0,1,0],["0020801191",413,4,11,42,"Made Shot","Slam Dunk Shot","2PT Field Goal","Restricted Area","Center(C)","Less Than 8 ft.",0,0,0,1,1],["0020801191",421,4,10,53,"Made Shot","Driving Layup Shot","2PT Field Goal","Restricted Area","Center(C)","Less Than 8 ft.",0,0,0,1,1],["0020801191",424,4,10,17,"Missed Shot","Jump Shot","3PT Field Goal","Left Corner 3","Left Side(L)","24+ ft.",22,-223,0,1,0],["0020801191",498,4,3,33,"Missed Shot","Jump Shot","2PT Field Goal","In The Paint (Non-RA)","Center(C)","8-16 ft.",12,-18,119,1,0],["0020801191",520,4,1,10,"Missed Shot","Tip Shot","2PT Field Goal","Restricted Area","Center(C)","Less Than 8 ft.",0,0,0,1,0]]}},"GameList":{"20801089":[201169,"0020801089","03/28/2009","PHX","Suns","UTA","Jazz",0,0,0,1,0,0,0,0,0,0,1],"20800579":[201169,"0020800579","01/15/2009","PHX","Suns","DEN","Nuggets",0,0,0,1,0,0,1,0,0,1,0],"20800599":[201169,"0020800599","01/18/2009","PHX","Suns","TOR","Raptors",0,0,0,0,0,0,0,0,0,0,0],"20800984":[201169,"0020800984","03/14/2009","PHX","Suns","OKC","Thunder",0,3,1,4,0,1,2,0,0,0,1],"20800761":[201169,"0020800761","02/09/2009","PHX","Suns","PHI","76ers",2,9,4,10,1,1,2,1,0,1,3],"20801181":[201169,"0020801181","04/10/2009","PHX","Suns","MEM","Grizzlies",0,2,1,4,0,0,0,0,0,0,0],"20800620":[201169,"0020800620","01/21/2009","PHX","Suns","NYK","Knicks",1,0,0,0,0,0,0,0,0,0,0],"20800539":[201169,"0020800539","01/09/2009","PHX","Suns","DAL","Mavericks",1,4,2,2,0,0,0,0,0,0,0],"20801040":[201169,"0020801040","03/21/2009","PHX","Suns","WAS","Wizards",1,11,5,6,1,1,0,0,0,0,1],"20800829":[201169,"0020800829","02/22/2009","PHX","Suns","BOS","Celtics",1,0,0,0,0,0,0,0,0,0,0],"20800808":[201169,"0020800808","02/18/2009","PHX","Suns","LAC","Clippers",0,0,0,1,0,0,1,0,0,1,1],"20801143":[201169,"0020801143","04/05/2009","PHX","Suns","DAL","Mavericks",1,13,4,6,0,1,0,0,0,0,2],"20801072":[201169,"0020801072","03/26/2009","PHX","Suns","POR","Trail Blazers",0,9,4,10,1,3,0,0,1,0,3],"20801069":[201169,"0020801069","03/25/2009","PHX","Suns","UTA","Jazz",0,0,0,1,0,1,0,0,0,1,0],"20800994":[201169,"0020800994","03/15/2009","PHX","Suns","GSW","Warriors",0,4,2,3,0,1,1,0,0,1,0],"20800586":[201169,"0020800586","01/16/2009","PHX","Suns","MIN","Timberwolves",0,5,2,2,0,0,1,0,0,0,1],"20800774":[201169,"0020800774","02/11/2009","PHX","Suns","CLE","Cavaliers",0,3,1,2,1,1,1,0,0,0,1],"20800630":[201169,"0020800630","01/23/2009","PHX","Suns","CHA","Bobcats",0,6,2,6,1,2,0,0,0,0,1],"20800730":[201169,"0020800730","02/04/2009","PHX","Suns","GSW","Warriors",0,0,0,1,0,0,0,0,1,0,1],"20801191":[201169,"0020801191","04/11/2009","PHX","Suns","MIN","Timberwolves",0,10,4,8,0,1,0,0,0,2,2],"20800610":[201169,"0020800610","01/19/2009","PHX","Suns","BOS","Celtics",1,11,4,6,0,1,0,0,1,1,1],"20800711":[201169,"0020800711","02/02/2009","PHX","Suns","SAC","Kings",1,6,1,8,0,2,1,0,0,1,3],"20801053":[201169,"0020801053","03/23/2009","PHX","Suns","DEN","Nuggets",0,5,2,5,0,0,0,0,1,1,0],"20801099":[201169,"0020801099","03/29/2009","PHX","Suns","SAC","Kings",0,0,0,2,0,1,0,0,0,0,0],"20801119":[201169,"0020801119","04/01/2009","PHX","Suns","HOU","Rockets",0,0,0,1,0,0,0,0,0,0,0],"20801132":[201169,"0020801132","04/03/2009","PHX","Suns","SAC","Kings",0,2,1,3,0,0,0,0,0,0,1],"20800862":[201169,"0020800862","02/26/2009","PHX","Suns","LAL","Lakers",2,16,7,11,2,3,1,0,0,1,4],"20801018":[201169,"0020801018","03/18/2009","PHX","Suns","PHI","76ers",0,4,1,3,0,0,1,0,0,0,1],"20800795":[201169,"0020800795","02/17/2009","PHX","Suns","LAC","Clippers",3,8,2,9,0,2,0,0,1,1,2],"20800872":[201169,"0020800872","02/27/2009","PHX","Suns","TOR","Raptors",0,7,2,5,1,1,2,0,0,0,1]},"data":[25.0,30,1,9.4,1.7,4.0,0.43,0.3,0.8,0.348,0.9,1.1,0.788,0.6,0.4,1.0,0.4,0.2,0.0,0.5,0.5,4.6],"rank":{"PerGame":[null,null,null,null,null,null,null,null,null,null,null,null,null,null,null,null,null,null,null],"Totals":[360,332,333,null,236,244,null,312,323,null,311,405,382,361,374,393,360,335,359]},"team":"PHX"},"2009":{"shotchart":{"Averages":{"header":["SHOT_ZONE_BASIC","SHOT_ZONE_AREA","SHOT_ZONE_RANGE","FGA","FGM","FG_PCT"],"row":[["Above the Break 3","Back Court(BC)","Back Court Shot",91,1,0.011],["Above the Break 3","Center(C)","24+ ft.",7037,2377,0.338],["Above the Break 3","Left Side Center(LC)","24+ ft.",12433,4262,0.343],["Above the Break 3","Right Side Center(RC)","24+ ft.",12677,4505,0.355],["Backcourt","Back Court(BC)","Back Court Shot",475,17,0.036],["In The Paint (Non-RA)","Center(C)","8-16 ft.",6149,2509,0.408],["In The Paint (Non-RA)","Center(C)","Less Than 8 ft.",15889,6864,0.432],["In The Paint (Non-RA)","Left Side(L)","8-16 ft.",2090,848,0.406],["In The Paint (Non-RA)","Right Side(R)","8-16 ft.",2298,959,0.417],["Left Corner 3","Left Side(L)","24+ ft.",6263,2452,0.392],["Mid-Range","Center(C)","16-24 ft.",7729,3104,0.402],["Mid-Range","Center(C)","8-16 ft.",1727,734,0.425],["Mid-Range","Left Side Center(LC)","16-24 ft.",9400,3651,0.388],["Mid-Range","Left Side(L)","16-24 ft.",8682,3595,0.414],["Mid-Range","Left Side(L)","8-16 ft.",8944,3457,0.387],["Mid-Range","Right Side Center(RC)","16-24 ft.",10166,4007,0.394],["Mid-Range","Right Side(R)","16-24 ft.",7762,3234,0.417],["Mid-Range","Right Side(R)","8-16 ft.",8759,3495,0.399],["Restricted Area","Center(C)","Less Than 8 ft.",66762,40450,0.606],["Right Corner 3","Right Side(R)","24+ ft.",5633,2199,0.39]]},"Details":{"header":["GAME_ID","GAME_EVENT_ID","PERIOD","MINUTES_REMAINING","SECONDS_REMAINING","EVENT_TYPE","ACTION_TYPE","SHOT_TYPE","SHOT_ZONE_BASIC","SHOT_ZONE_AREA","SHOT_ZONE_RANGE","SHOT_DISTANCE","LOC_X","LOC_Y","SHOT_ATTEMPTED_FLAG","SHOT_MADE_FLAG"],"row":[["0020900030",552,4,1,48,"Missed Shot","Jump Shot","2PT Field Goal","In The Paint (Non-RA)","Center(C)","8-16 ft.",11,-56,101,1,0],["0020900060",493,4,4,18,"Made Shot","Jump Shot","2PT Field Goal","Mid-Range","Left Side(L)","16-24 ft.",17,-172,-8,1,1],["0020900060",504,4,2,58,"Missed Shot","Jump Shot","3PT Field Goal","Above the Break 3","Left Side Center(LC)","24+ ft.",25,-182,173,1,0],["0020900060",525,4,1,11,"Made Shot","Floating Jump shot","2PT Field Goal","In The Paint (Non-RA)","Center(C)","Less Than 8 ft.",6,-48,36,1,1],["0020900121",521,4,0,10,"Missed Shot","Jump Shot","3PT Field Goal","Right Corner 3","Right Side(R)","24+ ft.",22,225,11,1,0],["0020900123",492,4,5,48,"Missed Shot","Layup Shot","2PT Field Goal","Restricted Area","Center(C)","Less Than 8 ft.",0,0,0,1,0],["0020900123",516,4,4,2,"Made Shot","Driving Layup Shot","2PT Field Goal","Restricted Area","Center(C)","Less Than 8 ft.",0,0,0,1,1],["0020900123",529,4,2,31,"Missed Shot","Jump Shot","3PT Field Goal","Left Corner 3","Left Side(L)","24+ ft.",22,-226,-3,1,0],["0020900123",547,4,1,20,"Missed Shot","Dunk Shot","2PT Field Goal","Restricted Area","Center(C)","Less Than 8 ft.",0,0,0,1,0],["0020900123",557,4,1,2,"Missed Shot","Jump Shot","2PT Field Goal","Mid-Range","Left Side Center(LC)","16-24 ft.",18,-146,115,1,0],["0020900196",429,4,3,58,"Missed Shot","Jump Shot","2PT Field Goal","In The Paint (Non-RA)","Left Side(L)","8-16 ft.",10,-78,71,1,0],["0020900196",445,4,2,38,"Missed Shot","Jump Shot","2PT Field Goal","In The Paint (Non-RA)","Center(C)","8-16 ft.",8,-8,89,1,0],["0020900196",460,4,1,47,"Made Shot","Reverse Layup Shot","2PT Field Goal","Restricted Area","Center(C)","Less Than 8 ft.",0,0,0,1,1],["0020900196",466,4,0,53,"Made Shot","Layup Shot","2PT Field Goal","Restricted Area","Center(C)","Less Than 8 ft.",0,0,0,1,1],["0020900255",402,4,10,57,"Missed Shot","Jump Shot","2PT Field Goal","Mid-Range","Right Side(R)","16-24 ft.",20,203,-11,1,0],["0020900255",414,4,10,18,"Made Shot","Driving Layup Shot","2PT Field Goal","Restricted Area","Center(C)","Less Than 8 ft.",0,0,0,1,1],["0020900255",475,4,5,56,"Made Shot","Jump Shot","3PT Field Goal","Above the Break 3","Left Side Center(LC)","24+ ft.",24,-182,167,1,1],["0020900255",491,4,5,7,"Missed Shot","Layup Shot","2PT Field Goal","Restricted Area","Center(C)","Less Than 8 ft.",0,0,0,1,0],["0020900255",495,4,4,54,"Missed Shot","Tip Shot","2PT Field Goal","Restricted Area","Center(C)","Less Than 8 ft.",0,0,0,1,0],["0020900255",497,4,4,51,"Made Shot","Layup Shot","2PT Field Goal","Restricted Area","Center(C)","Less Than 8 ft.",0,0,0,1,1],["0020900255",544,4,0,47,"Made Shot","Layup Shot","2PT Field Goal","Restricted Area","Center(C)","Less Than 8 ft.",0,0,0,1,1],["0020900372",374,3,2,40,"Made Shot","Driving Layup Shot","2PT Field Goal","Restricted Area","Center(C)","Less Than 8 ft.",0,0,0,1,1],["0020900392",459,4,8,42,"Made Shot","Jump Shot","2PT Field Goal","Mid-Range","Right Side(R)","16-24 ft.",18,165,74,1,1],["0020900392",468,4,7,36,"Missed Shot","Jump Shot","3PT Field Goal","Above the Break 3","Left Side Center(LC)","24+ ft.",25,-212,145,1,0],["0020900392",473,4,7,12,"Made Shot","Driving Layup Shot","2PT Field Goal","Restricted Area","Center(C)","Less Than 8 ft.",0,0,0,1,1],["0020900392",506,4,3,44,"Missed Shot","Jump Shot","3PT Field Goal","Left Corner 3","Left Side(L)","24+ ft.",23,-234,52,1,0],["0020900392",515,4,3,11,"Missed Shot","Dunk Shot","2PT Field Goal","Restricted Area","Center(C)","Less Than 8 ft.",0,0,0,1,0],["0020900392",539,4,1,52,"Missed Shot","Layup Shot","2PT Field Goal","Restricted Area","Center(C)","Less Than 8 ft.",0,0,0,1,0],["0020900404",467,4,1,54,"Missed Shot","Jump Shot","3PT Field Goal","Above the Break 3","Right Side Center(RC)","24+ ft.",25,200,154,1,0],["0020900404",482,4,0,38,"Made Shot","Running Bank shot","2PT Field Goal","In The Paint (Non-RA)","Center(C)","Less Than 8 ft.",5,29,45,1,1],["0020900659",477,4,4,5,"Missed Shot","Layup Shot","2PT Field Goal","Restricted Area","Center(C)","Less Than 8 ft.",0,0,0,1,0],["0020900659",490,4,3,10,"Made Shot","Layup Shot","2PT Field Goal","Restricted Area","Center(C)","Less Than 8 ft.",0,0,0,1,1],["0020900930",92,1,1,9,"Missed Shot","Jump Shot","2PT Field Goal","In The Paint (Non-RA)","Right Side(R)","8-16 ft.",8,75,31,1,0],["0020901003",477,4,6,1,"Missed Shot","Jump Shot","2PT Field Goal","In The Paint (Non-RA)","Center(C)","Less Than 8 ft.",7,34,63,1,0],["0020901003",513,4,2,43,"Made Shot","Alley Oop Layup shot","2PT Field Goal","Restricted Area","Center(C)","Less Than 8 ft.",0,0,0,1,1],["0020901003",527,4,2,3,"Made Shot","Jump Shot","2PT Field Goal","Mid-Range","Left Side(L)","16-24 ft.",18,-158,105,1,1],["0020901003",560,4,0,0,"Missed Shot","Jump Shot","2PT Field Goal","Mid-Range","Left Side(L)","16-24 ft.",22,-187,123,1,0],["0020901013",499,4,2,15,"Made Shot","Layup Shot","2PT Field Goal","Restricted Area","Center(C)","Less Than 8 ft.",0,0,0,1,1],["0020901013",521,4,0,23,"Missed Shot","Jump Shot","2PT Field Goal","Mid-Range","Left Side(L)","16-24 ft.",20,-188,78,1,0]]}},"GameList":{"20901013":[201169,"0020901013","03/17/2010","MIN","Timberwolves","UTA","Jazz",0,2,1,2,0,0,0,0,0,0,0],"20900295":[201169,"0020900295","12/06/2009","PHX","Suns","LAL","Lakers",0,0,0,0,0,0,0,0,0,0,0],"20900930":[201169,"0020900930","03/06/2010","MIN","Timberwolves","HOU","Rockets",0,0,0,1,0,0,0,0,0,0,1],"20900404":[201169,"0020900404","12/21/2009","PHX","Suns","CLE","Cavaliers",0,2,1,2,0,1,0,0,0,0,0],"20901003":[201169,"0020901003","03/16/2010","MIN","Timberwolves","PHX","Suns",1,4,2,4,0,0,1,0,0,1,1],"20900196":[201169,"0020900196","11/22/2009","PHX","Suns","DET","Pistons",0,4,2,4,0,0,0,0,0,0,0],"20900030":[201169,"0020900030","10/30/2009","PHX","Suns","GSW","Warriors",0,0,0,1,0,0,0,0,0,0,0],"20900372":[201169,"0020900372","12/17/2009","PHX","Suns","POR","Trail Blazers",1,2,1,1,0,0,3,0,0,0,0],"20900659":[201169,"0020900659","01/26/2010","MIN","Timberwolves","NYK","Knicks",0,2,1,2,0,0,0,0,0,0,1],"20900123":[201169,"0020900123","11/12/2009","PHX","Suns","LAL","Lakers",0,7,1,5,0,1,0,0,0,0,2],"20900121":[201169,"0020900121","11/11/2009","PHX","Suns","NOH","Hornets",0,0,0,1,0,1,0,0,0,1,0],"20900060":[201169,"0020900060","11/04/2009","PHX","Suns","ORL","Magic",1,7,2,3,0,1,0,0,0,2,1],"20900392":[201169,"0020900392","12/19/2009","PHX","Suns","WAS","Wizards",1,7,2,6,0,2,1,0,0,0,1],"20900255":[201169,"0020900255","12/01/2009","PHX","Suns","NYK","Knicks",1,14,4,7,1,1,1,0,0,0,3],"20900217":[201169,"0020900217","11/25/2009","PHX","Suns","MEM","Grizzlies",0,0,0,0,0,0,0,0,0,0,0]},"data":[26.0,11,0,6.5,1.2,2.7,0.433,0.1,0.6,0.143,1.5,1.9,0.762,0.5,0.2,0.6,0.3,0.0,0.0,0.4,0.5,3.9],"rank":{"PerGame":[null,null,null,null,null,null,null,null,null,null,null,null,null,null,null,null,null,null,null],"Totals":[410,390,393,null,285,283,null,351,359,null,391,424,419,400,428,419,407,387,402]},"team":"TOT"},"2007":{"shotchart":{"Averages":{"header":["SHOT_ZONE_BASIC","SHOT_ZONE_AREA","SHOT_ZONE_RANGE","FGA","FGM","FG_PCT"],"row":[["Above the Break 3","Back Court(BC)","Back Court Shot",129,3,0.023],["Above the Break 3","Center(C)","24+ ft.",6849,2374,0.347],["Above the Break 3","Left Side Center(LC)","24+ ft.",12540,4481,0.357],["Above the Break 3","Right Side Center(RC)","24+ ft.",12323,4426,0.359],["Backcourt","Back Court(BC)","Back Court Shot",468,10,0.021],["In The Paint (Non-RA)","Center(C)","8-16 ft.",6435,2577,0.4],["In The Paint (Non-RA)","Center(C)","Less Than 8 ft.",15001,6210,0.414],["In The Paint (Non-RA)","Left Side(L)","8-16 ft.",2249,880,0.391],["In The Paint (Non-RA)","Right Side(R)","8-16 ft.",2226,918,0.412],["Left Corner 3","Left Side(L)","24+ ft.",6340,2479,0.391],["Mid-Range","Center(C)","16-24 ft.",8386,3433,0.409],["Mid-Range","Center(C)","8-16 ft.",1688,721,0.427],["Mid-Range","Left Side Center(LC)","16-24 ft.",10377,4195,0.404],["Mid-Range","Left Side(L)","16-24 ft.",9213,3787,0.411],["Mid-Range","Left Side(L)","8-16 ft.",8623,3268,0.379],["Mid-Range","Right Side Center(RC)","16-24 ft.",10936,4413,0.404],["Mid-Range","Right Side(R)","16-24 ft.",8205,3428,0.418],["Mid-Range","Right Side(R)","8-16 ft.",8558,3283,0.384],["Restricted Area","Center(C)","Less Than 8 ft.",64133,38456,0.6],["Right Corner 3","Right Side(R)","24+ ft.",5822,2327,0.4]]},"Details":{"header":["GAME_ID","GAME_EVENT_ID","PERIOD","MINUTES_REMAINING","SECONDS_REMAINING","EVENT_TYPE","ACTION_TYPE","SHOT_TYPE","SHOT_ZONE_BASIC","SHOT_ZONE_AREA","SHOT_ZONE_RANGE","SHOT_DISTANCE","LOC_X","LOC_Y","SHOT_ATTEMPTED_FLAG","SHOT_MADE_FLAG"],"row":[["0020700044",461,4,2,45,"Missed Shot","Jump Shot","2PT Field Goal","Mid-Range","Left Side(L)","16-24 ft.",17,-169,41,1,0],["0020700044",473,4,1,35,"Made Shot","Tip Shot","2PT Field Goal","Restricted Area","Center(C)","Less Than 8 ft.",0,0,0,1,1],["0020700167",380,4,11,16,"Made Shot","Jump Shot","3PT Field Goal","Above the Break 3","Right Side Center(RC)","24+ ft.",25,243,92,1,1],["0020700167",392,4,10,4,"Missed Shot","Jump Shot","2PT Field Goal","Mid-Range","Right Side(R)","16-24 ft.",19,164,110,1,0],["0020700167",420,4,7,31,"Made Shot","Jump Shot","2PT Field Goal","Mid-Range","Right Side Center(RC)","16-24 ft.",20,126,161,1,1],["0020700167",422,4,6,54,"Missed Shot","Layup Shot","2PT Field Goal","Restricted Area","Center(C)","Less Than 8 ft.",0,0,0,1,0],["0020700167",428,4,6,38,"Made Shot","Layup Shot","2PT Field Goal","Restricted Area","Center(C)","Less Than 8 ft.",0,0,0,1,1],["0020700167",431,4,6,11,"Missed Shot","Jump Shot","3PT Field Goal","Above the Break 3","Right Side Center(RC)","24+ ft.",25,190,171,1,0],["0020700167",447,4,5,8,"Missed Shot","Tip Shot","2PT Field Goal","Restricted Area","Center(C)","Less Than 8 ft.",0,0,0,1,0],["0020700167",473,4,3,13,"Missed Shot","Jump Shot","3PT Field Goal","Left Corner 3","Left Side(L)","24+ ft.",24,-237,59,1,0],["0020700167",499,4,1,19,"Made Shot","Alley Oop Layup shot","2PT Field Goal","Restricted Area","Center(C)","Less Than 8 ft.",0,0,0,1,1],["0020700167",504,4,0,18,"Missed Shot","Layup Shot","2PT Field Goal","Restricted Area","Center(C)","Less Than 8 ft.",0,0,0,1,0],["0020701229",253,3,10,34,"Made Shot","Jump Shot","2PT Field Goal","In The Paint (Non-RA)","Center(C)","8-16 ft.",14,49,133,1,1],["0020701229",256,3,10,1,"Missed Shot","Layup Shot","2PT Field Goal","Restricted Area","Center(C)","Less Than 8 ft.",0,0,0,1,0],["0020701229",263,3,9,27,"Made Shot","Dunk Shot","2PT Field Goal","Restricted Area","Center(C)","Less Than 8 ft.",0,0,0,1,1],["0020701229",285,3,6,45,"Missed Shot","Jump Shot","2PT Field Goal","Mid-Range","Right Side(R)","8-16 ft.",10,85,68,1,0],["0020701229",306,3,4,3,"Made Shot","Driving Layup Shot","2PT Field Goal","Restricted Area","Center(C)","Less Than 8 ft.",0,0,0,1,1],["0020701229",317,3,2,35,"Missed Shot","Layup Shot","2PT Field Goal","Restricted Area","Center(C)","Less Than 8 ft.",0,0,0,1,0],["0020701229",328,3,1,0,"Missed Shot","Layup Shot","2PT Field Goal","Restricted Area","Center(C)","Less Than 8 ft.",0,0,0,1,0],["0020701229",329,3,0,59,"Missed Shot","Tip Shot","2PT Field Goal","Restricted Area","Center(C)","Less Than 8 ft.",0,0,0,1,0],["0020701229",383,4,6,29,"Missed Shot","Layup Shot","2PT Field Goal","Restricted Area","Center(C)","Less Than 8 ft.",0,0,0,1,0],["0020701229",435,4,1,2,"Missed Shot","Jump Shot","3PT Field Goal","Left Corner 3","Left Side(L)","24+ ft.",23,-235,28,1,0]]}},"GameList":{"20701229":[201169,"0020701229","04/16/2008","PHX","Suns","POR","Trail Blazers",0,10,3,10,0,1,0,0,0,0,5],"20700167":[201169,"0020700167","11/21/2007","PHX","Suns","SAC","Kings",0,10,4,10,1,3,1,1,0,0,1],"20700044":[201169,"0020700044","11/06/2007","PHX","Suns","CHA","Bobcats",0,2,1,2,0,0,0,0,0,0,1],"20700498":[201169,"0020700498","01/07/2008","PHX","Suns","DEN","Nuggets",0,0,0,0,0,0,1,0,0,0,0],"20700420":[201169,"0020700420","12/27/2007","PHX","Suns","LAC","Clippers",0,0,0,0,0,0,0,0,0,0,0],"20700399":[201169,"0020700399","12/22/2007","PHX","Suns","TOR","Raptors",0,0,0,0,0,0,0,0,0,0,1]},"data":[24.0,6,0,8.0,1.3,3.7,0.364,0.2,0.7,0.25,0.8,1.0,0.833,0.7,0.7,1.3,0.0,0.0,0.2,0.0,0.3,3.7],"rank":{"PerGame":[null,null,null,null,null,null,null,null,null,null,null,null,null,null,null,null,null,null,null],"Totals":[427,416,418,null,288,302,null,399,407,null,399,434,428,437,430,388,440,415,425]},"team":"PHX"}},"headerData":["PLAYER_AGE","GP","GS","MIN","FGM","FGA","FG_PCT","FG3M","FG3A","FG3_PCT","FTM","FTA","FT_PCT","OREB","DREB","REB","AST","STL","BLK","TOV","PF","PTS"],"PostSeason":{}}}