{"info":{"FIRST_NAME":"Aleksandar","LAST_NAME":"Djordjevic","WEIGHT":"","COUNTRY":"USA","SCHOOL":null,"BIRTHDATE":"1967-08-26T00:00:00","HEIGHT":"","TO_YEAR":1996,"DLEAGUE":"N","FROM_YEAR":1996,"TEAM":"","PERSON_ID":1059,"SEASON_EXP":0,"POSITION":"","ROSTERSTATUS":"Inactive","ALL_STAR":0,"PIE":0,"JERSEY":""},"career":{"header":["MIN","FGM","FGA","FG_PCT","FG3M","FG3A","FG3_PCT","FTM","FTA","FT_PCT","OREB","DREB","REB","AST","STL","BLK","TOV","PF","PTS"],"RegularSeason":{"PerGame":[7.6,1.0,2.0,0.5,0.6,0.9,0.714,0.5,0.6,0.8,0.1,0.5,0.6,0.6,0.0,0.0,0.6,0.4,3.1],"GS":0,"GP":8},"PostSeason":{}},"season":{"headerRank":["RANK_PG_MIN","RANK_PG_FGM","RANK_PG_FGA","RANK_FG_PCT","RANK_PG_FG3M","RANK_PG_FG3A","RANK_FG3_PCT","RANK_PG_FTM","RANK_PG_FTA","RANK_FT_PCT","RANK_PG_OREB","RANK_PG_DREB","RANK_PG_REB","RANK_PG_AST","RANK_PG_STL","RANK_PG_BLK","RANK_PG_TOV","RANK_PG_PTS","RANK_PG_EFF"],"headerGame":["PLAYER_ID","GAME_ID","GAME_DATE","TEAM_ABBREVIATION","TEAM_NAME","VS_TEAM_ABBREVIATION","VS_TEAM_NAME","TOV","PTS","FGM","FGA","FG3M","FG3A","PF","BLK","STL","AST","REB"],"RegularSeason":{"1996":{"shotchart":{"Averages":{"header":["SHOT_ZONE_BASIC","SHOT_ZONE_AREA","SHOT_ZONE_RANGE","FGA","FGM","FG_PCT"],"row":[["Above the Break 3","Back Court(BC)","Back Court Shot",85,2,0.024],["Above the Break 3","Center(C)","24+ ft.",2961,1004,0.339],["Above the Break 3","Left Side Center(LC)","24+ ft.",6391,2096,0.328],["Above the Break 3","Right Side Center(RC)","24+ ft.",4938,1713,0.347],["Backcourt","Back Court(BC)","Back Court Shot",207,9,0.043],["In The Paint (Non-RA)","Center(C)","8-16 ft.",4311,1896,0.44],["In The Paint (Non-RA)","Center(C)","Less Than 8 ft.",14430,6313,0.437],["In The Paint (Non-RA)","Left Side(L)","8-16 ft.",1893,781,0.413],["In The Paint (Non-RA)","Right Side(R)","8-16 ft.",1741,714,0.41],["Left Corner 3","Left Side(L)","24+ ft.",3068,1214,0.396],["Mid-Range","Center(C)","16-24 ft.",7169,2906,0.405],["Mid-Range","Center(C)","8-16 ft.",1668,710,0.426],["Mid-Range","Left Side Center(LC)","16-24 ft.",9900,4050,0.409],["Mid-Range","Left Side(L)","16-24 ft.",9842,4158,0.422],["Mid-Range","Left Side(L)","8-16 ft.",13794,5376,0.39],["Mid-Range","Right Side Center(RC)","16-24 ft.",11226,4357,0.388],["Mid-Range","Right Side(R)","16-24 ft.",9029,3715,0.411],["Mid-Range","Right Side(R)","8-16 ft.",12668,5036,0.398],["Restricted Area","Center(C)","Less Than 8 ft.",70575,38643,0.548],["Right Corner 3","Right Side(R)","24+ ft.",2689,1079,0.401]]},"Details":{"header":["GAME_ID","GAME_EVENT_ID","PERIOD","MINUTES_REMAINING","SECONDS_REMAINING","EVENT_TYPE","ACTION_TYPE","SHOT_TYPE","SHOT_ZONE_BASIC","SHOT_ZONE_AREA","SHOT_ZONE_RANGE","SHOT_DISTANCE","LOC_X","LOC_Y","SHOT_ATTEMPTED_FLAG","SHOT_MADE_FLAG"],"row":[["0029600207",442,4,3,17,"Made Shot","Driving Layup Shot","2PT Field Goal","Restricted Area","Center(C)","Less Than 8 ft.",0,0,0,1,1],["0029600207",461,4,1,24,"Missed Shot","Jump Shot","2PT Field Goal","In The Paint (Non-RA)","Center(C)","8-16 ft.",9,12,97,1,0],["0029600220",323,3,5,6,"Made Shot","Jump Shot","3PT Field Goal","Mid-Range","Right Side Center(RC)","16-24 ft.",22,103,205,1,1],["0029600220",339,3,3,17,"Missed Shot","Jump Shot","2PT Field Goal","Mid-Range","Right Side Center(RC)","16-24 ft.",18,120,147,1,0],["0029600220",359,3,0,47,"Missed Shot","Jump Shot","2PT Field Goal","In The Paint (Non-RA)","Center(C)","8-16 ft.",15,77,134,1,0],["0029600220",491,4,0,27,"Made Shot","Jump Shot","3PT Field Goal","Mid-Range","Left Side Center(LC)","16-24 ft.",23,-96,214,1,1],["0029600246",120,2,10,28,"Missed Shot","Running Jump Shot","2PT Field Goal","In The Paint (Non-RA)","Right Side(R)","8-16 ft.",8,60,65,1,0],["0029600256",140,2,10,15,"Made Shot","Jump Shot","3PT Field Goal","Mid-Range","Right Side Center(RC)","16-24 ft.",22,129,184,1,1],["0029600256",147,2,9,50,"Made Shot","Jump Shot","2PT Field Goal","In The Paint (Non-RA)","Left Side(L)","8-16 ft.",11,-62,101,1,1],["0029600256",158,2,8,50,"Missed Shot","Driving Layup Shot","2PT Field Goal","Restricted Area","Center(C)","Less Than 8 ft.",0,0,0,1,0],["0029600285",118,2,10,36,"Missed Shot","Jump Shot","3PT Field Goal","Mid-Range","Left Side Center(LC)","16-24 ft.",22,-170,151,1,0],["0029600285",138,2,8,9,"Missed Shot","Running Jump Shot","2PT Field Goal","In The Paint (Non-RA)","Center(C)","8-16 ft.",8,-5,82,1,0],["0029600299",378,4,8,37,"Made Shot","Jump Shot","2PT Field Goal","Mid-Range","Left Side Center(LC)","16-24 ft.",21,-151,158,1,1],["0029600299",420,4,4,28,"Made Shot","Jump Shot","3PT Field Goal","Left Corner 3","Left Side(L)","24+ ft.",22,-224,10,1,1],["0029600299",446,4,2,43,"Made Shot","Jump Shot","3PT Field Goal","Mid-Range","Left Side Center(LC)","16-24 ft.",22,-122,188,1,1],["0029600321",165,2,4,21,"Missed Shot","Jump Shot","3PT Field Goal","Mid-Range","Center(C)","16-24 ft.",22,38,220,1,0]]}},"GameList":{"29600246":[1059,"0029600246","12/05/1996","POR","Trail Blazers","DEN","Nuggets",0,0,0,1,0,0,0,0,0,1,0],"29600256":[1059,"0029600256","12/06/1996","POR","Trail Blazers","CHH","Hornets",1,7,2,3,1,1,0,0,0,2,0],"29600220":[1059,"0029600220","12/01/1996","POR","Trail Blazers","GSW","Warriors",0,8,2,4,2,2,3,0,0,1,3],"29600207":[1059,"0029600207","11/29/1996","POR","Trail Blazers","GSW","Warriors",0,2,1,2,0,0,0,0,0,0,1],"29600233":[1059,"0029600233","12/03/1996","POR","Trail Blazers","IND","Pacers",2,0,0,0,0,0,0,0,0,1,0],"29600285":[1059,"0029600285","12/10/1996","POR","Trail Blazers","ORL","Magic",0,0,0,2,0,1,0,0,0,0,0],"29600299":[1059,"0029600299","12/12/1996","POR","Trail Blazers","VAN","Grizzlies",2,8,3,3,2,2,0,0,0,0,1],"29600321":[1059,"0029600321","12/15/1996","POR","Trail Blazers","HOU","Rockets",0,0,0,1,0,1,0,0,0,0,0]},"data":[29.0,8,0,7.6,1.0,2.0,0.5,0.6,0.9,0.714,0.5,0.6,0.8,0.1,0.5,0.6,0.6,0.0,0.0,0.6,0.4,3.1],"rank":{"PerGame":[null,null,null,null,null,null,null,null,null,null,null,null,null,null,null,null,null,null,null],"Totals":[407,399,409,null,226,271,null,397,403,null,420,418,423,386,427,403,398,394,405]},"team":"POR"}},"headerData":["PLAYER_AGE","GP","GS","MIN","FGM","FGA","FG_PCT","FG3M","FG3A","FG3_PCT","FTM","FTA","FT_PCT","OREB","DREB","REB","AST","STL","BLK","TOV","PF","PTS"],"PostSeason":{}}}