{"info":{"FIRST_NAME":"Aleksandar","LAST_NAME":"Radojevic","WEIGHT":"","COUNTRY":"USA","SCHOOL":"Barton Community College","BIRTHDATE":"1976-08-08T00:00:00","HEIGHT":"","TO_YEAR":2004,"DLEAGUE":"N","FROM_YEAR":1999,"TEAM":"","PERSON_ID":1893,"SEASON_EXP":1,"POSITION":"","ROSTERSTATUS":"Inactive","ALL_STAR":0,"PIE":0,"JERSEY":""},"career":{"header":["MIN","FGM","FGA","FG_PCT","FG3M","FG3A","FG3_PCT","FTM","FTA","FT_PCT","OREB","DREB","REB","AST","STL","BLK","TOV","PF","PTS"],"RegularSeason":{"PerGame":[10.1,0.5,1.7,0.308,0.0,0.0,0.0,0.7,1.1,0.625,0.7,1.7,2.4,0.5,0.1,0.2,1.3,2.5,1.7],"GS":6,"GP":15},"PostSeason":{}},"season":{"headerRank":["RANK_PG_MIN","RANK_PG_FGM","RANK_PG_FGA","RANK_FG_PCT","RANK_PG_FG3M","RANK_PG_FG3A","RANK_FG3_PCT","RANK_PG_FTM","RANK_PG_FTA","RANK_FT_PCT","RANK_PG_OREB","RANK_PG_DREB","RANK_PG_REB","RANK_PG_AST","RANK_PG_STL","RANK_PG_BLK","RANK_PG_TOV","RANK_PG_PTS","RANK_PG_EFF"],"headerGame":["PLAYER_ID","GAME_ID","GAME_DATE","TEAM_ABBREVIATION","TEAM_NAME","VS_TEAM_ABBREVIATION","VS_TEAM_NAME","TOV","PTS","FGM","FGA","FG3M","FG3A","PF","BLK","STL","AST","REB"],"RegularSeason":{"1999":{"shotchart":{"Averages":{"header":["SHOT_ZONE_BASIC","SHOT_ZONE_AREA","SHOT_ZONE_RANGE","FGA","FGM","FG_PCT"],"row":[["Above the Break 3","Back Court(BC)","Back Court Shot",125,6,0.048],["Above the Break 3","Center(C)","24+ ft.",5382,1784,0.331],["Above the Break 3","Left Side Center(LC)","24+ ft.",9320,3273,0.351],["Above the Break 3","Right Side Center(RC)","24+ ft.",9595,3380,0.352],["Backcourt","Back Court(BC)","Back Court Shot",244,7,0.029],["In The Paint (Non-RA)","Center(C)","8-16 ft.",5074,2063,0.407],["In The Paint (Non-RA)","Center(C)","Less Than 8 ft.",20928,7588,0.363],["In The Paint (Non-RA)","Left Side(L)","8-16 ft.",1818,709,0.39],["In The Paint (Non-RA)","Right Side(R)","8-16 ft.",1839,700,0.381],["Left Corner 3","Left Side(L)","24+ ft.",3897,1509,0.387],["Mid-Range","Center(C)","16-24 ft.",6057,2561,0.423],["Mid-Range","Center(C)","8-16 ft.",2126,863,0.406],["Mid-Range","Left Side Center(LC)","16-24 ft.",8559,3511,0.41],["Mid-Range","Left Side(L)","16-24 ft.",10432,4260,0.408],["Mid-Range","Left Side(L)","8-16 ft.",15902,5949,0.374],["Mid-Range","Right Side Center(RC)","16-24 ft.",8614,3574,0.415],["Mid-Range","Right Side(R)","16-24 ft.",9445,3675,0.389],["Mid-Range","Right Side(R)","8-16 ft.",13513,5085,0.376],["Restricted Area","Center(C)","Less Than 8 ft.",58423,35587,0.609],["Right Corner 3","Right Side(R)","24+ ft.",3925,1506,0.384]]},"Details":{"header":["GAME_ID","GAME_EVENT_ID","PERIOD","MINUTES_REMAINING","SECONDS_REMAINING","EVENT_TYPE","ACTION_TYPE","SHOT_TYPE","SHOT_ZONE_BASIC","SHOT_ZONE_AREA","SHOT_ZONE_RANGE","SHOT_DISTANCE","LOC_X","LOC_Y","SHOT_ATTEMPTED_FLAG","SHOT_MADE_FLAG"],"row":[["0029901167",475,4,2,26,"Missed Shot","Layup Shot","2PT Field Goal","Restricted Area","Center(C)","Less Than 8 ft.",0,0,0,1,0],["0029901167",492,4,0,39,"Missed Shot","Jump Shot","2PT Field Goal","Mid-Range","Right Side(R)","8-16 ft.",14,143,5,1,0],["0029901178",149,2,7,55,"Missed Shot","Layup Shot","2PT Field Goal","Restricted Area","Center(C)","Less Than 8 ft.",0,0,0,1,0],["0029901178",170,2,6,10,"Made Shot","Layup Shot","2PT Field Goal","Restricted Area","Center(C)","Less Than 8 ft.",0,0,0,1,1],["0029901178",338,3,3,21,"Missed Shot","Layup Shot","2PT Field Goal","Restricted Area","Center(C)","Less Than 8 ft.",0,0,0,1,0],["0029901178",339,3,3,20,"Made Shot","Tip Shot","2PT Field Goal","Restricted Area","Center(C)","Less Than 8 ft.",0,0,0,1,1],["0029901178",419,4,7,57,"Missed Shot","Jump Shot","2PT Field Goal","Mid-Range","Left Side Center(LC)","16-24 ft.",18,-113,147,1,0]]}},"GameList":{"29900006":[1893,"0029900006","11/02/1999","TOR","Raptors","BOS","Celtics",0,0,0,0,0,0,0,0,0,0,0],"29901167":[1893,"0029901167","04/18/2000","TOR","Raptors","MIA","Heat",1,1,0,2,0,0,0,0,1,0,0],"29901178":[1893,"0029901178","04/19/2000","TOR","Raptors","ORL","Magic",4,6,2,5,0,0,5,1,1,1,8]},"data":[23.0,3,0,8.0,0.7,2.3,0.286,0.0,0.0,0.0,1.0,2.0,0.5,0.7,2.0,2.7,0.3,0.7,0.3,1.7,1.7,2.3],"rank":{"PerGame":[null,null,null,null,null,null,null,null,null,null,null,null,null,null,null,null,null,null,null],"Totals":[425,423,424,null,281,355,null,403,398,null,406,411,412,419,393,369,400,421,423]},"team":"TOR"},"2004":{"shotchart":{"Averages":{"header":["SHOT_ZONE_BASIC","SHOT_ZONE_AREA","SHOT_ZONE_RANGE","FGA","FGM","FG_PCT"],"row":[["Above the Break 3","Back Court(BC)","Back Court Shot",115,2,0.017],["Above the Break 3","Center(C)","24+ ft.",5850,2027,0.346],["Above the Break 3","Left Side Center(LC)","24+ ft.",10956,3840,0.35],["Above the Break 3","Right Side Center(RC)","24+ ft.",10539,3717,0.353],["Backcourt","Back Court(BC)","Back Court Shot",363,3,0.008],["In The Paint (Non-RA)","Center(C)","8-16 ft.",5303,2099,0.396],["In The Paint (Non-RA)","Center(C)","Less Than 8 ft.",16703,6636,0.397],["In The Paint (Non-RA)","Left Side(L)","8-16 ft.",1918,787,0.41],["In The Paint (Non-RA)","Right Side(R)","8-16 ft.",1834,725,0.395],["Left Corner 3","Left Side(L)","24+ ft.",5541,2090,0.377],["Mid-Range","Center(C)","16-24 ft.",6879,2790,0.406],["Mid-Range","Center(C)","8-16 ft.",1894,817,0.431],["Mid-Range","Left Side Center(LC)","16-24 ft.",10027,4066,0.406],["Mid-Range","Left Side(L)","16-24 ft.",10301,4043,0.392],["Mid-Range","Left Side(L)","8-16 ft.",11101,4131,0.372],["Mid-Range","Right Side Center(RC)","16-24 ft.",10601,4255,0.401],["Mid-Range","Right Side(R)","16-24 ft.",8849,3516,0.397],["Mid-Range","Right Side(R)","8-16 ft.",10381,3850,0.371],["Restricted Area","Center(C)","Less Than 8 ft.",63160,36973,0.585],["Right Corner 3","Right Side(R)","24+ ft.",5307,2066,0.389]]},"Details":{"header":["GAME_ID","GAME_EVENT_ID","PERIOD","MINUTES_REMAINING","SECONDS_REMAINING","EVENT_TYPE","ACTION_TYPE","SHOT_TYPE","SHOT_ZONE_BASIC","SHOT_ZONE_AREA","SHOT_ZONE_RANGE","SHOT_DISTANCE","LOC_X","LOC_Y","SHOT_ATTEMPTED_FLAG","SHOT_MADE_FLAG"],"row":[["0020400253",396,4,6,2,"Missed Shot","Jump Shot","2PT Field Goal","In The Paint (Non-RA)","Center(C)","Less Than 8 ft.",5,43,31,1,0],["0020400325",429,4,4,47,"Made Shot","Layup Shot","2PT Field Goal","Restricted Area","Center(C)","Less Than 8 ft.",0,0,0,1,1],["0020400325",439,4,3,43,"Missed Shot","Layup Shot","2PT Field Goal","Restricted Area","Center(C)","Less Than 8 ft.",0,0,0,1,0],["0020400325",450,4,2,42,"Missed Shot","Jump Shot","2PT Field Goal","In The Paint (Non-RA)","Center(C)","Less Than 8 ft.",7,8,76,1,0],["0020400325",464,4,1,38,"Missed Shot","Layup Shot","2PT Field Goal","Restricted Area","Center(C)","Less Than 8 ft.",0,0,0,1,0],["0020400331",353,4,10,24,"Made Shot","Jump Shot","2PT Field Goal","Mid-Range","Right Side(R)","8-16 ft.",9,90,15,1,1],["0020400331",397,4,6,17,"Missed Shot","Layup Shot","2PT Field Goal","Restricted Area","Center(C)","Less Than 8 ft.",1,16,5,1,0],["0020400331",399,4,6,15,"Missed Shot","Layup Shot","2PT Field Goal","Restricted Area","Center(C)","Less Than 8 ft.",2,24,7,1,0],["0020400331",510,4,0,1,"Made Shot","Slam Dunk Shot","2PT Field Goal","Restricted Area","Center(C)","Less Than 8 ft.",0,1,0,1,1],["0020400350",119,2,8,19,"Missed Shot","Tip Shot","2PT Field Goal","Restricted Area","Center(C)","Less Than 8 ft.",0,0,0,1,0],["0020400354",236,2,2,16,"Missed Shot","Layup Shot","2PT Field Goal","Restricted Area","Center(C)","Less Than 8 ft.",0,0,0,1,0],["0020400354",237,2,2,13,"Missed Shot","Layup Shot","2PT Field Goal","Restricted Area","Center(C)","Less Than 8 ft.",0,0,0,1,0],["0020400354",260,3,11,35,"Missed Shot","Layup Shot","2PT Field Goal","Restricted Area","Center(C)","Less Than 8 ft.",0,0,0,1,0],["0020400367",16,1,10,20,"Made Shot","Turnaround Jump Shot","2PT Field Goal","In The Paint (Non-RA)","Center(C)","8-16 ft.",8,31,74,1,1],["0020400367",38,1,7,27,"Made Shot","Jump Shot","2PT Field Goal","Mid-Range","Right Side(R)","8-16 ft.",13,133,43,1,1],["0020400367",86,1,1,25,"Missed Shot","Layup Shot","2PT Field Goal","Restricted Area","Center(C)","Less Than 8 ft.",0,0,0,1,0],["0020400398",29,1,7,59,"Made Shot","Jump Shot","2PT Field Goal","Mid-Range","Center(C)","8-16 ft.",15,31,148,1,1],["0020400398",40,1,6,39,"Missed Shot","Tip Shot","2PT Field Goal","Restricted Area","Center(C)","Less Than 8 ft.",0,0,0,1,0],["0020400415",270,3,9,46,"Missed Shot","Jump Shot","2PT Field Goal","Mid-Range","Right Side(R)","8-16 ft.",15,118,100,1,0]]}},"GameList":{"20400415":[1893,"0020400415","12/29/2004","UTA","Jazz","LAC","Clippers",1,0,0,1,0,0,2,0,0,0,2],"20400350":[1893,"0020400350","12/19/2004","UTA","Jazz","NYK","Knicks",3,5,0,1,0,0,4,0,0,0,4],"20400424":[1893,"0020400424","12/31/2004","UTA","Jazz","SAC","Kings",3,0,0,0,0,0,3,0,0,0,1],"20400436":[1893,"0020400436","01/02/2005","UTA","Jazz","HOU","Rockets",0,0,0,0,0,0,0,0,0,0,0],"20400398":[1893,"0020400398","12/27/2004","UTA","Jazz","SEA","SuperSonics",0,2,1,2,0,0,3,1,0,3,2],"20400367":[1893,"0020400367","12/22/2004","UTA","Jazz","TOR","Raptors",4,4,2,3,0,0,2,0,0,0,5],"20400209":[1893,"0020400209","11/30/2004","UTA","Jazz","PHX","Suns",0,0,0,0,0,0,1,0,0,0,1],"20400253":[1893,"0020400253","12/06/2004","UTA","Jazz","MIA","Heat",2,0,0,1,0,0,6,0,0,1,4],"20400354":[1893,"0020400354","12/20/2004","UTA","Jazz","PHI","76ers",0,0,0,3,0,0,4,0,0,1,2],"20400331":[1893,"0020400331","12/17/2004","UTA","Jazz","BOS","Celtics",0,4,2,4,0,0,4,0,0,1,6],"20400325":[1893,"0020400325","12/15/2004","UTA","Jazz","PHX","Suns",1,2,1,4,0,0,3,1,0,0,1],"20400241":[1893,"0020400241","12/04/2004","UTA","Jazz","DAL","Mavericks",1,2,0,0,0,0,0,0,0,0,0]},"data":[28.0,12,6,10.7,0.5,1.6,0.316,0.0,0.0,0.0,0.6,0.8,0.7,0.8,1.6,2.3,0.5,0.0,0.2,1.3,2.7,1.6],"rank":{"PerGame":[null,null,null,null,null,null,null,null,null,null,null,null,null,null,null,null,null,null,null],"Totals":[407,432,431,null,301,384,null,396,399,null,385,394,393,404,447,376,366,430,421]},"team":"UTA"}},"headerData":["PLAYER_AGE","GP","GS","MIN","FGM","FGA","FG_PCT","FG3M","FG3A","FG3_PCT","FTM","FTA","FT_PCT","OREB","DREB","REB","AST","STL","BLK","TOV","PF","PTS"],"PostSeason":{}}}