{"info":{"FIRST_NAME":"Alex","LAST_NAME":"Garcia","WEIGHT":"","COUNTRY":"USA","SCHOOL":"Brazil","BIRTHDATE":"1980-03-04T00:00:00","HEIGHT":"","TO_YEAR":2004,"DLEAGUE":"N","FROM_YEAR":2003,"TEAM":"","PERSON_ID":2682,"SEASON_EXP":1,"POSITION":"","ROSTERSTATUS":"Inactive","ALL_STAR":0,"PIE":0,"JERSEY":""},"career":{"header":["MIN","FGM","FGA","FG_PCT","FG3M","FG3A","FG3_PCT","FTM","FTA","FT_PCT","OREB","DREB","REB","AST","STL","BLK","TOV","PF","PTS"],"RegularSeason":{"PerGame":[15.9,1.9,5.9,0.322,0.5,1.8,0.278,0.4,0.6,0.667,0.7,0.8,1.5,1.8,0.6,0.1,0.9,1.5,4.7],"GS":3,"GP":10},"PostSeason":{}},"season":{"headerRank":["RANK_PG_MIN","RANK_PG_FGM","RANK_PG_FGA","RANK_FG_PCT","RANK_PG_FG3M","RANK_PG_FG3A","RANK_FG3_PCT","RANK_PG_FTM","RANK_PG_FTA","RANK_FT_PCT","RANK_PG_OREB","RANK_PG_DREB","RANK_PG_REB","RANK_PG_AST","RANK_PG_STL","RANK_PG_BLK","RANK_PG_TOV","RANK_PG_PTS","RANK_PG_EFF"],"headerGame":["PLAYER_ID","GAME_ID","GAME_DATE","TEAM_ABBREVIATION","TEAM_NAME","VS_TEAM_ABBREVIATION","VS_TEAM_NAME","TOV","PTS","FGM","FGA","FG3M","FG3A","PF","BLK","STL","AST","REB"],"RegularSeason":{"2003":{"shotchart":{"Averages":{"header":["SHOT_ZONE_BASIC","SHOT_ZONE_AREA","SHOT_ZONE_RANGE","FGA","FGM","FG_PCT"],"row":[["Above the Break 3","Back Court(BC)","Back Court Shot",109,5,0.046],["Above the Break 3","Center(C)","24+ ft.",5386,1801,0.334],["Above the Break 3","Left Side Center(LC)","24+ ft.",10095,3479,0.345],["Above the Break 3","Right Side Center(RC)","24+ ft.",9958,3409,0.342],["Backcourt","Back Court(BC)","Back Court Shot",336,8,0.024],["In The Paint (Non-RA)","Center(C)","8-16 ft.",5626,2199,0.391],["In The Paint (Non-RA)","Center(C)","Less Than 8 ft.",17559,6728,0.383],["In The Paint (Non-RA)","Left Side(L)","8-16 ft.",2169,852,0.393],["In The Paint (Non-RA)","Right Side(R)","8-16 ft.",1981,773,0.39],["Left Corner 3","Left Side(L)","24+ ft.",5069,1919,0.379],["Mid-Range","Center(C)","16-24 ft.",6232,2360,0.379],["Mid-Range","Center(C)","8-16 ft.",1923,771,0.401],["Mid-Range","Left Side Center(LC)","16-24 ft.",8831,3465,0.392],["Mid-Range","Left Side(L)","16-24 ft.",10325,4063,0.394],["Mid-Range","Left Side(L)","8-16 ft.",11556,4314,0.373],["Mid-Range","Right Side Center(RC)","16-24 ft.",9436,3682,0.39],["Mid-Range","Right Side(R)","16-24 ft.",8619,3290,0.382],["Mid-Range","Right Side(R)","8-16 ft.",10735,3904,0.364],["Restricted Area","Center(C)","Less Than 8 ft.",59358,34542,0.582],["Right Corner 3","Right Side(R)","24+ ft.",4499,1691,0.376]]},"Details":{"header":["GAME_ID","GAME_EVENT_ID","PERIOD","MINUTES_REMAINING","SECONDS_REMAINING","EVENT_TYPE","ACTION_TYPE","SHOT_TYPE","SHOT_ZONE_BASIC","SHOT_ZONE_AREA","SHOT_ZONE_RANGE","SHOT_DISTANCE","LOC_X","LOC_Y","SHOT_ATTEMPTED_FLAG","SHOT_MADE_FLAG"],"row":[["0020300482",203,2,2,11,"Missed Shot","Driving Layup Shot","2PT Field Goal","Restricted Area","Center(C)","Less Than 8 ft.",0,0,0,1,0],["0020300482",476,4,2,27,"Missed Shot","Jump Shot","2PT Field Goal","Mid-Range","Center(C)","16-24 ft.",23,-57,227,1,0],["0020300482",487,4,1,21,"Missed Shot","Driving Layup Shot","2PT Field Goal","Restricted Area","Center(C)","Less Than 8 ft.",0,0,0,1,0],["0020300482",488,4,0,48,"Missed Shot","Driving Layup Shot","2PT Field Goal","Restricted Area","Center(C)","Less Than 8 ft.",0,0,0,1,0],["0020300489",454,4,2,56,"Missed Shot","Slam Dunk Shot","2PT Field Goal","Restricted Area","Center(C)","Less Than 8 ft.",1,13,12,1,0],["0020300489",456,4,2,43,"Made Shot","Jump Shot","2PT Field Goal","Mid-Range","Center(C)","8-16 ft.",15,74,141,1,1],["0020300489",459,4,2,5,"Missed Shot","Running Layup Shot","2PT Field Goal","In The Paint (Non-RA)","Center(C)","Less Than 8 ft.",4,40,23,1,0]]}},"GameList":{"20300482":[2682,"0020300482","01/05/2004","SAS","Spurs","DEN","Nuggets",1,0,0,4,0,0,0,0,2,0,0],"20300489":[2682,"0020300489","01/06/2004","SAS","Spurs","WAS","Wizards",0,3,1,3,0,0,0,0,0,0,0]},"data":[24.0,2,0,6.5,0.5,3.5,0.143,0.0,0.0,0.0,0.5,1.0,0.5,0.0,0.0,0.0,0.0,1.0,0.0,0.5,0.0,1.5],"rank":{"PerGame":[null,null,null,null,null,null,null,null,null,null,null,null,null,null,null,null,null,null,null],"Totals":[433,427,420,null,289,361,null,413,412,null,427,437,439,426,390,398,426,430,441]},"team":"SAS"},"2004":{"shotchart":{"Averages":{"header":["SHOT_ZONE_BASIC","SHOT_ZONE_AREA","SHOT_ZONE_RANGE","FGA","FGM","FG_PCT"],"row":[["Above the Break 3","Back Court(BC)","Back Court Shot",115,2,0.017],["Above the Break 3","Center(C)","24+ ft.",5850,2027,0.346],["Above the Break 3","Left Side Center(LC)","24+ ft.",10956,3840,0.35],["Above the Break 3","Right Side Center(RC)","24+ ft.",10539,3717,0.353],["Backcourt","Back Court(BC)","Back Court Shot",363,3,0.008],["In The Paint (Non-RA)","Center(C)","8-16 ft.",5303,2099,0.396],["In The Paint (Non-RA)","Center(C)","Less Than 8 ft.",16703,6636,0.397],["In The Paint (Non-RA)","Left Side(L)","8-16 ft.",1918,787,0.41],["In The Paint (Non-RA)","Right Side(R)","8-16 ft.",1834,725,0.395],["Left Corner 3","Left Side(L)","24+ ft.",5541,2090,0.377],["Mid-Range","Center(C)","16-24 ft.",6879,2790,0.406],["Mid-Range","Center(C)","8-16 ft.",1894,817,0.431],["Mid-Range","Left Side Center(LC)","16-24 ft.",10027,4066,0.406],["Mid-Range","Left Side(L)","16-24 ft.",10301,4043,0.392],["Mid-Range","Left Side(L)","8-16 ft.",11101,4131,0.372],["Mid-Range","Right Side Center(RC)","16-24 ft.",10601,4255,0.401],["Mid-Range","Right Side(R)","16-24 ft.",8849,3516,0.397],["Mid-Range","Right Side(R)","8-16 ft.",10381,3850,0.371],["Restricted Area","Center(C)","Less Than 8 ft.",63160,36973,0.585],["Right Corner 3","Right Side(R)","24+ ft.",5307,2066,0.389]]},"Details":{"header":["GAME_ID","GAME_EVENT_ID","PERIOD","MINUTES_REMAINING","SECONDS_REMAINING","EVENT_TYPE","ACTION_TYPE","SHOT_TYPE","SHOT_ZONE_BASIC","SHOT_ZONE_AREA","SHOT_ZONE_RANGE","SHOT_DISTANCE","LOC_X","LOC_Y","SHOT_ATTEMPTED_FLAG","SHOT_MADE_FLAG"],"row":[["0020400010",433,4,1,3,"Missed Shot","Layup Shot","2PT Field Goal","Restricted Area","Center(C)","Less Than 8 ft.",0,0,0,1,0],["0020400010",441,4,0,33,"Made Shot","Layup Shot","2PT Field Goal","Restricted Area","Center(C)","Less Than 8 ft.",0,0,0,1,1],["0020400086",128,2,8,54,"Made Shot","Layup Shot","2PT Field Goal","Restricted Area","Center(C)","Less Than 8 ft.",0,0,0,1,1],["0020400086",313,4,11,4,"Made Shot","Layup Shot","2PT Field Goal","Restricted Area","Center(C)","Less Than 8 ft.",0,0,0,1,1],["0020400086",324,4,9,57,"Missed Shot","Jump Shot","3PT Field Goal","Above the Break 3","Left Side Center(LC)","24+ ft.",23,-141,194,1,0],["0020400086",328,4,9,34,"Missed Shot","Layup Shot","2PT Field Goal","Restricted Area","Center(C)","Less Than 8 ft.",0,0,0,1,0],["0020400086",349,4,6,19,"Made Shot","Jump Shot","3PT Field Goal","Left Corner 3","Left Side(L)","24+ ft.",23,-230,-5,1,1],["0020400111",68,1,3,31,"Missed Shot","Jump Shot","2PT Field Goal","Mid-Range","Right Side Center(RC)","16-24 ft.",19,89,173,1,0],["0020400111",90,1,0,8,"Made Shot","Driving Layup Shot","2PT Field Goal","Restricted Area","Center(C)","Less Than 8 ft.",0,0,0,1,1],["0020400111",111,2,9,51,"Missed Shot","Jump Shot","2PT Field Goal","Mid-Range","Center(C)","8-16 ft.",15,-69,143,1,0],["0020400111",282,3,1,23,"Made Shot","Jump Shot","2PT Field Goal","Mid-Range","Right Side Center(RC)","16-24 ft.",23,169,161,1,1],["0020400111",320,4,7,47,"Missed Shot","Jump Shot","2PT Field Goal","Mid-Range","Center(C)","16-24 ft.",20,-5,207,1,0],["0020400238",80,1,2,28,"Missed Shot","Jump Shot","3PT Field Goal","Right Corner 3","Right Side(R)","24+ ft.",23,232,8,1,0],["0020400238",285,3,3,37,"Made Shot","Jump Shot","3PT Field Goal","Above the Break 3","Left Side Center(LC)","24+ ft.",25,-149,202,1,1],["0020400238",294,3,2,20,"Missed Shot","Layup Shot","2PT Field Goal","Restricted Area","Center(C)","Less Than 8 ft.",0,0,0,1,0],["0020400238",304,3,1,5,"Missed Shot","Jump Shot","3PT Field Goal","Above the Break 3","Right Side Center(RC)","24+ ft.",23,95,220,1,0],["0020400238",316,4,11,35,"Made Shot","Jump Shot","3PT Field Goal","Above the Break 3","Left Side Center(LC)","24+ ft.",25,-120,220,1,1],["0020400238",324,4,10,16,"Made Shot","Jump Shot","3PT Field Goal","Above the Break 3","Right Side Center(RC)","24+ ft.",24,140,204,1,1],["0020400238",346,4,7,43,"Missed Shot","Jump Shot","2PT Field Goal","Mid-Range","Left Side Center(LC)","16-24 ft.",17,-126,122,1,0],["0020400260",50,1,4,2,"Missed Shot","Jump Shot","3PT Field Goal","Right Corner 3","Right Side(R)","24+ ft.",23,230,18,1,0],["0020400260",60,1,3,23,"Missed Shot","Layup Shot","2PT Field Goal","Restricted Area","Center(C)","Less Than 8 ft.",0,0,0,1,0],["0020400260",69,1,2,35,"Missed Shot","Layup Shot","2PT Field Goal","Restricted Area","Center(C)","Less Than 8 ft.",0,0,0,1,0],["0020400260",105,2,10,18,"Missed Shot","Jump Shot","3PT Field Goal","Above the Break 3","Right Side Center(RC)","24+ ft.",24,174,173,1,0],["0020400260",310,3,1,41,"Made Shot","Layup Shot","2PT Field Goal","Restricted Area","Center(C)","Less Than 8 ft.",0,0,0,1,1],["0020400260",358,4,9,16,"Missed Shot","Fadeaway Jump Shot","2PT Field Goal","Mid-Range","Right Side Center(RC)","16-24 ft.",18,146,118,1,0],["0020400268",14,1,9,37,"Missed Shot","Jump Shot","2PT Field Goal","Mid-Range","Center(C)","16-24 ft.",20,39,206,1,0],["0020400268",31,1,7,55,"Missed Shot","Jump Shot","3PT Field Goal","Right Corner 3","Right Side(R)","24+ ft.",22,223,8,1,0],["0020400268",128,2,8,49,"Missed Shot","Jump Shot","3PT Field Goal","Left Corner 3","Left Side(L)","24+ ft.",23,-238,17,1,0],["0020400268",187,2,2,43,"Missed Shot","Layup Shot","2PT Field Goal","Restricted Area","Center(C)","Less Than 8 ft.",0,0,0,1,0],["0020400268",199,2,1,17,"Missed Shot","Jump Shot","2PT Field Goal","Mid-Range","Right Side(R)","16-24 ft.",21,182,105,1,0],["0020400268",212,3,11,17,"Made Shot","Driving Layup Shot","2PT Field Goal","Restricted Area","Center(C)","Less Than 8 ft.",0,0,0,1,1],["0020400268",221,3,9,43,"Missed Shot","Jump Shot","3PT Field Goal","Above the Break 3","Right Side Center(RC)","24+ ft.",23,171,168,1,0],["0020400278",3,1,11,43,"Missed Shot","Jump Shot","3PT Field Goal","Right Corner 3","Right Side(R)","24+ ft.",22,222,12,1,0],["0020400278",5,1,11,35,"Missed Shot","Layup Shot","2PT Field Goal","Restricted Area","Center(C)","Less Than 8 ft.",0,0,0,1,0],["0020400278",18,1,9,16,"Missed Shot","Reverse Layup Shot","2PT Field Goal","Restricted Area","Center(C)","Less Than 8 ft.",0,0,0,1,0],["0020400278",31,1,7,23,"Made Shot","Layup Shot","2PT Field Goal","Restricted Area","Center(C)","Less Than 8 ft.",0,0,0,1,1],["0020400278",128,2,7,34,"Missed Shot","Reverse Layup Shot","2PT Field Goal","Restricted Area","Center(C)","Less Than 8 ft.",0,0,0,1,0],["0020400278",136,2,6,18,"Made Shot","Jump Shot","3PT Field Goal","Above the Break 3","Left Side Center(LC)","24+ ft.",25,-169,189,1,1],["0020400278",146,2,5,42,"Missed Shot","Jump Shot","2PT Field Goal","Mid-Range","Right Side(R)","16-24 ft.",16,148,81,1,0],["0020400278",159,2,3,49,"Missed Shot","Jump Shot","3PT Field Goal","Left Corner 3","Left Side(L)","24+ ft.",24,-245,-6,1,0],["0020400278",175,2,2,35,"Missed Shot","Jump Shot","2PT Field Goal","Mid-Range","Center(C)","16-24 ft.",21,49,206,1,0],["0020400278",208,2,0,3,"Missed Shot","Jump Shot","3PT Field Goal","Above the Break 3","Right Side Center(RC)","24+ ft.",26,98,247,1,0],["0020400278",217,3,10,49,"Made Shot","Running Jump Shot","2PT Field Goal","Mid-Range","Right Side(R)","8-16 ft.",10,105,0,1,1],["0020400278",239,3,7,18,"Made Shot","Driving Layup Shot","2PT Field Goal","Restricted Area","Center(C)","Less Than 8 ft.",0,0,0,1,1],["0020400278",247,3,5,53,"Missed Shot","Running Jump Shot","2PT Field Goal","In The Paint (Non-RA)","Center(C)","Less Than 8 ft.",6,67,20,1,0],["0020400297",4,1,11,37,"Made Shot","Layup Shot","2PT Field Goal","Restricted Area","Center(C)","Less Than 8 ft.",0,1,2,1,1],["0020400297",32,1,9,2,"Missed Shot","Jump Shot","2PT Field Goal","Restricted Area","Center(C)","Less Than 8 ft.",3,39,5,1,0],["0020400297",39,1,8,4,"Made Shot","Jump Shot","2PT Field Goal","Mid-Range","Left Side(L)","16-24 ft.",17,-174,-23,1,1],["0020400297",65,1,5,13,"Missed Shot","Jump Shot","3PT Field Goal","Above the Break 3","Right Side Center(RC)","24+ ft.",25,212,148,1,0],["0020400297",171,2,6,11,"Made Shot","Driving Dunk Shot","2PT Field Goal","Restricted Area","Center(C)","Less Than 8 ft.",0,-5,0,1,1],["0020400297",173,2,5,38,"Missed Shot","Jump Shot","2PT Field Goal","In The Paint (Non-RA)","Center(C)","Less Than 8 ft.",4,-43,0,1,0],["0020400297",209,2,1,56,"Missed Shot","Jump Shot","3PT Field Goal","Above the Break 3","Center(C)","24+ ft.",24,62,242,1,0]]}},"GameList":{"20400111":[2682,"0020400111","11/17/2004","NOH","Hornets","PHX","Suns",0,4,2,5,0,0,0,1,0,2,4],"20400268":[2682,"0020400268","12/08/2004","NOH","Hornets","NYK","Knicks",0,3,1,7,0,3,3,0,0,3,3],"20400297":[2682,"0020400297","12/12/2004","NOH","Hornets","WAS","Wizards",2,6,3,7,0,2,2,0,2,0,1],"20400278":[2682,"0020400278","12/10/2004","NOH","Hornets","NJN","Nets",1,9,4,13,1,4,4,0,1,2,2],"20400260":[2682,"0020400260","12/07/2004","NOH","Hornets","HOU","Rockets",1,2,1,6,0,2,2,0,1,4,2],"20400010":[2682,"0020400010","11/03/2004","NOH","Hornets","DAL","Mavericks",1,2,1,2,0,0,0,0,0,0,1],"20400086":[2682,"0020400086","11/13/2004","NOH","Hornets","MIL","Bucks",1,7,3,5,1,2,0,0,0,4,1],"20400238":[2682,"0020400238","12/04/2004","NOH","Hornets","DET","Pistons",2,11,3,7,3,5,4,0,0,3,1]},"data":[25.0,8,3,18.3,2.3,6.5,0.346,0.6,2.3,0.278,0.4,0.5,0.75,0.9,1.0,1.9,2.3,0.5,0.1,1.0,1.9,5.5],"rank":{"PerGame":[null,null,null,null,null,null,null,null,null,null,null,null,null,null,null,null,null,null,null],"Totals":[399,386,386,null,227,233,null,422,429,null,395,421,415,350,394,399,398,390,404]},"team":"NOH"}},"headerData":["PLAYER_AGE","GP","GS","MIN","FGM","FGA","FG_PCT","FG3M","FG3A","FG3_PCT","FTM","FTA","FT_PCT","OREB","DREB","REB","AST","STL","BLK","TOV","PF","PTS"],"PostSeason":{}}}