{"info":{"FIRST_NAME":"Alex","LAST_NAME":"Abrines","WEIGHT":"190","COUNTRY":"Spain","SCHOOL":null,"BIRTHDATE":"1993-08-01T00:00:00","HEIGHT":"6-6","TO_YEAR":2016,"DLEAGUE":"N","FROM_YEAR":2016,"TEAM":"OKC","PERSON_ID":203518,"SEASON_EXP":0,"POSITION":"Guard-Forward","ROSTERSTATUS":"Active","ALL_STAR":0,"PIE":0.051,"JERSEY":"8"},"career":{"header":["MIN","FGM","FGA","FG_PCT","FG3M","FG3A","FG3_PCT","FTM","FTA","FT_PCT","OREB","DREB","REB","AST","STL","BLK","TOV","PF","PTS"],"RegularSeason":{"PerGame":[12.8,1.2,3.5,0.333,0.8,2.7,0.313,1.0,1.0,1.0,0.3,1.0,1.3,0.5,0.5,0.0,1.0,1.0,4.2],"GS":0,"GP":6},"PostSeason":{}},"season":{"headerRank":["RANK_PG_MIN","RANK_PG_FGM","RANK_PG_FGA","RANK_FG_PCT","RANK_PG_FG3M","RANK_PG_FG3A","RANK_FG3_PCT","RANK_PG_FTM","RANK_PG_FTA","RANK_FT_PCT","RANK_PG_OREB","RANK_PG_DREB","RANK_PG_REB","RANK_PG_AST","RANK_PG_STL","RANK_PG_BLK","RANK_PG_TOV","RANK_PG_PTS","RANK_PG_EFF"],"headerGame":["PLAYER_ID","GAME_ID","GAME_DATE","TEAM_ABBREVIATION","TEAM_NAME","VS_TEAM_ABBREVIATION","VS_TEAM_NAME","TOV","PTS","FGM","FGA","FG3M","FG3A","PF","BLK","STL","AST","REB"],"RegularSeason":{"2016":{"shotchart":{"Averages":{"header":["SHOT_ZONE_BASIC","SHOT_ZONE_AREA","SHOT_ZONE_RANGE","FGA","FGM","FG_PCT"],"row":[["Above the Break 3","Back Court(BC)","Back Court Shot",8,0,0.0],["Above the Break 3","Center(C)","24+ ft.",1103,370,0.335],["Above the Break 3","Left Side Center(LC)","24+ ft.",1543,514,0.333],["Above the Break 3","Right Side Center(RC)","24+ ft.",1409,494,0.351],["Backcourt","Back Court(BC)","Back Court Shot",46,0,0.0],["In The Paint (Non-RA)","Center(C)","8-16 ft.",609,250,0.411],["In The Paint (Non-RA)","Center(C)","Less Than 8 ft.",1644,663,0.403],["In The Paint (Non-RA)","Left Side(L)","8-16 ft.",167,64,0.383],["In The Paint (Non-RA)","Right Side(R)","8-16 ft.",184,64,0.348],["Left Corner 3","Left Side(L)","24+ ft.",653,254,0.389],["Mid-Range","Center(C)","8-16 ft.",183,83,0.454],["Mid-Range","Center(C)","16-24 ft.",566,209,0.369],["Mid-Range","Left Side Center(LC)","16-24 ft.",621,237,0.382],["Mid-Range","Left Side(L)","16-24 ft.",424,177,0.417],["Mid-Range","Left Side(L)","8-16 ft.",631,264,0.418],["Mid-Range","Right Side Center(RC)","16-24 ft.",658,254,0.386],["Mid-Range","Right Side(R)","16-24 ft.",406,164,0.404],["Mid-Range","Right Side(R)","8-16 ft.",595,220,0.37],["Restricted Area","Center(C)","Less Than 8 ft.",5847,3524,0.603],["Right Corner 3","Right Side(R)","24+ ft.",603,202,0.335]]},"Details":{"header":["GAME_ID","GAME_EVENT_ID","PERIOD","MINUTES_REMAINING","SECONDS_REMAINING","EVENT_TYPE","ACTION_TYPE","SHOT_TYPE","SHOT_ZONE_BASIC","SHOT_ZONE_AREA","SHOT_ZONE_RANGE","SHOT_DISTANCE","LOC_X","LOC_Y","SHOT_ATTEMPTED_FLAG","SHOT_MADE_FLAG"],"row":[["0021600011",394,3,0,54,"Missed Shot","Jump Shot","2PT Field Goal","Mid-Range","Right Side Center(RC)","16-24 ft.",21,94,188,1,0],["0021600011",448,4,8,28,"Made Shot","Jump Shot","3PT Field Goal","Above the Break 3","Left Side Center(LC)","24+ ft.",26,-160,205,1,1],["0021600040",553,4,0,34,"Made Shot","Layup Shot","2PT Field Goal","Restricted Area","Center(C)","Less Than 8 ft.",2,20,3,1,1],["0021600064",446,4,9,18,"Made Shot","Jump Shot","3PT Field Goal","Above the Break 3","Left Side Center(LC)","24+ ft.",26,-150,219,1,1],["0021600069",149,2,10,58,"Missed Shot","Jump Shot","3PT Field Goal","Above the Break 3","Center(C)","24+ ft.",26,-52,257,1,0],["0021600069",154,2,10,25,"Missed Shot","Jump Shot","3PT Field Goal","Above the Break 3","Right Side Center(RC)","24+ ft.",27,145,232,1,0],["0021600069",304,2,0,0,"Missed Shot","Jump Shot","3PT Field Goal","Backcourt","Back Court(BC)","Back Court Shot",59,-6,590,1,0],["0021600069",453,4,9,32,"Missed Shot","Jump Shot","3PT Field Goal","Left Corner 3","Left Side(L)","24+ ft.",23,-230,46,1,0],["0021600069",521,4,1,56,"Missed Shot","Jump Shot","3PT Field Goal","Above the Break 3","Left Side Center(LC)","24+ ft.",27,-178,208,1,0],["0021600069",539,4,0,18,"Made Shot","Jump Shot","3PT Field Goal","Above the Break 3","Right Side Center(RC)","24+ ft.",27,159,228,1,1],["0021600079",516,4,3,39,"Missed Shot","Floating Jump shot","2PT Field Goal","Restricted Area","Center(C)","Less Than 8 ft.",3,4,33,1,0],["0021600097",82,1,3,27,"Made Shot","Jump Shot","3PT Field Goal","Above the Break 3","Center(C)","24+ ft.",24,-50,237,1,1],["0021600097",102,1,2,22,"Made Shot","Pullup Jump shot","2PT Field Goal","Mid-Range","Left Side Center(LC)","16-24 ft.",18,-102,151,1,1],["0021600097",115,1,0,34,"Missed Shot","Jump Shot","3PT Field Goal","Above the Break 3","Center(C)","24+ ft.",25,-17,257,1,0],["0021600097",361,3,2,45,"Missed Shot","Running Layup Shot","2PT Field Goal","Restricted Area","Center(C)","Less Than 8 ft.",2,-19,11,1,0],["0021600097",382,3,0,32,"Missed Shot","Jump Shot","3PT Field Goal","Above the Break 3","Center(C)","24+ ft.",24,-56,234,1,0],["0021600097",395,4,11,49,"Missed Shot","Jump Shot","3PT Field Goal","Above the Break 3","Center(C)","24+ ft.",23,-14,239,1,0],["0021600097",416,4,9,29,"Missed Shot","Jump Shot","3PT Field Goal","Above the Break 3","Left Side Center(LC)","24+ ft.",24,-151,193,1,0],["0021600097",498,4,1,59,"Missed Shot","Jump Shot","3PT Field Goal","Above the Break 3","Center(C)","24+ ft.",25,60,247,1,0],["0021600097",519,4,0,23,"Missed Shot","Jump Shot","3PT Field Goal","Above the Break 3","Center(C)","24+ ft.",28,-12,283,1,0]]}},"GameList":{},"data":[23.0,6,0,12.8,1.2,3.5,0.333,0.8,2.7,0.313,1.0,1.0,1.0,0.3,1.0,1.3,0.5,0.5,0.0,1.0,1.0,4.2],"rank":{"PerGame":[271,274,274,null,127,127,null,154,154,null,221,282,285,259,185,243,164,255,275],"Totals":[277,290,279,null,134,137,null,170,213,null,233,299,298,281,191,276,188,268,299]},"team":"OKC"}},"headerData":["PLAYER_AGE","GP","GS","MIN","FGM","FGA","FG_PCT","FG3M","FG3A","FG3_PCT","FTM","FTA","FT_PCT","OREB","DREB","REB","AST","STL","BLK","TOV","PF","PTS"],"PostSeason":{}}}