{"info":{"FIRST_NAME":"Alexander","LAST_NAME":"Johnson","WEIGHT":"240","COUNTRY":"USA","SCHOOL":"Florida State","BIRTHDATE":"1983-02-08T00:00:00","HEIGHT":"6-9","TO_YEAR":2009,"DLEAGUE":"Y","FROM_YEAR":2006,"TEAM":"HOU","PERSON_ID":200792,"SEASON_EXP":3,"POSITION":"Forward","ROSTERSTATUS":"Active","ALL_STAR":0,"PIE":0,"JERSEY":"30"},"career":{"header":["MIN","FGM","FGA","FG_PCT","FG3M","FG3A","FG3_PCT","FTM","FTA","FT_PCT","OREB","DREB","REB","AST","STL","BLK","TOV","PF","PTS"],"RegularSeason":{"PerGame":[12.8,1.5,2.9,0.517,0.0,0.0,0.0,1.3,2.0,0.672,0.8,1.9,2.7,0.3,0.4,0.4,0.9,2.1,4.3],"GS":25,"GP":102},"PostSeason":{}},"season":{"headerRank":["RANK_PG_MIN","RANK_PG_FGM","RANK_PG_FGA","RANK_FG_PCT","RANK_PG_FG3M","RANK_PG_FG3A","RANK_FG3_PCT","RANK_PG_FTM","RANK_PG_FTA","RANK_FT_PCT","RANK_PG_OREB","RANK_PG_DREB","RANK_PG_REB","RANK_PG_AST","RANK_PG_STL","RANK_PG_BLK","RANK_PG_TOV","RANK_PG_PTS","RANK_PG_EFF"],"headerGame":["PLAYER_ID","GAME_ID","GAME_DATE","TEAM_ABBREVIATION","TEAM_NAME","VS_TEAM_ABBREVIATION","VS_TEAM_NAME","TOV","PTS","FGM","FGA","FG3M","FG3A","PF","BLK","STL","AST","REB"],"RegularSeason":{"2006":{"shotchart":{"Averages":{"header":["SHOT_ZONE_BASIC","SHOT_ZONE_AREA","SHOT_ZONE_RANGE","FGA","FGM","FG_PCT"],"row":[["Above the Break 3","Back Court(BC)","Back Court Shot",125,2,0.016],["Above the Break 3","Center(C)","24+ ft.",6301,2159,0.343],["Above the Break 3","Left Side Center(LC)","24+ ft.",11690,4127,0.353],["Above the Break 3","Right Side Center(RC)","24+ ft.",11408,4110,0.36],["Backcourt","Back Court(BC)","Back Court Shot",376,10,0.027],["In The Paint (Non-RA)","Center(C)","8-16 ft.",5347,2287,0.428],["In The Paint (Non-RA)","Center(C)","Less Than 8 ft.",16224,6700,0.413],["In The Paint (Non-RA)","Left Side(L)","8-16 ft.",1830,742,0.405],["In The Paint (Non-RA)","Right Side(R)","8-16 ft.",1812,681,0.376],["Left Corner 3","Left Side(L)","24+ ft.",6296,2420,0.384],["Mid-Range","Center(C)","16-24 ft.",7053,2804,0.398],["Mid-Range","Center(C)","8-16 ft.",1778,753,0.424],["Mid-Range","Left Side Center(LC)","16-24 ft.",9939,3929,0.395],["Mid-Range","Left Side(L)","16-24 ft.",9372,3773,0.403],["Mid-Range","Left Side(L)","8-16 ft.",9478,3607,0.381],["Mid-Range","Right Side Center(RC)","16-24 ft.",10491,4361,0.416],["Mid-Range","Right Side(R)","16-24 ft.",8162,3303,0.405],["Mid-Range","Right Side(R)","8-16 ft.",8486,3309,0.39],["Restricted Area","Center(C)","Less Than 8 ft.",64492,38707,0.6],["Right Corner 3","Right Side(R)","24+ ft.",5412,2076,0.384]]},"Details":{"header":["GAME_ID","GAME_EVENT_ID","PERIOD","MINUTES_REMAINING","SECONDS_REMAINING","EVENT_TYPE","ACTION_TYPE","SHOT_TYPE","SHOT_ZONE_BASIC","SHOT_ZONE_AREA","SHOT_ZONE_RANGE","SHOT_DISTANCE","LOC_X","LOC_Y","SHOT_ATTEMPTED_FLAG","SHOT_MADE_FLAG"],"row":[["0020600010",125,2,9,45,"Made Shot","Jump Hook Shot","2PT Field Goal","In The Paint (Non-RA)","Center(C)","Less Than 8 ft.",5,-2,53,1,1],["0020600220",447,4,0,6,"Made Shot","Layup Shot","2PT Field Goal","Restricted Area","Center(C)","Less Than 8 ft.",0,0,0,1,1],["0020600282",126,2,10,21,"Made Shot","Layup Shot","2PT Field Goal","Restricted Area","Center(C)","Less Than 8 ft.",0,0,0,1,1],["0020600282",130,2,9,45,"Missed Shot","Jump Shot","2PT Field Goal","Mid-Range","Right Side(R)","8-16 ft.",8,84,-19,1,0],["0020600282",440,4,1,3,"Made Shot","Dunk Shot","2PT Field Goal","Restricted Area","Center(C)","Less Than 8 ft.",0,0,0,1,1],["0020600321",212,2,1,12,"Made Shot","Slam Dunk Shot","2PT Field Goal","Restricted Area","Center(C)","Less Than 8 ft.",0,0,0,1,1],["0020600321",403,4,5,44,"Missed Shot","Layup Shot","2PT Field Goal","Restricted Area","Center(C)","Less Than 8 ft.",0,0,0,1,0],["0020600334",27,1,7,48,"Missed Shot","Layup Shot","2PT Field Goal","Restricted Area","Center(C)","Less Than 8 ft.",0,0,0,1,0],["0020600334",60,1,5,15,"Made Shot","Dunk Shot","2PT Field Goal","Restricted Area","Center(C)","Less Than 8 ft.",0,0,0,1,1],["0020600334",62,1,4,34,"Made Shot","Jump Shot","2PT Field Goal","Mid-Range","Left Side(L)","8-16 ft.",15,-146,56,1,1],["0020600334",83,1,1,58,"Made Shot","Dunk Shot","2PT Field Goal","Restricted Area","Center(C)","Less Than 8 ft.",0,0,0,1,1],["0020600334",97,1,0,38,"Missed Shot","Jump Shot","2PT Field Goal","Mid-Range","Left Side(L)","8-16 ft.",14,-131,69,1,0],["0020600334",281,3,5,52,"Missed Shot","Jump Shot","2PT Field Goal","In The Paint (Non-RA)","Center(C)","8-16 ft.",12,-23,122,1,0],["0020600334",314,3,2,54,"Made Shot","Dunk Shot","2PT Field Goal","Restricted Area","Center(C)","Less Than 8 ft.",0,0,0,1,1],["0020600345",13,1,9,45,"Missed Shot","Jump Shot","2PT Field Goal","In The Paint (Non-RA)","Center(C)","Less Than 8 ft.",6,52,35,1,0],["0020600345",44,1,6,31,"Made Shot","Jump Shot","2PT Field Goal","Mid-Range","Left Side(L)","8-16 ft.",14,-138,51,1,1],["0020600345",172,2,4,51,"Missed Shot","Layup Shot","2PT Field Goal","Restricted Area","Center(C)","Less Than 8 ft.",3,15,30,1,0],["0020600345",253,3,10,45,"Missed Shot","Jump Shot","2PT Field Goal","Mid-Range","Right Side(R)","8-16 ft.",14,110,92,1,0],["0020600345",262,3,9,48,"Made Shot","Alley Oop Layup shot","2PT Field Goal","Restricted Area","Center(C)","Less Than 8 ft.",0,0,0,1,1],["0020600345",405,4,5,57,"Made Shot","Driving Finger Roll Shot","2PT Field Goal","Restricted Area","Center(C)","Less Than 8 ft.",0,0,0,1,1],["0020600345",417,4,5,1,"Missed Shot","Jump Shot","2PT Field Goal","In The Paint (Non-RA)","Center(C)","Less Than 8 ft.",5,-46,31,1,0],["0020600345",427,4,4,15,"Made Shot","Hook Shot","2PT Field Goal","In The Paint (Non-RA)","Center(C)","Less Than 8 ft.",5,36,38,1,1],["0020600359",180,2,5,33,"Made Shot","Tip Shot","2PT Field Goal","Restricted Area","Center(C)","Less Than 8 ft.",0,0,0,1,1],["0020600359",204,2,3,11,"Missed Shot","Layup Shot","2PT Field Goal","Restricted Area","Center(C)","Less Than 8 ft.",0,0,0,1,0],["0020600359",205,2,3,8,"Made Shot","Layup Shot","2PT Field Goal","Restricted Area","Center(C)","Less Than 8 ft.",0,0,0,1,1],["0020600359",236,2,0,34,"Made Shot","Jump Shot","2PT Field Goal","Restricted Area","Center(C)","Less Than 8 ft.",3,13,36,1,1],["0020600359",252,3,10,17,"Missed Shot","Jump Shot","2PT Field Goal","Restricted Area","Center(C)","Less Than 8 ft.",3,39,2,1,0],["0020600359",515,5,0,27,"Made Shot","Slam Dunk Shot","2PT Field Goal","Restricted Area","Center(C)","Less Than 8 ft.",0,0,0,1,1],["0020600359",522,5,0,22,"Made Shot","Slam Dunk Shot","2PT Field Goal","Restricted Area","Center(C)","Less Than 8 ft.",0,0,0,1,1],["0020600359",560,6,2,4,"Missed Shot","Jump Shot","2PT Field Goal","Mid-Range","Left Side(L)","16-24 ft.",16,-164,-9,1,0],["0020600371",10,1,10,43,"Made Shot","Tip Shot","2PT Field Goal","Restricted Area","Center(C)","Less Than 8 ft.",2,28,7,1,1],["0020600371",29,1,8,18,"Made Shot","Turnaround Jump Shot","2PT Field Goal","In The Paint (Non-RA)","Center(C)","Less Than 8 ft.",7,67,40,1,1],["0020600371",243,3,10,50,"Made Shot","Jump Shot","2PT Field Goal","In The Paint (Non-RA)","Center(C)","Less Than 8 ft.",4,-28,31,1,1],["0020600371",394,4,3,20,"Missed Shot","Jump Shot","2PT Field Goal","Restricted Area","Center(C)","Less Than 8 ft.",3,0,35,1,0],["0020600385",186,2,4,12,"Missed Shot","Jump Shot","2PT Field Goal","Restricted Area","Center(C)","Less Than 8 ft.",3,5,35,1,0],["0020600385",531,5,0,44,"Made Shot","Layup Shot","2PT Field Goal","Restricted Area","Center(C)","Less Than 8 ft.",0,0,0,1,1],["0020600397",39,1,6,8,"Made Shot","Layup Shot","2PT Field Goal","Restricted Area","Center(C)","Less Than 8 ft.",0,0,0,1,1],["0020600404",2,1,11,42,"Made Shot","Layup Shot","2PT Field Goal","Restricted Area","Center(C)","Less Than 8 ft.",0,1,0,1,1],["0020600404",8,1,11,4,"Missed Shot","Layup Shot","2PT Field Goal","Restricted Area","Center(C)","Less Than 8 ft.",1,-11,-3,1,0],["0020600404",34,1,8,41,"Made Shot","Layup Shot","2PT Field Goal","Restricted Area","Center(C)","Less Than 8 ft.",0,1,1,1,1],["0020600404",51,1,5,48,"Made Shot","Layup Shot","2PT Field Goal","Restricted Area","Center(C)","Less Than 8 ft.",0,1,2,1,1],["0020600404",222,2,1,46,"Missed Shot","Jump Shot","2PT Field Goal","Mid-Range","Left Side(L)","8-16 ft.",13,-131,-13,1,0],["0020600404",235,2,0,52,"Made Shot","Dunk Shot","2PT Field Goal","Restricted Area","Center(C)","Less Than 8 ft.",0,1,1,1,1],["0020600404",249,3,11,22,"Missed Shot","Jump Shot","2PT Field Goal","Mid-Range","Left Side Center(LC)","16-24 ft.",20,-143,140,1,0],["0020600404",410,4,8,10,"Made Shot","Dunk Shot","2PT Field Goal","Restricted Area","Center(C)","Less Than 8 ft.",0,1,1,1,1],["0020600404",420,4,7,9,"Made Shot","Tip Shot","2PT Field Goal","Restricted Area","Center(C)","Less Than 8 ft.",0,8,0,1,1],["0020600404",441,4,5,44,"Made Shot","Layup Shot","2PT Field Goal","Restricted Area","Center(C)","Less Than 8 ft.",0,0,-1,1,1],["0020600421",5,1,11,19,"Missed Shot","Turnaround Jump Shot","2PT Field Goal","Mid-Range","Left Side(L)","8-16 ft.",10,-108,10,1,0],["0020600421",10,1,10,25,"Made Shot","Turnaround Jump Shot","2PT Field Goal","In The Paint (Non-RA)","Center(C)","8-16 ft.",8,31,74,1,1],["0020600421",32,1,6,57,"Missed Shot","Dunk Shot","2PT Field Goal","Restricted Area","Center(C)","Less Than 8 ft.",0,0,0,1,0],["0020600421",73,1,2,11,"Made Shot","Slam Dunk Shot","2PT Field Goal","Restricted Area","Center(C)","Less Than 8 ft.",0,0,0,1,1],["0020600421",75,1,1,38,"Missed Shot","Jump Shot","2PT Field Goal","Mid-Range","Left Side(L)","8-16 ft.",10,-103,20,1,0],["0020600421",372,4,9,20,"Made Shot","Tip Shot","2PT Field Goal","Restricted Area","Center(C)","Less Than 8 ft.",0,0,0,1,1],["0020600445",130,2,10,36,"Missed Shot","Jump Shot","2PT Field Goal","In The Paint (Non-RA)","Center(C)","Less Than 8 ft.",5,56,10,1,0],["0020600454",2,1,11,40,"Made Shot","Jump Shot","2PT Field Goal","In The Paint (Non-RA)","Center(C)","8-16 ft.",12,52,110,1,1],["0020600454",32,1,7,49,"Missed Shot","Jump Shot","2PT Field Goal","In The Paint (Non-RA)","Center(C)","Less Than 8 ft.",7,71,36,1,0],["0020600454",35,1,7,23,"Made Shot","Jump Shot","2PT Field Goal","Mid-Range","Left Side Center(LC)","16-24 ft.",17,-97,148,1,1],["0020600454",159,2,7,6,"Missed Shot","Fadeaway Jump Shot","2PT Field Goal","In The Paint (Non-RA)","Left Side(L)","8-16 ft.",9,-61,71,1,0],["0020600471",33,1,8,22,"Missed Shot","Layup Shot","2PT Field Goal","Restricted Area","Center(C)","Less Than 8 ft.",0,0,0,1,0],["0020600471",63,1,6,8,"Missed Shot","Dunk Shot","2PT Field Goal","Restricted Area","Center(C)","Less Than 8 ft.",0,0,0,1,0],["0020600471",191,2,8,3,"Missed Shot","Alley Oop Layup shot","2PT Field Goal","Restricted Area","Center(C)","Less Than 8 ft.",0,0,0,1,0],["0020600471",193,2,7,59,"Missed Shot","Layup Shot","2PT Field Goal","Restricted Area","Center(C)","Less Than 8 ft.",0,0,0,1,0],["0020600471",287,2,0,7,"Missed Shot","Jump Shot","2PT Field Goal","Mid-Range","Left Side Center(LC)","16-24 ft.",20,-105,179,1,0],["0020600471",318,3,8,2,"Missed Shot","Layup Shot","2PT Field Goal","Restricted Area","Center(C)","Less Than 8 ft.",0,0,0,1,0],["0020600471",320,3,7,59,"Made Shot","Layup Shot","2PT Field Goal","Restricted Area","Center(C)","Less Than 8 ft.",0,0,0,1,1],["0020600483",7,1,10,53,"Missed Shot","Layup Shot","2PT Field Goal","Restricted Area","Center(C)","Less Than 8 ft.",0,0,0,1,0],["0020600483",20,1,9,30,"Made Shot","Dunk Shot","2PT Field Goal","Restricted Area","Center(C)","Less Than 8 ft.",0,0,0,1,1],["0020600483",32,1,7,42,"Made Shot","Dunk Shot","2PT Field Goal","Restricted Area","Center(C)","Less Than 8 ft.",0,0,0,1,1],["0020600483",207,2,3,20,"Made Shot","Follow Up Dunk Shot","2PT Field Goal","Restricted Area","Center(C)","Less Than 8 ft.",0,0,0,1,1],["0020600483",381,3,0,36,"Made Shot","Jump Shot","2PT Field Goal","Restricted Area","Center(C)","Less Than 8 ft.",3,-26,28,1,1],["0020600483",404,4,9,21,"Missed Shot","Jump Shot","2PT Field Goal","Mid-Range","Right Side Center(RC)","16-24 ft.",17,80,155,1,0],["0020600500",9,1,10,6,"Missed Shot","Running Hook Shot","2PT Field Goal","In The Paint (Non-RA)","Center(C)","Less Than 8 ft.",4,39,26,1,0],["0020600500",35,1,6,28,"Missed Shot","Follow Up Dunk Shot","2PT Field Goal","Restricted Area","Center(C)","Less Than 8 ft.",0,0,0,1,0],["0020600500",167,2,6,23,"Missed Shot","Reverse Layup Shot","2PT Field Goal","Restricted Area","Center(C)","Less Than 8 ft.",0,0,0,1,0],["0020600500",183,2,4,59,"Made Shot","Jump Shot","2PT Field Goal","Mid-Range","Right Side(R)","8-16 ft.",14,141,3,1,1],["0020600500",187,2,4,30,"Made Shot","Layup Shot","2PT Field Goal","Restricted Area","Center(C)","Less Than 8 ft.",0,0,0,1,1],["0020600500",439,4,3,21,"Made Shot","Tip Shot","2PT Field Goal","Restricted Area","Center(C)","Less Than 8 ft.",0,0,0,1,1],["0020600511",10,1,10,40,"Missed Shot","Driving Layup Shot","2PT Field Goal","Restricted Area","Center(C)","Less Than 8 ft.",0,0,0,1,0],["0020600511",44,1,7,27,"Missed Shot","Layup Shot","2PT Field Goal","Restricted Area","Center(C)","Less Than 8 ft.",0,0,0,1,0],["0020600511",45,1,7,25,"Missed Shot","Tip Shot","2PT Field Goal","Restricted Area","Center(C)","Less Than 8 ft.",0,0,0,1,0],["0020600511",340,3,6,44,"Made Shot","Driving Layup Shot","2PT Field Goal","Restricted Area","Center(C)","Less Than 8 ft.",0,0,0,1,1],["0020600511",344,3,6,6,"Missed Shot","Turnaround Jump Shot","2PT Field Goal","In The Paint (Non-RA)","Center(C)","Less Than 8 ft.",4,13,45,1,0],["0020600511",349,3,5,37,"Missed Shot","Layup Shot","2PT Field Goal","Restricted Area","Center(C)","Less Than 8 ft.",0,0,0,1,0],["0020600511",351,3,5,34,"Made Shot","Tip Shot","2PT Field Goal","Restricted Area","Center(C)","Less Than 8 ft.",0,0,0,1,1],["0020600511",512,4,4,1,"Made Shot","Dunk Shot","2PT Field Goal","Restricted Area","Center(C)","Less Than 8 ft.",0,0,0,1,1],["0020600535",68,1,4,59,"Missed Shot","Jump Shot","2PT Field Goal","In The Paint (Non-RA)","Center(C)","8-16 ft.",12,-8,122,1,0],["0020600535",73,1,4,0,"Made Shot","Jump Shot","2PT Field Goal","In The Paint (Non-RA)","Center(C)","8-16 ft.",12,57,110,1,1],["0020600535",270,3,9,58,"Made Shot","Dunk Shot","2PT Field Goal","Restricted Area","Center(C)","Less Than 8 ft.",0,0,0,1,1],["0020600535",401,4,8,22,"Made Shot","Layup Shot","2PT Field Goal","Restricted Area","Center(C)","Less Than 8 ft.",0,0,0,1,1],["0020600535",413,4,6,37,"Made Shot","Jump Shot","2PT Field Goal","Mid-Range","Right Side(R)","8-16 ft.",15,149,38,1,1],["0020600535",416,4,5,54,"Made Shot","Jump Shot","2PT Field Goal","Mid-Range","Right Side(R)","8-16 ft.",11,108,31,1,1],["0020600546",205,2,5,3,"Missed Shot","Jump Shot","2PT Field Goal","Mid-Range","Center(C)","16-24 ft.",18,28,187,1,0],["0020600546",269,3,10,58,"Missed Shot","Jump Shot","2PT Field Goal","Mid-Range","Left Side(L)","8-16 ft.",15,-151,2,1,0],["0020600546",274,3,10,48,"Made Shot","Tip Shot","2PT Field Goal","Restricted Area","Center(C)","Less Than 8 ft.",0,0,0,1,1],["0020600546",298,3,8,31,"Missed Shot","Layup Shot","2PT Field Goal","Restricted Area","Center(C)","Less Than 8 ft.",0,0,0,1,0],["0020600563",118,2,11,3,"Missed Shot","Driving Layup Shot","2PT Field Goal","Restricted Area","Center(C)","Less Than 8 ft.",0,0,0,1,0],["0020600563",121,2,10,44,"Made Shot","Jump Shot","2PT Field Goal","Mid-Range","Left Side(L)","8-16 ft.",11,-100,51,1,1],["0020600563",172,2,6,0,"Made Shot","Slam Dunk Shot","2PT Field Goal","Restricted Area","Center(C)","Less Than 8 ft.",0,0,0,1,1],["0020600563",424,4,4,35,"Made Shot","Jump Shot","2PT Field Goal","In The Paint (Non-RA)","Center(C)","Less Than 8 ft.",7,-69,22,1,1],["0020600573",30,1,7,24,"Missed Shot","Turnaround Jump Shot","2PT Field Goal","Mid-Range","Left Side(L)","8-16 ft.",14,-117,92,1,0],["0020600573",34,1,7,1,"Made Shot","Jump Shot","2PT Field Goal","Mid-Range","Left Side(L)","8-16 ft.",12,-126,18,1,1],["0020600573",245,3,11,34,"Missed Shot","Turnaround Jump Shot","2PT Field Goal","Mid-Range","Right Side(R)","8-16 ft.",9,98,15,1,0],["0020600573",252,3,10,28,"Missed Shot","Jump Shot","2PT Field Goal","Mid-Range","Right Side(R)","8-16 ft.",12,125,17,1,0],["0020600573",257,3,9,42,"Missed Shot","Jump Shot","2PT Field Goal","In The Paint (Non-RA)","Right Side(R)","8-16 ft.",13,71,112,1,0],["0020600592",38,1,7,22,"Made Shot","Layup Shot","2PT Field Goal","Restricted Area","Center(C)","Less Than 8 ft.",0,0,0,1,1],["0020600592",260,3,9,17,"Made Shot","Layup Shot","2PT Field Goal","Restricted Area","Center(C)","Less Than 8 ft.",0,0,0,1,1],["0020600611",25,1,9,32,"Missed Shot","Layup Shot","2PT Field Goal","Restricted Area","Center(C)","Less Than 8 ft.",0,0,0,1,0],["0020600611",164,2,9,55,"Made Shot","Dunk Shot","2PT Field Goal","Restricted Area","Center(C)","Less Than 8 ft.",0,0,0,1,1],["0020600611",552,4,2,50,"Made Shot","Tip Shot","2PT Field Goal","Restricted Area","Center(C)","Less Than 8 ft.",0,0,0,1,1],["0020600628",23,1,9,8,"Missed Shot","Layup Shot","2PT Field Goal","Restricted Area","Center(C)","Less Than 8 ft.",0,0,0,1,0],["0020600628",35,1,7,54,"Made Shot","Dunk Shot","2PT Field Goal","Restricted Area","Center(C)","Less Than 8 ft.",0,0,0,1,1],["0020600628",168,2,7,9,"Made Shot","Jump Hook Shot","2PT Field Goal","In The Paint (Non-RA)","Center(C)","8-16 ft.",9,6,91,1,1],["0020600628",249,2,0,36,"Made Shot","Running Dunk Shot","2PT Field Goal","Restricted Area","Center(C)","Less Than 8 ft.",0,0,0,1,1],["0020600628",284,3,10,3,"Missed Shot","Jump Shot","2PT Field Goal","In The Paint (Non-RA)","Center(C)","8-16 ft.",8,-20,79,1,0],["0020600628",410,4,7,24,"Made Shot","Layup Shot","2PT Field Goal","Restricted Area","Center(C)","Less Than 8 ft.",0,0,0,1,1],["0020600640",95,1,1,43,"Made Shot","Layup Shot","2PT Field Goal","Restricted Area","Center(C)","Less Than 8 ft.",1,13,2,1,1],["0020600640",105,1,0,31,"Missed Shot","Layup Shot","2PT Field Goal","Restricted Area","Center(C)","Less Than 8 ft.",3,28,15,1,0],["0020600640",121,2,9,57,"Missed Shot","Jump Shot","2PT Field Goal","In The Paint (Non-RA)","Center(C)","Less Than 8 ft.",4,-2,45,1,0],["0020600640",282,3,3,19,"Missed Shot","Jump Shot","2PT Field Goal","Restricted Area","Center(C)","Less Than 8 ft.",3,21,31,1,0],["0020600640",403,4,3,46,"Missed Shot","Jump Shot","2PT Field Goal","Mid-Range","Right Side(R)","8-16 ft.",12,105,76,1,0],["0020600648",206,2,1,39,"Made Shot","Layup Shot","2PT Field Goal","Restricted Area","Center(C)","Less Than 8 ft.",0,0,0,1,1],["0020600648",350,3,0,3,"Made Shot","Tip Shot","2PT Field Goal","Restricted Area","Center(C)","Less Than 8 ft.",0,0,0,1,1],["0020600680",295,3,6,7,"Made Shot","Jump Shot","2PT Field Goal","Mid-Range","Left Side(L)","8-16 ft.",13,-131,5,1,1],["0020600723",394,4,5,20,"Made Shot","Layup Shot","2PT Field Goal","Restricted Area","Center(C)","Less Than 8 ft.",0,0,0,1,1],["0020600723",427,4,0,33,"Missed Shot","Jump Shot","2PT Field Goal","Mid-Range","Left Side(L)","8-16 ft.",13,-117,64,1,0],["0020600733",70,1,3,43,"Missed Shot","Layup Shot","2PT Field Goal","Restricted Area","Center(C)","Less Than 8 ft.",0,0,0,1,0],["0020600733",72,1,3,40,"Made Shot","Slam Dunk Shot","2PT Field Goal","Restricted Area","Center(C)","Less Than 8 ft.",0,0,0,1,1],["0020600733",80,1,3,15,"Made Shot","Slam Dunk Shot","2PT Field Goal","Restricted Area","Center(C)","Less Than 8 ft.",0,0,0,1,1],["0020600733",220,2,3,2,"Missed Shot","Jump Shot","2PT Field Goal","In The Paint (Non-RA)","Right Side(R)","8-16 ft.",8,59,66,1,0],["0020600733",236,2,2,1,"Made Shot","Reverse Layup Shot","2PT Field Goal","Restricted Area","Center(C)","Less Than 8 ft.",0,0,0,1,1],["0020600733",376,3,2,37,"Missed Shot","Jump Shot","2PT Field Goal","Mid-Range","Right Side(R)","8-16 ft.",13,130,46,1,0],["0020600733",431,4,9,5,"Missed Shot","Layup Shot","2PT Field Goal","Restricted Area","Center(C)","Less Than 8 ft.",0,0,0,1,0],["0020600745",97,1,0,45,"Missed Shot","Layup Shot","2PT Field Goal","Restricted Area","Center(C)","Less Than 8 ft.",0,0,0,1,0],["0020600745",100,1,0,22,"Made Shot","Layup Shot","2PT Field Goal","Restricted Area","Center(C)","Less Than 8 ft.",0,0,0,1,1],["0020600745",310,3,0,33,"Missed Shot","Jump Shot","2PT Field Goal","Mid-Range","Center(C)","16-24 ft.",17,-3,173,1,0],["0020600751",285,3,7,32,"Missed Shot","Jump Shot","2PT Field Goal","Restricted Area","Center(C)","Less Than 8 ft.",2,17,24,1,0],["0020600771",336,3,6,46,"Missed Shot","Layup Shot","2PT Field Goal","Restricted Area","Center(C)","Less Than 8 ft.",0,0,0,1,0],["0020600779",355,3,0,38,"Missed Shot","Layup Shot","2PT Field Goal","Restricted Area","Center(C)","Less Than 8 ft.",2,1,20,1,0],["0020600779",359,3,0,21,"Missed Shot","Layup Shot","2PT Field Goal","Restricted Area","Center(C)","Less Than 8 ft.",2,8,28,1,0],["0020600798",112,1,2,29,"Made Shot","Jump Shot","2PT Field Goal","In The Paint (Non-RA)","Center(C)","8-16 ft.",13,21,130,1,1],["0020600798",260,2,1,59,"Missed Shot","Layup Shot","2PT Field Goal","Restricted Area","Center(C)","Less Than 8 ft.",0,0,0,1,0],["0020600810",229,2,2,22,"Made Shot","Slam Dunk Shot","2PT Field Goal","Restricted Area","Center(C)","Less Than 8 ft.",0,0,0,1,1],["0020600858",460,4,1,10,"Made Shot","Layup Shot","2PT Field Goal","Restricted Area","Center(C)","Less Than 8 ft.",0,0,0,1,1],["0020601034",312,3,5,57,"Missed Shot","Jump Shot","2PT Field Goal","In The Paint (Non-RA)","Right Side(R)","8-16 ft.",11,71,94,1,0],["0020601052",85,1,2,40,"Made Shot","Dunk Shot","2PT Field Goal","Restricted Area","Center(C)","Less Than 8 ft.",0,0,0,1,1],["0020601052",95,1,1,48,"Made Shot","Layup Shot","2PT Field Goal","Restricted Area","Center(C)","Less Than 8 ft.",0,0,0,1,1],["0020601052",97,1,1,19,"Missed Shot","Jump Shot","2PT Field Goal","Mid-Range","Right Side Center(RC)","16-24 ft.",16,51,155,1,0],["0020601052",287,3,3,41,"Made Shot","Slam Dunk Shot","2PT Field Goal","Restricted Area","Center(C)","Less Than 8 ft.",0,0,0,1,1],["0020601052",383,4,5,3,"Made Shot","Dunk Shot","2PT Field Goal","Restricted Area","Center(C)","Less Than 8 ft.",0,0,0,1,1],["0020601057",205,2,3,42,"Made Shot","Layup Shot","2PT Field Goal","Restricted Area","Center(C)","Less Than 8 ft.",0,0,0,1,1],["0020601070",83,1,3,54,"Missed Shot","Layup Shot","2PT Field Goal","Restricted Area","Center(C)","Less Than 8 ft.",0,0,0,1,0],["0020601070",109,1,1,15,"Missed Shot","Hook Shot","2PT Field Goal","In The Paint (Non-RA)","Center(C)","Less Than 8 ft.",4,0,46,1,0],["0020601103",65,1,5,1,"Missed Shot","Driving Layup Shot","2PT Field Goal","Restricted Area","Center(C)","Less Than 8 ft.",0,0,0,1,0],["0020601103",66,1,4,59,"Made Shot","Tip Shot","2PT Field Goal","Restricted Area","Center(C)","Less Than 8 ft.",0,0,0,1,1],["0020601134",64,1,5,40,"Missed Shot","Jump Shot","2PT Field Goal","Mid-Range","Right Side Center(RC)","16-24 ft.",17,130,122,1,0],["0020601134",78,1,4,14,"Made Shot","Driving Layup Shot","2PT Field Goal","Restricted Area","Center(C)","Less Than 8 ft.",0,0,0,1,1],["0020601189",83,1,4,30,"Made Shot","Jump Shot","2PT Field Goal","In The Paint (Non-RA)","Center(C)","Less Than 8 ft.",5,-34,45,1,1],["0020601189",239,2,3,26,"Missed Shot","Fadeaway Jump Shot","2PT Field Goal","Mid-Range","Right Side(R)","8-16 ft.",9,97,13,1,0],["0020601189",368,3,1,11,"Made Shot","Layup Shot","2PT Field Goal","Restricted Area","Center(C)","Less Than 8 ft.",0,0,0,1,1],["0020601189",388,4,11,10,"Missed Shot","Jump Shot","2PT Field Goal","Mid-Range","Right Side(R)","8-16 ft.",13,126,58,1,0],["0020601206",301,3,3,5,"Made Shot","Driving Layup Shot","2PT Field Goal","Restricted Area","Center(C)","Less Than 8 ft.",0,0,0,1,1],["0020601206",341,4,10,20,"Made Shot","Jump Shot","2PT Field Goal","In The Paint (Non-RA)","Center(C)","Less Than 8 ft.",6,-51,36,1,1],["0020601225",125,2,10,35,"Missed Shot","Layup Shot","2PT Field Goal","Restricted Area","Center(C)","Less Than 8 ft.",0,0,0,1,0],["0020601225",191,2,4,12,"Made Shot","Slam Dunk Shot","2PT Field Goal","Restricted Area","Center(C)","Less Than 8 ft.",0,0,0,1,1],["0020601225",216,2,1,39,"Made Shot","Slam Dunk Shot","2PT Field Goal","Restricted Area","Center(C)","Less Than 8 ft.",0,0,0,1,1],["0020601225",316,3,3,10,"Missed Shot","Jump Shot","2PT Field Goal","Mid-Range","Left Side Center(LC)","16-24 ft.",20,-99,183,1,0],["0020601225",367,4,10,33,"Made Shot","Layup Shot","2PT Field Goal","Restricted Area","Center(C)","Less Than 8 ft.",0,0,0,1,1],["0020601225",473,4,0,43,"Missed Shot","Jump Shot","2PT Field Goal","In The Paint (Non-RA)","Center(C)","Less Than 8 ft.",7,-44,66,1,0],["0020601225",476,4,0,18,"Made Shot","Jump Shot","2PT Field Goal","Mid-Range","Right Side(R)","8-16 ft.",14,149,10,1,1]]}},"GameList":{"20600842":[200792,"0020600842","02/26/2007","MEM","Grizzlies","DEN","Nuggets",1,0,0,0,0,0,0,0,0,0,1],"20600771":[200792,"0020600771","02/13/2007","MEM","Grizzlies","NOK","Hornets",0,0,0,1,0,0,4,0,0,0,1],"20601070":[200792,"0020601070","03/29/2007","MEM","Grizzlies","POR","Trail Blazers",0,0,0,2,0,0,1,0,0,0,1],"20600445":[200792,"0020600445","12/30/2006","MEM","Grizzlies","TOR","Raptors",2,0,0,1,0,0,2,0,0,0,0],"20600592":[200792,"0020600592","01/20/2007","MEM","Grizzlies","LAC","Clippers",0,4,2,2,0,0,4,2,0,1,6],"20600190":[200792,"0020600190","11/25/2006","MEM","Grizzlies","HOU","Rockets",0,0,0,0,0,0,0,0,0,0,0],"20600334":[200792,"0020600334","12/15/2006","MEM","Grizzlies","ATL","Hawks",3,15,4,7,0,0,3,1,2,1,4],"20601093":[200792,"0020601093","04/01/2007","MEM","Grizzlies","GSW","Warriors",0,0,0,0,0,0,0,0,0,0,0],"20600359":[200792,"0020600359","12/18/2006","MEM","Grizzlies","SEA","SuperSonics",1,13,5,8,0,0,4,3,3,0,8],"20601161":[200792,"0020601161","04/10/2007","MEM","Grizzlies","SAC","Kings",1,0,0,0,0,0,1,1,0,0,3],"20601001":[200792,"0020601001","03/20/2007","MEM","Grizzlies","NOK","Hornets",0,0,0,0,0,0,0,0,1,0,0],"20600321":[200792,"0020600321","12/13/2006","MEM","Grizzlies","POR","Trail Blazers",1,6,1,2,0,0,6,1,0,1,7],"20600779":[200792,"0020600779","02/14/2007","MEM","Grizzlies","IND","Pacers",1,0,0,2,0,0,2,0,0,0,1],"20600628":[200792,"0020600628","01/24/2007","MEM","Grizzlies","UTA","Jazz",2,12,4,6,0,0,6,3,3,0,2],"20601103":[200792,"0020601103","04/03/2007","MEM","Grizzlies","PHX","Suns",1,4,1,2,0,0,1,0,0,0,1],"20600371":[200792,"0020600371","12/20/2006","MEM","Grizzlies","SAS","Spurs",1,9,3,4,0,0,6,0,0,0,4],"20600798":[200792,"0020600798","02/20/2007","MEM","Grizzlies","SEA","SuperSonics",1,3,1,2,0,0,1,1,0,0,0],"20600500":[200792,"0020600500","01/07/2007","MEM","Grizzlies","SAS","Spurs",1,10,3,6,0,0,3,2,3,0,7],"20601206":[200792,"0020601206","04/16/2007","MEM","Grizzlies","SAS","Spurs",1,4,2,2,0,0,3,0,0,0,4],"20600563":[200792,"0020600563","01/15/2007","MEM","Grizzlies","PHX","Suns",0,9,3,4,0,0,2,1,0,0,7],"20600662":[200792,"0020600662","01/29/2007","MEM","Grizzlies","SAC","Kings",0,2,0,0,0,0,3,0,0,0,3],"20601225":[200792,"0020601225","04/18/2007","MEM","Grizzlies","MIN","Timberwolves",2,11,4,7,0,0,4,1,0,1,2],"20600397":[200792,"0020600397","12/23/2006","MEM","Grizzlies","UTA","Jazz",0,3,1,1,0,0,4,2,2,0,4],"20600404":[200792,"0020600404","12/26/2006","MEM","Grizzlies","WAS","Wizards",3,23,7,10,0,0,5,1,0,1,10],"20600751":[200792,"0020600751","02/10/2007","MEM","Grizzlies","NOK","Hornets",0,2,0,1,0,0,0,1,0,1,4],"20600640":[200792,"0020600640","01/26/2007","MEM","Grizzlies","SAS","Spurs",0,2,1,5,0,0,2,0,0,2,1],"20600421":[200792,"0020600421","12/27/2006","MEM","Grizzlies","MIL","Bucks",0,8,3,6,0,0,5,2,0,0,6],"20601083":[200792,"0020601083","03/30/2007","MEM","Grizzlies","SEA","SuperSonics",0,0,0,0,0,0,1,0,0,0,0],"20600680":[200792,"0020600680","01/31/2007","MEM","Grizzlies","DAL","Mavericks",0,2,1,1,0,0,3,0,0,0,1],"20600733":[200792,"0020600733","02/07/2007","MEM","Grizzlies","DAL","Mavericks",3,10,3,7,0,0,4,1,0,0,10],"20600648":[200792,"0020600648","01/27/2007","MEM","Grizzlies","POR","Trail Blazers",0,4,2,2,0,0,1,1,0,0,3],"20600810":[200792,"0020600810","02/21/2007","MEM","Grizzlies","GSW","Warriors",0,2,1,1,0,0,1,0,0,0,2],"20600483":[200792,"0020600483","01/05/2007","MEM","Grizzlies","BOS","Celtics",2,12,4,6,0,0,3,2,1,0,3],"20600858":[200792,"0020600858","02/28/2007","MEM","Grizzlies","UTA","Jazz",0,3,1,1,0,0,1,0,0,0,0],"20600723":[200792,"0020600723","02/06/2007","MEM","Grizzlies","HOU","Rockets",0,2,1,2,0,0,1,1,0,1,4],"20600546":[200792,"0020600546","01/13/2007","MEM","Grizzlies","CHI","Bulls",2,2,1,4,0,0,3,0,0,1,7],"20600088":[200792,"0020600088","11/11/2006","MEM","Grizzlies","PHX","Suns",3,0,0,0,0,0,0,0,0,0,0],"20601034":[200792,"0020601034","03/24/2007","MEM","Grizzlies","UTA","Jazz",3,1,0,1,0,0,4,0,0,0,2],"20600454":[200792,"0020600454","12/31/2006","MEM","Grizzlies","HOU","Rockets",0,4,2,4,0,0,4,2,0,0,8],"20600471":[200792,"0020600471","01/03/2007","MEM","Grizzlies","GSW","Warriors",2,3,1,7,0,0,1,1,0,0,8],"20601016":[200792,"0020601016","03/22/2007","MEM","Grizzlies","LAL","Lakers",1,0,0,0,0,0,1,0,0,1,0],"20600302":[200792,"0020600302","12/11/2006","MEM","Grizzlies","NJN","Nets",0,0,0,0,0,0,0,0,0,0,0],"20600220":[200792,"0020600220","11/29/2006","MEM","Grizzlies","LAC","Clippers",0,2,1,1,0,0,0,0,0,0,2],"20601052":[200792,"0020601052","03/26/2007","MEM","Grizzlies","PHX","Suns",0,8,4,5,0,0,3,1,0,0,2],"20600611":[200792,"0020600611","01/22/2007","MEM","Grizzlies","DEN","Nuggets",0,4,2,3,0,0,4,0,0,1,5],"20600010":[200792,"0020600010","11/01/2006","MEM","Grizzlies","NYK","Knicks",1,2,1,1,0,0,0,0,0,0,0],"20600345":[200792,"0020600345","12/16/2006","MEM","Grizzlies","MIA","Heat",1,9,4,8,0,0,4,0,2,3,9],"20601134":[200792,"0020601134","04/07/2007","MEM","Grizzlies","ORL","Magic",0,3,1,2,0,0,6,0,1,0,0],"20600745":[200792,"0020600745","02/09/2007","MEM","Grizzlies","MIN","Timberwolves",1,3,1,3,0,0,1,0,0,0,2],"20601127":[200792,"0020601127","04/06/2007","MEM","Grizzlies","GSW","Warriors",1,0,0,0,0,0,1,0,0,0,2],"20600573":[200792,"0020600573","01/17/2007","MEM","Grizzlies","PHI","76ers",2,3,1,5,0,0,1,1,0,0,1],"20600823":[200792,"0020600823","02/23/2007","MEM","Grizzlies","POR","Trail Blazers",0,2,0,0,0,0,1,0,1,0,0],"20600385":[200792,"0020600385","12/22/2006","MEM","Grizzlies","NOK","Hornets",1,4,1,2,0,0,4,0,0,0,3],"20601189":[200792,"0020601189","04/14/2007","MEM","Grizzlies","DEN","Nuggets",0,6,2,4,0,0,3,0,3,0,4],"20600535":[200792,"0020600535","01/12/2007","MEM","Grizzlies","MIN","Timberwolves",0,12,5,6,0,0,6,0,1,1,3],"20600511":[200792,"0020600511","01/09/2007","MEM","Grizzlies","LAL","Lakers",2,10,3,8,0,0,2,2,2,0,10],"20600702":[200792,"0020600702","02/03/2007","MEM","Grizzlies","IND","Pacers",0,0,0,0,0,0,0,0,0,0,0],"20600282":[200792,"0020600282","12/08/2006","MEM","Grizzlies","MIL","Bucks",0,5,2,3,0,0,1,0,0,1,3],"20601057":[200792,"0020601057","03/27/2007","MEM","Grizzlies","LAL","Lakers",0,2,1,1,0,0,0,1,0,0,0]},"data":[24.0,59,19,12.8,1.5,2.9,0.538,0.0,0.0,0.0,1.3,2.0,0.661,0.8,2.2,3.1,0.3,0.4,0.6,0.8,2.3,4.4],"rank":{"PerGame":[null,null,null,null,null,null,null,null,null,null,null,null,null,null,null,null,null,null,null],"Totals":[294,290,315,null,303,374,null,211,200,null,198,227,227,342,262,98,268,282,271]},"team":"MEM"},"2007":{"shotchart":{"Averages":{"header":["SHOT_ZONE_BASIC","SHOT_ZONE_AREA","SHOT_ZONE_RANGE","FGA","FGM","FG_PCT"],"row":[["Above the Break 3","Back Court(BC)","Back Court Shot",129,3,0.023],["Above the Break 3","Center(C)","24+ ft.",6849,2374,0.347],["Above the Break 3","Left Side Center(LC)","24+ ft.",12540,4481,0.357],["Above the Break 3","Right Side Center(RC)","24+ ft.",12323,4426,0.359],["Backcourt","Back Court(BC)","Back Court Shot",468,10,0.021],["In The Paint (Non-RA)","Center(C)","8-16 ft.",6435,2577,0.4],["In The Paint (Non-RA)","Center(C)","Less Than 8 ft.",15001,6210,0.414],["In The Paint (Non-RA)","Left Side(L)","8-16 ft.",2249,880,0.391],["In The Paint (Non-RA)","Right Side(R)","8-16 ft.",2226,918,0.412],["Left Corner 3","Left Side(L)","24+ ft.",6340,2479,0.391],["Mid-Range","Center(C)","16-24 ft.",8386,3433,0.409],["Mid-Range","Center(C)","8-16 ft.",1688,721,0.427],["Mid-Range","Left Side Center(LC)","16-24 ft.",10377,4195,0.404],["Mid-Range","Left Side(L)","16-24 ft.",9213,3787,0.411],["Mid-Range","Left Side(L)","8-16 ft.",8623,3268,0.379],["Mid-Range","Right Side Center(RC)","16-24 ft.",10936,4413,0.404],["Mid-Range","Right Side(R)","16-24 ft.",8205,3428,0.418],["Mid-Range","Right Side(R)","8-16 ft.",8558,3283,0.384],["Restricted Area","Center(C)","Less Than 8 ft.",64133,38456,0.6],["Right Corner 3","Right Side(R)","24+ ft.",5822,2327,0.4]]},"Details":{"header":["GAME_ID","GAME_EVENT_ID","PERIOD","MINUTES_REMAINING","SECONDS_REMAINING","EVENT_TYPE","ACTION_TYPE","SHOT_TYPE","SHOT_ZONE_BASIC","SHOT_ZONE_AREA","SHOT_ZONE_RANGE","SHOT_DISTANCE","LOC_X","LOC_Y","SHOT_ATTEMPTED_FLAG","SHOT_MADE_FLAG"],"row":[["0020700059",426,4,0,13,"Missed Shot","Jump Shot","2PT Field Goal","In The Paint (Non-RA)","Center(C)","Less Than 8 ft.",6,56,30,1,0],["0020700096",320,3,1,59,"Made Shot","Layup Shot","2PT Field Goal","Restricted Area","Center(C)","Less Than 8 ft.",0,0,0,1,1],["0020700096",424,4,2,35,"Made Shot","Slam Dunk Shot","2PT Field Goal","Restricted Area","Center(C)","Less Than 8 ft.",0,0,0,1,1],["0020700096",431,4,1,38,"Made Shot","Layup Shot","2PT Field Goal","Restricted Area","Center(C)","Less Than 8 ft.",0,0,0,1,1],["0020700096",447,4,0,9,"Missed Shot","Jump Shot","2PT Field Goal","Mid-Range","Center(C)","16-24 ft.",19,-38,192,1,0],["0020700186",464,4,2,13,"Missed Shot","Jump Shot","2PT Field Goal","Mid-Range","Right Side(R)","16-24 ft.",16,164,23,1,0],["0020700206",195,2,6,5,"Missed Shot","Layup Shot","2PT Field Goal","Restricted Area","Center(C)","Less Than 8 ft.",0,0,0,1,0],["0020700206",397,4,8,22,"Missed Shot","Layup Shot","2PT Field Goal","Restricted Area","Center(C)","Less Than 8 ft.",0,0,0,1,0],["0020700206",448,4,2,55,"Made Shot","Layup Shot","2PT Field Goal","Restricted Area","Center(C)","Less Than 8 ft.",0,0,0,1,1],["0020700206",459,4,1,40,"Made Shot","Slam Dunk Shot","2PT Field Goal","Restricted Area","Center(C)","Less Than 8 ft.",0,0,0,1,1],["0020700247",434,4,8,20,"Made Shot","Dunk Shot","2PT Field Goal","Restricted Area","Center(C)","Less Than 8 ft.",0,0,0,1,1],["0020700247",452,4,6,31,"Made Shot","Slam Dunk Shot","2PT Field Goal","Restricted Area","Center(C)","Less Than 8 ft.",0,0,0,1,1],["0020700408",217,2,2,19,"Made Shot","Layup Shot","2PT Field Goal","Restricted Area","Center(C)","Less Than 8 ft.",0,0,0,1,1],["0020700408",374,4,10,3,"Made Shot","Layup Shot","2PT Field Goal","Restricted Area","Center(C)","Less Than 8 ft.",0,0,0,1,1],["0020700408",399,4,7,0,"Missed Shot","Jump Shot","2PT Field Goal","In The Paint (Non-RA)","Center(C)","Less Than 8 ft.",6,21,59,1,0],["0020700408",415,4,5,17,"Missed Shot","Layup Shot","2PT Field Goal","Restricted Area","Center(C)","Less Than 8 ft.",0,0,0,1,0],["0020700435",298,3,2,53,"Missed Shot","Jump Shot","2PT Field Goal","Mid-Range","Right Side(R)","8-16 ft.",15,158,-8,1,0],["0020700435",361,4,8,43,"Made Shot","Jump Shot","2PT Field Goal","Mid-Range","Center(C)","16-24 ft.",16,3,163,1,1],["0020700435",410,4,2,12,"Missed Shot","Layup Shot","2PT Field Goal","Restricted Area","Center(C)","Less Than 8 ft.",0,1,0,1,0],["0020700481",165,2,5,29,"Made Shot","Jump Shot","2PT Field Goal","Mid-Range","Right Side Center(RC)","16-24 ft.",17,115,137,1,1],["0020700481",187,2,3,30,"Missed Shot","Jump Shot","2PT Field Goal","Mid-Range","Left Side Center(LC)","16-24 ft.",20,-136,150,1,0],["0020700481",207,2,2,17,"Made Shot","Jump Shot","2PT Field Goal","Mid-Range","Center(C)","16-24 ft.",19,-2,192,1,1],["0020700481",289,3,5,21,"Made Shot","Jump Shot","2PT Field Goal","Mid-Range","Left Side(L)","16-24 ft.",17,-146,100,1,1],["0020700481",408,4,2,56,"Missed Shot","Jump Shot","2PT Field Goal","Mid-Range","Center(C)","16-24 ft.",17,36,173,1,0],["0020700481",417,4,2,23,"Missed Shot","Layup Shot","2PT Field Goal","Restricted Area","Center(C)","Less Than 8 ft.",0,0,0,1,0],["0020700505",148,2,7,21,"Missed Shot","Jump Shot","2PT Field Goal","Mid-Range","Left Side(L)","8-16 ft.",15,-153,22,1,0],["0020700505",154,2,6,43,"Missed Shot","Jump Shot","2PT Field Goal","In The Paint (Non-RA)","Center(C)","Less Than 8 ft.",7,20,68,1,0],["0020700528",94,1,0,7,"Missed Shot","Dunk Shot","2PT Field Goal","Restricted Area","Center(C)","Less Than 8 ft.",0,0,0,1,0],["0020700528",116,2,9,26,"Made Shot","Layup Shot","2PT Field Goal","Restricted Area","Center(C)","Less Than 8 ft.",0,0,0,1,1],["0020700528",331,4,7,14,"Made Shot","Jump Shot","2PT Field Goal","Mid-Range","Left Side(L)","16-24 ft.",18,-151,104,1,1],["0020700564",454,4,3,18,"Made Shot","Dunk Shot","2PT Field Goal","Restricted Area","Center(C)","Less Than 8 ft.",0,0,0,1,1],["0020700587",95,1,2,36,"Missed Shot","Jump Shot","2PT Field Goal","Mid-Range","Right Side(R)","8-16 ft.",15,84,125,1,0],["0020700587",141,2,10,8,"Made Shot","Jump Shot","2PT Field Goal","Mid-Range","Center(C)","8-16 ft.",15,10,150,1,1],["0020700587",239,2,2,9,"Missed Shot","Driving Layup Shot","2PT Field Goal","Restricted Area","Center(C)","Less Than 8 ft.",2,2,25,1,0],["0020700587",263,2,0,0,"Missed Shot","Tip Shot","2PT Field Goal","Restricted Area","Center(C)","Less Than 8 ft.",0,0,0,1,0],["0020700622",112,2,10,48,"Missed Shot","Layup Shot","2PT Field Goal","Restricted Area","Center(C)","Less Than 8 ft.",0,0,0,1,0],["0020700622",150,2,6,21,"Missed Shot","Jump Shot","2PT Field Goal","Mid-Range","Left Side Center(LC)","16-24 ft.",18,-103,158,1,0],["0020700659",79,1,5,29,"Missed Shot","Hook Shot","2PT Field Goal","In The Paint (Non-RA)","Center(C)","Less Than 8 ft.",5,13,49,1,0],["0020700659",378,3,2,5,"Missed Shot","Jump Shot","2PT Field Goal","In The Paint (Non-RA)","Left Side(L)","8-16 ft.",12,-74,102,1,0],["0020700659",386,3,1,15,"Missed Shot","Jump Shot","2PT Field Goal","Mid-Range","Right Side(R)","8-16 ft.",10,103,10,1,0],["0020700659",414,4,11,10,"Missed Shot","Tip Shot","2PT Field Goal","Restricted Area","Center(C)","Less Than 8 ft.",0,0,0,1,0],["0020700659",433,4,9,56,"Made Shot","Jump Shot","2PT Field Goal","Mid-Range","Left Side(L)","8-16 ft.",15,-153,15,1,1],["0020700659",446,4,8,20,"Made Shot","Jump Shot","2PT Field Goal","In The Paint (Non-RA)","Center(C)","8-16 ft.",8,29,77,1,1],["0020700659",453,4,7,10,"Missed Shot","Jump Shot","2PT Field Goal","Mid-Range","Right Side Center(RC)","16-24 ft.",17,135,104,1,0],["0020700667",227,2,1,44,"Made Shot","Slam Dunk Shot","2PT Field Goal","Restricted Area","Center(C)","Less Than 8 ft.",0,0,0,1,1],["0020700667",235,2,1,11,"Missed Shot","Layup Shot","2PT Field Goal","Restricted Area","Center(C)","Less Than 8 ft.",0,0,0,1,0],["0020700667",244,2,0,22,"Made Shot","Layup Shot","2PT Field Goal","Restricted Area","Center(C)","Less Than 8 ft.",0,0,0,1,1],["0020700683",82,1,2,35,"Made Shot","Jump Shot","2PT Field Goal","Mid-Range","Center(C)","16-24 ft.",19,-15,194,1,1],["0020700683",145,2,9,42,"Made Shot","Slam Dunk Shot","2PT Field Goal","Restricted Area","Center(C)","Less Than 8 ft.",0,0,0,1,1],["0020700683",244,3,11,28,"Made Shot","Jump Shot","2PT Field Goal","Mid-Range","Left Side(L)","8-16 ft.",15,-126,95,1,1],["0020700683",294,3,6,7,"Made Shot","Jump Shot","2PT Field Goal","Mid-Range","Left Side Center(LC)","16-24 ft.",16,-64,148,1,1],["0020700683",310,3,4,49,"Made Shot","Jump Shot","2PT Field Goal","In The Paint (Non-RA)","Center(C)","Less Than 8 ft.",4,23,35,1,1],["0020700683",334,3,2,37,"Made Shot","Jump Shot","2PT Field Goal","In The Paint (Non-RA)","Center(C)","Less Than 8 ft.",4,3,40,1,1],["0020700701",38,1,7,0,"Missed Shot","Layup Shot","2PT Field Goal","Restricted Area","Center(C)","Less Than 8 ft.",0,0,0,1,0],["0020700701",40,1,6,58,"Made Shot","Layup Shot","2PT Field Goal","Restricted Area","Center(C)","Less Than 8 ft.",0,0,0,1,1],["0020700701",45,1,6,22,"Missed Shot","Jump Shot","2PT Field Goal","Mid-Range","Right Side Center(RC)","16-24 ft.",19,110,156,1,0],["0020700701",61,1,4,17,"Missed Shot","Turnaround Jump Shot","2PT Field Goal","Mid-Range","Right Side(R)","8-16 ft.",12,108,59,1,0],["0020700701",73,1,2,52,"Made Shot","Slam Dunk Shot","2PT Field Goal","Restricted Area","Center(C)","Less Than 8 ft.",0,0,0,1,1],["0020700701",101,2,10,57,"Made Shot","Jump Shot","2PT Field Goal","Mid-Range","Right Side(R)","16-24 ft.",19,190,2,1,1],["0020700701",180,2,3,3,"Made Shot","Jump Shot","2PT Field Goal","In The Paint (Non-RA)","Center(C)","Less Than 8 ft.",5,-33,38,1,1],["0020700701",302,3,0,55,"Missed Shot","Jump Shot","2PT Field Goal","Mid-Range","Left Side Center(LC)","16-24 ft.",16,-117,123,1,0],["0020700701",316,4,11,29,"Missed Shot","Jump Shot","2PT Field Goal","In The Paint (Non-RA)","Center(C)","Less Than 8 ft.",5,-23,49,1,0],["0020700701",318,4,11,26,"Missed Shot","Jump Shot","2PT Field Goal","In The Paint (Non-RA)","Center(C)","Less Than 8 ft.",4,-26,38,1,0],["0020700701",361,4,6,6,"Missed Shot","Jump Shot","2PT Field Goal","Mid-Range","Right Side(R)","16-24 ft.",19,167,110,1,0],["0020700701",403,4,1,37,"Missed Shot","Jump Shot","2PT Field Goal","Mid-Range","Center(C)","8-16 ft.",14,-3,148,1,0],["0020700701",408,4,1,24,"Made Shot","Driving Dunk Shot","2PT Field Goal","Restricted Area","Center(C)","Less Than 8 ft.",0,0,0,1,1],["0020700717",19,1,8,36,"Made Shot","Dunk Shot","2PT Field Goal","Restricted Area","Center(C)","Less Than 8 ft.",0,0,0,1,1],["0020700717",148,2,5,23,"Missed Shot","Hook Shot","2PT Field Goal","In The Paint (Non-RA)","Center(C)","Less Than 8 ft.",5,-3,53,1,0],["0020700717",151,2,4,50,"Made Shot","Jump Shot","2PT Field Goal","Mid-Range","Right Side Center(RC)","16-24 ft.",19,97,173,1,1],["0020700717",244,3,5,7,"Made Shot","Hook Shot","2PT Field Goal","Mid-Range","Right Side(R)","8-16 ft.",9,94,31,1,1],["0020700717",251,3,4,8,"Missed Shot","Jump Shot","2PT Field Goal","Mid-Range","Center(C)","16-24 ft.",20,33,204,1,0],["0020700717",256,3,2,56,"Missed Shot","Layup Shot","2PT Field Goal","Restricted Area","Center(C)","Less Than 8 ft.",0,0,0,1,0],["0020700717",369,4,5,39,"Made Shot","Putback Layup Shot","2PT Field Goal","Restricted Area","Center(C)","Less Than 8 ft.",0,0,0,1,1],["0020700717",390,4,2,24,"Missed Shot","Jump Shot","2PT Field Goal","Mid-Range","Center(C)","8-16 ft.",15,-6,155,1,0],["0020700723",5,1,11,18,"Made Shot","Jump Shot","2PT Field Goal","Mid-Range","Left Side(L)","8-16 ft.",14,-141,23,1,1],["0020700723",18,1,9,4,"Made Shot","Layup Shot","2PT Field Goal","Restricted Area","Center(C)","Less Than 8 ft.",0,0,0,1,1],["0020700723",24,1,8,6,"Missed Shot","Jump Shot","2PT Field Goal","Mid-Range","Right Side Center(RC)","16-24 ft.",16,57,150,1,0],["0020700800",133,2,8,35,"Made Shot","Layup Shot","2PT Field Goal","Restricted Area","Center(C)","Less Than 8 ft.",0,0,0,1,1],["0020700800",163,2,5,28,"Missed Shot","Turnaround Jump Shot","2PT Field Goal","Mid-Range","Right Side(R)","8-16 ft.",11,112,8,1,0],["0020700869",5,1,11,34,"Made Shot","Jump Shot","2PT Field Goal","Mid-Range","Left Side(L)","16-24 ft.",16,-140,87,1,1],["0020700869",32,1,7,12,"Missed Shot","Layup Shot","2PT Field Goal","Restricted Area","Center(C)","Less Than 8 ft.",0,0,0,1,0],["0020700869",49,1,6,8,"Made Shot","Slam Dunk Shot","2PT Field Goal","Restricted Area","Center(C)","Less Than 8 ft.",0,0,0,1,1],["0020700869",202,2,4,41,"Missed Shot","Jump Shot","2PT Field Goal","Mid-Range","Left Side(L)","16-24 ft.",16,-154,51,1,0],["0020700869",257,3,11,23,"Made Shot","Jump Shot","2PT Field Goal","Mid-Range","Right Side Center(RC)","16-24 ft.",18,108,155,1,1],["0020700885",80,1,1,36,"Made Shot","Layup Shot","2PT Field Goal","Restricted Area","Center(C)","Less Than 8 ft.",0,0,0,1,1],["0020700885",106,2,11,42,"Made Shot","Slam Dunk Shot","2PT Field Goal","Restricted Area","Center(C)","Less Than 8 ft.",0,0,0,1,1],["0020700885",136,2,8,6,"Missed Shot","Jump Shot","2PT Field Goal","Mid-Range","Right Side Center(RC)","16-24 ft.",19,140,132,1,0],["0020700901",39,1,6,58,"Missed Shot","Jump Shot","2PT Field Goal","Mid-Range","Right Side(R)","16-24 ft.",17,177,13,1,0],["0020700901",42,1,6,32,"Missed Shot","Jump Shot","2PT Field Goal","In The Paint (Non-RA)","Center(C)","Less Than 8 ft.",6,61,26,1,0],["0020700901",144,2,7,3,"Missed Shot","Layup Shot","2PT Field Goal","Restricted Area","Center(C)","Less Than 8 ft.",0,0,0,1,0],["0020700926",134,2,7,41,"Made Shot","Layup Shot","2PT Field Goal","Restricted Area","Center(C)","Less Than 8 ft.",0,0,0,1,1],["0020700926",338,4,11,42,"Made Shot","Layup Shot","2PT Field Goal","Restricted Area","Center(C)","Less Than 8 ft.",0,0,0,1,1],["0020700942",76,1,3,16,"Missed Shot","Jump Shot","2PT Field Goal","Mid-Range","Right Side(R)","8-16 ft.",13,133,25,1,0],["0020700942",139,2,8,17,"Missed Shot","Jump Shot","2PT Field Goal","In The Paint (Non-RA)","Center(C)","8-16 ft.",12,-10,125,1,0],["0020700956",125,2,11,29,"Missed Shot","Hook Shot","2PT Field Goal","In The Paint (Non-RA)","Center(C)","Less Than 8 ft.",6,33,56,1,0],["0020700956",351,4,9,17,"Made Shot","Driving Layup Shot","2PT Field Goal","Restricted Area","Center(C)","Less Than 8 ft.",0,0,0,1,1],["0020700968",39,1,7,33,"Missed Shot","Hook Shot","2PT Field Goal","In The Paint (Non-RA)","Center(C)","Less Than 8 ft.",7,67,25,1,0],["0020700968",40,1,7,30,"Missed Shot","Tip Shot","2PT Field Goal","Restricted Area","Center(C)","Less Than 8 ft.",0,0,0,1,0],["0020700968",67,1,4,37,"Made Shot","Jump Shot","2PT Field Goal","Mid-Range","Right Side(R)","16-24 ft.",17,172,13,1,1],["0020700968",226,3,11,44,"Made Shot","Jump Shot","2PT Field Goal","Mid-Range","Left Side Center(LC)","16-24 ft.",17,-118,123,1,1],["0020700968",229,3,11,3,"Made Shot","Driving Dunk Shot","2PT Field Goal","Restricted Area","Center(C)","Less Than 8 ft.",0,0,0,1,1],["0020700984",9,1,10,10,"Missed Shot","Layup Shot","2PT Field Goal","Restricted Area","Center(C)","Less Than 8 ft.",0,0,0,1,0],["0020700984",14,1,9,32,"Made Shot","Jump Shot","2PT Field Goal","Mid-Range","Right Side(R)","16-24 ft.",18,186,0,1,1],["0020700984",29,1,8,1,"Missed Shot","Jump Shot","2PT Field Goal","Mid-Range","Right Side(R)","8-16 ft.",11,85,72,1,0],["0020700984",129,2,10,48,"Made Shot","Layup Shot","2PT Field Goal","Restricted Area","Center(C)","Less Than 8 ft.",0,0,0,1,1],["0020700984",150,2,8,32,"Missed Shot","Jump Shot","2PT Field Goal","Mid-Range","Left Side Center(LC)","16-24 ft.",16,-99,137,1,0],["0020700984",172,2,6,4,"Missed Shot","Jump Shot","2PT Field Goal","Mid-Range","Right Side Center(RC)","16-24 ft.",20,156,130,1,0],["0020700984",176,2,5,39,"Made Shot","Jump Shot","2PT Field Goal","Mid-Range","Right Side Center(RC)","16-24 ft.",17,77,156,1,1],["0020701059",422,4,4,33,"Missed Shot","Tip Shot","2PT Field Goal","Restricted Area","Center(C)","Less Than 8 ft.",0,0,0,1,0],["0020701070",286,3,2,55,"Missed Shot","Layup Shot","2PT Field Goal","Restricted Area","Center(C)","Less Than 8 ft.",0,0,0,1,0],["0020701070",328,4,10,39,"Made Shot","Jump Shot","2PT Field Goal","Mid-Range","Left Side(L)","16-24 ft.",16,-140,86,1,1],["0020701093",117,2,11,5,"Missed Shot","Jump Shot","2PT Field Goal","Mid-Range","Right Side(R)","16-24 ft.",17,166,68,1,0],["0020701093",169,2,6,29,"Made Shot","Jump Shot","2PT Field Goal","Mid-Range","Left Side(L)","8-16 ft.",14,-141,38,1,1],["0020701117",95,1,0,4,"Made Shot","Jump Shot","2PT Field Goal","Mid-Range","Right Side Center(RC)","16-24 ft.",16,118,115,1,1],["0020701117",147,2,7,25,"Missed Shot","Layup Shot","2PT Field Goal","Restricted Area","Center(C)","Less Than 8 ft.",0,0,0,1,0],["0020701117",253,3,9,31,"Missed Shot","Dunk Shot","2PT Field Goal","Restricted Area","Center(C)","Less Than 8 ft.",0,0,0,1,0],["0020701117",262,3,8,25,"Made Shot","Jump Shot","2PT Field Goal","Mid-Range","Left Side Center(LC)","16-24 ft.",18,-120,137,1,1],["0020701117",378,4,8,11,"Missed Shot","Layup Shot","2PT Field Goal","Restricted Area","Center(C)","Less Than 8 ft.",0,0,0,1,0],["0020701117",419,4,4,50,"Missed Shot","Dunk Shot","2PT Field Goal","Restricted Area","Center(C)","Less Than 8 ft.",0,0,0,1,0],["0020701117",422,4,4,27,"Made Shot","Layup Shot","2PT Field Goal","Restricted Area","Center(C)","Less Than 8 ft.",0,0,0,1,1],["0020701128",75,1,1,28,"Missed Shot","Layup Shot","2PT Field Goal","Restricted Area","Center(C)","Less Than 8 ft.",0,6,2,1,0],["0020701128",119,2,9,26,"Made Shot","Jump Shot","2PT Field Goal","Mid-Range","Right Side(R)","16-24 ft.",17,141,99,1,1],["0020701128",135,2,6,43,"Made Shot","Tip Shot","2PT Field Goal","Restricted Area","Center(C)","Less Than 8 ft.",1,-6,10,1,1],["0020701222",184,2,3,18,"Made Shot","Layup Shot","2PT Field Goal","Restricted Area","Center(C)","Less Than 8 ft.",0,0,0,1,1],["0020701222",206,2,1,24,"Missed Shot","Hook Shot","2PT Field Goal","Mid-Range","Right Side(R)","8-16 ft.",10,87,58,1,0]]}},"GameList":{"20700926":[200792,"0020700926","03/08/2008","MIA","Heat","ATL","Hawks",1,9,2,2,0,0,3,2,0,0,6],"20700901":[200792,"0020700901","03/05/2008","MIA","Heat","TOR","Raptors",4,0,0,3,0,0,6,0,0,1,4],"20700701":[200792,"0020700701","02/04/2008","MIA","Heat","TOR","Raptors",2,10,5,13,0,0,2,0,0,1,10],"20700096":[200792,"0020700096","11/13/2007","MIA","Heat","CHA","Bobcats",1,6,3,4,0,0,1,1,0,0,2],"20700885":[200792,"0020700885","03/02/2008","MIA","Heat","SAC","Kings",1,4,2,3,0,0,2,0,1,0,2],"20700206":[200792,"0020700206","11/27/2007","MIA","Heat","CHA","Bobcats",1,5,2,4,0,0,1,0,0,0,1],"20700159":[200792,"0020700159","11/21/2007","MIA","Heat","ATL","Hawks",0,0,0,0,0,0,1,0,0,0,1],"20700587":[200792,"0020700587","01/19/2008","MIA","Heat","NYK","Knicks",2,4,1,4,0,0,2,0,1,1,3],"20700228":[200792,"0020700228","11/30/2007","MIA","Heat","BOS","Celtics",1,0,0,0,0,0,1,0,0,0,0],"20701070":[200792,"0020701070","03/27/2008","MIA","Heat","DET","Pistons",0,5,1,2,0,0,3,0,0,0,0],"20700984":[200792,"0020700984","03/16/2008","MIA","Heat","DAL","Mavericks",0,7,3,7,0,0,1,0,0,0,2],"20700683":[200792,"0020700683","02/01/2008","MIA","Heat","NJN","Nets",2,14,6,6,0,0,2,1,0,1,3],"20700247":[200792,"0020700247","12/02/2007","MIA","Heat","DEN","Nuggets",0,7,2,2,0,0,1,1,0,0,3],"20700059":[200792,"0020700059","11/07/2007","MIA","Heat","SAS","Spurs",0,0,0,1,0,0,1,0,0,0,0],"20700012":[200792,"0020700012","11/01/2007","MIA","Heat","DET","Pistons",0,0,0,0,0,0,0,0,0,0,0],"20701059":[200792,"0020701059","03/26/2008","MIA","Heat","NYK","Knicks",0,2,0,1,0,0,2,0,0,0,1],"20700408":[200792,"0020700408","12/26/2007","MIA","Heat","PHI","76ers",1,4,2,4,0,0,1,0,2,2,2],"20700505":[200792,"0020700505","01/08/2008","MIA","Heat","MIN","Timberwolves",0,2,0,2,0,0,0,0,0,0,2],"20700667":[200792,"0020700667","01/30/2008","MIA","Heat","ORL","Magic",0,4,2,3,0,0,1,1,0,0,0],"20700956":[200792,"0020700956","03/12/2008","MIA","Heat","NYK","Knicks",1,3,1,2,0,0,1,0,1,0,2],"20701093":[200792,"0020701093","03/30/2008","MIA","Heat","BOS","Celtics",2,4,1,2,0,0,4,0,0,0,3],"20700942":[200792,"0020700942","03/10/2008","MIA","Heat","LAC","Clippers",3,5,0,2,0,0,0,0,0,0,3],"20701117":[200792,"0020701117","04/02/2008","MIA","Heat","NOH","Hornets",2,7,3,7,0,0,3,0,0,0,3],"20700818":[200792,"0020700818","02/23/2008","MIA","Heat","PHI","76ers",0,2,0,0,0,0,1,0,0,1,0],"20700838":[200792,"0020700838","02/26/2008","MIA","Heat","SAC","Kings",1,0,0,0,0,0,0,1,0,0,0],"20700564":[200792,"0020700564","01/16/2008","MIA","Heat","CHI","Bulls",3,2,1,1,0,0,0,0,0,0,3],"20700723":[200792,"0020700723","02/07/2008","MIA","Heat","PHI","76ers",0,4,2,3,0,0,2,0,0,0,0],"20700186":[200792,"0020700186","11/24/2007","MIA","Heat","ORL","Magic",0,0,0,1,0,0,1,0,0,0,0],"20700622":[200792,"0020700622","01/24/2008","MIA","Heat","SAS","Spurs",0,0,0,2,0,0,1,0,0,0,1],"20700435":[200792,"0020700435","12/29/2007","MIA","Heat","WAS","Wizards",1,3,1,3,0,0,0,0,2,0,4],"20701100":[200792,"0020701100","03/31/2008","MIA","Heat","IND","Pacers",2,4,0,0,0,0,2,0,0,0,0],"20701128":[200792,"0020701128","04/04/2008","MIA","Heat","WAS","Wizards",1,9,2,3,0,0,1,0,1,1,4],"20700481":[200792,"0020700481","01/04/2008","MIA","Heat","DAL","Mavericks",3,7,3,6,0,0,5,1,0,0,2],"20700659":[200792,"0020700659","01/29/2008","MIA","Heat","BOS","Celtics",1,7,2,7,0,0,6,1,1,0,4],"20700109":[200792,"0020700109","11/14/2007","MIA","Heat","SEA","SuperSonics",0,0,0,0,0,0,3,0,2,0,1],"20700528":[200792,"0020700528","01/11/2008","MIA","Heat","NOH","Hornets",1,4,2,3,0,0,1,0,1,1,2],"20700869":[200792,"0020700869","02/29/2008","MIA","Heat","SEA","SuperSonics",0,8,3,5,0,0,4,0,1,0,1],"20700968":[200792,"0020700968","03/14/2008","MIA","Heat","ORL","Magic",1,6,3,5,0,0,4,0,0,0,3],"20700717":[200792,"0020700717","02/06/2008","MIA","Heat","DET","Pistons",1,11,4,8,0,0,3,0,0,3,8],"20700514":[200792,"0020700514","01/09/2008","MIA","Heat","MIL","Bucks",1,1,0,0,0,0,2,1,0,0,2],"20700494":[200792,"0020700494","01/06/2008","MIA","Heat","MEM","Grizzlies",1,0,0,0,0,0,2,0,0,0,2],"20701222":[200792,"0020701222","04/16/2008","MIA","Heat","ATL","Hawks",1,4,1,2,0,0,2,0,0,0,2],"20700800":[200792,"0020700800","02/21/2008","MIA","Heat","HOU","Rockets",0,5,1,2,0,0,1,0,0,1,2]},"data":[25.0,43,6,12.8,1.4,2.9,0.488,0.0,0.0,0.0,1.3,1.9,0.687,0.7,1.4,2.2,0.3,0.3,0.2,1.0,1.9,4.2],"rank":{"PerGame":[null,null,null,null,null,null,null,null,null,null,null,null,null,null,null,null,null,null,null],"Totals":[315,312,322,null,303,374,null,239,230,null,247,306,303,361,316,246,276,304,322]},"team":"MIA"}},"headerData":["PLAYER_AGE","GP","GS","MIN","FGM","FGA","FG_PCT","FG3M","FG3A","FG3_PCT","FTM","FTA","FT_PCT","OREB","DREB","REB","AST","STL","BLK","TOV","PF","PTS"],"PostSeason":{}}}