{"info":{"FIRST_NAME":"Allan","LAST_NAME":"Ray","WEIGHT":"","COUNTRY":"USA","SCHOOL":"Villanova","BIRTHDATE":"1984-06-17T00:00:00","HEIGHT":"","TO_YEAR":2007,"DLEAGUE":"Y","FROM_YEAR":2006,"TEAM":"","PERSON_ID":200810,"SEASON_EXP":1,"POSITION":"","ROSTERSTATUS":"Inactive","ALL_STAR":0,"PIE":0,"JERSEY":""},"career":{"header":["MIN","FGM","FGA","FG_PCT","FG3M","FG3A","FG3_PCT","FTM","FTA","FT_PCT","OREB","DREB","REB","AST","STL","BLK","TOV","PF","PTS"],"RegularSeason":{"PerGame":[15.1,2.1,5.5,0.386,1.0,2.5,0.414,0.9,1.2,0.764,0.4,1.1,1.5,0.9,0.4,0.1,0.9,1.8,6.2],"GS":5,"GP":47},"PostSeason":{}},"season":{"headerRank":["RANK_PG_MIN","RANK_PG_FGM","RANK_PG_FGA","RANK_FG_PCT","RANK_PG_FG3M","RANK_PG_FG3A","RANK_FG3_PCT","RANK_PG_FTM","RANK_PG_FTA","RANK_FT_PCT","RANK_PG_OREB","RANK_PG_DREB","RANK_PG_REB","RANK_PG_AST","RANK_PG_STL","RANK_PG_BLK","RANK_PG_TOV","RANK_PG_PTS","RANK_PG_EFF"],"headerGame":["PLAYER_ID","GAME_ID","GAME_DATE","TEAM_ABBREVIATION","TEAM_NAME","VS_TEAM_ABBREVIATION","VS_TEAM_NAME","TOV","PTS","FGM","FGA","FG3M","FG3A","PF","BLK","STL","AST","REB"],"RegularSeason":{"2006":{"shotchart":{"Averages":{"header":["SHOT_ZONE_BASIC","SHOT_ZONE_AREA","SHOT_ZONE_RANGE","FGA","FGM","FG_PCT"],"row":[["Above the Break 3","Back Court(BC)","Back Court Shot",125,2,0.016],["Above the Break 3","Center(C)","24+ ft.",6301,2159,0.343],["Above the Break 3","Left Side Center(LC)","24+ ft.",11690,4127,0.353],["Above the Break 3","Right Side Center(RC)","24+ ft.",11408,4110,0.36],["Backcourt","Back Court(BC)","Back Court Shot",376,10,0.027],["In The Paint (Non-RA)","Center(C)","8-16 ft.",5347,2287,0.428],["In The Paint (Non-RA)","Center(C)","Less Than 8 ft.",16224,6700,0.413],["In The Paint (Non-RA)","Left Side(L)","8-16 ft.",1830,742,0.405],["In The Paint (Non-RA)","Right Side(R)","8-16 ft.",1812,681,0.376],["Left Corner 3","Left Side(L)","24+ ft.",6296,2420,0.384],["Mid-Range","Center(C)","16-24 ft.",7053,2804,0.398],["Mid-Range","Center(C)","8-16 ft.",1778,753,0.424],["Mid-Range","Left Side Center(LC)","16-24 ft.",9939,3929,0.395],["Mid-Range","Left Side(L)","16-24 ft.",9372,3773,0.403],["Mid-Range","Left Side(L)","8-16 ft.",9478,3607,0.381],["Mid-Range","Right Side Center(RC)","16-24 ft.",10491,4361,0.416],["Mid-Range","Right Side(R)","16-24 ft.",8162,3303,0.405],["Mid-Range","Right Side(R)","8-16 ft.",8486,3309,0.39],["Restricted Area","Center(C)","Less Than 8 ft.",64492,38707,0.6],["Right Corner 3","Right Side(R)","24+ ft.",5412,2076,0.384]]},"Details":{"header":["GAME_ID","GAME_EVENT_ID","PERIOD","MINUTES_REMAINING","SECONDS_REMAINING","EVENT_TYPE","ACTION_TYPE","SHOT_TYPE","SHOT_ZONE_BASIC","SHOT_ZONE_AREA","SHOT_ZONE_RANGE","SHOT_DISTANCE","LOC_X","LOC_Y","SHOT_ATTEMPTED_FLAG","SHOT_MADE_FLAG"],"row":[["0020600120",426,4,4,43,"Missed Shot","Jump Shot","2PT Field Goal","Mid-Range","Right Side(R)","16-24 ft.",20,202,-6,1,0],["0020600120",463,4,0,44,"Missed Shot","Reverse Layup Shot","2PT Field Goal","Restricted Area","Center(C)","Less Than 8 ft.",2,23,15,1,0],["0020600120",468,4,0,17,"Missed Shot","Jump Shot","3PT Field Goal","Right Corner 3","Right Side(R)","24+ ft.",24,243,0,1,0],["0020600159",491,4,0,1,"Missed Shot","Layup Shot","2PT Field Goal","Restricted Area","Center(C)","Less Than 8 ft.",0,0,0,1,0],["0020600251",335,3,2,26,"Missed Shot","Jump Shot","2PT Field Goal","Mid-Range","Left Side(L)","16-24 ft.",19,-168,97,1,0],["0020600251",440,4,4,20,"Made Shot","Layup Shot","2PT Field Goal","Restricted Area","Center(C)","Less Than 8 ft.",0,0,0,1,1],["0020600251",448,4,3,44,"Made Shot","Follow Up Dunk Shot","2PT Field Goal","Restricted Area","Center(C)","Less Than 8 ft.",0,0,0,1,1],["0020600251",461,4,2,31,"Made Shot","Jump Shot","3PT Field Goal","Above the Break 3","Left Side Center(LC)","24+ ft.",25,-199,166,1,1],["0020600251",465,4,2,1,"Missed Shot","Jump Shot","3PT Field Goal","Above the Break 3","Left Side Center(LC)","24+ ft.",25,-191,168,1,0],["0020600251",474,4,1,16,"Made Shot","Jump Shot","2PT Field Goal","Mid-Range","Right Side(R)","16-24 ft.",17,177,17,1,1],["0020600313",457,4,1,43,"Missed Shot","Layup Shot","2PT Field Goal","Restricted Area","Center(C)","Less Than 8 ft.",0,0,0,1,0],["0020600384",110,2,11,2,"Missed Shot","Jump Shot","2PT Field Goal","In The Paint (Non-RA)","Center(C)","Less Than 8 ft.",4,47,13,1,0],["0020600384",125,2,10,7,"Missed Shot","Jump Shot","3PT Field Goal","Above the Break 3","Left Side Center(LC)","24+ ft.",24,-192,158,1,0],["0020600410",210,2,8,6,"Missed Shot","Jump Shot","3PT Field Goal","Above the Break 3","Left Side Center(LC)","24+ ft.",24,-164,179,1,0],["0020600410",216,2,7,6,"Made Shot","Jump Shot","2PT Field Goal","Mid-Range","Center(C)","16-24 ft.",17,24,169,1,1],["0020600410",431,3,0,38,"Made Shot","Jump Shot","3PT Field Goal","Left Corner 3","Left Side(L)","24+ ft.",22,-227,10,1,1],["0020600410",433,3,0,22,"Made Shot","Layup Shot","2PT Field Goal","Restricted Area","Center(C)","Less Than 8 ft.",0,0,0,1,1],["0020600410",445,4,11,27,"Missed Shot","Jump Shot","2PT Field Goal","Mid-Range","Right Side Center(RC)","16-24 ft.",22,71,217,1,0],["0020600410",468,4,8,26,"Missed Shot","Jump Shot","3PT Field Goal","Right Corner 3","Right Side(R)","24+ ft.",23,232,25,1,0],["0020600410",519,4,3,22,"Made Shot","Reverse Layup Shot","2PT Field Goal","Restricted Area","Center(C)","Less Than 8 ft.",0,0,0,1,1],["0020600410",536,4,2,30,"Missed Shot","Jump Shot","2PT Field Goal","Mid-Range","Right Side Center(RC)","16-24 ft.",23,187,137,1,0],["0020600410",539,4,2,26,"Made Shot","Layup Shot","2PT Field Goal","Restricted Area","Center(C)","Less Than 8 ft.",0,0,0,1,1],["0020600410",572,4,0,23,"Missed Shot","Jump Shot","2PT Field Goal","Mid-Range","Center(C)","16-24 ft.",22,11,225,1,0],["0020600425",156,2,9,46,"Missed Shot","Layup Shot","2PT Field Goal","Restricted Area","Center(C)","Less Than 8 ft.",0,0,0,1,0],["0020600425",391,4,10,19,"Missed Shot","Jump Shot","2PT Field Goal","Mid-Range","Left Side(L)","8-16 ft.",15,-143,71,1,0],["0020600518",119,2,11,43,"Missed Shot","Jump Shot","3PT Field Goal","Left Corner 3","Left Side(L)","24+ ft.",23,-238,5,1,0],["0020600518",139,2,9,37,"Missed Shot","Reverse Layup Shot","2PT Field Goal","Restricted Area","Center(C)","Less Than 8 ft.",2,21,5,1,0],["0020600518",147,2,8,51,"Made Shot","Jump Shot","3PT Field Goal","Left Corner 3","Left Side(L)","24+ ft.",22,-222,2,1,1],["0020600518",350,3,1,5,"Missed Shot","Jump Shot","2PT Field Goal","Mid-Range","Center(C)","16-24 ft.",16,3,160,1,0],["0020600518",359,3,0,2,"Missed Shot","Jump Shot","2PT Field Goal","Mid-Range","Left Side Center(LC)","16-24 ft.",20,-136,156,1,0],["0020600518",470,4,1,20,"Missed Shot","Jump Shot","3PT Field Goal","Left Corner 3","Left Side(L)","24+ ft.",23,-227,63,1,0],["0020600518",482,4,0,42,"Missed Shot","Layup Shot","2PT Field Goal","Restricted Area","Center(C)","Less Than 8 ft.",0,5,7,1,0],["0020600532",138,2,8,43,"Missed Shot","Finger Roll Shot","2PT Field Goal","Restricted Area","Center(C)","Less Than 8 ft.",3,34,0,1,0],["0020600532",142,2,8,18,"Made Shot","Jump Shot","2PT Field Goal","Mid-Range","Right Side Center(RC)","16-24 ft.",21,112,189,1,1],["0020600532",148,2,7,31,"Made Shot","Jump Shot","2PT Field Goal","Mid-Range","Right Side Center(RC)","16-24 ft.",22,80,210,1,1],["0020600532",152,2,6,52,"Missed Shot","Jump Shot","3PT Field Goal","Above the Break 3","Right Side Center(RC)","24+ ft.",25,110,225,1,0],["0020600532",155,2,6,28,"Made Shot","Driving Layup Shot","2PT Field Goal","Restricted Area","Center(C)","Less Than 8 ft.",1,-16,10,1,1],["0020600532",175,2,4,11,"Missed Shot","Jump Shot","3PT Field Goal","Above the Break 3","Center(C)","24+ ft.",24,-77,237,1,0],["0020600532",182,2,3,26,"Missed Shot","Reverse Layup Shot","2PT Field Goal","Restricted Area","Center(C)","Less Than 8 ft.",1,13,0,1,0],["0020600532",189,2,3,5,"Made Shot","Reverse Layup Shot","2PT Field Goal","Restricted Area","Center(C)","Less Than 8 ft.",2,29,0,1,1],["0020600532",199,2,2,10,"Missed Shot","Jump Shot","2PT Field Goal","Mid-Range","Left Side Center(LC)","16-24 ft.",21,-128,176,1,0],["0020600532",327,3,0,8,"Missed Shot","Jump Shot","2PT Field Goal","In The Paint (Non-RA)","Center(C)","Less Than 8 ft.",7,-44,59,1,0],["0020600532",335,4,11,45,"Missed Shot","Jump Shot","2PT Field Goal","Mid-Range","Right Side Center(RC)","16-24 ft.",19,103,161,1,0],["0020600532",357,4,10,7,"Missed Shot","Jump Shot","3PT Field Goal","Left Corner 3","Left Side(L)","24+ ft.",23,-230,8,1,0],["0020600532",438,4,1,41,"Missed Shot","Jump Shot","3PT Field Goal","Right Corner 3","Right Side(R)","24+ ft.",22,227,-1,1,0],["0020600543",142,2,8,3,"Missed Shot","Jump Shot","3PT Field Goal","Left Corner 3","Left Side(L)","24+ ft.",23,-230,56,1,0],["0020600543",333,3,0,0,"Missed Shot","Jump Shot","3PT Field Goal","Right Corner 3","Right Side(R)","24+ ft.",22,223,-13,1,0],["0020600558",220,2,5,0,"Missed Shot","Jump Shot","3PT Field Goal","Above the Break 3","Left Side Center(LC)","24+ ft.",26,-230,138,1,0],["0020600558",246,2,3,31,"Missed Shot","Jump Shot","3PT Field Goal","Above the Break 3","Left Side Center(LC)","24+ ft.",27,-223,156,1,0],["0020600558",267,2,1,10,"Made Shot","Jump Shot","3PT Field Goal","Left Corner 3","Left Side(L)","24+ ft.",23,-235,25,1,1],["0020600558",377,3,1,34,"Missed Shot","Jump Shot","2PT Field Goal","Mid-Range","Left Side(L)","16-24 ft.",19,-161,112,1,0],["0020600558",384,3,0,33,"Made Shot","Running Layup Shot","2PT Field Goal","Restricted Area","Center(C)","Less Than 8 ft.",0,0,0,1,1],["0020600558",405,4,10,29,"Made Shot","Layup Shot","2PT Field Goal","Restricted Area","Center(C)","Less Than 8 ft.",0,0,0,1,1],["0020600558",425,4,8,3,"Made Shot","Jump Shot","3PT Field Goal","Left Corner 3","Left Side(L)","24+ ft.",24,-243,40,1,1],["0020600558",433,4,7,3,"Made Shot","Jump Shot","3PT Field Goal","Right Corner 3","Right Side(R)","24+ ft.",24,238,46,1,1],["0020600558",472,4,2,4,"Made Shot","Running Jump Shot","2PT Field Goal","In The Paint (Non-RA)","Center(C)","8-16 ft.",8,0,82,1,1],["0020600584",331,4,9,37,"Missed Shot","Jump Shot","2PT Field Goal","Mid-Range","Right Side Center(RC)","16-24 ft.",16,67,146,1,0],["0020600584",420,4,0,0,"Made Shot","Layup Shot","2PT Field Goal","Restricted Area","Center(C)","Less Than 8 ft.",2,-21,2,1,1],["0020600595",103,1,0,36,"Made Shot","Fadeaway Jump Shot","2PT Field Goal","Mid-Range","Left Side Center(LC)","16-24 ft.",22,-136,174,1,1],["0020600595",137,2,9,57,"Missed Shot","Jump Shot","2PT Field Goal","Mid-Range","Left Side Center(LC)","16-24 ft.",17,-105,135,1,0],["0020600595",159,2,8,30,"Missed Shot","Jump Shot","3PT Field Goal","Above the Break 3","Left Side Center(LC)","24+ ft.",27,-194,194,1,0],["0020600595",317,3,5,14,"Made Shot","Jump Shot","3PT Field Goal","Above the Break 3","Right Side Center(RC)","24+ ft.",24,192,158,1,1],["0020600595",319,3,4,40,"Made Shot","Jump Shot","3PT Field Goal","Right Corner 3","Right Side(R)","24+ ft.",24,236,49,1,1],["0020600595",344,3,1,48,"Made Shot","Jump Shot","3PT Field Goal","Above the Break 3","Right Side Center(RC)","24+ ft.",26,225,138,1,1],["0020600595",380,4,10,36,"Missed Shot","Jump Shot","2PT Field Goal","In The Paint (Non-RA)","Center(C)","Less Than 8 ft.",5,-26,46,1,0],["0020600595",418,4,6,4,"Made Shot","Layup Shot","2PT Field Goal","Restricted Area","Center(C)","Less Than 8 ft.",2,10,20,1,1],["0020600595",422,4,5,41,"Missed Shot","Jump Shot","2PT Field Goal","Restricted Area","Center(C)","Less Than 8 ft.",3,-33,15,1,0],["0020600595",435,4,3,30,"Missed Shot","Jump Shot","3PT Field Goal","Left Corner 3","Left Side(L)","24+ ft.",24,-241,2,1,0],["0020600595",501,5,2,25,"Made Shot","Jump Shot","3PT Field Goal","Left Corner 3","Left Side(L)","24+ ft.",24,-241,18,1,1],["0020600595",512,5,0,59,"Missed Shot","Layup Shot","2PT Field Goal","Restricted Area","Center(C)","Less Than 8 ft.",2,-6,26,1,0],["0020600595",524,5,0,35,"Made Shot","Jump Shot","2PT Field Goal","Mid-Range","Center(C)","16-24 ft.",22,62,217,1,1],["0020600609",114,2,11,2,"Missed Shot","Layup Shot","2PT Field Goal","Restricted Area","Center(C)","Less Than 8 ft.",0,0,0,1,0],["0020600609",269,3,4,27,"Made Shot","Jump Shot","3PT Field Goal","Left Corner 3","Left Side(L)","24+ ft.",23,-230,25,1,1],["0020600609",290,3,1,20,"Made Shot","Jump Shot","3PT Field Goal","Above the Break 3","Left Side Center(LC)","24+ ft.",25,-97,233,1,1],["0020600609",320,4,10,59,"Missed Shot","Layup Shot","2PT Field Goal","Restricted Area","Center(C)","Less Than 8 ft.",1,-16,8,1,0],["0020600609",335,4,9,7,"Missed Shot","Jump Shot","2PT Field Goal","Mid-Range","Left Side(L)","16-24 ft.",21,-194,86,1,0],["0020600609",365,4,5,19,"Missed Shot","Jump Shot","2PT Field Goal","Mid-Range","Center(C)","16-24 ft.",17,-13,179,1,0],["0020600609",387,4,2,23,"Missed Shot","Layup Shot","2PT Field Goal","Restricted Area","Center(C)","Less Than 8 ft.",1,13,3,1,0],["0020600625",130,2,11,36,"Missed Shot","Jump Shot","2PT Field Goal","In The Paint (Non-RA)","Center(C)","Less Than 8 ft.",6,-2,69,1,0],["0020600625",144,2,9,25,"Missed Shot","Jump Shot","3PT Field Goal","Left Corner 3","Left Side(L)","24+ ft.",23,-235,-5,1,0],["0020600625",165,2,7,48,"Missed Shot","Jump Shot","3PT Field Goal","Above the Break 3","Left Side Center(LC)","24+ ft.",24,-128,209,1,0],["0020600625",323,3,4,46,"Missed Shot","Jump Shot","2PT Field Goal","Mid-Range","Left Side(L)","16-24 ft.",21,-172,122,1,0],["0020600625",327,3,4,31,"Missed Shot","Layup Shot","2PT Field Goal","Restricted Area","Center(C)","Less Than 8 ft.",1,16,5,1,0],["0020600625",368,3,0,32,"Missed Shot","Jump Shot","2PT Field Goal","Mid-Range","Left Side(L)","16-24 ft.",18,-177,38,1,0],["0020600625",381,4,11,10,"Missed Shot","Jump Shot","3PT Field Goal","Above the Break 3","Left Side Center(LC)","24+ ft.",24,-194,145,1,0],["0020600625",463,4,2,12,"Missed Shot","Layup Shot","2PT Field Goal","Restricted Area","Center(C)","Less Than 8 ft.",0,0,0,1,0],["0020600625",507,4,0,13,"Missed Shot","Jump Shot","3PT Field Goal","Above the Break 3","Right Side Center(RC)","24+ ft.",24,113,222,1,0],["0020600634",36,1,7,1,"Made Shot","Jump Shot","2PT Field Goal","Mid-Range","Right Side Center(RC)","16-24 ft.",22,154,161,1,1],["0020600634",38,1,6,16,"Made Shot","Jump Shot","3PT Field Goal","Above the Break 3","Left Side Center(LC)","24+ ft.",24,-95,224,1,1],["0020600634",46,1,5,23,"Missed Shot","Jump Shot","2PT Field Goal","Mid-Range","Left Side(L)","16-24 ft.",22,-192,109,1,0],["0020600634",57,1,3,55,"Missed Shot","Reverse Layup Shot","2PT Field Goal","Restricted Area","Center(C)","Less Than 8 ft.",0,0,0,1,0],["0020600634",95,1,0,33,"Made Shot","Jump Shot","2PT Field Goal","Mid-Range","Left Side(L)","8-16 ft.",15,-156,-3,1,1],["0020600634",109,2,11,44,"Made Shot","Jump Shot","3PT Field Goal","Above the Break 3","Left Side Center(LC)","24+ ft.",24,-187,155,1,1],["0020600634",123,2,9,43,"Made Shot","Driving Layup Shot","2PT Field Goal","Restricted Area","Center(C)","Less Than 8 ft.",0,0,0,1,1],["0020600634",139,2,7,59,"Missed Shot","Jump Shot","3PT Field Goal","Above the Break 3","Right Side Center(RC)","24+ ft.",24,177,176,1,0],["0020600634",147,2,7,28,"Missed Shot","Jump Shot","2PT Field Goal","Mid-Range","Center(C)","16-24 ft.",22,38,217,1,0],["0020600634",312,3,2,9,"Missed Shot","Driving Layup Shot","2PT Field Goal","Restricted Area","Center(C)","Less Than 8 ft.",0,0,0,1,0],["0020600634",380,4,6,37,"Missed Shot","Driving Layup Shot","2PT Field Goal","Restricted Area","Center(C)","Less Than 8 ft.",0,0,0,1,0],["0020600634",458,4,0,12,"Made Shot","Jump Shot","3PT Field Goal","Above the Break 3","Right Side Center(RC)","24+ ft.",24,120,210,1,1],["0020600658",137,2,9,1,"Missed Shot","Jump Shot","2PT Field Goal","Mid-Range","Right Side(R)","16-24 ft.",20,190,66,1,0],["0020600658",139,2,8,56,"Missed Shot","Jump Shot","3PT Field Goal","Above the Break 3","Left Side Center(LC)","24+ ft.",25,-227,114,1,0],["0020600658",469,4,2,0,"Made Shot","Jump Shot","3PT Field Goal","Above the Break 3","Left Side Center(LC)","24+ ft.",26,-204,174,1,1],["0020600670",358,3,0,14,"Missed Shot","Jump Shot","3PT Field Goal","Above the Break 3","Left Side Center(LC)","24+ ft.",29,-200,217,1,0],["0020600670",379,4,10,17,"Made Shot","Layup Shot","2PT Field Goal","Restricted Area","Center(C)","Less Than 8 ft.",3,-18,25,1,1],["0020600670",384,4,9,46,"Made Shot","Jump Shot","3PT Field Goal","Above the Break 3","Left Side Center(LC)","24+ ft.",25,-99,232,1,1],["0020600670",479,4,1,30,"Missed Shot","Jump Shot","3PT Field Goal","Left Corner 3","Left Side(L)","24+ ft.",22,-223,-1,1,0],["0020600721",373,4,1,10,"Made Shot","Jump Shot","3PT Field Goal","Left Corner 3","Left Side(L)","24+ ft.",22,-228,-5,1,1],["0020600731",331,3,1,16,"Missed Shot","Jump Shot","3PT Field Goal","Left Corner 3","Left Side(L)","24+ ft.",23,-233,10,1,0],["0020600731",336,3,0,48,"Missed Shot","Jump Shot","3PT Field Goal","Left Corner 3","Left Side(L)","24+ ft.",23,-232,0,1,0],["0020600731",383,4,8,15,"Missed Shot","Jump Shot","2PT Field Goal","Mid-Range","Right Side(R)","16-24 ft.",21,184,110,1,0],["0020600731",393,4,7,14,"Made Shot","Layup Shot","2PT Field Goal","Restricted Area","Center(C)","Less Than 8 ft.",0,-2,8,1,1],["0020600731",457,4,0,59,"Missed Shot","Jump Shot","3PT Field Goal","Right Corner 3","Right Side(R)","24+ ft.",23,235,8,1,0],["0020600920",123,2,10,43,"Missed Shot","Jump Shot","2PT Field Goal","Mid-Range","Left Side Center(LC)","16-24 ft.",22,-87,204,1,0],["0020600920",186,2,3,37,"Missed Shot","Jump Shot","3PT Field Goal","Right Corner 3","Right Side(R)","24+ ft.",23,230,17,1,0],["0020600920",364,4,9,31,"Made Shot","Jump Shot","2PT Field Goal","Mid-Range","Right Side Center(RC)","16-24 ft.",16,92,140,1,1],["0020600920",372,4,8,27,"Made Shot","Layup Shot","2PT Field Goal","Restricted Area","Center(C)","Less Than 8 ft.",0,-5,7,1,1],["0020600920",430,4,2,16,"Missed Shot","Jump Shot","3PT Field Goal","Above the Break 3","Center(C)","24+ ft.",25,-72,242,1,0],["0020600936",141,2,11,42,"Missed Shot","Jump Shot","2PT Field Goal","Mid-Range","Center(C)","16-24 ft.",21,-57,209,1,0],["0020600936",180,2,6,44,"Made Shot","Layup Shot","2PT Field Goal","Restricted Area","Center(C)","Less Than 8 ft.",0,0,2,1,1],["0020600936",428,4,3,7,"Made Shot","Jump Shot","3PT Field Goal","Left Corner 3","Left Side(L)","24+ ft.",24,-238,66,1,1],["0020600936",435,4,1,56,"Made Shot","Jump Shot","2PT Field Goal","Mid-Range","Center(C)","16-24 ft.",21,61,204,1,1],["0020600936",446,4,0,55,"Missed Shot","Jump Shot","2PT Field Goal","Mid-Range","Center(C)","16-24 ft.",22,-11,229,1,0],["0020600962",103,1,1,11,"Missed Shot","Jump Shot","2PT Field Goal","Mid-Range","Left Side Center(LC)","16-24 ft.",19,-118,150,1,0],["0020600962",122,1,0,0,"Made Shot","Jump Shot","3PT Field Goal","Left Corner 3","Left Side(L)","24+ ft.",22,-227,-23,1,1],["0020600962",136,2,10,51,"Made Shot","Jump Shot","2PT Field Goal","Mid-Range","Left Side Center(LC)","16-24 ft.",21,-133,166,1,1],["0020600962",145,2,9,41,"Made Shot","Jump Shot","2PT Field Goal","Mid-Range","Right Side Center(RC)","16-24 ft.",21,135,173,1,1],["0020600962",150,2,8,57,"Missed Shot","Jump Shot","2PT Field Goal","In The Paint (Non-RA)","Center(C)","Less Than 8 ft.",4,29,33,1,0],["0020600962",161,2,7,43,"Made Shot","Jump Shot","3PT Field Goal","Right Corner 3","Right Side(R)","24+ ft.",22,225,28,1,1],["0020600962",172,2,6,10,"Missed Shot","Jump Shot","2PT Field Goal","Mid-Range","Left Side(L)","16-24 ft.",20,-207,13,1,0],["0020600962",396,4,8,43,"Missed Shot","Layup Shot","2PT Field Goal","Restricted Area","Center(C)","Less Than 8 ft.",1,-11,5,1,0],["0020600975",84,1,1,32,"Made Shot","Jump Shot","3PT Field Goal","Above the Break 3","Center(C)","24+ ft.",24,-72,237,1,1],["0020600975",127,2,9,41,"Missed Shot","Jump Shot","3PT Field Goal","Above the Break 3","Center(C)","24+ ft.",25,66,245,1,0],["0020600975",141,2,8,17,"Made Shot","Jump Shot","2PT Field Goal","Mid-Range","Center(C)","16-24 ft.",18,52,179,1,1],["0020600975",216,2,0,0,"Missed Shot","Jump Shot","3PT Field Goal","Left Corner 3","Left Side(L)","24+ ft.",23,-232,-11,1,0],["0020600975",356,4,9,3,"Made Shot","Jump Shot","3PT Field Goal","Above the Break 3","Left Side Center(LC)","24+ ft.",25,-197,156,1,1],["0020600975",375,4,6,50,"Missed Shot","Jump Shot","2PT Field Goal","Mid-Range","Right Side(R)","16-24 ft.",19,199,0,1,0],["0020600975",444,4,0,28,"Missed Shot","Jump Shot","3PT Field Goal","Left Corner 3","Left Side(L)","24+ ft.",22,-227,17,1,0],["0020600984",127,2,9,47,"Missed Shot","Jump Shot","3PT Field Goal","Above the Break 3","Center(C)","24+ ft.",24,-39,237,1,0],["0020600984",138,2,9,3,"Missed Shot","Driving Layup Shot","2PT Field Goal","Restricted Area","Center(C)","Less Than 8 ft.",3,-33,3,1,0],["0020600984",470,4,2,32,"Missed Shot","Layup Shot","2PT Field Goal","Restricted Area","Center(C)","Less Than 8 ft.",1,1,15,1,0],["0020600996",129,2,9,55,"Missed Shot","Jump Shot","2PT Field Goal","Mid-Range","Left Side(L)","16-24 ft.",18,-156,107,1,0],["0020600996",132,2,9,13,"Missed Shot","Layup Shot","2PT Field Goal","Restricted Area","Center(C)","Less Than 8 ft.",0,0,0,1,0],["0020600996",147,2,7,31,"Missed Shot","Jump Shot","3PT Field Goal","Left Corner 3","Left Side(L)","24+ ft.",22,-227,23,1,0],["0020600996",164,2,6,21,"Missed Shot","Layup Shot","2PT Field Goal","Restricted Area","Center(C)","Less Than 8 ft.",0,0,0,1,0],["0020600996",207,2,2,11,"Missed Shot","Layup Shot","2PT Field Goal","Restricted Area","Center(C)","Less Than 8 ft.",0,0,0,1,0],["0020600996",359,3,0,9,"Missed Shot","Layup Shot","2PT Field Goal","Restricted Area","Center(C)","Less Than 8 ft.",0,0,0,1,0],["0020600996",364,3,0,0,"Made Shot","Jump Shot","2PT Field Goal","Mid-Range","Center(C)","16-24 ft.",22,-29,224,1,1],["0020600996",372,4,11,32,"Made Shot","Jump Shot","3PT Field Goal","Left Corner 3","Left Side(L)","24+ ft.",23,-232,22,1,1],["0020600996",378,4,10,32,"Missed Shot","Jump Shot","2PT Field Goal","In The Paint (Non-RA)","Center(C)","8-16 ft.",11,-51,100,1,0],["0020600996",383,4,9,58,"Made Shot","Jump Shot","2PT Field Goal","Mid-Range","Right Side Center(RC)","16-24 ft.",22,120,187,1,1],["0020600996",400,4,7,19,"Missed Shot","Layup Shot","2PT Field Goal","Restricted Area","Center(C)","Less Than 8 ft.",0,0,0,1,0],["0020600996",410,4,5,49,"Missed Shot","Layup Shot","2PT Field Goal","Restricted Area","Center(C)","Less Than 8 ft.",0,0,0,1,0],["0020600996",430,4,3,55,"Missed Shot","Layup Shot","2PT Field Goal","Restricted Area","Center(C)","Less Than 8 ft.",0,0,0,1,0],["0020600996",457,4,1,16,"Made Shot","Jump Shot","3PT Field Goal","Above the Break 3","Left Side Center(LC)","24+ ft.",25,-189,171,1,1],["0020600996",459,4,0,43,"Missed Shot","Jump Shot","2PT Field Goal","Mid-Range","Left Side(L)","16-24 ft.",18,-168,84,1,0],["0020601009",359,4,10,16,"Missed Shot","Jump Shot","3PT Field Goal","Above the Break 3","Center(C)","24+ ft.",24,-15,248,1,0],["0020601009",393,4,7,3,"Missed Shot","Jump Shot","2PT Field Goal","Mid-Range","Right Side Center(RC)","16-24 ft.",20,141,148,1,0],["0020601009",447,4,0,45,"Missed Shot","Tip Shot","2PT Field Goal","Restricted Area","Center(C)","Less Than 8 ft.",1,15,0,1,0],["0020601024",88,1,1,59,"Made Shot","Jump Shot","3PT Field Goal","Above the Break 3","Right Side Center(RC)","24+ ft.",24,97,222,1,1],["0020601024",403,4,7,19,"Missed Shot","Jump Shot","3PT Field Goal","Above the Break 3","Left Side Center(LC)","24+ ft.",26,-184,187,1,0],["0020601024",410,4,6,32,"Made Shot","Running Jump Shot","2PT Field Goal","In The Paint (Non-RA)","Center(C)","8-16 ft.",11,36,104,1,1],["0020601024",413,4,5,55,"Made Shot","Jump Shot","3PT Field Goal","Left Corner 3","Left Side(L)","24+ ft.",25,-241,81,1,1],["0020601024",442,4,2,6,"Missed Shot","Jump Shot","3PT Field Goal","Above the Break 3","Center(C)","24+ ft.",26,-5,263,1,0],["0020601024",448,4,1,22,"Made Shot","Jump Shot","3PT Field Goal","Above the Break 3","Left Side Center(LC)","24+ ft.",26,-189,179,1,1],["0020601061",364,4,10,12,"Made Shot","Dunk Shot","2PT Field Goal","Restricted Area","Center(C)","Less Than 8 ft.",1,16,-1,1,1],["0020601072",129,2,8,40,"Missed Shot","Jump Shot","3PT Field Goal","Above the Break 3","Left Side Center(LC)","24+ ft.",27,-200,191,1,0],["0020601072",141,2,7,16,"Missed Shot","Jump Shot","2PT Field Goal","Mid-Range","Right Side(R)","8-16 ft.",13,125,63,1,0],["0020601072",181,2,2,43,"Missed Shot","Jump Shot","2PT Field Goal","Mid-Range","Right Side Center(RC)","16-24 ft.",18,105,148,1,0],["0020601072",294,3,2,50,"Missed Shot","Jump Shot","3PT Field Goal","Above the Break 3","Center(C)","24+ ft.",25,-34,255,1,0],["0020601072",361,4,9,58,"Made Shot","Jump Shot","3PT Field Goal","Above the Break 3","Left Side Center(LC)","24+ ft.",24,-181,169,1,1],["0020601072",364,4,9,34,"Missed Shot","Jump Shot","3PT Field Goal","Above the Break 3","Left Side Center(LC)","24+ ft.",25,-210,146,1,0],["0020601094",166,2,5,25,"Missed Shot","Jump Shot","3PT Field Goal","Above the Break 3","Left Side Center(LC)","24+ ft.",24,-194,153,1,0],["0020601094",342,4,10,36,"Missed Shot","Jump Shot","3PT Field Goal","Left Corner 3","Left Side(L)","24+ ft.",24,-240,-1,1,0],["0020601113",115,1,0,30,"Missed Shot","Jump Shot","3PT Field Goal","Above the Break 3","Right Side Center(RC)","24+ ft.",24,222,112,1,0],["0020601113",150,2,9,39,"Missed Shot","Jump Shot","3PT Field Goal","Above the Break 3","Left Side Center(LC)","24+ ft.",28,-174,220,1,0],["0020601113",158,2,8,31,"Made Shot","Layup Shot","2PT Field Goal","Restricted Area","Center(C)","Less Than 8 ft.",0,0,0,1,1],["0020601113",163,2,7,38,"Made Shot","Jump Shot","2PT Field Goal","Mid-Range","Left Side Center(LC)","16-24 ft.",18,-74,173,1,1],["0020601113",206,2,3,11,"Made Shot","Jump Shot","2PT Field Goal","Mid-Range","Right Side Center(RC)","16-24 ft.",21,128,171,1,1],["0020601113",339,3,2,22,"Missed Shot","Jump Shot","3PT Field Goal","Above the Break 3","Right Side Center(RC)","24+ ft.",24,115,219,1,0],["0020601113",374,4,9,47,"Made Shot","Jump Shot","3PT Field Goal","Left Corner 3","Left Side(L)","24+ ft.",25,-243,74,1,1],["0020601113",402,4,7,55,"Missed Shot","Jump Shot","3PT Field Goal","Above the Break 3","Left Side Center(LC)","24+ ft.",25,-164,194,1,0],["0020601113",432,4,4,2,"Made Shot","Layup Shot","2PT Field Goal","Restricted Area","Center(C)","Less Than 8 ft.",0,0,0,1,1],["0020601123",8,1,10,9,"Missed Shot","Jump Shot","3PT Field Goal","Above the Break 3","Center(C)","24+ ft.",25,28,253,1,0],["0020601123",38,1,6,41,"Missed Shot","Layup Shot","2PT Field Goal","Restricted Area","Center(C)","Less Than 8 ft.",1,-10,7,1,0],["0020601123",43,1,5,55,"Made Shot","Jump Shot","3PT Field Goal","Above the Break 3","Left Side Center(LC)","24+ ft.",24,-151,199,1,1],["0020601123",58,1,4,10,"Missed Shot","Jump Shot","3PT Field Goal","Above the Break 3","Left Side Center(LC)","24+ ft.",24,-209,120,1,0],["0020601123",80,1,2,10,"Missed Shot","Jump Shot","3PT Field Goal","Left Corner 3","Left Side(L)","24+ ft.",23,-237,-11,1,0],["0020601123",118,2,10,13,"Made Shot","Finger Roll Shot","2PT Field Goal","Restricted Area","Center(C)","Less Than 8 ft.",0,-5,-1,1,1],["0020601123",122,2,9,33,"Missed Shot","Jump Shot","2PT Field Goal","Mid-Range","Right Side(R)","16-24 ft.",17,166,53,1,0],["0020601123",183,2,3,33,"Missed Shot","Jump Shot","3PT Field Goal","Left Corner 3","Left Side(L)","24+ ft.",24,-238,49,1,0],["0020601123",274,3,5,41,"Made Shot","Jump Shot","3PT Field Goal","Above the Break 3","Left Side Center(LC)","24+ ft.",25,-202,153,1,1],["0020601123",283,3,4,17,"Made Shot","Jump Shot","3PT Field Goal","Above the Break 3","Left Side Center(LC)","24+ ft.",24,-209,125,1,1],["0020601123",291,3,3,6,"Missed Shot","Jump Shot","3PT Field Goal","Above the Break 3","Center(C)","24+ ft.",25,-25,257,1,0],["0020601123",385,4,5,42,"Missed Shot","Jump Shot","3PT Field Goal","Right Corner 3","Right Side(R)","24+ ft.",23,227,48,1,0],["0020601123",407,4,3,32,"Missed Shot","Jump Shot","2PT Field Goal","Mid-Range","Right Side(R)","8-16 ft.",15,110,109,1,0],["0020601135",9,1,11,6,"Missed Shot","Jump Shot","3PT Field Goal","Right Corner 3","Right Side(R)","24+ ft.",23,238,18,1,0],["0020601135",24,1,8,50,"Missed Shot","Jump Shot","2PT Field Goal","Mid-Range","Left Side(L)","16-24 ft.",18,-182,23,1,0],["0020601135",131,2,9,22,"Missed Shot","Jump Shot","2PT Field Goal","Mid-Range","Right Side Center(RC)","16-24 ft.",18,118,146,1,0],["0020601135",162,2,6,14,"Missed Shot","Jump Shot","3PT Field Goal","Left Corner 3","Left Side(L)","24+ ft.",23,-233,-13,1,0],["0020601135",171,2,5,34,"Made Shot","Layup Shot","2PT Field Goal","Restricted Area","Center(C)","Less Than 8 ft.",1,15,5,1,1],["0020601135",214,2,1,27,"Made Shot","Jump Shot","3PT Field Goal","Right Corner 3","Right Side(R)","24+ ft.",23,233,7,1,1],["0020601135",238,3,11,36,"Made Shot","Jump Shot","3PT Field Goal","Above the Break 3","Center(C)","24+ ft.",24,64,238,1,1],["0020601135",245,3,10,32,"Missed Shot","Jump Shot","3PT Field Goal","Right Corner 3","Right Side(R)","24+ ft.",24,235,69,1,0],["0020601135",277,3,6,59,"Missed Shot","Jump Shot","3PT Field Goal","Above the Break 3","Center(C)","24+ ft.",25,31,250,1,0],["0020601135",279,3,6,53,"Missed Shot","Layup Shot","2PT Field Goal","Restricted Area","Center(C)","Less Than 8 ft.",1,11,-5,1,0],["0020601135",290,3,5,32,"Made Shot","Running Jump Shot","2PT Field Goal","Restricted Area","Center(C)","Less Than 8 ft.",2,-10,23,1,1],["0020601135",377,4,8,48,"Missed Shot","Jump Shot","2PT Field Goal","Mid-Range","Right Side(R)","8-16 ft.",12,108,56,1,0],["0020601135",397,4,6,51,"Missed Shot","Jump Shot","2PT Field Goal","Restricted Area","Center(C)","Less Than 8 ft.",3,-15,28,1,0],["0020601135",401,4,6,39,"Made Shot","Reverse Layup Shot","2PT Field Goal","Restricted Area","Center(C)","Less Than 8 ft.",1,18,7,1,1],["0020601135",421,4,4,41,"Made Shot","Driving Layup Shot","2PT Field Goal","Restricted Area","Center(C)","Less Than 8 ft.",2,20,3,1,1],["0020601135",458,4,1,56,"Missed Shot","Jump Shot","2PT Field Goal","Mid-Range","Center(C)","16-24 ft.",19,8,199,1,0],["0020601135",465,4,1,7,"Made Shot","Jump Shot","2PT Field Goal","Mid-Range","Center(C)","16-24 ft.",21,20,217,1,1],["0020601135",470,4,0,32,"Made Shot","Jump Shot","3PT Field Goal","Above the Break 3","Center(C)","24+ ft.",25,18,257,1,1],["0020601160",17,1,9,52,"Made Shot","Jump Shot","2PT Field Goal","Mid-Range","Left Side(L)","16-24 ft.",17,-156,86,1,1],["0020601160",23,1,8,37,"Made Shot","Jump Shot","3PT Field Goal","Left Corner 3","Left Side(L)","24+ ft.",23,-233,-6,1,1],["0020601160",25,1,7,57,"Missed Shot","Jump Shot","3PT Field Goal","Above the Break 3","Left Side Center(LC)","24+ ft.",25,-115,225,1,0],["0020601160",31,1,7,32,"Missed Shot","Jump Shot","2PT Field Goal","In The Paint (Non-RA)","Center(C)","8-16 ft.",14,-61,130,1,0],["0020601160",126,2,9,4,"Missed Shot","Jump Shot","2PT Field Goal","Restricted Area","Center(C)","Less Than 8 ft.",3,-34,17,1,0],["0020601160",246,3,7,44,"Made Shot","Jump Shot","3PT Field Goal","Above the Break 3","Right Side Center(RC)","24+ ft.",25,118,222,1,1],["0020601160",253,3,6,59,"Missed Shot","Jump Shot","3PT Field Goal","Left Corner 3","Left Side(L)","24+ ft.",24,-238,51,1,0],["0020601160",359,4,8,10,"Missed Shot","Jump Shot","2PT Field Goal","Mid-Range","Right Side(R)","8-16 ft.",12,117,48,1,0],["0020601160",385,4,4,51,"Missed Shot","Tip Shot","2PT Field Goal","Restricted Area","Center(C)","Less Than 8 ft.",0,0,0,1,0],["0020601164",6,1,11,21,"Made Shot","Jump Shot","2PT Field Goal","Mid-Range","Center(C)","16-24 ft.",22,-3,224,1,1],["0020601164",84,1,1,47,"Made Shot","Jump Shot","3PT Field Goal","Above the Break 3","Right Side Center(RC)","24+ ft.",24,131,204,1,1],["0020601164",91,1,1,4,"Made Shot","Jump Shot","3PT Field Goal","Right Corner 3","Right Side(R)","24+ ft.",23,227,66,1,1],["0020601164",107,1,0,6,"Made Shot","Jump Shot","2PT Field Goal","Mid-Range","Right Side(R)","8-16 ft.",14,136,49,1,1],["0020601164",138,2,9,3,"Missed Shot","Jump Shot","2PT Field Goal","Mid-Range","Right Side Center(RC)","16-24 ft.",19,112,164,1,0],["0020601164",155,2,7,17,"Missed Shot","Jump Shot","3PT Field Goal","Right Corner 3","Right Side(R)","24+ ft.",22,223,49,1,0],["0020601164",340,4,9,58,"Made Shot","Jump Shot","2PT Field Goal","Mid-Range","Center(C)","16-24 ft.",19,13,191,1,1],["0020601164",343,4,8,59,"Missed Shot","Jump Shot","3PT Field Goal","Left Corner 3","Left Side(L)","24+ ft.",23,-232,0,1,0],["0020601164",387,4,3,52,"Missed Shot","Running Jump Shot","2PT Field Goal","In The Paint (Non-RA)","Left Side(L)","8-16 ft.",9,-51,77,1,0],["0020601164",396,4,2,57,"Missed Shot","Jump Shot","3PT Field Goal","Above the Break 3","Left Side Center(LC)","24+ ft.",25,-151,202,1,0],["0020601164",409,4,1,51,"Missed Shot","Jump Shot","3PT Field Goal","Above the Break 3","Right Side Center(RC)","24+ ft.",24,126,215,1,0],["0020601164",427,4,0,40,"Made Shot","Jump Shot","3PT Field Goal","Above the Break 3","Center(C)","24+ ft.",24,-20,248,1,1],["0020601176",77,1,0,28,"Made Shot","Jump Shot","3PT Field Goal","Right Corner 3","Right Side(R)","24+ ft.",23,232,2,1,1],["0020601176",143,2,5,48,"Made Shot","Jump Shot","3PT Field Goal","Left Corner 3","Left Side(L)","24+ ft.",23,-232,-3,1,1],["0020601176",160,2,4,1,"Missed Shot","Layup Shot","2PT Field Goal","Restricted Area","Center(C)","Less Than 8 ft.",2,-23,5,1,0],["0020601176",307,3,1,19,"Missed Shot","Jump Shot","3PT Field Goal","Above the Break 3","Center(C)","24+ ft.",25,3,252,1,0],["0020601176",370,4,8,9,"Missed Shot","Jump Shot","3PT Field Goal","Above the Break 3","Right Side Center(RC)","24+ ft.",25,228,105,1,0],["0020601176",414,4,2,52,"Made Shot","Jump Shot","2PT Field Goal","Mid-Range","Left Side Center(LC)","16-24 ft.",22,-87,206,1,1],["0020601200",234,2,2,23,"Missed Shot","Jump Shot","2PT Field Goal","Mid-Range","Right Side Center(RC)","16-24 ft.",21,171,138,1,0],["0020601200",270,2,0,3,"Missed Shot","Jump Shot","2PT Field Goal","Mid-Range","Left Side Center(LC)","16-24 ft.",21,-149,156,1,0],["0020601200",436,4,6,27,"Made Shot","Jump Shot","3PT Field Goal","Left Corner 3","Left Side(L)","24+ ft.",23,-228,51,1,1],["0020601200",451,4,5,15,"Missed Shot","Jump Shot","3PT Field Goal","Left Corner 3","Left Side(L)","24+ ft.",23,-235,46,1,0],["0020601221",27,1,9,16,"Made Shot","Jump Shot","3PT Field Goal","Above the Break 3","Left Side Center(LC)","24+ ft.",25,-241,94,1,1],["0020601221",29,1,8,46,"Missed Shot","Jump Shot","3PT Field Goal","Above the Break 3","Right Side Center(RC)","24+ ft.",25,190,163,1,0],["0020601221",41,1,7,44,"Missed Shot","Jump Shot","2PT Field Goal","Mid-Range","Center(C)","16-24 ft.",20,15,204,1,0],["0020601221",62,1,4,14,"Made Shot","Jump Shot","3PT Field Goal","Above the Break 3","Left Side Center(LC)","24+ ft.",25,-223,118,1,1],["0020601221",166,2,4,28,"Made Shot","Driving Layup Shot","2PT Field Goal","Restricted Area","Center(C)","Less Than 8 ft.",1,-18,0,1,1],["0020601221",173,2,3,33,"Missed Shot","Jump Shot","2PT Field Goal","Mid-Range","Center(C)","16-24 ft.",21,51,210,1,0],["0020601221",197,2,1,38,"Made Shot","Jump Shot","2PT Field Goal","Mid-Range","Left Side(L)","16-24 ft.",19,-199,0,1,1],["0020601221",204,2,0,45,"Made Shot","Jump Shot","3PT Field Goal","Above the Break 3","Center(C)","24+ ft.",24,47,242,1,1],["0020601221",221,3,11,33,"Made Shot","Jump Shot","2PT Field Goal","Mid-Range","Center(C)","16-24 ft.",22,49,219,1,1],["0020601221",252,3,8,2,"Missed Shot","Jump Shot","2PT Field Goal","Mid-Range","Right Side(R)","8-16 ft.",15,90,122,1,0],["0020601221",262,3,7,4,"Missed Shot","Jump Shot","3PT Field Goal","Above the Break 3","Right Side Center(RC)","24+ ft.",25,184,181,1,0],["0020601221",277,3,5,23,"Made Shot","Jump Shot","3PT Field Goal","Above the Break 3","Right Side Center(RC)","24+ ft.",24,220,118,1,1],["0020601221",283,3,4,14,"Missed Shot","Finger Roll Shot","2PT Field Goal","Restricted Area","Center(C)","Less Than 8 ft.",3,33,-1,1,0],["0020601221",286,3,3,47,"Missed Shot","Jump Shot","2PT Field Goal","Mid-Range","Center(C)","16-24 ft.",21,28,214,1,0],["0020601221",291,3,2,49,"Missed Shot","Layup Shot","2PT Field Goal","Restricted Area","Center(C)","Less Than 8 ft.",2,-20,15,1,0]]}},"GameList":{"20600962":[200810,"0020600962","03/14/2007","BOS","Celtics","ATL","Hawks",2,10,4,8,2,2,6,0,1,1,2],"20600532":[200810,"0020600532","01/12/2007","BOS","Celtics","TOR","Raptors",0,11,4,13,0,4,3,0,0,1,2],"20600984":[200810,"0020600984","03/17/2007","BOS","Celtics","SAS","Spurs",1,0,0,3,0,1,4,0,0,2,2],"20600595":[200810,"0020600595","01/20/2007","BOS","Celtics","WAS","Wizards",2,20,7,13,4,6,2,0,1,1,1],"20601200":[200810,"0020601200","04/15/2007","BOS","Celtics","ORL","Magic",0,3,1,4,1,2,2,0,1,3,0],"20601024":[200810,"0020601024","03/23/2007","BOS","Celtics","DAL","Mavericks",0,13,4,6,3,5,1,0,0,3,2],"20600251":[200810,"0020600251","12/04/2006","BOS","Celtics","CHI","Bulls",1,9,4,6,1,2,3,0,1,0,2],"20601009":[200810,"0020601009","03/21/2007","BOS","Celtics","CHA","Bobcats",2,0,0,3,0,1,1,1,1,1,3],"20601164":[200810,"0020601164","04/11/2007","BOS","Celtics","PHI","76ers",0,15,6,12,3,7,5,0,0,3,0],"20601160":[200810,"0020601160","04/10/2007","BOS","Celtics","ATL","Hawks",1,8,3,9,2,4,4,0,2,2,3],"20600313":[200810,"0020600313","12/13/2006","BOS","Celtics","PHI","76ers",1,0,0,1,0,0,2,0,1,0,0],"20601094":[200810,"0020601094","04/01/2007","BOS","Celtics","CLE","Cavaliers",0,0,0,2,0,2,2,0,2,1,0],"20601123":[200810,"0020601123","04/06/2007","BOS","Celtics","MIA","Heat",1,13,4,13,3,9,3,1,0,3,4],"20601045":[200810,"0020601045","03/26/2007","BOS","Celtics","TOR","Raptors",0,0,0,0,0,0,0,0,0,0,1],"20600625":[200810,"0020600625","01/24/2007","BOS","Celtics","ATL","Hawks",0,1,0,9,0,4,0,0,0,0,0],"20600609":[200810,"0020600609","01/22/2007","BOS","Celtics","SAS","Spurs",1,6,2,7,2,2,1,0,0,2,3],"20600441":[200810,"0020600441","12/29/2006","BOS","Celtics","GSW","Warriors",1,0,0,0,0,0,0,0,0,0,0],"20600920":[200810,"0020600920","03/09/2007","BOS","Celtics","SEA","SuperSonics",0,4,2,5,0,2,2,0,0,1,1],"20600410":[200810,"0020600410","12/26/2006","BOS","Celtics","DEN","Nuggets",2,12,5,10,1,3,1,0,1,0,1],"20601221":[200810,"0020601221","04/18/2007","BOS","Celtics","DET","Pistons",2,18,7,15,4,6,3,0,0,3,2],"20600159":[200810,"0020600159","11/22/2006","BOS","Celtics","CHA","Bobcats",0,0,0,1,0,0,1,0,0,0,0],"20600936":[200810,"0020600936","03/11/2007","BOS","Celtics","CHI","Bulls",3,7,3,5,1,1,1,0,1,1,4],"20600731":[200810,"0020600731","02/07/2007","BOS","Celtics","MIA","Heat",0,3,1,5,0,3,1,0,0,1,4],"20600954":[200810,"0020600954","03/13/2007","BOS","Celtics","CHI","Bulls",0,0,0,0,0,0,0,0,0,0,0],"20600975":[200810,"0020600975","03/16/2007","BOS","Celtics","DAL","Mavericks",1,8,3,7,2,5,2,0,0,2,1],"20600120":[200810,"0020600120","11/17/2006","BOS","Celtics","POR","Trail Blazers",0,1,0,3,0,1,0,0,0,1,0],"20600996":[200810,"0020600996","03/19/2007","BOS","Celtics","NOK","Hornets",1,12,4,15,2,3,1,0,1,1,5],"20600670":[200810,"0020600670","01/30/2007","BOS","Celtics","IND","Pacers",1,8,2,4,1,3,6,0,0,0,3],"20601176":[200810,"0020601176","04/13/2007","BOS","Celtics","MIL","Bucks",2,10,3,6,2,4,3,0,1,1,4],"20601113":[200810,"0020601113","04/04/2007","BOS","Celtics","MIL","Bucks",3,15,5,9,1,5,3,0,0,3,3],"20600367":[200810,"0020600367","12/20/2006","BOS","Celtics","GSW","Warriors",0,0,0,0,0,0,0,0,0,0,0],"20600658":[200810,"0020600658","01/28/2007","BOS","Celtics","WAS","Wizards",0,3,1,3,1,2,0,0,0,1,1],"20600584":[200810,"0020600584","01/19/2007","BOS","Celtics","SAC","Kings",0,2,1,2,0,0,1,0,0,1,1],"20601072":[200810,"0020601072","03/30/2007","BOS","Celtics","PHI","76ers",2,7,1,6,1,4,4,0,1,0,0],"20600543":[200810,"0020600543","01/13/2007","BOS","Celtics","DET","Pistons",1,2,0,2,0,2,0,0,0,1,1],"20601135":[200810,"0020601135","04/07/2007","BOS","Celtics","IND","Pacers",2,22,8,18,3,7,5,1,1,0,4],"20600558":[200810,"0020600558","01/15/2007","BOS","Celtics","ATL","Hawks",3,22,6,9,3,5,2,0,1,0,2],"20600634":[200810,"0020600634","01/26/2007","BOS","Celtics","TOR","Raptors",3,17,6,12,3,4,4,0,0,1,4],"20600721":[200810,"0020600721","02/06/2007","BOS","Celtics","DET","Pistons",0,3,1,1,1,1,0,0,0,0,1],"20601061":[200810,"0020601061","03/28/2007","BOS","Celtics","ORL","Magic",0,2,1,1,0,0,0,0,0,0,0],"20600384":[200810,"0020600384","12/22/2006","BOS","Celtics","PHI","76ers",0,0,0,2,0,1,1,0,0,0,0],"20600743":[200810,"0020600743","02/09/2007","BOS","Celtics","NJN","Nets",0,0,0,0,0,0,0,0,1,0,0],"20600425":[200810,"0020600425","12/27/2006","BOS","Celtics","LAC","Clippers",2,0,0,2,0,0,2,0,0,0,2],"20601204":[200810,"0020601204","04/16/2007","BOS","Celtics","MIA","Heat",1,0,0,0,0,0,1,0,0,0,0],"20600678":[200810,"0020600678","01/31/2007","BOS","Celtics","LAL","Lakers",0,0,0,0,0,0,0,0,0,0,0],"20600518":[200810,"0020600518","01/10/2007","BOS","Celtics","IND","Pacers",0,3,1,7,1,3,2,0,2,1,0],"20600692":[200810,"0020600692","02/02/2007","BOS","Celtics","LAC","Clippers",0,0,0,0,0,0,0,0,0,1,0]},"data":[23.0,47,5,15.1,2.1,5.5,0.386,1.0,2.5,0.414,0.9,1.2,0.764,0.4,1.1,1.5,0.9,0.4,0.1,0.9,1.8,6.2],"rank":{"PerGame":[null,null,null,null,null,null,null,null,null,null,null,null,null,null,null,null,null,null,null],"Totals":[301,278,265,null,127,144,null,283,290,null,320,330,332,288,295,342,285,270,316]},"team":"BOS"}},"headerData":["PLAYER_AGE","GP","GS","MIN","FGM","FGA","FG_PCT","FG3M","FG3A","FG3_PCT","FTM","FTA","FT_PCT","OREB","DREB","REB","AST","STL","BLK","TOV","PF","PTS"],"PostSeason":{}}}