{"info":{"FIRST_NAME":"Alvin","LAST_NAME":"Heggs","WEIGHT":"225","COUNTRY":"USA","SCHOOL":"Texas","BIRTHDATE":"1967-12-08T00:00:00","HEIGHT":"6-8","TO_YEAR":1995,"DLEAGUE":"N","FROM_YEAR":1995,"TEAM":"HOU","PERSON_ID":76987,"SEASON_EXP":0,"POSITION":"Forward","ROSTERSTATUS":"Active","ALL_STAR":0,"PIE":0,"JERSEY":"55"},"career":{"header":["MIN","FGM","FGA","FG_PCT","FG3M","FG3A","FG3_PCT","FTM","FTA","FT_PCT","OREB","DREB","REB","AST","STL","BLK","TOV","PF","PTS"],"RegularSeason":{"PerGame":[3.5,0.8,1.3,0.6,0.0,0.0,0.0,0.5,0.8,0.667,0.3,0.3,0.5,0.0,0.0,0.0,0.0,0.0,2.0],"GS":0,"GP":4},"PostSeason":{}},"season":{"headerRank":["RANK_PG_MIN","RANK_PG_FGM","RANK_PG_FGA","RANK_FG_PCT","RANK_PG_FG3M","RANK_PG_FG3A","RANK_FG3_PCT","RANK_PG_FTM","RANK_PG_FTA","RANK_FT_PCT","RANK_PG_OREB","RANK_PG_DREB","RANK_PG_REB","RANK_PG_AST","RANK_PG_STL","RANK_PG_BLK","RANK_PG_TOV","RANK_PG_PTS","RANK_PG_EFF"],"headerGame":["PLAYER_ID","GAME_ID","GAME_DATE","TEAM_ABBREVIATION","TEAM_NAME","VS_TEAM_ABBREVIATION","VS_TEAM_NAME","TOV","PTS","FGM","FGA","FG3M","FG3A","PF","BLK","STL","AST","REB"],"RegularSeason":{"1995":{"GameList":{"29500101":[76987,"0029500101","11/16/1995","HOU","Rockets","MIL","Bucks",0,7,3,3,0,0,0,0,0,0,1],"29500033":[76987,"0029500033","11/07/1995","HOU","Rockets","MIL","Bucks",0,0,0,0,0,0,0,0,0,0,0],"29500068":[76987,"0029500068","11/11/1995","HOU","Rockets","MIN","Timberwolves",0,1,0,0,0,0,0,0,0,0,1],"29500006":[76987,"0029500006","11/03/1995","HOU","Rockets","GOS","Warriors",0,0,0,2,0,0,0,0,0,0,0]},"data":[28.0,4,0,3.5,0.8,1.3,0.6,0.0,0.0,0.0,0.5,0.8,0.667,0.3,0.3,0.5,0.0,0.0,0.0,0.0,0.0,2.0],"rank":{"PerGame":[null,null,null,null,null,null,null,null,null,null,null,null,null,null,null,null,null,null,null],"Totals":[423,411,420,null,301,366,null,404,408,null,410,419,417,421,413,393,423,413,411]},"team":"HOU"}},"headerData":["PLAYER_AGE","GP","GS","MIN","FGM","FGA","FG_PCT","FG3M","FG3A","FG3_PCT","FTM","FTA","FT_PCT","OREB","DREB","REB","AST","STL","BLK","TOV","PF","PTS"],"PostSeason":{}}}