{"info":{"FIRST_NAME":"Al","LAST_NAME":"Carlson","WEIGHT":"235","COUNTRY":"USA","SCHOOL":"Oregon","BIRTHDATE":"1951-09-17T00:00:00","HEIGHT":"6-11","TO_YEAR":1975,"DLEAGUE":"N","FROM_YEAR":1975,"TEAM":"SEA","PERSON_ID":76343,"SEASON_EXP":0,"POSITION":"Center","ROSTERSTATUS":"Active","ALL_STAR":0,"PIE":0,"JERSEY":"35"},"career":{"header":["MIN","FGM","FGA","FG_PCT","FG3M","FG3A","FG3_PCT","FTM","FTA","FT_PCT","OREB","DREB","REB","AST","STL","BLK","TOV","PF","PTS"],"RegularSeason":{"PerGame":[10.0,1.0,2.8,0.342,null,null,null,0.6,1.0,0.621,1.1,1.5,2.6,0.5,0.3,0.4,null,1.4,2.6],"GS":null,"GP":28},"PostSeason":{}},"season":{"headerRank":["RANK_PG_MIN","RANK_PG_FGM","RANK_PG_FGA","RANK_FG_PCT","RANK_PG_FG3M","RANK_PG_FG3A","RANK_FG3_PCT","RANK_PG_FTM","RANK_PG_FTA","RANK_FT_PCT","RANK_PG_OREB","RANK_PG_DREB","RANK_PG_REB","RANK_PG_AST","RANK_PG_STL","RANK_PG_BLK","RANK_PG_TOV","RANK_PG_PTS","RANK_PG_EFF"],"headerGame":["PLAYER_ID","SEASON_YEAR","TOV","PTS","FGM","FG3M","FG3A","PF","BLK","STL","AST","REB"],"RegularSeason":{"1975":{"GameList":{"27500166":[76343,"0027500166","12/03/1975","SEA","SuperSonics","HOU","Rockets",0,4,0,0,0,0,0,0,0,0,0],"27500161":[76343,"0027500161","12/02/1975","SEA","SuperSonics","KCK","Kings",0,4,0,0,0,0,0,0,0,0,0],"27500145":[76343,"0027500145","11/28/1975","SEA","SuperSonics","PHL","76ers",0,2,0,0,0,0,0,0,0,0,0],"27500254":[76343,"0027500254","12/23/1975","SEA","SuperSonics","POR","Trail Blazers",0,7,0,0,0,0,0,0,0,0,0],"27500008":[76343,"0027500008","10/24/1975","SEA","SuperSonics","POR","Trail Blazers",0,2,0,0,0,0,0,0,0,0,0],"27500287":[76343,"0027500287","12/30/1975","SEA","SuperSonics","LAL","Lakers",0,0,0,0,0,0,0,0,0,0,0],"27500264":[76343,"0027500264","12/26/1975","SEA","SuperSonics","KCK","Kings",0,0,0,0,0,0,0,0,0,0,0],"27500247":[76343,"0027500247","12/21/1975","SEA","SuperSonics","MIL","Bucks",0,2,0,0,0,0,0,0,0,0,0],"27500305":[76343,"0027500305","01/04/1976","SEA","SuperSonics","GOS","Warriors",0,0,0,0,0,0,0,0,0,0,0],"27500182":[76343,"0027500182","12/07/1975","SEA","SuperSonics","GOS","Warriors",0,4,0,0,0,0,0,0,0,0,0],"27500180":[76343,"0027500180","12/06/1975","SEA","SuperSonics","GOS","Warriors",0,6,0,0,0,0,0,0,0,0,0],"27500327":[76343,"0027500327","01/09/1976","SEA","SuperSonics","PHX","Suns",0,0,0,0,0,0,0,0,0,0,0],"27500223":[76343,"0027500223","12/17/1975","SEA","SuperSonics","CLE","Cavaliers",0,4,0,0,0,0,0,0,0,0,0],"27500067":[76343,"0027500067","11/08/1975","SEA","SuperSonics","ATL","Hawks",0,1,0,0,0,0,0,0,0,0,0],"27503006":[76343,"0027503006","11/29/1975","SEA","SuperSonics","CLE","Cavaliers",0,4,0,0,0,0,0,0,0,0,0],"27500078":[76343,"0027500078","11/12/1975","SEA","SuperSonics","KCK","Kings",0,0,0,0,0,0,0,0,0,0,0],"27500278":[76343,"0027500278","12/28/1975","SEA","SuperSonics","HOU","Rockets",0,2,0,0,0,0,0,0,0,0,0],"27500015":[76343,"0027500015","10/26/1975","SEA","SuperSonics","PHX","Suns",0,3,0,0,0,0,0,0,0,0,0],"27500270":[76343,"0027500270","12/27/1975","SEA","SuperSonics","LAL","Lakers",0,5,0,0,0,0,0,0,0,0,0],"27500233":[76343,"0027500233","12/19/1975","SEA","SuperSonics","NOJ","Jazz",0,6,0,0,0,0,0,0,0,0,0],"27500052":[76343,"0027500052","11/05/1975","SEA","SuperSonics","DET","Pistons",0,0,0,0,0,0,0,0,0,0,0],"27500031":[76343,"0027500031","10/31/1975","SEA","SuperSonics","LAL","Lakers",0,2,0,0,0,0,0,0,0,0,0],"27500319":[76343,"0027500319","01/07/1976","SEA","SuperSonics","NYK","Knicks",0,3,0,0,0,0,0,0,0,0,0],"27500191":[76343,"0027500191","12/10/1975","SEA","SuperSonics","CHI","Bulls",0,4,0,0,0,0,0,0,0,0,0],"27500070":[76343,"0027500070","11/09/1975","SEA","SuperSonics","NOJ","Jazz",0,4,0,0,0,0,0,0,0,0,0],"27500215":[76343,"0027500215","12/14/1975","SEA","SuperSonics","PHL","76ers",0,0,0,0,0,0,0,0,0,0,0],"27500201":[76343,"0027500201","12/12/1975","SEA","SuperSonics","DET","Pistons",0,3,0,0,0,0,0,0,0,0,0]},"data":[24.0,28,null,10.0,1.0,2.8,0.342,null,null,null,0.6,1.0,0.621,1.1,1.5,2.6,0.5,0.3,0.4,null,1.4,2.6],"rank":{"PerGame":[null,null,null,null,null,null,null,null,null,null,null,null,null,null,null,null,null,null,null],"Totals":[203,213,206,null,null,null,null,202,198,null,178,190,188,214,206,132,null,210,1]},"team":"SEA"}},"headerData":["PLAYER_AGE","GP","GS","MIN","FGM","FGA","FG_PCT","FG3M","FG3A","FG3_PCT","FTM","FTA","FT_PCT","OREB","DREB","REB","AST","STL","BLK","TOV","PF","PTS"],"PostSeason":{}}}