{"info":{"FIRST_NAME":"Alvin","LAST_NAME":"Jones","WEIGHT":"265","COUNTRY":"USA","SCHOOL":"Georgia Tech","BIRTHDATE":"1978-09-09T00:00:00","HEIGHT":"6-11","TO_YEAR":2002,"DLEAGUE":"N","FROM_YEAR":2001,"TEAM":"PHI","PERSON_ID":2264,"SEASON_EXP":1,"POSITION":"Center","ROSTERSTATUS":"Active","ALL_STAR":0,"PIE":0,"JERSEY":"42"},"career":{"header":["MIN","FGM","FGA","FG_PCT","FG3M","FG3A","FG3_PCT","FTM","FTA","FT_PCT","OREB","DREB","REB","AST","STL","BLK","TOV","PF","PTS"],"RegularSeason":{"PerGame":[5.4,0.3,0.9,0.4,0.0,0.0,0.0,0.4,0.9,0.5,0.6,1.0,1.6,0.1,0.1,0.4,0.5,1.5,1.1],"GS":2,"GP":23},"PostSeason":{"PerGame":[2.0,0.0,0.0,0.0,0.0,0.0,0.0,0.0,0.0,0.0,0.0,0.5,0.5,0.0,0.0,0.0,0.5,0.0,0.0],"GS":0,"GP":2}},"season":{"headerRank":["RANK_PG_MIN","RANK_PG_FGM","RANK_PG_FGA","RANK_FG_PCT","RANK_PG_FG3M","RANK_PG_FG3A","RANK_FG3_PCT","RANK_PG_FTM","RANK_PG_FTA","RANK_FT_PCT","RANK_PG_OREB","RANK_PG_DREB","RANK_PG_REB","RANK_PG_AST","RANK_PG_STL","RANK_PG_BLK","RANK_PG_TOV","RANK_PG_PTS","RANK_PG_EFF"],"headerGame":["PLAYER_ID","GAME_ID","GAME_DATE","TEAM_ABBREVIATION","TEAM_NAME","VS_TEAM_ABBREVIATION","VS_TEAM_NAME","TOV","PTS","FGM","FGA","FG3M","FG3A","PF","BLK","STL","AST","REB"],"RegularSeason":{"2001":{"shotchart":{"Averages":{"header":["SHOT_ZONE_BASIC","SHOT_ZONE_AREA","SHOT_ZONE_RANGE","FGA","FGM","FG_PCT"],"row":[["Above the Break 3","Back Court(BC)","Back Court Shot",104,5,0.048],["Above the Break 3","Center(C)","24+ ft.",5347,1807,0.338],["Above the Break 3","Left Side Center(LC)","24+ ft.",10200,3509,0.344],["Above the Break 3","Right Side Center(RC)","24+ ft.",10485,3765,0.359],["Backcourt","Back Court(BC)","Back Court Shot",311,8,0.026],["In The Paint (Non-RA)","Center(C)","8-16 ft.",6036,2392,0.396],["In The Paint (Non-RA)","Center(C)","Less Than 8 ft.",18055,6869,0.38],["In The Paint (Non-RA)","Left Side(L)","8-16 ft.",2020,819,0.405],["In The Paint (Non-RA)","Right Side(R)","8-16 ft.",2031,799,0.393],["Left Corner 3","Left Side(L)","24+ ft.",4303,1638,0.381],["Mid-Range","Center(C)","16-24 ft.",5892,2305,0.391],["Mid-Range","Center(C)","8-16 ft.",2077,869,0.418],["Mid-Range","Left Side Center(LC)","16-24 ft.",8894,3632,0.408],["Mid-Range","Left Side(L)","16-24 ft.",10332,4058,0.393],["Mid-Range","Left Side(L)","8-16 ft.",13299,5115,0.385],["Mid-Range","Right Side Center(RC)","16-24 ft.",9727,3859,0.397],["Mid-Range","Right Side(R)","16-24 ft.",9701,3834,0.395],["Mid-Range","Right Side(R)","8-16 ft.",11816,4419,0.374],["Restricted Area","Center(C)","Less Than 8 ft.",58361,34664,0.594],["Right Corner 3","Right Side(R)","24+ ft.",4259,1638,0.385]]},"Details":{"header":["GAME_ID","GAME_EVENT_ID","PERIOD","MINUTES_REMAINING","SECONDS_REMAINING","EVENT_TYPE","ACTION_TYPE","SHOT_TYPE","SHOT_ZONE_BASIC","SHOT_ZONE_AREA","SHOT_ZONE_RANGE","SHOT_DISTANCE","LOC_X","LOC_Y","SHOT_ATTEMPTED_FLAG","SHOT_MADE_FLAG"],"row":[["0020100121",433,4,2,44,"Missed Shot","Jump Shot","2PT Field Goal","Mid-Range","Left Side(L)","8-16 ft.",10,-109,11,1,0],["0020100863",446,4,0,56,"Missed Shot","Jump Shot","2PT Field Goal","Mid-Range","Right Side(R)","16-24 ft.",16,163,26,1,0],["0020100875",364,3,1,7,"Missed Shot","Jump Shot","2PT Field Goal","Mid-Range","Left Side(L)","16-24 ft.",18,-183,0,1,0],["0020100886",416,4,2,3,"Missed Shot","Layup Shot","2PT Field Goal","Restricted Area","Center(C)","Less Than 8 ft.",0,0,0,1,0],["0020100886",428,4,0,57,"Missed Shot","Jump Shot","2PT Field Goal","Mid-Range","Left Side(L)","8-16 ft.",10,-101,-2,1,0],["0020100886",430,4,0,40,"Made Shot","Layup Shot","2PT Field Goal","Restricted Area","Center(C)","Less Than 8 ft.",0,0,0,1,1],["0020100908",310,3,3,9,"Missed Shot","Tip Shot","2PT Field Goal","Restricted Area","Center(C)","Less Than 8 ft.",0,0,0,1,0],["0020100967",52,1,5,19,"Made Shot","Layup Shot","2PT Field Goal","Restricted Area","Center(C)","Less Than 8 ft.",0,0,0,1,1],["0020101028",376,4,10,26,"Missed Shot","Jump Shot","2PT Field Goal","Mid-Range","Left Side(L)","8-16 ft.",14,-143,0,1,0],["0020101028",436,4,5,2,"Made Shot","Jump Shot","2PT Field Goal","Mid-Range","Left Side(L)","16-24 ft.",17,-176,7,1,1],["0020101099",123,2,8,22,"Made Shot","Dunk Shot","2PT Field Goal","Restricted Area","Center(C)","Less Than 8 ft.",0,0,0,1,1],["0020101099",292,3,2,35,"Missed Shot","Jump Shot","2PT Field Goal","Mid-Range","Left Side(L)","8-16 ft.",11,-98,63,1,0],["0020101124",343,3,0,0,"Missed Shot","Layup Shot","2PT Field Goal","Restricted Area","Center(C)","Less Than 8 ft.",1,11,0,1,0],["0020101162",190,2,4,34,"Made Shot","Alley Oop Dunk Shot","2PT Field Goal","Restricted Area","Center(C)","Less Than 8 ft.",0,0,0,1,1],["0020101162",256,3,10,55,"Missed Shot","Layup Shot","2PT Field Goal","Restricted Area","Center(C)","Less Than 8 ft.",0,0,0,1,0],["0020101162",276,3,9,1,"Made Shot","Layup Shot","2PT Field Goal","Restricted Area","Center(C)","Less Than 8 ft.",0,0,0,1,1],["0020101162",368,3,0,1,"Made Shot","Dunk Shot","2PT Field Goal","Restricted Area","Center(C)","Less Than 8 ft.",0,0,0,1,1],["0020101182",109,2,9,55,"Missed Shot","Layup Shot","2PT Field Goal","Restricted Area","Center(C)","Less Than 8 ft.",1,1,19,1,0],["0020101182",330,4,11,8,"Missed Shot","Layup Shot","2PT Field Goal","Restricted Area","Center(C)","Less Than 8 ft.",1,7,9,1,0],["0020101182",373,4,7,11,"Made Shot","Jump Shot","2PT Field Goal","Mid-Range","Center(C)","16-24 ft.",18,-33,177,1,1]]}},"GameList":{"20100109":[2264,"0020100109","11/14/2001","PHI","76ers","CHH","Hornets",0,0,0,0,0,0,0,0,0,0,0],"20100102":[2264,"0020100102","11/13/2001","PHI","76ers","MIA","Heat",0,0,0,0,0,0,0,0,0,0,0],"20100121":[2264,"0020100121","11/16/2001","PHI","76ers","ATL","Hawks",0,0,0,1,0,0,0,0,0,0,0],"20101124":[2264,"0020101124","04/10/2002","PHI","76ers","WAS","Wizards",2,0,0,1,0,0,1,1,0,0,5],"20101041":[2264,"0020101041","03/30/2002","PHI","76ers","NJN","Nets",0,0,0,0,0,0,0,0,0,0,0],"20100967":[2264,"0020100967","03/20/2002","PHI","76ers","MIA","Heat",1,2,1,1,0,0,4,1,1,1,4],"20100843":[2264,"0020100843","03/03/2002","PHI","76ers","TOR","Raptors",1,1,0,0,0,0,2,0,0,0,0],"20101162":[2264,"0020101162","04/15/2002","PHI","76ers","CHI","Bulls",3,8,3,4,0,0,5,0,0,1,5],"20100863":[2264,"0020100863","03/06/2002","PHI","76ers","CLE","Cavaliers",1,1,0,1,0,0,2,0,1,0,2],"20100908":[2264,"0020100908","03/12/2002","PHI","76ers","NYK","Knicks",0,0,0,1,0,0,1,0,0,0,3],"20101182":[2264,"0020101182","04/17/2002","PHI","76ers","IND","Pacers",1,2,1,3,0,0,5,2,0,0,4],"20100886":[2264,"0020100886","03/09/2002","PHI","76ers","ATL","Hawks",0,4,1,3,0,0,0,1,0,0,1],"20101082":[2264,"0020101082","04/05/2002","PHI","76ers","DET","Pistons",0,0,0,0,0,0,5,1,0,0,2],"20100155":[2264,"0020100155","11/21/2001","PHI","76ers","DET","Pistons",0,0,0,0,0,0,0,0,0,0,0],"20100134":[2264,"0020100134","11/17/2001","PHI","76ers","NJN","Nets",0,0,0,0,0,0,0,0,0,0,0],"20101137":[2264,"0020101137","04/12/2002","PHI","76ers","WAS","Wizards",0,0,0,0,0,0,2,0,0,0,0],"20100957":[2264,"0020100957","03/19/2002","PHI","76ers","MIA","Heat",0,0,0,0,0,0,0,0,0,0,0],"20100875":[2264,"0020100875","03/08/2002","PHI","76ers","IND","Pacers",1,0,0,1,0,0,3,1,0,0,3],"20101117":[2264,"0020101117","04/09/2002","PHI","76ers","MIL","Bucks",0,0,0,0,0,0,2,0,0,0,1],"20100979":[2264,"0020100979","03/22/2002","PHI","76ers","BOS","Celtics",0,0,0,0,0,0,1,0,0,0,0],"20101028":[2264,"0020101028","03/28/2002","PHI","76ers","CHI","Bulls",1,4,1,2,0,0,2,2,1,0,4],"20101099":[2264,"0020101099","04/07/2002","PHI","76ers","MIL","Bucks",0,4,1,2,0,0,0,0,0,1,2],"20100994":[2264,"0020100994","03/24/2002","PHI","76ers","NYK","Knicks",0,0,0,0,0,0,0,0,0,0,0]},"data":[23.0,23,2,5.5,0.3,0.9,0.4,0.0,0.0,0.0,0.4,0.9,0.5,0.6,1.0,1.6,0.1,0.1,0.4,0.5,1.5,1.1],"rank":{"PerGame":[null,null,null,null,null,null,null,null,null,null,null,null,null,null,null,null,null,null,null],"Totals":[392,407,409,null,288,361,null,366,348,null,341,364,364,411,386,263,370,401,383]},"team":"PHI"}},"headerData":["PLAYER_AGE","GP","GS","MIN","FGM","FGA","FG_PCT","FG3M","FG3A","FG3_PCT","FTM","FTA","FT_PCT","OREB","DREB","REB","AST","STL","BLK","TOV","PF","PTS"],"PostSeason":{"2001":{"shotchart":{"Averages":{"header":["SHOT_ZONE_BASIC","SHOT_ZONE_AREA","SHOT_ZONE_RANGE","FGA","FGM","FG_PCT"],"row":[["Above the Break 3","Back Court(BC)","Back Court Shot",8,0,0.0],["Above the Break 3","Center(C)","24+ ft.",357,114,0.319],["Above the Break 3","Left Side Center(LC)","24+ ft.",730,227,0.311],["Above the Break 3","Right Side Center(RC)","24+ ft.",648,230,0.355],["Backcourt","Back Court(BC)","Back Court Shot",13,0,0.0],["In The Paint (Non-RA)","Center(C)","8-16 ft.",315,120,0.381],["In The Paint (Non-RA)","Center(C)","Less Than 8 ft.",1065,393,0.369],["In The Paint (Non-RA)","Left Side(L)","8-16 ft.",133,50,0.376],["In The Paint (Non-RA)","Right Side(R)","8-16 ft.",118,45,0.381],["Left Corner 3","Left Side(L)","24+ ft.",299,112,0.375],["Mid-Range","Center(C)","8-16 ft.",86,36,0.419],["Mid-Range","Center(C)","16-24 ft.",342,116,0.339],["Mid-Range","Left Side Center(LC)","16-24 ft.",489,164,0.335],["Mid-Range","Left Side(L)","16-24 ft.",532,222,0.417],["Mid-Range","Left Side(L)","8-16 ft.",712,276,0.388],["Mid-Range","Right Side Center(RC)","16-24 ft.",568,222,0.391],["Mid-Range","Right Side(R)","16-24 ft.",470,185,0.394],["Mid-Range","Right Side(R)","8-16 ft.",696,238,0.342],["Restricted Area","Center(C)","Less Than 8 ft.",3457,2028,0.587],["Right Corner 3","Right Side(R)","24+ ft.",307,109,0.355]]},"Details":{"header":["GAME_ID","GAME_EVENT_ID","PERIOD","MINUTES_REMAINING","SECONDS_REMAINING","EVENT_TYPE","ACTION_TYPE","SHOT_TYPE","SHOT_ZONE_BASIC","SHOT_ZONE_AREA","SHOT_ZONE_RANGE","SHOT_DISTANCE","LOC_X","LOC_Y","SHOT_ATTEMPTED_FLAG","SHOT_MADE_FLAG"],"row":[]}},"GameList":{"40100123":[2264,"0040100123","04/28/2002","PHI","76ers","BOS","Celtics",0,0,0,0,0,0,0,0,0,0,0],"40100125":[2264,"0040100125","05/03/2002","PHI","76ers","BOS","Celtics",1,0,0,0,0,0,0,0,0,0,1]},"data":[23.0,2,0,2.5,0.0,0.0,0.0,0.0,0.0,0.0,0.0,0.0,0.0,0.0,0.5,0.5,0.0,0.0,0.0,0.5,0.0,0.0],"rank":{"PerGame":[null,null,null,null,null,null,null,null,null,null,null,null,null,null,null,null,null,null,null],"Totals":[172,169,177,null,92,121,null,152,158,null,151,157,160,156,144,117,143,171,171]},"team":"PHI"}}}}