{"info":{"FIRST_NAME":"Amal","LAST_NAME":"McCaskill","WEIGHT":"235","COUNTRY":"USA","SCHOOL":"Marquette","BIRTHDATE":"1973-10-28T00:00:00","HEIGHT":"6-11","TO_YEAR":2003,"DLEAGUE":"N","FROM_YEAR":1996,"TEAM":"PHI","PERSON_ID":1043,"SEASON_EXP":4,"POSITION":"Center","ROSTERSTATUS":"Active","ALL_STAR":0,"PIE":0,"JERSEY":"00"},"career":{"header":["MIN","FGM","FGA","FG_PCT","FG3M","FG3A","FG3_PCT","FTM","FTA","FT_PCT","OREB","DREB","REB","AST","STL","BLK","TOV","PF","PTS"],"RegularSeason":{"PerGame":[8.5,0.7,1.9,0.377,0.0,0.0,0.0,0.4,0.6,0.609,0.7,1.2,1.9,0.3,0.2,0.3,0.5,1.2,1.8],"GS":4,"GP":114},"PostSeason":{"PerGame":[3.5,1.0,1.5,0.667,0.0,0.0,0.0,0.5,1.5,0.333,0.0,1.5,1.5,0.5,0.0,0.0,0.0,0.5,2.5],"GS":0,"GP":2}},"season":{"headerRank":["RANK_PG_MIN","RANK_PG_FGM","RANK_PG_FGA","RANK_FG_PCT","RANK_PG_FG3M","RANK_PG_FG3A","RANK_FG3_PCT","RANK_PG_FTM","RANK_PG_FTA","RANK_FT_PCT","RANK_PG_OREB","RANK_PG_DREB","RANK_PG_REB","RANK_PG_AST","RANK_PG_STL","RANK_PG_BLK","RANK_PG_TOV","RANK_PG_PTS","RANK_PG_EFF"],"headerGame":["PLAYER_ID","GAME_ID","GAME_DATE","TEAM_ABBREVIATION","TEAM_NAME","VS_TEAM_ABBREVIATION","VS_TEAM_NAME","TOV","PTS","FGM","FGA","FG3M","FG3A","PF","BLK","STL","AST","REB"],"RegularSeason":{"2002":{"shotchart":{"Averages":{"header":["SHOT_ZONE_BASIC","SHOT_ZONE_AREA","SHOT_ZONE_RANGE","FGA","FGM","FG_PCT"],"row":[["Above the Break 3","Back Court(BC)","Back Court Shot",111,5,0.045],["Above the Break 3","Center(C)","24+ ft.",5355,1865,0.348],["Above the Break 3","Left Side Center(LC)","24+ ft.",9882,3416,0.346],["Above the Break 3","Right Side Center(RC)","24+ ft.",9876,3465,0.351],["Backcourt","Back Court(BC)","Back Court Shot",347,6,0.017],["In The Paint (Non-RA)","Center(C)","8-16 ft.",5847,2317,0.396],["In The Paint (Non-RA)","Center(C)","Less Than 8 ft.",18195,7023,0.386],["In The Paint (Non-RA)","Left Side(L)","8-16 ft.",2245,898,0.4],["In The Paint (Non-RA)","Right Side(R)","8-16 ft.",2106,806,0.383],["Left Corner 3","Left Side(L)","24+ ft.",4716,1725,0.366],["Mid-Range","Center(C)","16-24 ft.",6243,2459,0.394],["Mid-Range","Center(C)","8-16 ft.",1977,843,0.426],["Mid-Range","Left Side Center(LC)","16-24 ft.",8973,3467,0.386],["Mid-Range","Left Side(L)","16-24 ft.",10655,4147,0.389],["Mid-Range","Left Side(L)","8-16 ft.",12525,4796,0.383],["Mid-Range","Right Side Center(RC)","16-24 ft.",9880,3878,0.393],["Mid-Range","Right Side(R)","16-24 ft.",9678,3744,0.387],["Mid-Range","Right Side(R)","8-16 ft.",11027,4121,0.374],["Restricted Area","Center(C)","Less Than 8 ft.",57911,34267,0.592],["Right Corner 3","Right Side(R)","24+ ft.",4560,1689,0.37]]},"Details":{"header":["GAME_ID","GAME_EVENT_ID","PERIOD","MINUTES_REMAINING","SECONDS_REMAINING","EVENT_TYPE","ACTION_TYPE","SHOT_TYPE","SHOT_ZONE_BASIC","SHOT_ZONE_AREA","SHOT_ZONE_RANGE","SHOT_DISTANCE","LOC_X","LOC_Y","SHOT_ATTEMPTED_FLAG","SHOT_MADE_FLAG"],"row":[["0020200094",255,2,0,0,"Missed Shot","Alley Oop Dunk Shot","2PT Field Goal","Restricted Area","Center(C)","Less Than 8 ft.",0,0,0,1,0],["0020200145",138,2,7,53,"Made Shot","Driving Layup Shot","2PT Field Goal","Restricted Area","Center(C)","Less Than 8 ft.",0,0,0,1,1],["0020200145",148,2,6,23,"Missed Shot","Layup Shot","2PT Field Goal","Restricted Area","Center(C)","Less Than 8 ft.",0,0,0,1,0],["0020200145",150,2,6,22,"Made Shot","Tip Shot","2PT Field Goal","Restricted Area","Center(C)","Less Than 8 ft.",0,0,0,1,1],["0020200145",394,4,3,59,"Missed Shot","Jump Shot","2PT Field Goal","In The Paint (Non-RA)","Center(C)","Less Than 8 ft.",5,13,53,1,0],["0020200145",408,4,2,48,"Missed Shot","Layup Shot","2PT Field Goal","Restricted Area","Center(C)","Less Than 8 ft.",0,0,0,1,0],["0020200145",423,4,1,59,"Missed Shot","Layup Shot","2PT Field Goal","Restricted Area","Center(C)","Less Than 8 ft.",0,0,0,1,0],["0020200145",433,4,1,2,"Made Shot","Layup Shot","2PT Field Goal","Restricted Area","Center(C)","Less Than 8 ft.",0,0,0,1,1],["0020200180",304,3,4,36,"Made Shot","Layup Shot","2PT Field Goal","Restricted Area","Center(C)","Less Than 8 ft.",0,0,0,1,1],["0020200180",314,3,3,37,"Missed Shot","Dunk Shot","2PT Field Goal","Restricted Area","Center(C)","Less Than 8 ft.",0,0,0,1,0],["0020200231",359,3,1,25,"Missed Shot","Layup Shot","2PT Field Goal","Restricted Area","Center(C)","Less Than 8 ft.",0,0,0,1,0],["0020200231",360,3,1,23,"Missed Shot","Layup Shot","2PT Field Goal","Restricted Area","Center(C)","Less Than 8 ft.",0,0,0,1,0],["0020200231",362,3,1,22,"Missed Shot","Layup Shot","2PT Field Goal","Restricted Area","Center(C)","Less Than 8 ft.",0,0,0,1,0],["0020200231",380,4,11,31,"Missed Shot","Jump Shot","2PT Field Goal","In The Paint (Non-RA)","Center(C)","Less Than 8 ft.",4,0,41,1,0],["0020200231",409,4,8,13,"Missed Shot","Layup Shot","2PT Field Goal","Restricted Area","Center(C)","Less Than 8 ft.",0,0,0,1,0],["0020200250",493,4,1,26,"Missed Shot","Jump Shot","2PT Field Goal","In The Paint (Non-RA)","Center(C)","Less Than 8 ft.",4,-41,13,1,0],["0020200250",496,4,0,59,"Missed Shot","Layup Shot","2PT Field Goal","Restricted Area","Center(C)","Less Than 8 ft.",0,0,0,1,0]]}},"GameList":{"20200158":[1043,"0020200158","11/20/2002","ATL","Hawks","MIN","Timberwolves",0,0,0,0,0,0,1,0,0,0,0],"20200079":[1043,"0020200079","11/08/2002","ATL","Hawks","UTA","Jazz",0,0,0,0,0,0,0,0,0,0,0],"20200094":[1043,"0020200094","11/10/2002","ATL","Hawks","SAC","Kings",0,0,0,1,0,0,0,0,0,0,0],"20200145":[1043,"0020200145","11/18/2002","ATL","Hawks","TOR","Raptors",2,7,3,7,0,0,2,0,0,2,5],"20200066":[1043,"0020200066","11/06/2002","ATL","Hawks","PHX","Suns",0,0,0,0,0,0,2,0,0,1,2],"20200250":[1043,"0020200250","12/03/2002","ATL","Hawks","NJN","Nets",0,0,0,2,0,0,0,0,1,0,0],"20200231":[1043,"0020200231","11/30/2002","ATL","Hawks","ORL","Magic",0,2,0,5,0,0,1,1,2,2,7],"20200106":[1043,"0020200106","11/12/2002","ATL","Hawks","LAL","Lakers",0,0,0,0,0,0,1,0,0,0,2],"20200180":[1043,"0020200180","11/23/2002","ATL","Hawks","BOS","Celtics",0,2,1,2,0,0,2,0,0,0,1],"20200267":[1043,"0020200267","12/05/2002","ATL","Hawks","MIL","Bucks",0,0,0,0,0,0,0,0,0,0,1],"20200058":[1043,"0020200058","11/05/2002","ATL","Hawks","DEN","Nuggets",0,0,0,0,0,0,4,0,0,0,4]},"data":[29.0,11,0,6.4,0.4,1.5,0.235,0.0,0.0,0.0,0.3,0.4,0.75,0.6,1.4,2.0,0.5,0.3,0.1,0.2,1.2,1.0],"rank":{"PerGame":[null,null,null,null,null,null,null,null,null,null,null,null,null,null,null,null,null,null,null],"Totals":[401,406,403,null,275,348,null,388,391,null,368,367,372,381,379,370,405,406,386]},"team":"ATL"},"2003":{"shotchart":{"Averages":{"header":["SHOT_ZONE_BASIC","SHOT_ZONE_AREA","SHOT_ZONE_RANGE","FGA","FGM","FG_PCT"],"row":[["Above the Break 3","Back Court(BC)","Back Court Shot",109,5,0.046],["Above the Break 3","Center(C)","24+ ft.",5386,1801,0.334],["Above the Break 3","Left Side Center(LC)","24+ ft.",10095,3479,0.345],["Above the Break 3","Right Side Center(RC)","24+ ft.",9958,3409,0.342],["Backcourt","Back Court(BC)","Back Court Shot",336,8,0.024],["In The Paint (Non-RA)","Center(C)","8-16 ft.",5626,2199,0.391],["In The Paint (Non-RA)","Center(C)","Less Than 8 ft.",17559,6728,0.383],["In The Paint (Non-RA)","Left Side(L)","8-16 ft.",2169,852,0.393],["In The Paint (Non-RA)","Right Side(R)","8-16 ft.",1981,773,0.39],["Left Corner 3","Left Side(L)","24+ ft.",5069,1919,0.379],["Mid-Range","Center(C)","16-24 ft.",6232,2360,0.379],["Mid-Range","Center(C)","8-16 ft.",1923,771,0.401],["Mid-Range","Left Side Center(LC)","16-24 ft.",8831,3465,0.392],["Mid-Range","Left Side(L)","16-24 ft.",10325,4063,0.394],["Mid-Range","Left Side(L)","8-16 ft.",11556,4314,0.373],["Mid-Range","Right Side Center(RC)","16-24 ft.",9436,3682,0.39],["Mid-Range","Right Side(R)","16-24 ft.",8619,3290,0.382],["Mid-Range","Right Side(R)","8-16 ft.",10735,3904,0.364],["Restricted Area","Center(C)","Less Than 8 ft.",59358,34542,0.582],["Right Corner 3","Right Side(R)","24+ ft.",4499,1691,0.376]]},"Details":{"header":["GAME_ID","GAME_EVENT_ID","PERIOD","MINUTES_REMAINING","SECONDS_REMAINING","EVENT_TYPE","ACTION_TYPE","SHOT_TYPE","SHOT_ZONE_BASIC","SHOT_ZONE_AREA","SHOT_ZONE_RANGE","SHOT_DISTANCE","LOC_X","LOC_Y","SHOT_ATTEMPTED_FLAG","SHOT_MADE_FLAG"],"row":[["0020300001",385,4,7,18,"Made Shot","Turnaround Jump Shot","2PT Field Goal","Restricted Area","Center(C)","Less Than 8 ft.",3,-31,23,1,1],["0020300119",146,2,9,33,"Missed Shot","Jump Shot","2PT Field Goal","Restricted Area","Center(C)","Less Than 8 ft.",3,6,38,1,0],["0020300119",370,3,0,46,"Missed Shot","Layup Shot","2PT Field Goal","Restricted Area","Center(C)","Less Than 8 ft.",0,0,0,1,0],["0020300130",111,1,1,1,"Missed Shot","Layup Shot","2PT Field Goal","Restricted Area","Center(C)","Less Than 8 ft.",2,-20,15,1,0],["0020300130",130,2,11,37,"Missed Shot","Jump Hook Shot","2PT Field Goal","In The Paint (Non-RA)","Center(C)","Less Than 8 ft.",4,46,15,1,0],["0020300130",141,2,10,30,"Made Shot","Jump Shot","2PT Field Goal","Mid-Range","Right Side(R)","8-16 ft.",13,136,18,1,1],["0020300130",172,2,8,17,"Missed Shot","Jump Shot","2PT Field Goal","Mid-Range","Left Side(L)","8-16 ft.",11,-118,17,1,0],["0020300130",230,2,1,54,"Made Shot","Layup Shot","2PT Field Goal","Restricted Area","Center(C)","Less Than 8 ft.",2,-21,8,1,1],["0020300130",342,3,2,52,"Made Shot","Layup Shot","2PT Field Goal","Restricted Area","Center(C)","Less Than 8 ft.",0,3,-9,1,1],["0020300139",214,2,0,4,"Missed Shot","Layup Shot","2PT Field Goal","Restricted Area","Center(C)","Less Than 8 ft.",0,0,0,1,0],["0020300154",298,3,4,36,"Missed Shot","Jump Shot","2PT Field Goal","Mid-Range","Center(C)","16-24 ft.",18,-6,184,1,0],["0020300154",316,3,1,15,"Made Shot","Jump Shot","2PT Field Goal","Mid-Range","Left Side(L)","16-24 ft.",16,-164,20,1,1],["0020300164",97,1,1,43,"Made Shot","Jump Shot","2PT Field Goal","Mid-Range","Right Side(R)","8-16 ft.",10,107,-23,1,1],["0020300164",329,3,2,57,"Made Shot","Alley Oop Dunk Shot","2PT Field Goal","Restricted Area","Center(C)","Less Than 8 ft.",0,0,0,1,1],["0020300164",340,3,1,10,"Made Shot","Driving Finger Roll Shot","2PT Field Goal","Restricted Area","Center(C)","Less Than 8 ft.",0,0,0,1,1],["0020300178",153,2,5,10,"Missed Shot","Layup Shot","2PT Field Goal","Restricted Area","Center(C)","Less Than 8 ft.",0,0,0,1,0],["0020300178",161,2,4,1,"Made Shot","Dunk Shot","2PT Field Goal","Restricted Area","Center(C)","Less Than 8 ft.",0,0,0,1,1],["0020300215",20,1,9,5,"Missed Shot","Jump Shot","2PT Field Goal","Mid-Range","Left Side(L)","8-16 ft.",13,-130,0,1,0],["0020300215",141,2,8,42,"Missed Shot","Jump Shot","2PT Field Goal","In The Paint (Non-RA)","Center(C)","Less Than 8 ft.",5,18,49,1,0],["0020300215",149,2,8,16,"Made Shot","Layup Shot","2PT Field Goal","Restricted Area","Center(C)","Less Than 8 ft.",0,-6,3,1,1],["0020300215",455,4,0,55,"Missed Shot","Jump Shot","2PT Field Goal","Mid-Range","Left Side(L)","8-16 ft.",13,-131,45,1,0],["0020300224",189,2,1,5,"Made Shot","Layup Shot","2PT Field Goal","Restricted Area","Center(C)","Less Than 8 ft.",0,0,0,1,1],["0020300224",246,3,4,0,"Made Shot","Layup Shot","2PT Field Goal","Restricted Area","Center(C)","Less Than 8 ft.",0,0,0,1,1],["0020300241",158,2,7,12,"Missed Shot","Jump Shot","2PT Field Goal","In The Paint (Non-RA)","Center(C)","8-16 ft.",14,-66,128,1,0],["0020300241",169,2,5,51,"Made Shot","Tip Shot","2PT Field Goal","Restricted Area","Center(C)","Less Than 8 ft.",0,0,0,1,1],["0020300257",110,2,10,4,"Missed Shot","Layup Shot","2PT Field Goal","Restricted Area","Center(C)","Less Than 8 ft.",0,0,0,1,0],["0020300257",367,3,0,34,"Made Shot","Layup Shot","2PT Field Goal","Restricted Area","Center(C)","Less Than 8 ft.",0,0,0,1,1],["0020300257",383,4,11,37,"Made Shot","Tip Shot","2PT Field Goal","Restricted Area","Center(C)","Less Than 8 ft.",0,0,0,1,1],["0020300257",404,4,9,6,"Missed Shot","Jump Shot","2PT Field Goal","Mid-Range","Left Side(L)","16-24 ft.",17,-179,3,1,0],["0020300262",55,1,6,35,"Made Shot","Layup Shot","2PT Field Goal","Restricted Area","Center(C)","Less Than 8 ft.",0,0,0,1,1],["0020300262",151,2,9,51,"Made Shot","Dunk Shot","2PT Field Goal","Restricted Area","Center(C)","Less Than 8 ft.",0,0,0,1,1],["0020300262",154,2,9,28,"Missed Shot","Layup Shot","2PT Field Goal","Restricted Area","Center(C)","Less Than 8 ft.",0,0,0,1,0],["0020300262",312,3,7,3,"Missed Shot","Jump Shot","2PT Field Goal","In The Paint (Non-RA)","Right Side(R)","8-16 ft.",8,57,58,1,0],["0020300294",109,2,11,0,"Missed Shot","Layup Shot","2PT Field Goal","Restricted Area","Center(C)","Less Than 8 ft.",0,0,0,1,0],["0020300309",128,2,10,49,"Missed Shot","Jump Shot","2PT Field Goal","In The Paint (Non-RA)","Center(C)","Less Than 8 ft.",5,3,51,1,0],["0020300360",99,2,11,40,"Missed Shot","Layup Shot","2PT Field Goal","Restricted Area","Center(C)","Less Than 8 ft.",0,0,0,1,0],["0020300360",100,2,11,38,"Made Shot","Layup Shot","2PT Field Goal","Restricted Area","Center(C)","Less Than 8 ft.",0,0,0,1,1],["0020300360",104,2,10,54,"Missed Shot","Layup Shot","2PT Field Goal","Restricted Area","Center(C)","Less Than 8 ft.",0,0,0,1,0],["0020300360",309,3,1,36,"Missed Shot","Jump Shot","2PT Field Goal","Mid-Range","Left Side Center(LC)","16-24 ft.",17,-113,130,1,0],["0020300386",44,1,6,36,"Missed Shot","Jump Shot","2PT Field Goal","Mid-Range","Right Side(R)","8-16 ft.",12,126,-24,1,0],["0020300386",59,1,5,20,"Missed Shot","Layup Shot","2PT Field Goal","Restricted Area","Center(C)","Less Than 8 ft.",0,0,0,1,0],["0020300386",65,1,4,55,"Made Shot","Turnaround Hook Shot","2PT Field Goal","Restricted Area","Center(C)","Less Than 8 ft.",2,-2,26,1,1],["0020300426",405,4,5,33,"Missed Shot","Turnaround Jump Shot","2PT Field Goal","In The Paint (Non-RA)","Center(C)","8-16 ft.",10,-5,104,1,0],["0020300450",328,3,0,39,"Missed Shot","Turnaround Jump Shot","2PT Field Goal","Mid-Range","Left Side(L)","8-16 ft.",15,-156,-3,1,0],["0020300493",92,1,1,41,"Missed Shot","Dunk Shot","2PT Field Goal","Restricted Area","Center(C)","Less Than 8 ft.",0,0,0,1,0],["0020300493",381,4,9,34,"Made Shot","Layup Shot","2PT Field Goal","Restricted Area","Center(C)","Less Than 8 ft.",0,0,0,1,1],["0020300493",458,4,0,28,"Missed Shot","Jump Shot","2PT Field Goal","Mid-Range","Center(C)","16-24 ft.",16,-39,163,1,0],["0020300549",69,1,3,1,"Missed Shot","Jump Shot","2PT Field Goal","Mid-Range","Left Side(L)","16-24 ft.",16,-164,-37,1,0],["0020300549",74,1,2,41,"Made Shot","Slam Dunk Shot","2PT Field Goal","Restricted Area","Center(C)","Less Than 8 ft.",0,0,0,1,1],["0020300549",104,2,11,0,"Missed Shot","Jump Shot","2PT Field Goal","Mid-Range","Right Side(R)","16-24 ft.",18,184,7,1,0],["0020300565",159,2,8,53,"Missed Shot","Layup Shot","2PT Field Goal","Restricted Area","Center(C)","Less Than 8 ft.",0,0,0,1,0],["0020300565",161,2,8,51,"Made Shot","Tip Shot","2PT Field Goal","Restricted Area","Center(C)","Less Than 8 ft.",0,0,0,1,1],["0020300565",376,4,10,0,"Missed Shot","Layup Shot","2PT Field Goal","Restricted Area","Center(C)","Less Than 8 ft.",0,0,0,1,0],["0020300565",377,4,9,58,"Made Shot","Reverse Layup Shot","2PT Field Goal","Restricted Area","Center(C)","Less Than 8 ft.",0,0,0,1,1],["0020300565",389,4,8,45,"Missed Shot","Layup Shot","2PT Field Goal","Restricted Area","Center(C)","Less Than 8 ft.",0,0,0,1,0],["0020300598",123,2,11,38,"Made Shot","Jump Bank Shot","2PT Field Goal","Mid-Range","Left Side(L)","8-16 ft.",10,-95,51,1,1],["0020300598",380,4,8,48,"Made Shot","Layup Shot","2PT Field Goal","Restricted Area","Center(C)","Less Than 8 ft.",0,0,0,1,1],["0020300608",147,2,7,55,"Made Shot","Driving Layup Shot","2PT Field Goal","Restricted Area","Center(C)","Less Than 8 ft.",0,0,0,1,1],["0020300608",270,3,5,36,"Missed Shot","Jump Shot","2PT Field Goal","Mid-Range","Right Side(R)","16-24 ft.",17,171,-6,1,0],["0020300623",232,3,10,59,"Missed Shot","Jump Shot","2PT Field Goal","Mid-Range","Right Side Center(RC)","16-24 ft.",16,94,133,1,0],["0020300623",305,3,2,42,"Made Shot","Slam Dunk Shot","2PT Field Goal","Restricted Area","Center(C)","Less Than 8 ft.",0,-3,2,1,1],["0020300623",312,3,1,58,"Missed Shot","Driving Layup Shot","2PT Field Goal","Restricted Area","Center(C)","Less Than 8 ft.",0,0,0,1,0],["0020300640",117,2,10,28,"Missed Shot","Jump Shot","2PT Field Goal","Mid-Range","Left Side(L)","16-24 ft.",19,-195,0,1,0],["0020300640",383,4,10,44,"Made Shot","Layup Shot","2PT Field Goal","Restricted Area","Center(C)","Less Than 8 ft.",0,0,0,1,1],["0020300640",412,4,7,53,"Missed Shot","Jump Shot","2PT Field Goal","Mid-Range","Right Side(R)","16-24 ft.",19,172,89,1,0],["0020300649",38,1,8,7,"Made Shot","Jump Shot","2PT Field Goal","Mid-Range","Left Side(L)","8-16 ft.",15,-159,-1,1,1],["0020300649",75,1,2,58,"Made Shot","Tip Shot","2PT Field Goal","Restricted Area","Center(C)","Less Than 8 ft.",0,0,0,1,1],["0020300649",115,2,11,24,"Made Shot","Slam Dunk Shot","2PT Field Goal","Restricted Area","Center(C)","Less Than 8 ft.",0,0,0,1,1],["0020300649",309,3,1,50,"Missed Shot","Turnaround Jump Shot","2PT Field Goal","Mid-Range","Left Side(L)","8-16 ft.",11,-107,40,1,0],["0020300649",319,3,0,51,"Missed Shot","Jump Shot","2PT Field Goal","Mid-Range","Left Side(L)","8-16 ft.",15,-145,66,1,0],["0020300682",141,2,7,51,"Missed Shot","Jump Shot","2PT Field Goal","Mid-Range","Right Side Center(RC)","16-24 ft.",18,74,171,1,0],["0020300708",96,1,2,27,"Missed Shot","Layup Shot","2PT Field Goal","Restricted Area","Center(C)","Less Than 8 ft.",0,0,0,1,0],["0020300708",364,3,0,3,"Missed Shot","Jump Shot","2PT Field Goal","Mid-Range","Left Side(L)","16-24 ft.",18,-164,89,1,0],["0020300708",480,4,0,34,"Missed Shot","Jump Shot","2PT Field Goal","Mid-Range","Left Side(L)","8-16 ft.",14,-146,10,1,0],["0020300723",27,1,9,0,"Missed Shot","Layup Shot","2PT Field Goal","Restricted Area","Center(C)","Less Than 8 ft.",2,-29,5,1,0],["0020300723",443,4,6,31,"Made Shot","Jump Shot","2PT Field Goal","Mid-Range","Right Side(R)","8-16 ft.",15,151,-18,1,1],["0020300733",81,1,2,35,"Made Shot","Layup Shot","2PT Field Goal","Restricted Area","Center(C)","Less Than 8 ft.",0,0,0,1,1],["0020300733",98,1,0,36,"Made Shot","Hook Shot","2PT Field Goal","Mid-Range","Left Side(L)","8-16 ft.",8,-84,15,1,1],["0020300733",164,2,6,44,"Made Shot","Dunk Shot","2PT Field Goal","Restricted Area","Center(C)","Less Than 8 ft.",0,0,0,1,1],["0020300733",235,2,0,0,"Missed Shot","Jump Shot","3PT Field Goal","Above the Break 3","Left Side Center(LC)","24+ ft.",36,-161,330,1,0],["0020300733",278,3,7,20,"Missed Shot","Jump Shot","2PT Field Goal","Mid-Range","Left Side(L)","16-24 ft.",16,-163,23,1,0],["0020300733",355,3,0,26,"Missed Shot","Driving Layup Shot","2PT Field Goal","Restricted Area","Center(C)","Less Than 8 ft.",0,0,0,1,0],["0020300733",362,3,0,1,"Made Shot","Layup Shot","2PT Field Goal","Restricted Area","Center(C)","Less Than 8 ft.",0,0,0,1,1],["0020300733",393,4,8,51,"Missed Shot","Jump Shot","2PT Field Goal","In The Paint (Non-RA)","Center(C)","Less Than 8 ft.",7,31,71,1,0],["0020300750",86,1,1,18,"Made Shot","Jump Shot","2PT Field Goal","Mid-Range","Right Side(R)","8-16 ft.",14,144,-6,1,1],["0020300750",409,4,5,41,"Made Shot","Slam Dunk Shot","2PT Field Goal","Restricted Area","Center(C)","Less Than 8 ft.",0,0,0,1,1],["0020300770",359,4,11,2,"Missed Shot","Layup Shot","2PT Field Goal","Restricted Area","Center(C)","Less Than 8 ft.",0,0,0,1,0],["0020300793",329,3,7,58,"Missed Shot","Jump Shot","2PT Field Goal","Mid-Range","Right Side(R)","8-16 ft.",15,149,-21,1,0],["0020300811",16,1,9,15,"Missed Shot","Jump Shot","2PT Field Goal","Mid-Range","Left Side(L)","16-24 ft.",17,-145,94,1,0],["0020300811",21,1,8,5,"Made Shot","Layup Shot","2PT Field Goal","Restricted Area","Center(C)","Less Than 8 ft.",0,0,0,1,1],["0020300811",35,1,5,12,"Missed Shot","Jump Shot","2PT Field Goal","Restricted Area","Center(C)","Less Than 8 ft.",3,-39,-1,1,0],["0020300818",132,2,9,8,"Made Shot","Layup Shot","2PT Field Goal","Restricted Area","Center(C)","Less Than 8 ft.",0,0,0,1,1],["0020300818",140,2,8,39,"Made Shot","Jump Shot","2PT Field Goal","In The Paint (Non-RA)","Center(C)","Less Than 8 ft.",4,-39,17,1,1],["0020300818",194,2,2,4,"Made Shot","Jump Shot","2PT Field Goal","In The Paint (Non-RA)","Center(C)","Less Than 8 ft.",5,-15,58,1,1],["0020300818",207,2,0,20,"Missed Shot","Jump Shot","2PT Field Goal","Mid-Range","Right Side(R)","16-24 ft.",18,187,-13,1,0],["0020300818",239,3,9,0,"Missed Shot","Jump Shot","2PT Field Goal","Mid-Range","Left Side Center(LC)","16-24 ft.",20,-92,184,1,0],["0020300818",244,3,8,35,"Missed Shot","Layup Shot","2PT Field Goal","Restricted Area","Center(C)","Less Than 8 ft.",0,0,0,1,0],["0020300818",355,3,0,0,"Missed Shot","Layup Shot","2PT Field Goal","Restricted Area","Center(C)","Less Than 8 ft.",0,0,0,1,0],["0020300818",370,4,9,44,"Missed Shot","Tip Shot","2PT Field Goal","Restricted Area","Center(C)","Less Than 8 ft.",0,0,0,1,0],["0020300818",376,4,9,32,"Missed Shot","Layup Shot","2PT Field Goal","Restricted Area","Center(C)","Less Than 8 ft.",0,0,0,1,0],["0020300850",44,1,5,25,"Missed Shot","Jump Shot","2PT Field Goal","In The Paint (Non-RA)","Center(C)","Less Than 8 ft.",6,-5,66,1,0],["0020300859",151,2,4,44,"Missed Shot","Jump Shot","2PT Field Goal","In The Paint (Non-RA)","Center(C)","8-16 ft.",10,-10,105,1,0],["0020300859",185,2,1,6,"Missed Shot","Jump Shot","2PT Field Goal","In The Paint (Non-RA)","Center(C)","Less Than 8 ft.",4,0,43,1,0],["0020300859",188,2,0,32,"Missed Shot","Layup Shot","2PT Field Goal","Restricted Area","Center(C)","Less Than 8 ft.",0,0,0,1,0],["0020300859",330,4,11,4,"Missed Shot","Jump Shot","2PT Field Goal","Mid-Range","Right Side(R)","8-16 ft.",13,133,-21,1,0],["0020300859",336,4,10,27,"Made Shot","Jump Shot","2PT Field Goal","Mid-Range","Left Side(L)","8-16 ft.",10,-105,-5,1,1],["0020300884",102,2,11,3,"Missed Shot","Jump Shot","2PT Field Goal","Mid-Range","Right Side Center(RC)","16-24 ft.",17,108,135,1,0],["0020300884",108,2,10,21,"Made Shot","Jump Shot","2PT Field Goal","Mid-Range","Left Side(L)","8-16 ft.",13,-131,-23,1,1],["0020300898",102,1,1,29,"Missed Shot","Jump Shot","2PT Field Goal","Mid-Range","Left Side(L)","8-16 ft.",8,-82,31,1,0],["0020300922",117,2,10,19,"Made Shot","Tip Shot","2PT Field Goal","Restricted Area","Center(C)","Less Than 8 ft.",0,0,0,1,1],["0020300922",192,2,2,18,"Missed Shot","Layup Shot","2PT Field Goal","Restricted Area","Center(C)","Less Than 8 ft.",0,0,0,1,0],["0020301071",90,2,11,39,"Missed Shot","Jump Shot","2PT Field Goal","Mid-Range","Left Side(L)","8-16 ft.",10,-102,-23,1,0],["0020301071",98,2,10,31,"Missed Shot","Hook Shot","2PT Field Goal","In The Paint (Non-RA)","Center(C)","Less Than 8 ft.",4,49,-3,1,0],["0020301071",413,4,4,10,"Made Shot","Hook Shot","2PT Field Goal","Restricted Area","Center(C)","Less Than 8 ft.",3,31,22,1,1],["0020301071",417,4,3,33,"Made Shot","Turnaround Hook Shot","2PT Field Goal","In The Paint (Non-RA)","Center(C)","Less Than 8 ft.",5,-52,5,1,1],["0020301071",423,4,3,2,"Missed Shot","Jump Shot","2PT Field Goal","Mid-Range","Left Side(L)","8-16 ft.",15,-151,-9,1,0],["0020301163",199,2,1,44,"Missed Shot","Jump Shot","2PT Field Goal","Mid-Range","Left Side(L)","8-16 ft.",15,-154,-14,1,0]]}},"GameList":{"20300770":[1043,"0020300770","02/17/2004","PHI","76ers","DEN","Nuggets",0,0,0,1,0,0,2,0,0,1,3],"20300164":[1043,"0020300164","11/21/2003","PHI","76ers","BOS","Celtics",0,6,3,3,0,0,3,0,0,0,3],"20300877":[1043,"0020300877","03/03/2004","PHI","76ers","NYK","Knicks",0,0,0,0,0,0,1,0,0,0,1],"20300039":[1043,"0020300039","11/01/2003","PHI","76ers","GSW","Warriors",0,0,0,0,0,0,0,0,0,0,1],"20300309":[1043,"0020300309","12/12/2003","PHI","76ers","DEN","Nuggets",2,0,0,1,0,0,0,0,0,0,2],"20300750":[1043,"0020300750","02/11/2004","PHI","76ers","WAS","Wizards",1,4,2,2,0,0,4,0,0,0,4],"20300850":[1043,"0020300850","02/28/2004","PHI","76ers","IND","Pacers",1,0,0,1,0,0,0,0,0,0,0],"20300811":[1043,"0020300811","02/23/2004","PHI","76ers","DET","Pistons",1,2,1,3,0,0,0,0,0,1,0],"20300493":[1043,"0020300493","01/07/2004","PHI","76ers","LAC","Clippers",0,2,1,3,0,0,3,1,2,2,4],"20300381":[1043,"0020300381","12/21/2003","PHI","76ers","BOS","Celtics",0,2,0,0,0,0,2,0,0,0,1],"20300818":[1043,"0020300818","02/24/2004","PHI","76ers","ATL","Hawks",0,7,3,9,0,0,3,0,0,0,3],"20300386":[1043,"0020300386","12/22/2003","PHI","76ers","ORL","Magic",2,4,1,3,0,0,3,1,1,1,3],"20300859":[1043,"0020300859","02/29/2004","PHI","76ers","MIN","Timberwolves",0,2,1,5,0,0,2,1,1,2,4],"20300898":[1043,"0020300898","03/06/2004","PHI","76ers","CHI","Bulls",0,0,0,1,0,0,3,1,0,0,1],"20300426":[1043,"0020300426","12/28/2003","PHI","76ers","PHX","Suns",0,0,0,1,0,0,0,0,0,0,1],"20300682":[1043,"0020300682","02/01/2004","PHI","76ers","MIN","Timberwolves",0,1,0,1,0,0,1,1,0,0,1],"20300565":[1043,"0020300565","01/17/2004","PHI","76ers","MEM","Grizzlies",0,4,2,5,0,0,2,2,0,0,5],"20300549":[1043,"0020300549","01/14/2004","PHI","76ers","DAL","Mavericks",1,2,1,3,0,0,1,0,0,0,7],"20300782":[1043,"0020300782","02/19/2004","PHI","76ers","SEA","SuperSonics",1,0,0,0,0,0,4,0,0,0,2],"20301060":[1043,"0020301060","03/28/2004","PHI","76ers","BOS","Celtics",0,0,0,0,0,0,1,0,0,0,3],"20300505":[1043,"0020300505","01/09/2004","PHI","76ers","NJN","Nets",0,0,0,0,0,0,0,0,0,0,0],"20300608":[1043,"0020300608","01/23/2004","PHI","76ers","ORL","Magic",1,2,1,2,0,0,0,0,0,0,2],"20300139":[1043,"0020300139","11/17/2003","PHI","76ers","HOU","Rockets",0,0,0,1,0,0,1,0,0,0,1],"20300598":[1043,"0020300598","01/21/2004","PHI","76ers","NOH","Hornets",0,4,2,2,0,0,0,0,0,0,2],"20300330":[1043,"0020300330","12/14/2003","PHI","76ers","UTA","Jazz",0,0,0,0,0,0,0,0,0,0,0],"20301163":[1043,"0020301163","04/12/2004","PHI","76ers","IND","Pacers",0,0,0,1,0,0,0,0,0,1,0],"20300154":[1043,"0020300154","11/19/2003","PHI","76ers","TOR","Raptors",0,2,1,2,0,0,4,1,1,1,1],"20300257":[1043,"0020300257","12/04/2003","PHI","76ers","CHI","Bulls",0,4,2,4,0,0,0,1,0,1,4],"20300047":[1043,"0020300047","11/03/2003","PHI","76ers","POR","Trail Blazers",0,0,0,0,0,0,0,0,0,0,0],"20300640":[1043,"0020300640","01/27/2004","PHI","76ers","NJN","Nets",2,6,1,3,0,0,3,0,0,3,5],"20300215":[1043,"0020300215","11/28/2003","PHI","76ers","IND","Pacers",3,2,1,4,0,0,3,1,0,0,4],"20300623":[1043,"0020300623","01/24/2004","PHI","76ers","CLE","Cavaliers",1,2,1,3,0,0,2,1,0,1,5],"20300649":[1043,"0020300649","01/28/2004","PHI","76ers","TOR","Raptors",1,8,3,5,0,0,3,1,0,0,3],"20300001":[1043,"0020300001","10/28/2003","PHI","76ers","MIA","Heat",0,2,1,1,0,0,0,0,1,0,4],"20300178":[1043,"0020300178","11/22/2003","PHI","76ers","NYK","Knicks",1,2,1,2,0,0,0,0,0,0,1],"20300708":[1043,"0020300708","02/05/2004","PHI","76ers","LAL","Lakers",0,0,0,3,0,0,5,0,0,2,0],"20300224":[1043,"0020300224","11/29/2003","PHI","76ers","ATL","Hawks",0,4,2,2,0,0,1,0,0,0,3],"20300723":[1043,"0020300723","02/07/2004","PHI","76ers","BOS","Celtics",2,4,1,2,0,0,2,0,1,0,2],"20300294":[1043,"0020300294","12/09/2003","PHI","76ers","DET","Pistons",0,1,0,1,0,0,3,1,1,0,2],"20300692":[1043,"0020300692","02/03/2004","PHI","76ers","TOR","Raptors",0,0,0,0,0,0,1,0,0,0,0],"20300241":[1043,"0020300241","12/02/2003","PHI","76ers","TOR","Raptors",0,2,1,2,0,0,3,0,0,0,4],"20300436":[1043,"0020300436","12/29/2003","PHI","76ers","UTA","Jazz",0,0,0,0,0,0,1,0,0,0,0],"20300922":[1043,"0020300922","03/09/2004","PHI","76ers","CHI","Bulls",0,2,1,2,0,0,0,1,0,0,4],"20300414":[1043,"0020300414","12/26/2003","PHI","76ers","LAC","Clippers",1,0,0,0,0,0,0,0,0,0,1],"20300119":[1043,"0020300119","11/14/2003","PHI","76ers","SAS","Spurs",1,1,0,2,0,0,1,1,0,1,4],"20300793":[1043,"0020300793","02/20/2004","PHI","76ers","LAL","Lakers",0,0,0,1,0,0,3,0,0,0,2],"20300660":[1043,"0020300660","01/30/2004","PHI","76ers","NOH","Hornets",1,0,0,0,0,0,2,1,0,0,1],"20300884":[1043,"0020300884","03/04/2004","PHI","76ers","SAC","Kings",0,2,1,2,0,0,2,0,0,0,2],"20300450":[1043,"0020300450","12/31/2003","PHI","76ers","HOU","Rockets",0,0,0,1,0,0,0,0,0,0,0],"20301038":[1043,"0020301038","03/26/2004","PHI","76ers","CLE","Cavaliers",0,0,0,0,0,0,0,0,0,0,2],"20300360":[1043,"0020300360","12/19/2003","PHI","76ers","CLE","Cavaliers",0,2,1,4,0,0,0,0,1,0,3],"20300530":[1043,"0020300530","01/12/2004","PHI","76ers","ORL","Magic",0,0,0,0,0,0,2,1,0,1,3],"20301071":[1043,"0020301071","03/30/2004","PHI","76ers","GSW","Warriors",1,4,2,5,0,0,2,0,1,0,3],"20300095":[1043,"0020300095","11/11/2003","PHI","76ers","WAS","Wizards",0,0,0,0,0,0,1,1,1,0,0],"20301155":[1043,"0020301155","04/11/2004","PHI","76ers","NJN","Nets",0,0,0,0,0,0,0,0,1,0,0],"20300072":[1043,"0020300072","11/07/2003","PHI","76ers","CHI","Bulls",0,0,0,0,0,0,0,0,0,0,0],"20300130":[1043,"0020300130","11/15/2003","PHI","76ers","CLE","Cavaliers",1,6,3,6,0,0,3,0,0,1,6],"20300262":[1043,"0020300262","12/05/2003","PHI","76ers","MIA","Heat",0,6,2,4,0,0,4,2,0,1,4],"20300733":[1043,"0020300733","02/08/2004","PHI","76ers","NJN","Nets",0,9,4,8,0,1,2,0,0,0,6]},"data":[30.0,59,3,10.8,0.8,2.0,0.402,0.0,0.0,0.0,0.3,0.5,0.704,0.8,1.4,2.3,0.3,0.2,0.3,0.4,1.5,1.9],"rank":{"PerGame":[null,null,null,null,null,null,null,null,null,null,null,null,null,null,null,null,null,null,null],"Totals":[298,334,332,null,289,323,null,333,333,null,208,280,264,324,324,152,322,339,311]},"team":"PHI"},"2001":{"shotchart":{"Averages":{"header":["SHOT_ZONE_BASIC","SHOT_ZONE_AREA","SHOT_ZONE_RANGE","FGA","FGM","FG_PCT"],"row":[["Above the Break 3","Back Court(BC)","Back Court Shot",104,5,0.048],["Above the Break 3","Center(C)","24+ ft.",5347,1807,0.338],["Above the Break 3","Left Side Center(LC)","24+ ft.",10200,3509,0.344],["Above the Break 3","Right Side Center(RC)","24+ ft.",10485,3765,0.359],["Backcourt","Back Court(BC)","Back Court Shot",311,8,0.026],["In The Paint (Non-RA)","Center(C)","8-16 ft.",6036,2392,0.396],["In The Paint (Non-RA)","Center(C)","Less Than 8 ft.",18055,6869,0.38],["In The Paint (Non-RA)","Left Side(L)","8-16 ft.",2020,819,0.405],["In The Paint (Non-RA)","Right Side(R)","8-16 ft.",2031,799,0.393],["Left Corner 3","Left Side(L)","24+ ft.",4303,1638,0.381],["Mid-Range","Center(C)","16-24 ft.",5892,2305,0.391],["Mid-Range","Center(C)","8-16 ft.",2077,869,0.418],["Mid-Range","Left Side Center(LC)","16-24 ft.",8894,3632,0.408],["Mid-Range","Left Side(L)","16-24 ft.",10332,4058,0.393],["Mid-Range","Left Side(L)","8-16 ft.",13299,5115,0.385],["Mid-Range","Right Side Center(RC)","16-24 ft.",9727,3859,0.397],["Mid-Range","Right Side(R)","16-24 ft.",9701,3834,0.395],["Mid-Range","Right Side(R)","8-16 ft.",11816,4419,0.374],["Restricted Area","Center(C)","Less Than 8 ft.",58361,34664,0.594],["Right Corner 3","Right Side(R)","24+ ft.",4259,1638,0.385]]},"Details":{"header":["GAME_ID","GAME_EVENT_ID","PERIOD","MINUTES_REMAINING","SECONDS_REMAINING","EVENT_TYPE","ACTION_TYPE","SHOT_TYPE","SHOT_ZONE_BASIC","SHOT_ZONE_AREA","SHOT_ZONE_RANGE","SHOT_DISTANCE","LOC_X","LOC_Y","SHOT_ATTEMPTED_FLAG","SHOT_MADE_FLAG"],"row":[["0020100050",311,3,5,56,"Missed Shot","Jump Shot","2PT Field Goal","Mid-Range","Center(C)","16-24 ft.",16,-4,160,1,0],["0020100050",314,3,5,46,"Missed Shot","Tip Shot","2PT Field Goal","Restricted Area","Center(C)","Less Than 8 ft.",0,0,0,1,0],["0020100050",382,4,10,4,"Made Shot","Hook Shot","2PT Field Goal","In The Paint (Non-RA)","Center(C)","Less Than 8 ft.",5,-4,51,1,1],["0020100050",442,4,4,11,"Missed Shot","Jump Shot","2PT Field Goal","Restricted Area","Center(C)","Less Than 8 ft.",0,0,0,1,0],["0020100050",447,4,3,55,"Made Shot","Dunk Shot","2PT Field Goal","Restricted Area","Center(C)","Less Than 8 ft.",0,0,0,1,1],["0020100058",552,4,0,41,"Made Shot","Jump Shot","2PT Field Goal","Mid-Range","Right Side(R)","8-16 ft.",8,85,4,1,1],["0020100092",29,1,8,33,"Missed Shot","Jump Shot","2PT Field Goal","Mid-Range","Right Side(R)","8-16 ft.",10,106,9,1,0],["0020100092",61,1,4,49,"Missed Shot","Jump Shot","2PT Field Goal","In The Paint (Non-RA)","Left Side(L)","8-16 ft.",13,-67,114,1,0],["0020100092",447,4,2,57,"Made Shot","Dunk Shot","2PT Field Goal","Restricted Area","Center(C)","Less Than 8 ft.",1,-10,4,1,1],["0020100092",458,4,1,45,"Made Shot","Dunk Shot","2PT Field Goal","Restricted Area","Center(C)","Less Than 8 ft.",1,-10,9,1,1],["0020100126",435,4,2,5,"Made Shot","Jump Shot","2PT Field Goal","In The Paint (Non-RA)","Center(C)","Less Than 8 ft.",7,-10,76,1,1],["0020100160",408,4,4,28,"Made Shot","Dunk Shot","2PT Field Goal","Restricted Area","Center(C)","Less Than 8 ft.",0,-1,4,1,1],["0020100160",421,4,2,54,"Made Shot","Jump Shot","2PT Field Goal","Mid-Range","Left Side(L)","16-24 ft.",17,-147,87,1,1],["0020100173",477,4,1,21,"Missed Shot","Jump Shot","2PT Field Goal","Mid-Range","Left Side(L)","8-16 ft.",11,-113,30,1,0],["0020100173",482,4,0,17,"Made Shot","Turnaround Jump Shot","2PT Field Goal","Mid-Range","Left Side(L)","8-16 ft.",10,-105,7,1,1],["0020100208",478,4,2,8,"Made Shot","Slam Dunk Shot","2PT Field Goal","Restricted Area","Center(C)","Less Than 8 ft.",0,-1,0,1,1],["0020100251",280,3,4,59,"Made Shot","Layup Shot","2PT Field Goal","Restricted Area","Center(C)","Less Than 8 ft.",0,-1,9,1,1],["0020100251",332,4,10,56,"Missed Shot","Hook Shot","2PT Field Goal","In The Paint (Non-RA)","Center(C)","Less Than 8 ft.",5,-1,53,1,0],["0020100251",347,4,9,38,"Made Shot","Turnaround Jump Shot","2PT Field Goal","Mid-Range","Left Side(L)","8-16 ft.",12,-124,4,1,1],["0020100251",388,4,4,54,"Missed Shot","Layup Shot","2PT Field Goal","Restricted Area","Center(C)","Less Than 8 ft.",3,-31,15,1,0],["0020100251",391,4,4,16,"Missed Shot","Jump Shot","2PT Field Goal","Mid-Range","Right Side(R)","8-16 ft.",10,106,19,1,0],["0020100251",397,4,3,20,"Made Shot","Follow Up Dunk Shot","2PT Field Goal","Restricted Area","Center(C)","Less Than 8 ft.",0,3,4,1,1],["0020100256",250,2,1,5,"Missed Shot","Layup Shot","2PT Field Goal","Restricted Area","Center(C)","Less Than 8 ft.",0,0,0,1,0],["0020100256",254,2,0,34,"Missed Shot","Layup Shot","2PT Field Goal","Restricted Area","Center(C)","Less Than 8 ft.",0,0,0,1,0],["0020100303",66,1,3,39,"Missed Shot","Jump Shot","2PT Field Goal","Mid-Range","Left Side(L)","8-16 ft.",10,-103,4,1,0],["0020100303",111,2,11,40,"Missed Shot","Layup Shot","2PT Field Goal","Restricted Area","Center(C)","Less Than 8 ft.",2,-10,19,1,0],["0020100327",412,4,4,22,"Missed Shot","Jump Shot","2PT Field Goal","In The Paint (Non-RA)","Center(C)","Less Than 8 ft.",6,-1,63,1,0],["0020100327",446,4,1,58,"Made Shot","Jump Shot","2PT Field Goal","In The Paint (Non-RA)","Center(C)","Less Than 8 ft.",6,-46,47,1,1],["0020100354",461,4,0,40,"Made Shot","Jump Shot","2PT Field Goal","Mid-Range","Right Side(R)","16-24 ft.",17,163,76,1,1],["0020100368",418,4,2,4,"Made Shot","Slam Dunk Shot","2PT Field Goal","Restricted Area","Center(C)","Less Than 8 ft.",0,-1,9,1,1],["0020100368",420,4,1,36,"Missed Shot","Jump Shot","2PT Field Goal","Mid-Range","Left Side Center(LC)","16-24 ft.",16,-109,125,1,0],["0020100368",427,4,0,55,"Missed Shot","Jump Shot","2PT Field Goal","Mid-Range","Right Side(R)","8-16 ft.",13,134,19,1,0],["0020100439",447,4,0,49,"Made Shot","Reverse Layup Shot","2PT Field Goal","Restricted Area","Center(C)","Less Than 8 ft.",0,-1,4,1,1],["0020100439",450,4,0,27,"Missed Shot","Layup Shot","2PT Field Goal","Restricted Area","Center(C)","Less Than 8 ft.",1,-16,9,1,0],["0020100675",448,4,4,39,"Missed Shot","Jump Shot","2PT Field Goal","Restricted Area","Center(C)","Less Than 8 ft.",3,24,26,1,0],["0020100675",454,4,3,58,"Missed Shot","Jump Shot","2PT Field Goal","Mid-Range","Right Side(R)","8-16 ft.",12,121,36,1,0],["0020100675",465,4,3,30,"Missed Shot","Layup Shot","2PT Field Goal","Restricted Area","Center(C)","Less Than 8 ft.",0,3,4,1,0],["0020100675",472,4,2,39,"Missed Shot","Jump Shot","2PT Field Goal","In The Paint (Non-RA)","Center(C)","Less Than 8 ft.",7,-67,30,1,0],["0020100675",490,4,1,37,"Made Shot","Layup Shot","2PT Field Goal","Restricted Area","Center(C)","Less Than 8 ft.",1,-16,9,1,1],["0020100675",493,4,1,16,"Made Shot","Reverse Layup Shot","2PT Field Goal","Restricted Area","Center(C)","Less Than 8 ft.",3,39,4,1,1],["0020100696",395,4,10,23,"Missed Shot","Driving Hook Shot","2PT Field Goal","In The Paint (Non-RA)","Center(C)","Less Than 8 ft.",6,-10,66,1,0],["0020100708",471,4,1,43,"Missed Shot","Layup Shot","2PT Field Goal","Restricted Area","Center(C)","Less Than 8 ft.",0,0,0,1,0],["0020101172",278,3,2,35,"Missed Shot","Jump Shot","2PT Field Goal","In The Paint (Non-RA)","Center(C)","Less Than 8 ft.",5,3,53,1,0],["0020101172",282,3,2,4,"Missed Shot","Jump Shot","2PT Field Goal","Mid-Range","Left Side(L)","8-16 ft.",9,-94,19,1,0],["0020101172",286,3,1,32,"Missed Shot","Jump Shot","2PT Field Goal","Mid-Range","Right Side(R)","16-24 ft.",16,142,91,1,0],["0020101172",310,4,10,58,"Missed Shot","Layup Shot","2PT Field Goal","Restricted Area","Center(C)","Less Than 8 ft.",0,3,-6,1,0],["0020101172",355,4,5,46,"Missed Shot","Turnaround Jump Shot","2PT Field Goal","Mid-Range","Right Side(R)","16-24 ft.",16,157,63,1,0],["0020101172",378,4,3,29,"Made Shot","Slam Dunk Shot","2PT Field Goal","Restricted Area","Center(C)","Less Than 8 ft.",0,-1,9,1,1],["0020101172",388,4,1,57,"Missed Shot","Turnaround Jump Shot","2PT Field Goal","Mid-Range","Right Side(R)","8-16 ft.",11,113,9,1,0]]}},"GameList":{"20100368":[1043,"0020100368","12/21/2001","SAS","Spurs","DEN","Nuggets",2,3,1,3,0,0,3,0,0,0,0],"20100327":[1043,"0020100327","12/15/2001","SAS","Spurs","UTA","Jazz",0,5,1,2,0,0,3,1,0,0,3],"20100126":[1043,"0020100126","11/16/2001","SAS","Spurs","CLE","Cavaliers",0,2,1,1,0,0,0,0,0,0,1],"20100008":[1043,"0020100008","10/30/2001","SAS","Spurs","LAC","Clippers",0,0,0,0,0,0,0,0,0,0,0],"20100620":[1043,"0020100620","01/26/2002","SAS","Spurs","GSW","Warriors",0,0,0,0,0,0,2,1,0,1,0],"20100270":[1043,"0020100270","12/07/2001","SAS","Spurs","PHI","76ers",0,0,0,0,0,0,0,0,0,0,0],"20100439":[1043,"0020100439","01/02/2002","SAS","Spurs","DET","Pistons",1,2,1,2,0,0,0,0,0,0,0],"20100256":[1043,"0020100256","12/05/2001","SAS","Spurs","ATL","Hawks",1,0,0,2,0,0,0,0,0,0,5],"20100251":[1043,"0020100251","12/04/2001","SAS","Spurs","WAS","Wizards",0,8,3,6,0,0,1,1,2,0,6],"20100058":[1043,"0020100058","11/06/2001","SAS","Spurs","ORL","Magic",1,4,1,1,0,0,1,0,0,0,2],"20100232":[1043,"0020100232","12/01/2001","SAS","Spurs","HOU","Rockets",0,0,0,0,0,0,0,0,1,0,0],"20100708":[1043,"0020100708","02/12/2002","SAS","Spurs","SAC","Kings",0,0,0,1,0,0,0,0,0,0,0],"20100478":[1043,"0020100478","01/07/2002","SAS","Spurs","NYK","Knicks",0,0,0,0,0,0,0,0,0,0,0],"20100092":[1043,"0020100092","11/10/2001","SAS","Spurs","ATL","Hawks",1,4,2,4,0,0,0,1,1,0,1],"20100050":[1043,"0020100050","11/04/2001","SAS","Spurs","SAC","Kings",2,4,2,5,0,0,5,1,2,1,4],"20100173":[1043,"0020100173","11/23/2001","SAS","Spurs","IND","Pacers",0,2,1,2,0,0,1,0,0,0,1],"20100594":[1043,"0020100594","01/23/2002","SAS","Spurs","UTA","Jazz",0,0,0,0,0,0,1,0,0,0,0],"20100354":[1043,"0020100354","12/19/2001","SAS","Spurs","POR","Trail Blazers",0,2,1,1,0,0,0,0,0,0,0],"20100696":[1043,"0020100696","02/07/2002","SAS","Spurs","TOR","Raptors",0,0,0,1,0,0,0,0,0,0,0],"20100675":[1043,"0020100675","02/04/2002","SAS","Spurs","MIN","Timberwolves",0,6,2,6,0,0,2,1,0,1,1],"20101172":[1043,"0020101172","04/16/2002","SAS","Spurs","PHX","Suns",1,3,1,7,0,0,0,1,0,1,4],"20100500":[1043,"0020100500","01/11/2002","SAS","Spurs","PHI","76ers",0,0,0,0,0,0,0,0,0,0,1],"20100609":[1043,"0020100609","01/25/2002","SAS","Spurs","LAL","Lakers",0,0,0,0,0,0,0,0,0,0,1],"20100303":[1043,"0020100303","12/12/2001","SAS","Spurs","TOR","Raptors",2,0,0,2,0,0,2,0,0,0,4],"20100160":[1043,"0020100160","11/21/2001","SAS","Spurs","SEA","SuperSonics",0,5,2,2,0,0,0,0,0,0,2],"20100208":[1043,"0020100208","11/28/2001","SAS","Spurs","GSW","Warriors",3,2,1,1,0,0,1,1,0,0,0],"20100043":[1043,"0020100043","11/03/2001","SAS","Spurs","POR","Trail Blazers",0,0,0,0,0,0,1,2,0,0,0]},"data":[28.0,27,0,5.7,0.7,1.8,0.408,0.0,0.0,0.0,0.4,1.0,0.462,0.6,0.7,1.3,0.1,0.2,0.4,0.5,0.9,1.9],"rank":{"PerGame":[null,null,null,null,null,null,null,null,null,null,null,null,null,null,null,null,null,null,null],"Totals":[383,377,376,null,288,361,null,353,335,null,321,374,364,403,362,248,349,377,376]},"team":"SAS"},"1996":{"shotchart":{"Averages":{"header":["SHOT_ZONE_BASIC","SHOT_ZONE_AREA","SHOT_ZONE_RANGE","FGA","FGM","FG_PCT"],"row":[["Above the Break 3","Back Court(BC)","Back Court Shot",85,2,0.024],["Above the Break 3","Center(C)","24+ ft.",2961,1004,0.339],["Above the Break 3","Left Side Center(LC)","24+ ft.",6391,2096,0.328],["Above the Break 3","Right Side Center(RC)","24+ ft.",4938,1713,0.347],["Backcourt","Back Court(BC)","Back Court Shot",207,9,0.043],["In The Paint (Non-RA)","Center(C)","8-16 ft.",4311,1896,0.44],["In The Paint (Non-RA)","Center(C)","Less Than 8 ft.",14430,6313,0.437],["In The Paint (Non-RA)","Left Side(L)","8-16 ft.",1893,781,0.413],["In The Paint (Non-RA)","Right Side(R)","8-16 ft.",1741,714,0.41],["Left Corner 3","Left Side(L)","24+ ft.",3068,1214,0.396],["Mid-Range","Center(C)","16-24 ft.",7169,2906,0.405],["Mid-Range","Center(C)","8-16 ft.",1668,710,0.426],["Mid-Range","Left Side Center(LC)","16-24 ft.",9900,4050,0.409],["Mid-Range","Left Side(L)","16-24 ft.",9842,4158,0.422],["Mid-Range","Left Side(L)","8-16 ft.",13794,5376,0.39],["Mid-Range","Right Side Center(RC)","16-24 ft.",11226,4357,0.388],["Mid-Range","Right Side(R)","16-24 ft.",9029,3715,0.411],["Mid-Range","Right Side(R)","8-16 ft.",12668,5036,0.398],["Restricted Area","Center(C)","Less Than 8 ft.",70575,38643,0.548],["Right Corner 3","Right Side(R)","24+ ft.",2689,1079,0.401]]},"Details":{"header":["GAME_ID","GAME_EVENT_ID","PERIOD","MINUTES_REMAINING","SECONDS_REMAINING","EVENT_TYPE","ACTION_TYPE","SHOT_TYPE","SHOT_ZONE_BASIC","SHOT_ZONE_AREA","SHOT_ZONE_RANGE","SHOT_DISTANCE","LOC_X","LOC_Y","SHOT_ATTEMPTED_FLAG","SHOT_MADE_FLAG"],"row":[["0029600188",69,1,3,36,"Missed Shot","Jump Shot","2PT Field Goal","In The Paint (Non-RA)","Center(C)","Less Than 8 ft.",4,45,-7,1,0],["0029600188",71,1,3,31,"Made Shot","Layup Shot","2PT Field Goal","Restricted Area","Center(C)","Less Than 8 ft.",0,0,0,1,1],["0029600188",81,1,2,14,"Made Shot","Jump Shot","2PT Field Goal","In The Paint (Non-RA)","Left Side(L)","8-16 ft.",8,-77,-27,1,1],["0029600188",106,1,0,3,"Missed Shot","Dunk Shot","2PT Field Goal","Restricted Area","Center(C)","Less Than 8 ft.",0,0,0,1,0],["0029600188",286,3,2,53,"Made Shot","Jump Shot","2PT Field Goal","Mid-Range","Right Side(R)","16-24 ft.",18,166,88,1,1],["0029600188",352,4,6,39,"Missed Shot","Jump Shot","2PT Field Goal","Mid-Range","Left Side(L)","16-24 ft.",16,-168,-25,1,0],["0029600188",361,4,5,23,"Made Shot","Tip Shot","2PT Field Goal","Restricted Area","Center(C)","Less Than 8 ft.",0,0,0,1,1],["0029600200",177,2,4,16,"Missed Shot","Jump Shot","2PT Field Goal","Mid-Range","Right Side(R)","8-16 ft.",15,131,78,1,0],["0029600213",121,2,9,29,"Missed Shot","Layup Shot","2PT Field Goal","Restricted Area","Center(C)","Less Than 8 ft.",0,0,0,1,0],["0029600235",12,1,9,12,"Made Shot","Jump Shot","2PT Field Goal","Mid-Range","Left Side(L)","16-24 ft.",18,-166,71,1,1],["0029600235",19,1,8,15,"Missed Shot","Jump Shot","2PT Field Goal","Mid-Range","Right Side(R)","8-16 ft.",13,125,36,1,0],["0029600235",44,1,5,5,"Missed Shot","Jump Shot","2PT Field Goal","Mid-Range","Right Side(R)","16-24 ft.",17,172,-18,1,0],["0029600235",152,2,2,29,"Missed Shot","Jump Shot","2PT Field Goal","Mid-Range","Right Side(R)","16-24 ft.",17,177,13,1,0],["0029600235",203,3,9,12,"Missed Shot","Jump Shot","2PT Field Goal","Mid-Range","Left Side(L)","16-24 ft.",17,-174,32,1,0],["0029600235",230,3,5,54,"Missed Shot","Jump Shot","2PT Field Goal","In The Paint (Non-RA)","Center(C)","Less Than 8 ft.",6,60,-7,1,0],["0029600235",379,4,1,54,"Missed Shot","Jump Shot","2PT Field Goal","Mid-Range","Left Side(L)","8-16 ft.",15,-135,82,1,0],["0029600272",158,2,4,10,"Missed Shot","Jump Shot","2PT Field Goal","Mid-Range","Center(C)","16-24 ft.",17,53,164,1,0],["0029600315",298,3,3,9,"Missed Shot","Jump Shot","2PT Field Goal","Mid-Range","Right Side(R)","16-24 ft.",19,196,-18,1,0],["0029600315",426,4,0,42,"Missed Shot","Jump Shot","2PT Field Goal","Mid-Range","Right Side(R)","16-24 ft.",20,203,-20,1,0],["0029600437",390,4,2,34,"Made Shot","Layup Shot","2PT Field Goal","Restricted Area","Center(C)","Less Than 8 ft.",0,0,0,1,1],["0029600437",406,4,0,35,"Missed Shot","Layup Shot","2PT Field Goal","Restricted Area","Center(C)","Less Than 8 ft.",0,0,0,1,0],["0029600460",487,4,0,0,"Missed Shot","Jump Shot","3PT Field Goal","Backcourt","Back Court(BC)","Back Court Shot",80,-143,793,1,0],["0029600546",394,4,1,11,"Made Shot","Jump Shot","2PT Field Goal","Mid-Range","Left Side(L)","8-16 ft.",12,-129,6,1,1],["0029600992",459,4,0,15,"Missed Shot","Jump Shot","2PT Field Goal","Mid-Range","Right Side(R)","8-16 ft.",14,133,56,1,0],["0029601063",106,2,11,19,"Missed Shot","Layup Shot","2PT Field Goal","Restricted Area","Center(C)","Less Than 8 ft.",0,0,0,1,0],["0029601063",125,2,9,16,"Missed Shot","Layup Shot","2PT Field Goal","Restricted Area","Center(C)","Less Than 8 ft.",0,0,0,1,0],["0029601094",420,4,0,0,"Missed Shot","Jump Shot","3PT Field Goal","Above the Break 3","Left Side Center(LC)","24+ ft.",26,-166,203,1,0],["0029601108",400,4,7,56,"Missed Shot","Jump Shot","2PT Field Goal","Mid-Range","Left Side(L)","8-16 ft.",12,-122,6,1,0],["0029601108",426,4,4,26,"Missed Shot","Layup Shot","2PT Field Goal","Restricted Area","Center(C)","Less Than 8 ft.",0,0,0,1,0],["0029601108",464,4,0,15,"Made Shot","Slam Dunk Shot","2PT Field Goal","Restricted Area","Center(C)","Less Than 8 ft.",0,0,0,1,1],["0029601123",505,4,1,26,"Made Shot","Layup Shot","2PT Field Goal","Restricted Area","Center(C)","Less Than 8 ft.",0,0,0,1,1],["0029601123",520,4,0,34,"Made Shot","Hook Shot","2PT Field Goal","In The Paint (Non-RA)","Center(C)","Less Than 8 ft.",7,-68,28,1,1]]}},"GameList":{"29600361":[1043,"0029600361","12/21/1996","ORL","Magic","MIL","Bucks",0,1,0,0,0,0,0,0,0,0,1],"29600235":[1043,"0029600235","12/04/1996","ORL","Magic","CLE","Cavaliers",4,4,1,7,0,0,2,2,0,1,3],"29600200":[1043,"0029600200","11/29/1996","ORL","Magic","PHI","76ers",0,0,0,1,0,0,1,0,0,1,1],"29601081":[1043,"0029601081","04/06/1997","ORL","Magic","CHI","Bulls",0,2,0,0,0,0,0,0,0,0,1],"29600437":[1043,"0029600437","01/03/1997","ORL","Magic","CHI","Bulls",0,2,1,2,0,0,2,0,0,0,0],"29600460":[1043,"0029600460","01/07/1997","ORL","Magic","PHI","76ers",0,0,0,1,0,1,0,0,0,0,3],"29601123":[1043,"0029601123","04/12/1997","ORL","Magic","BOS","Celtics",0,4,2,2,0,0,0,0,0,0,1],"29600188":[1043,"0029600188","11/27/1996","ORL","Magic","ATL","Hawks",0,9,4,7,0,0,0,0,1,2,5],"29600992":[1043,"0029600992","03/25/1997","ORL","Magic","SAC","Kings",0,0,0,1,0,0,0,0,0,0,0],"29600213":[1043,"0029600213","11/30/1996","ORL","Magic","CLE","Cavaliers",1,0,0,1,0,0,0,0,0,0,0],"29600546":[1043,"0029600546","01/19/1997","ORL","Magic","MIA","Heat",0,2,1,1,0,0,0,0,0,0,0],"29600315":[1043,"0029600315","12/14/1996","ORL","Magic","UTA","Jazz",2,0,0,2,0,0,0,0,1,0,1],"29601063":[1043,"0029601063","04/04/1997","ORL","Magic","NYK","Knicks",1,0,0,2,0,0,1,1,0,0,1],"29600272":[1043,"0029600272","12/08/1996","ORL","Magic","SAC","Kings",0,0,0,1,0,0,0,0,0,0,3],"29600222":[1043,"0029600222","12/02/1996","ORL","Magic","DAL","Mavericks",3,1,0,0,0,0,0,0,1,1,0],"29601094":[1043,"0029601094","04/08/1997","ORL","Magic","MIL","Bucks",0,1,0,1,0,1,0,0,0,1,0],"29601108":[1043,"0029601108","04/10/1997","ORL","Magic","TOR","Raptors",0,2,1,3,0,0,1,2,0,1,2]},"data":[23.0,17,1,6.4,0.6,1.9,0.313,0.0,0.1,0.0,0.5,0.7,0.667,0.2,1.1,1.3,0.4,0.2,0.3,0.6,0.4,1.6],"rank":{"PerGame":[null,null,null,null,null,null,null,null,null,null,null,null,null,null,null,null,null,null,null],"Totals":[391,395,389,null,303,317,null,374,376,null,386,370,377,375,384,304,371,393,394]},"team":"ORL"}},"headerData":["PLAYER_AGE","GP","GS","MIN","FGM","FGA","FG_PCT","FG3M","FG3A","FG3_PCT","FTM","FTA","FT_PCT","OREB","DREB","REB","AST","STL","BLK","TOV","PF","PTS"],"PostSeason":{"1996":{"shotchart":{"Averages":{"header":["SHOT_ZONE_BASIC","SHOT_ZONE_AREA","SHOT_ZONE_RANGE","FGA","FGM","FG_PCT"],"row":[["Above the Break 3","Back Court(BC)","Back Court Shot",9,2,0.222],["Above the Break 3","Center(C)","24+ ft.",181,74,0.409],["Above the Break 3","Left Side Center(LC)","24+ ft.",456,142,0.311],["Above the Break 3","Right Side Center(RC)","24+ ft.",277,101,0.365],["Backcourt","Back Court(BC)","Back Court Shot",28,0,0.0],["In The Paint (Non-RA)","Center(C)","8-16 ft.",232,104,0.448],["In The Paint (Non-RA)","Center(C)","Less Than 8 ft.",1028,436,0.424],["In The Paint (Non-RA)","Left Side(L)","8-16 ft.",127,51,0.402],["In The Paint (Non-RA)","Right Side(R)","8-16 ft.",89,37,0.416],["Left Corner 3","Left Side(L)","24+ ft.",193,69,0.358],["Mid-Range","Center(C)","8-16 ft.",104,38,0.365],["Mid-Range","Center(C)","16-24 ft.",473,178,0.376],["Mid-Range","Left Side Center(LC)","16-24 ft.",554,230,0.415],["Mid-Range","Left Side(L)","16-24 ft.",508,201,0.396],["Mid-Range","Left Side(L)","8-16 ft.",765,309,0.404],["Mid-Range","Right Side Center(RC)","16-24 ft.",713,258,0.362],["Mid-Range","Right Side(R)","16-24 ft.",537,210,0.391],["Mid-Range","Right Side(R)","8-16 ft.",748,261,0.349],["Restricted Area","Center(C)","Less Than 8 ft.",3729,2059,0.552],["Right Corner 3","Right Side(R)","24+ ft.",199,65,0.327]]},"Details":{"header":["GAME_ID","GAME_EVENT_ID","PERIOD","MINUTES_REMAINING","SECONDS_REMAINING","EVENT_TYPE","ACTION_TYPE","SHOT_TYPE","SHOT_ZONE_BASIC","SHOT_ZONE_AREA","SHOT_ZONE_RANGE","SHOT_DISTANCE","LOC_X","LOC_Y","SHOT_ATTEMPTED_FLAG","SHOT_MADE_FLAG"],"row":[["0049600002",407,4,0,53,"Missed Shot","Jump Shot","2PT Field Goal","Mid-Range","Right Side(R)","16-24 ft.",18,181,-7,1,0],["0049600002",410,4,0,34,"Made Shot","Dunk Shot","2PT Field Goal","Restricted Area","Center(C)","Less Than 8 ft.",0,0,0,1,1],["0049600012",412,4,1,57,"Made Shot","Dunk Shot","2PT Field Goal","Restricted Area","Center(C)","Less Than 8 ft.",0,0,0,1,1]]}},"GameList":{"49600002":[1043,"0049600002","04/24/1997","ORL","Magic","MIA","Heat",0,2,1,2,0,0,1,0,0,1,2],"49600012":[1043,"0049600012","04/27/1997","ORL","Magic","MIA","Heat",0,3,1,1,0,0,0,0,0,0,1]},"data":[23.0,2,0,3.5,1.0,1.5,0.667,0.0,0.0,0.0,0.5,1.5,0.333,0.0,1.5,1.5,0.5,0.0,0.0,0.0,0.5,2.5],"rank":{"PerGame":[null,null,null,null,null,null,null,null,null,null,null,null,null,null,null,null,null,null,null],"Totals":[171,144,158,null,102,129,null,141,134,null,154,134,142,143,152,117,160,154,151]},"team":"ORL"}}}}