{"info":{"FIRST_NAME":"Andre","LAST_NAME":"Owens","WEIGHT":"200","COUNTRY":"USA","SCHOOL":"Houston","BIRTHDATE":"1980-10-31T00:00:00","HEIGHT":"6-4","TO_YEAR":2007,"DLEAGUE":"Y","FROM_YEAR":2005,"TEAM":"IND","PERSON_ID":101261,"SEASON_EXP":2,"POSITION":"Guard","ROSTERSTATUS":"Active","ALL_STAR":0,"PIE":0,"JERSEY":"20"},"career":{"header":["MIN","FGM","FGA","FG_PCT","FG3M","FG3A","FG3_PCT","FTM","FTA","FT_PCT","OREB","DREB","REB","AST","STL","BLK","TOV","PF","PTS"],"RegularSeason":{"PerGame":[11.1,1.2,3.4,0.37,0.4,1.0,0.375,0.7,1.0,0.712,0.4,0.8,1.3,1.0,0.3,0.1,0.7,1.1,3.6],"GS":9,"GP":54},"PostSeason":{}},"season":{"headerRank":["RANK_PG_MIN","RANK_PG_FGM","RANK_PG_FGA","RANK_FG_PCT","RANK_PG_FG3M","RANK_PG_FG3A","RANK_FG3_PCT","RANK_PG_FTM","RANK_PG_FTA","RANK_FT_PCT","RANK_PG_OREB","RANK_PG_DREB","RANK_PG_REB","RANK_PG_AST","RANK_PG_STL","RANK_PG_BLK","RANK_PG_TOV","RANK_PG_PTS","RANK_PG_EFF"],"headerGame":["PLAYER_ID","GAME_ID","GAME_DATE","TEAM_ABBREVIATION","TEAM_NAME","VS_TEAM_ABBREVIATION","VS_TEAM_NAME","TOV","PTS","FGM","FGA","FG3M","FG3A","PF","BLK","STL","AST","REB"],"RegularSeason":{"2007":{"shotchart":{"Averages":{"header":["SHOT_ZONE_BASIC","SHOT_ZONE_AREA","SHOT_ZONE_RANGE","FGA","FGM","FG_PCT"],"row":[["Above the Break 3","Back Court(BC)","Back Court Shot",129,3,0.023],["Above the Break 3","Center(C)","24+ ft.",6849,2374,0.347],["Above the Break 3","Left Side Center(LC)","24+ ft.",12540,4481,0.357],["Above the Break 3","Right Side Center(RC)","24+ ft.",12323,4426,0.359],["Backcourt","Back Court(BC)","Back Court Shot",468,10,0.021],["In The Paint (Non-RA)","Center(C)","8-16 ft.",6435,2577,0.4],["In The Paint (Non-RA)","Center(C)","Less Than 8 ft.",15001,6210,0.414],["In The Paint (Non-RA)","Left Side(L)","8-16 ft.",2249,880,0.391],["In The Paint (Non-RA)","Right Side(R)","8-16 ft.",2226,918,0.412],["Left Corner 3","Left Side(L)","24+ ft.",6340,2479,0.391],["Mid-Range","Center(C)","16-24 ft.",8386,3433,0.409],["Mid-Range","Center(C)","8-16 ft.",1688,721,0.427],["Mid-Range","Left Side Center(LC)","16-24 ft.",10377,4195,0.404],["Mid-Range","Left Side(L)","16-24 ft.",9213,3787,0.411],["Mid-Range","Left Side(L)","8-16 ft.",8623,3268,0.379],["Mid-Range","Right Side Center(RC)","16-24 ft.",10936,4413,0.404],["Mid-Range","Right Side(R)","16-24 ft.",8205,3428,0.418],["Mid-Range","Right Side(R)","8-16 ft.",8558,3283,0.384],["Restricted Area","Center(C)","Less Than 8 ft.",64133,38456,0.6],["Right Corner 3","Right Side(R)","24+ ft.",5822,2327,0.4]]},"Details":{"header":["GAME_ID","GAME_EVENT_ID","PERIOD","MINUTES_REMAINING","SECONDS_REMAINING","EVENT_TYPE","ACTION_TYPE","SHOT_TYPE","SHOT_ZONE_BASIC","SHOT_ZONE_AREA","SHOT_ZONE_RANGE","SHOT_DISTANCE","LOC_X","LOC_Y","SHOT_ATTEMPTED_FLAG","SHOT_MADE_FLAG"],"row":[["0020700006",383,3,2,4,"Missed Shot","Layup Shot","2PT Field Goal","Restricted Area","Center(C)","Less Than 8 ft.",1,-15,8,1,0],["0020700030",270,2,0,1,"Missed Shot","Layup Shot","2PT Field Goal","Restricted Area","Center(C)","Less Than 8 ft.",0,0,0,1,0],["0020700057",394,4,10,35,"Missed Shot","Jump Shot","2PT Field Goal","Restricted Area","Center(C)","Less Than 8 ft.",3,21,33,1,0],["0020700057",487,4,1,44,"Made Shot","Driving Layup Shot","2PT Field Goal","Restricted Area","Center(C)","Less Than 8 ft.",2,20,18,1,1],["0020700057",499,4,0,28,"Missed Shot","Jump Shot","2PT Field Goal","Mid-Range","Center(C)","8-16 ft.",14,10,141,1,0],["0020700098",510,4,1,9,"Missed Shot","Layup Shot","2PT Field Goal","Restricted Area","Center(C)","Less Than 8 ft.",0,6,2,1,0],["0020700234",380,3,1,9,"Missed Shot","Jump Shot","2PT Field Goal","Restricted Area","Center(C)","Less Than 8 ft.",3,-36,-1,1,0],["0020700308",470,4,4,38,"Missed Shot","Jump Shot","2PT Field Goal","Mid-Range","Left Side(L)","16-24 ft.",22,-209,74,1,0],["0020700308",478,4,3,54,"Made Shot","Finger Roll Layup Shot","2PT Field Goal","Restricted Area","Center(C)","Less Than 8 ft.",3,-11,33,1,1],["0020700308",502,4,1,14,"Missed Shot","Jump Shot","3PT Field Goal","Above the Break 3","Left Side Center(LC)","24+ ft.",24,-192,151,1,0],["0020700317",467,4,0,32,"Missed Shot","Jump Shot","2PT Field Goal","In The Paint (Non-RA)","Center(C)","Less Than 8 ft.",4,-28,31,1,0],["0020700368",11,1,10,37,"Missed Shot","Jump Shot","2PT Field Goal","Mid-Range","Right Side Center(RC)","16-24 ft.",19,135,145,1,0],["0020700368",19,1,9,35,"Missed Shot","Jump Shot","3PT Field Goal","Above the Break 3","Left Side Center(LC)","24+ ft.",24,-220,114,1,0],["0020700368",210,2,0,40,"Missed Shot","Jump Shot","2PT Field Goal","Restricted Area","Center(C)","Less Than 8 ft.",3,-26,26,1,0],["0020700368",228,3,11,13,"Made Shot","Driving Layup Shot","2PT Field Goal","Restricted Area","Center(C)","Less Than 8 ft.",1,3,13,1,1],["0020700368",252,3,8,10,"Made Shot","Jump Shot","3PT Field Goal","Left Corner 3","Left Side(L)","24+ ft.",22,-223,-14,1,1],["0020700387",497,4,0,43,"Missed Shot","Jump Shot","2PT Field Goal","Mid-Range","Left Side(L)","8-16 ft.",14,-141,15,1,0],["0020700410",366,3,3,2,"Made Shot","Jump Shot","3PT Field Goal","Above the Break 3","Left Side Center(LC)","24+ ft.",27,-115,253,1,1],["0020700410",370,3,2,34,"Missed Shot","Driving Layup Shot","2PT Field Goal","Restricted Area","Center(C)","Less Than 8 ft.",0,0,0,1,0],["0020700410",399,3,0,0,"Missed Shot","Layup Shot","2PT Field Goal","Restricted Area","Center(C)","Less Than 8 ft.",0,0,0,1,0],["0020700425",230,2,0,0,"Missed Shot","Jump Shot","3PT Field Goal","Above the Break 3","Back Court(BC)","Back Court Shot",45,-207,403,1,0],["0020700425",243,3,10,10,"Missed Shot","Layup Shot","2PT Field Goal","Restricted Area","Center(C)","Less Than 8 ft.",0,0,0,1,0],["0020700425",255,3,9,4,"Missed Shot","Jump Shot","3PT Field Goal","Above the Break 3","Left Side Center(LC)","24+ ft.",26,-153,212,1,0],["0020700425",301,3,2,31,"Made Shot","Jump Shot","2PT Field Goal","Mid-Range","Left Side Center(LC)","16-24 ft.",21,-77,204,1,1],["0020700425",303,3,1,40,"Missed Shot","Jump Shot","2PT Field Goal","In The Paint (Non-RA)","Center(C)","8-16 ft.",12,-13,125,1,0],["0020700425",454,4,1,37,"Missed Shot","Jump Shot","3PT Field Goal","Above the Break 3","Right Side Center(RC)","24+ ft.",26,212,161,1,0],["0020700425",461,4,1,4,"Missed Shot","Jump Shot","2PT Field Goal","Mid-Range","Left Side Center(LC)","16-24 ft.",17,-113,128,1,0],["0020700437",15,1,9,19,"Missed Shot","Jump Shot","2PT Field Goal","Mid-Range","Left Side Center(LC)","16-24 ft.",20,-110,174,1,0],["0020700437",20,1,8,41,"Made Shot","Reverse Layup Shot","2PT Field Goal","Restricted Area","Center(C)","Less Than 8 ft.",1,-13,-5,1,1],["0020700437",237,3,10,32,"Made Shot","Jump Shot","3PT Field Goal","Left Corner 3","Left Side(L)","24+ ft.",22,-225,0,1,1],["0020700437",270,3,6,25,"Made Shot","Jump Shot","3PT Field Goal","Above the Break 3","Right Side Center(RC)","24+ ft.",26,205,164,1,1],["0020700449",27,1,8,15,"Made Shot","Jump Shot","3PT Field Goal","Left Corner 3","Left Side(L)","24+ ft.",23,-235,31,1,1],["0020700449",38,1,6,52,"Missed Shot","Jump Shot","2PT Field Goal","In The Paint (Non-RA)","Center(C)","8-16 ft.",11,-56,99,1,0],["0020700449",176,2,5,51,"Made Shot","Jump Shot","3PT Field Goal","Above the Break 3","Left Side Center(LC)","24+ ft.",25,-103,238,1,1],["0020700449",182,2,5,1,"Missed Shot","Jump Shot","2PT Field Goal","Mid-Range","Right Side(R)","8-16 ft.",14,143,35,1,0],["0020700449",197,2,3,32,"Made Shot","Jump Shot","3PT Field Goal","Above the Break 3","Right Side Center(RC)","24+ ft.",26,202,164,1,1],["0020700449",230,2,0,26,"Made Shot","Jump Shot","3PT Field Goal","Above the Break 3","Right Side Center(RC)","24+ ft.",25,192,171,1,1],["0020700449",240,3,11,6,"Missed Shot","Layup Shot","2PT Field Goal","Restricted Area","Center(C)","Less Than 8 ft.",0,0,0,1,0],["0020700449",458,4,1,8,"Missed Shot","Jump Shot","3PT Field Goal","Above the Break 3","Left Side Center(LC)","24+ ft.",26,-204,168,1,0],["0020700449",526,5,0,0,"Made Shot","Jump Shot","3PT Field Goal","Above the Break 3","Right Side Center(RC)","24+ ft.",25,181,183,1,1],["0020700461",24,1,8,52,"Made Shot","Jump Shot","3PT Field Goal","Above the Break 3","Right Side Center(RC)","24+ ft.",26,135,224,1,1],["0020700461",32,1,7,51,"Made Shot","Jump Shot","3PT Field Goal","Right Corner 3","Right Side(R)","24+ ft.",23,232,-1,1,1],["0020700461",52,1,5,7,"Missed Shot","Jump Shot","3PT Field Goal","Right Corner 3","Right Side(R)","24+ ft.",24,248,7,1,0],["0020700461",163,2,6,47,"Missed Shot","Jump Shot","3PT Field Goal","Above the Break 3","Right Side Center(RC)","24+ ft.",26,141,230,1,0],["0020700461",185,2,5,30,"Missed Shot","Layup Shot","2PT Field Goal","Restricted Area","Center(C)","Less Than 8 ft.",1,15,13,1,0],["0020700461",258,3,9,20,"Missed Shot","Jump Shot","3PT Field Goal","Above the Break 3","Center(C)","24+ ft.",25,-59,248,1,0],["0020700461",337,3,0,33,"Missed Shot","Jump Shot","3PT Field Goal","Above the Break 3","Right Side Center(RC)","24+ ft.",26,204,163,1,0],["0020700461",344,3,0,4,"Missed Shot","Jump Shot","2PT Field Goal","In The Paint (Non-RA)","Center(C)","Less Than 8 ft.",4,31,28,1,0],["0020700461",346,3,0,1,"Made Shot","Layup Shot","2PT Field Goal","Restricted Area","Center(C)","Less Than 8 ft.",2,6,22,1,1],["0020700461",407,4,5,50,"Missed Shot","Jump Shot","3PT Field Goal","Above the Break 3","Right Side Center(RC)","24+ ft.",25,135,217,1,0],["0020700474",4,1,11,30,"Made Shot","Jump Shot","3PT Field Goal","Left Corner 3","Left Side(L)","24+ ft.",23,-225,76,1,1],["0020700474",9,1,10,30,"Missed Shot","Driving Layup Shot","2PT Field Goal","Restricted Area","Center(C)","Less Than 8 ft.",2,-26,8,1,0],["0020700474",11,1,10,27,"Missed Shot","Pullup Jump shot","2PT Field Goal","Mid-Range","Left Side(L)","8-16 ft.",14,-146,3,1,0],["0020700474",177,2,6,58,"Missed Shot","Layup Shot","2PT Field Goal","Restricted Area","Center(C)","Less Than 8 ft.",2,15,25,1,0],["0020700474",308,3,5,28,"Missed Shot","Jump Shot","3PT Field Goal","Above the Break 3","Right Side Center(RC)","24+ ft.",25,233,95,1,0],["0020700474",472,4,1,36,"Missed Shot","Running Jump Shot","2PT Field Goal","Mid-Range","Right Side(R)","8-16 ft.",11,90,71,1,0],["0020700497",35,1,7,46,"Missed Shot","Layup Shot","2PT Field Goal","Restricted Area","Center(C)","Less Than 8 ft.",0,0,0,1,0],["0020700497",121,1,1,46,"Missed Shot","Jump Shot","2PT Field Goal","Mid-Range","Left Side Center(LC)","16-24 ft.",22,-75,207,1,0],["0020700497",123,1,1,22,"Missed Shot","Layup Shot","2PT Field Goal","Restricted Area","Center(C)","Less Than 8 ft.",0,0,0,1,0],["0020700497",372,3,1,45,"Made Shot","Driving Layup Shot","2PT Field Goal","Restricted Area","Center(C)","Less Than 8 ft.",0,0,0,1,1],["0020700497",408,4,11,30,"Missed Shot","Jump Shot","3PT Field Goal","Right Corner 3","Right Side(R)","24+ ft.",23,232,7,1,0],["0020700497",525,4,0,53,"Made Shot","Jump Shot","3PT Field Goal","Above the Break 3","Left Side Center(LC)","24+ ft.",25,-153,202,1,1],["0020700497",540,4,0,3,"Made Shot","Jump Shot","3PT Field Goal","Above the Break 3","Right Side Center(RC)","24+ ft.",26,181,194,1,1],["0020700507",147,2,11,19,"Missed Shot","Jump Shot","3PT Field Goal","Above the Break 3","Left Side Center(LC)","24+ ft.",23,-163,174,1,0],["0020700507",332,3,6,55,"Missed Shot","Jump Shot","2PT Field Goal","In The Paint (Non-RA)","Left Side(L)","8-16 ft.",9,-67,68,1,0],["0020700507",339,3,6,8,"Made Shot","Jump Shot","3PT Field Goal","Above the Break 3","Right Side Center(RC)","24+ ft.",24,144,204,1,1],["0020700507",371,3,2,46,"Missed Shot","Jump Shot","3PT Field Goal","Above the Break 3","Right Side Center(RC)","24+ ft.",24,218,114,1,0],["0020700507",448,4,8,23,"Missed Shot","Jump Shot","2PT Field Goal","Mid-Range","Left Side(L)","16-24 ft.",16,-151,77,1,0],["0020700507",479,4,5,58,"Made Shot","Driving Layup Shot","2PT Field Goal","Restricted Area","Center(C)","Less Than 8 ft.",0,0,0,1,1],["0020700507",497,4,3,29,"Made Shot","Jump Shot","2PT Field Goal","Mid-Range","Left Side(L)","16-24 ft.",21,-214,-18,1,1],["0020700565",50,1,6,56,"Missed Shot","Jump Shot","2PT Field Goal","Mid-Range","Left Side Center(LC)","16-24 ft.",18,-94,163,1,0],["0020700565",179,2,7,58,"Made Shot","Jump Shot","3PT Field Goal","Right Corner 3","Right Side(R)","24+ ft.",23,232,15,1,1],["0020700617",482,4,0,32,"Made Shot","Layup Shot","2PT Field Goal","Restricted Area","Center(C)","Less Than 8 ft.",0,0,0,1,1],["0020700623",199,2,1,10,"Made Shot","Driving Reverse Layup Shot","2PT Field Goal","Restricted Area","Center(C)","Less Than 8 ft.",0,0,0,1,1],["0020700623",217,2,0,0,"Missed Shot","Jump Shot","2PT Field Goal","Mid-Range","Right Side(R)","8-16 ft.",13,108,84,1,0],["0020700623",322,4,11,30,"Missed Shot","Jump Shot","2PT Field Goal","Mid-Range","Left Side(L)","16-24 ft.",16,-159,41,1,0],["0020700638",80,1,4,17,"Missed Shot","Jump Shot","2PT Field Goal","In The Paint (Non-RA)","Center(C)","Less Than 8 ft.",6,56,23,1,0],["0020700638",130,2,11,42,"Made Shot","Driving Layup Shot","2PT Field Goal","Restricted Area","Center(C)","Less Than 8 ft.",0,0,0,1,1],["0020700638",169,2,7,3,"Missed Shot","Jump Shot","3PT Field Goal","Above the Break 3","Center(C)","24+ ft.",24,-67,237,1,0],["0020700638",205,2,4,5,"Made Shot","Jump Bank Shot","2PT Field Goal","In The Paint (Non-RA)","Left Side(L)","8-16 ft.",8,-61,63,1,1],["0020700638",226,2,2,6,"Made Shot","Jump Shot","3PT Field Goal","Above the Break 3","Right Side Center(RC)","24+ ft.",24,113,219,1,1],["0020700638",237,2,0,2,"Missed Shot","Jump Shot","3PT Field Goal","Above the Break 3","Right Side Center(RC)","24+ ft.",25,161,201,1,0],["0020700638",323,3,1,16,"Made Shot","Jump Shot","2PT Field Goal","Mid-Range","Left Side Center(LC)","16-24 ft.",19,-126,143,1,1],["0020700638",346,4,11,30,"Missed Shot","Jump Shot","2PT Field Goal","Mid-Range","Center(C)","16-24 ft.",19,49,187,1,0],["0020700638",466,4,0,0,"Missed Shot","Jump Shot","3PT Field Goal","Above the Break 3","Left Side Center(LC)","24+ ft.",39,-189,344,1,0],["0020700657",69,1,3,55,"Missed Shot","Jump Shot","2PT Field Goal","Mid-Range","Left Side(L)","8-16 ft.",12,-115,53,1,0],["0020700657",128,2,9,7,"Missed Shot","Jump Shot","2PT Field Goal","Mid-Range","Center(C)","16-24 ft.",20,-31,201,1,0],["0020700770",113,1,0,2,"Made Shot","Running Layup Shot","2PT Field Goal","Restricted Area","Center(C)","Less Than 8 ft.",0,0,0,1,1],["0020700770",128,2,11,23,"Missed Shot","Jump Shot","2PT Field Goal","Mid-Range","Left Side(L)","16-24 ft.",18,-179,25,1,0],["0020700770",143,2,9,58,"Made Shot","Jump Shot","3PT Field Goal","Above the Break 3","Left Side Center(LC)","24+ ft.",25,-184,173,1,1],["0020700770",267,3,6,38,"Missed Shot","Layup Shot","2PT Field Goal","Restricted Area","Center(C)","Less Than 8 ft.",0,0,0,1,0],["0020700770",306,3,2,36,"Missed Shot","Layup Shot","2PT Field Goal","Restricted Area","Center(C)","Less Than 8 ft.",0,0,0,1,0],["0020700770",393,4,5,40,"Made Shot","Running Jump Shot","2PT Field Goal","In The Paint (Non-RA)","Right Side(R)","8-16 ft.",12,66,104,1,1],["0020700770",430,4,3,6,"Missed Shot","Jump Shot","3PT Field Goal","Above the Break 3","Right Side Center(RC)","24+ ft.",26,140,227,1,0],["0020700770",442,4,1,59,"Missed Shot","Layup Shot","2PT Field Goal","Restricted Area","Center(C)","Less Than 8 ft.",0,0,0,1,0],["0020700770",453,4,1,0,"Missed Shot","Jump Shot","3PT Field Goal","Above the Break 3","Right Side Center(RC)","24+ ft.",26,102,247,1,0],["0020700817",243,2,0,3,"Missed Shot","Jump Shot","3PT Field Goal","Backcourt","Back Court(BC)","Back Court Shot",48,-15,487,1,0],["0020700905",433,4,5,45,"Made Shot","Driving Layup Shot","2PT Field Goal","Restricted Area","Center(C)","Less Than 8 ft.",0,0,0,1,1],["0020700905",454,4,2,29,"Missed Shot","Jump Shot","2PT Field Goal","Mid-Range","Right Side Center(RC)","16-24 ft.",18,148,118,1,0],["0020700905",466,4,1,32,"Missed Shot","Layup Shot","2PT Field Goal","Restricted Area","Center(C)","Less Than 8 ft.",0,0,0,1,0],["0020701220",165,2,9,1,"Made Shot","Jump Shot","2PT Field Goal","Mid-Range","Right Side(R)","8-16 ft.",12,105,71,1,1],["0020701220",233,2,3,49,"Made Shot","Driving Layup Shot","2PT Field Goal","Restricted Area","Center(C)","Less Than 8 ft.",1,-11,13,1,1],["0020701220",421,3,1,5,"Missed Shot","Jump Shot","2PT Field Goal","Mid-Range","Center(C)","16-24 ft.",21,-48,206,1,0],["0020701220",435,4,11,8,"Made Shot","Jump Shot","2PT Field Goal","Mid-Range","Center(C)","16-24 ft.",19,1,199,1,1],["0020701220",444,4,9,55,"Made Shot","Layup Shot","2PT Field Goal","Restricted Area","Center(C)","Less Than 8 ft.",2,23,12,1,1],["0020701220",451,4,8,42,"Made Shot","Pullup Jump shot","2PT Field Goal","Mid-Range","Left Side(L)","8-16 ft.",15,-148,38,1,1],["0020701220",463,4,7,21,"Missed Shot","Jump Shot","3PT Field Goal","Right Corner 3","Right Side(R)","24+ ft.",24,233,68,1,0]]}},"GameList":{"20700905":[101261,"0020700905","03/05/2008","IND","Pacers","HOU","Rockets",0,2,1,3,0,0,0,0,0,1,2],"20700098":[101261,"0020700098","11/13/2007","IND","Pacers","BOS","Celtics",0,0,0,1,0,0,1,0,0,0,0],"20700881":[101261,"0020700881","03/02/2008","IND","Pacers","MIL","Bucks",0,0,0,0,0,0,0,0,0,2,1],"20700657":[101261,"0020700657","01/29/2008","IND","Pacers","DET","Pistons",1,0,0,2,0,0,0,0,0,3,1],"20700234":[101261,"0020700234","11/30/2007","IND","Pacers","SEA","SuperSonics",0,0,0,1,0,0,1,0,0,0,0],"20700308":[101261,"0020700308","12/11/2007","IND","Pacers","CLE","Cavaliers",0,2,1,3,0,1,0,0,0,1,0],"20700449":[101261,"0020700449","12/31/2007","IND","Pacers","CHA","Bobcats",0,15,5,9,5,6,4,1,2,2,4],"20700030":[101261,"0020700030","11/03/2007","IND","Pacers","MEM","Grizzlies",0,0,0,1,0,0,2,0,2,1,2],"20700425":[101261,"0020700425","12/28/2007","IND","Pacers","DET","Pistons",0,2,1,7,0,3,1,1,0,2,1],"20700017":[101261,"0020700017","11/02/2007","IND","Pacers","MIA","Heat",0,0,0,0,0,0,0,0,0,0,0],"20701220":[101261,"0020701220","04/16/2008","IND","Pacers","NYK","Knicks",1,12,5,7,0,1,3,0,0,2,1],"20700507":[101261,"0020700507","01/08/2008","IND","Pacers","UTA","Jazz",4,7,3,7,1,3,4,1,1,2,2],"20700368":[101261,"0020700368","12/19/2007","IND","Pacers","PHI","76ers",0,5,2,5,1,2,1,0,2,3,1],"20700057":[101261,"0020700057","11/07/2007","IND","Pacers","LAC","Clippers",2,4,1,3,0,0,0,0,0,0,2],"20700387":[101261,"0020700387","12/21/2007","IND","Pacers","MIN","Timberwolves",0,0,0,1,0,0,0,0,0,1,0],"20700623":[101261,"0020700623","01/24/2008","IND","Pacers","MIL","Bucks",0,2,1,3,0,0,0,0,0,2,1],"20700817":[101261,"0020700817","02/23/2008","IND","Pacers","NJN","Nets",0,0,0,1,0,1,0,0,0,0,0],"20700565":[101261,"0020700565","01/16/2008","IND","Pacers","GSW","Warriors",3,3,1,2,1,1,2,0,1,4,5],"20700437":[101261,"0020700437","12/29/2007","IND","Pacers","DET","Pistons",2,10,3,4,2,2,3,0,0,2,2],"20700858":[101261,"0020700858","02/29/2008","IND","Pacers","TOR","Raptors",1,0,0,0,0,0,1,0,0,1,0],"20700474":[101261,"0020700474","01/04/2008","IND","Pacers","ATL","Hawks",1,5,1,6,1,2,3,0,0,4,2],"20700617":[101261,"0020700617","01/23/2008","IND","Pacers","CHI","Bulls",0,2,1,1,0,0,0,0,0,0,1],"20700317":[101261,"0020700317","12/12/2007","IND","Pacers","CHI","Bulls",0,0,0,1,0,0,1,0,0,0,0],"20700410":[101261,"0020700410","12/26/2007","IND","Pacers","ATL","Hawks",2,3,1,3,1,1,0,0,1,1,1],"20700006":[101261,"0020700006","10/31/2007","IND","Pacers","WAS","Wizards",0,5,0,1,0,0,1,0,0,2,3],"20700356":[101261,"0020700356","12/17/2007","IND","Pacers","NYK","Knicks",0,0,0,0,0,0,0,0,0,2,0],"20700770":[101261,"0020700770","02/13/2008","IND","Pacers","DET","Pistons",1,10,3,9,1,3,3,0,2,1,6],"20700638":[101261,"0020700638","01/26/2008","IND","Pacers","MIA","Heat",3,13,4,9,1,4,1,0,0,5,4],"20700133":[101261,"0020700133","11/17/2007","IND","Pacers","UTA","Jazz",0,1,0,0,0,0,0,0,0,0,0],"20700461":[101261,"0020700461","01/02/2008","IND","Pacers","MEM","Grizzlies",3,11,3,10,2,7,2,0,2,1,3],"20700497":[101261,"0020700497","01/06/2008","IND","Pacers","LAL","Lakers",0,9,3,7,2,3,3,0,0,2,2]},"data":[27.0,31,7,12.6,1.3,3.5,0.374,0.6,1.3,0.45,0.8,1.1,0.735,0.4,1.1,1.5,1.5,0.4,0.1,0.8,1.2,4.0],"rank":{"PerGame":[null,null,null,null,null,null,null,null,null,null,null,null,null,null,null,null,null,null,null],"Totals":[338,344,337,null,193,218,null,318,320,null,347,361,363,269,316,340,323,333,342]},"team":"IND"},"2005":{"shotchart":{"Averages":{"header":["SHOT_ZONE_BASIC","SHOT_ZONE_AREA","SHOT_ZONE_RANGE","FGA","FGM","FG_PCT"],"row":[["Above the Break 3","Back Court(BC)","Back Court Shot",110,3,0.027],["Above the Break 3","Center(C)","24+ ft.",6026,2107,0.35],["Above the Break 3","Left Side Center(LC)","24+ ft.",10936,3868,0.354],["Above the Break 3","Right Side Center(RC)","24+ ft.",10744,3774,0.351],["Backcourt","Back Court(BC)","Back Court Shot",371,9,0.024],["In The Paint (Non-RA)","Center(C)","8-16 ft.",5007,2063,0.412],["In The Paint (Non-RA)","Center(C)","Less Than 8 ft.",16599,6703,0.404],["In The Paint (Non-RA)","Left Side(L)","8-16 ft.",1802,737,0.409],["In The Paint (Non-RA)","Right Side(R)","8-16 ft.",1699,664,0.391],["Left Corner 3","Left Side(L)","24+ ft.",5668,2184,0.385],["Mid-Range","Center(C)","16-24 ft.",6981,2746,0.393],["Mid-Range","Center(C)","8-16 ft.",1767,756,0.428],["Mid-Range","Left Side Center(LC)","16-24 ft.",9926,4102,0.413],["Mid-Range","Left Side(L)","16-24 ft.",9829,3960,0.403],["Mid-Range","Left Side(L)","8-16 ft.",10072,3876,0.385],["Mid-Range","Right Side Center(RC)","16-24 ft.",10594,4246,0.401],["Mid-Range","Right Side(R)","16-24 ft.",8627,3536,0.41],["Mid-Range","Right Side(R)","8-16 ft.",9130,3405,0.373],["Restricted Area","Center(C)","Less Than 8 ft.",63017,37304,0.592],["Right Corner 3","Right Side(R)","24+ ft.",5409,2123,0.392]]},"Details":{"header":["GAME_ID","GAME_EVENT_ID","PERIOD","MINUTES_REMAINING","SECONDS_REMAINING","EVENT_TYPE","ACTION_TYPE","SHOT_TYPE","SHOT_ZONE_BASIC","SHOT_ZONE_AREA","SHOT_ZONE_RANGE","SHOT_DISTANCE","LOC_X","LOC_Y","SHOT_ATTEMPTED_FLAG","SHOT_MADE_FLAG"],"row":[["0020500047",210,2,1,43,"Made Shot","Jump Shot","2PT Field Goal","Mid-Range","Right Side Center(RC)","16-24 ft.",19,107,161,1,1],["0020500047",222,2,0,9,"Missed Shot","Layup Shot","2PT Field Goal","Restricted Area","Center(C)","Less Than 8 ft.",0,0,0,1,0],["0020500047",223,2,0,8,"Missed Shot","Tip Shot","2PT Field Goal","Restricted Area","Center(C)","Less Than 8 ft.",0,0,0,1,0],["0020500060",94,1,0,1,"Missed Shot","Layup Shot","2PT Field Goal","Restricted Area","Center(C)","Less Than 8 ft.",0,0,0,1,0],["0020500060",108,2,10,41,"Missed Shot","Jump Shot","3PT Field Goal","Above the Break 3","Left Side Center(LC)","24+ ft.",25,-158,194,1,0],["0020500071",101,2,10,56,"Missed Shot","Jump Shot","3PT Field Goal","Above the Break 3","Right Side Center(RC)","24+ ft.",24,199,145,1,0],["0020500071",128,2,8,25,"Made Shot","Jump Shot","3PT Field Goal","Above the Break 3","Left Side Center(LC)","24+ ft.",25,-222,122,1,1],["0020500071",144,2,6,31,"Made Shot","Jump Shot","2PT Field Goal","Mid-Range","Right Side(R)","8-16 ft.",15,159,17,1,1],["0020500071",154,2,5,23,"Made Shot","Jump Shot","2PT Field Goal","Mid-Range","Left Side(L)","16-24 ft.",19,-197,-6,1,1],["0020500071",163,2,4,7,"Made Shot","Jump Shot","2PT Field Goal","Mid-Range","Right Side Center(RC)","16-24 ft.",19,89,171,1,1],["0020500071",173,2,2,33,"Missed Shot","Driving Layup Shot","2PT Field Goal","Restricted Area","Center(C)","Less Than 8 ft.",0,0,0,1,0],["0020500071",192,2,0,29,"Missed Shot","Jump Shot","3PT Field Goal","Above the Break 3","Right Side Center(RC)","24+ ft.",25,217,135,1,0],["0020500071",202,2,0,0,"Missed Shot","Running Jump Shot","3PT Field Goal","Backcourt","Back Court(BC)","Back Court Shot",58,-227,541,1,0],["0020500071",338,4,11,32,"Made Shot","Jump Shot","2PT Field Goal","Mid-Range","Right Side(R)","16-24 ft.",20,204,10,1,1],["0020500071",415,4,4,38,"Made Shot","Jump Shot","2PT Field Goal","Mid-Range","Center(C)","16-24 ft.",22,0,229,1,1],["0020500086",106,2,11,3,"Missed Shot","Layup Shot","2PT Field Goal","Restricted Area","Center(C)","Less Than 8 ft.",0,0,0,1,0],["0020500086",181,2,2,22,"Made Shot","Jump Shot","3PT Field Goal","Above the Break 3","Right Side Center(RC)","24+ ft.",27,177,207,1,1],["0020500096",6,1,11,20,"Made Shot","Jump Shot","2PT Field Goal","Mid-Range","Right Side(R)","16-24 ft.",18,159,97,1,1],["0020500096",14,1,9,37,"Missed Shot","Jump Shot","2PT Field Goal","Mid-Range","Right Side Center(RC)","16-24 ft.",19,130,146,1,0],["0020500096",24,1,8,24,"Made Shot","Jump Shot","3PT Field Goal","Above the Break 3","Left Side Center(LC)","24+ ft.",24,-159,181,1,1],["0020500096",35,1,7,14,"Missed Shot","Jump Shot","2PT Field Goal","Mid-Range","Center(C)","16-24 ft.",20,8,204,1,0],["0020500096",57,1,4,35,"Missed Shot","Jump Shot","3PT Field Goal","Above the Break 3","Center(C)","24+ ft.",24,0,245,1,0],["0020500096",170,2,6,14,"Missed Shot","Jump Shot","3PT Field Goal","Above the Break 3","Left Side Center(LC)","24+ ft.",26,-117,237,1,0],["0020500096",175,2,5,53,"Missed Shot","Layup Shot","2PT Field Goal","Restricted Area","Center(C)","Less Than 8 ft.",0,0,0,1,0],["0020500096",197,2,4,14,"Missed Shot","Jump Shot","3PT Field Goal","Above the Break 3","Right Side Center(RC)","24+ ft.",24,118,217,1,0],["0020500096",265,3,10,45,"Made Shot","Layup Shot","2PT Field Goal","Restricted Area","Center(C)","Less Than 8 ft.",0,0,0,1,1],["0020500096",284,3,8,13,"Missed Shot","Jump Shot","2PT Field Goal","Mid-Range","Left Side Center(LC)","16-24 ft.",19,-89,179,1,0],["0020500107",3,1,11,19,"Missed Shot","Jump Shot","2PT Field Goal","Mid-Range","Center(C)","8-16 ft.",15,-59,146,1,0],["0020500107",64,1,2,52,"Missed Shot","Driving Layup Shot","2PT Field Goal","Restricted Area","Center(C)","Less Than 8 ft.",0,0,0,1,0],["0020500107",362,4,10,28,"Missed Shot","Jump Shot","2PT Field Goal","Mid-Range","Left Side(L)","16-24 ft.",17,-145,100,1,0],["0020500107",399,4,7,2,"Made Shot","Jump Shot","2PT Field Goal","Mid-Range","Right Side(R)","16-24 ft.",19,186,68,1,1],["0020500107",401,4,6,24,"Made Shot","Driving Layup Shot","2PT Field Goal","Restricted Area","Center(C)","Less Than 8 ft.",0,0,0,1,1],["0020500107",417,4,4,25,"Missed Shot","Jump Shot","2PT Field Goal","Mid-Range","Center(C)","8-16 ft.",15,1,151,1,0],["0020500107",438,4,2,59,"Missed Shot","Layup Shot","2PT Field Goal","Restricted Area","Center(C)","Less Than 8 ft.",0,0,0,1,0],["0020500107",478,4,0,4,"Missed Shot","Jump Shot","3PT Field Goal","Above the Break 3","Left Side Center(LC)","24+ ft.",24,-171,178,1,0],["0020500178",250,2,0,21,"Missed Shot","Layup Shot","2PT Field Goal","Restricted Area","Center(C)","Less Than 8 ft.",0,0,0,1,0],["0020500204",170,2,5,33,"Missed Shot","Jump Shot","2PT Field Goal","Mid-Range","Right Side Center(RC)","16-24 ft.",19,128,151,1,0],["0020500204",421,4,1,51,"Missed Shot","Layup Shot","2PT Field Goal","Restricted Area","Center(C)","Less Than 8 ft.",0,0,0,1,0],["0020500204",441,4,0,13,"Made Shot","Jump Shot","2PT Field Goal","Mid-Range","Left Side Center(LC)","16-24 ft.",16,-67,155,1,1],["0020500218",242,2,0,59,"Missed Shot","Jump Shot","2PT Field Goal","In The Paint (Non-RA)","Center(C)","8-16 ft.",8,10,87,1,0],["0020500218",243,2,0,57,"Made Shot","Jump Shot","2PT Field Goal","Restricted Area","Center(C)","Less Than 8 ft.",3,13,33,1,1],["0020500218",251,2,0,24,"Missed Shot","Jump Shot","2PT Field Goal","Mid-Range","Right Side Center(RC)","16-24 ft.",18,75,171,1,0],["0020500218",402,4,9,4,"Made Shot","Driving Layup Shot","2PT Field Goal","Restricted Area","Center(C)","Less Than 8 ft.",0,0,0,1,1],["0020500218",440,4,6,0,"Made Shot","Jump Shot","2PT Field Goal","Mid-Range","Left Side Center(LC)","16-24 ft.",18,-108,156,1,1],["0020500218",454,4,4,27,"Missed Shot","Jump Shot","2PT Field Goal","Mid-Range","Left Side(L)","16-24 ft.",17,-177,-19,1,0],["0020500264",343,4,11,39,"Made Shot","Jump Shot","2PT Field Goal","In The Paint (Non-RA)","Center(C)","Less Than 8 ft.",5,49,23,1,1],["0020500264",434,4,1,52,"Missed Shot","Driving Layup Shot","2PT Field Goal","Restricted Area","Center(C)","Less Than 8 ft.",0,0,0,1,0],["0020500264",447,4,0,2,"Missed Shot","Layup Shot","2PT Field Goal","Restricted Area","Center(C)","Less Than 8 ft.",0,0,0,1,0],["0020500276",462,4,0,13,"Missed Shot","Jump Shot","3PT Field Goal","Right Corner 3","Right Side(R)","24+ ft.",22,228,-9,1,0],["0020500298",85,1,1,19,"Made Shot","Jump Shot","2PT Field Goal","Mid-Range","Right Side Center(RC)","16-24 ft.",18,97,160,1,1],["0020500317",296,3,5,20,"Missed Shot","Layup Shot","2PT Field Goal","Restricted Area","Center(C)","Less Than 8 ft.",0,0,0,1,0],["0020500339",91,2,11,23,"Made Shot","Layup Shot","2PT Field Goal","Restricted Area","Center(C)","Less Than 8 ft.",0,0,0,1,1],["0020500339",116,2,8,47,"Missed Shot","Jump Shot","2PT Field Goal","Mid-Range","Right Side(R)","16-24 ft.",21,210,35,1,0],["0020500339",127,2,7,22,"Missed Shot","Jump Shot","2PT Field Goal","Mid-Range","Left Side(L)","16-24 ft.",17,-146,105,1,0],["0020500339",130,2,7,18,"Missed Shot","Jump Shot","2PT Field Goal","Mid-Range","Left Side(L)","16-24 ft.",16,-148,81,1,0],["0020500339",322,4,10,57,"Made Shot","Driving Layup Shot","2PT Field Goal","Restricted Area","Center(C)","Less Than 8 ft.",3,-11,35,1,1],["0020500339",343,4,8,7,"Made Shot","Layup Shot","2PT Field Goal","Restricted Area","Center(C)","Less Than 8 ft.",0,0,0,1,1],["0020500339",360,4,6,40,"Missed Shot","Jump Shot","2PT Field Goal","Mid-Range","Left Side(L)","16-24 ft.",20,-194,69,1,0],["0020500352",285,3,4,0,"Missed Shot","Jump Shot","2PT Field Goal","Mid-Range","Right Side(R)","16-24 ft.",19,166,109,1,0],["0020500352",338,4,11,45,"Made Shot","Layup Shot","2PT Field Goal","Restricted Area","Center(C)","Less Than 8 ft.",0,5,0,1,1],["0020500352",342,4,11,16,"Missed Shot","Jump Shot","2PT Field Goal","Mid-Range","Left Side Center(LC)","16-24 ft.",16,-94,135,1,0],["0020500352",375,4,7,45,"Made Shot","Layup Shot","2PT Field Goal","Restricted Area","Center(C)","Less Than 8 ft.",0,0,-6,1,1],["0020500352",379,4,6,59,"Missed Shot","Jump Shot","2PT Field Goal","Mid-Range","Right Side Center(RC)","16-24 ft.",18,151,112,1,0],["0020500352",395,4,5,14,"Made Shot","Jump Shot","2PT Field Goal","Mid-Range","Left Side Center(LC)","16-24 ft.",19,-131,145,1,1],["0020500352",404,4,4,9,"Made Shot","Jump Shot","2PT Field Goal","Mid-Range","Right Side(R)","16-24 ft.",19,195,-11,1,1],["0020500352",426,4,1,59,"Missed Shot","Jump Shot","3PT Field Goal","Above the Break 3","Right Side Center(RC)","24+ ft.",24,195,151,1,0],["0020500363",77,1,2,21,"Missed Shot","Jump Shot","2PT Field Goal","Mid-Range","Center(C)","16-24 ft.",18,28,187,1,0],["0020500572",410,4,8,19,"Made Shot","Jump Shot","2PT Field Goal","Mid-Range","Right Side(R)","16-24 ft.",22,194,114,1,1],["0020500572",461,4,2,58,"Missed Shot","Jump Shot","3PT Field Goal","Above the Break 3","Right Side Center(RC)","24+ ft.",24,153,196,1,0],["0020500572",479,4,1,30,"Missed Shot","Jump Shot","2PT Field Goal","Mid-Range","Left Side(L)","16-24 ft.",19,-164,109,1,0],["0020500612",419,4,1,56,"Missed Shot","Driving Layup Shot","2PT Field Goal","Restricted Area","Center(C)","Less Than 8 ft.",0,0,0,1,0],["0020500637",463,4,0,49,"Missed Shot","Jump Shot","3PT Field Goal","Above the Break 3","Center(C)","24+ ft.",25,-59,243,1,0],["0020500637",472,4,0,16,"Missed Shot","Layup Shot","2PT Field Goal","Restricted Area","Center(C)","Less Than 8 ft.",0,0,0,1,0],["0020500637",474,4,0,10,"Missed Shot","Jump Shot","3PT Field Goal","Above the Break 3","Left Side Center(LC)","24+ ft.",24,-177,164,1,0]]}},"GameList":{"20500086":[101261,"0020500086","11/12/2005","UTA","Jazz","CHI","Bulls",0,4,1,2,1,1,1,0,0,1,1],"20500204":[101261,"0020500204","11/29/2005","UTA","Jazz","IND","Pacers",0,2,1,3,0,0,1,0,0,1,1],"20500264":[101261,"0020500264","12/07/2005","UTA","Jazz","ATL","Hawks",0,2,1,3,0,0,0,0,0,0,1],"20500363":[101261,"0020500363","12/21/2005","UTA","Jazz","BOS","Celtics",1,0,0,1,0,0,1,0,2,1,1],"20500572":[101261,"0020500572","01/20/2006","UTA","Jazz","DEN","Nuggets",1,3,1,3,0,1,3,0,0,0,0],"20500096":[101261,"0020500096","11/14/2005","UTA","Jazz","NYK","Knicks",1,7,3,10,1,4,2,0,1,0,2],"20500126":[101261,"0020500126","11/18/2005","UTA","Jazz","PHX","Suns",1,0,0,0,0,0,1,0,0,1,2],"20500107":[101261,"0020500107","11/15/2005","UTA","Jazz","SAC","Kings",3,7,2,8,0,1,3,0,0,1,3],"20500047":[101261,"0020500047","11/07/2005","UTA","Jazz","CHA","Bobcats",0,2,1,3,0,0,0,0,0,0,1],"20500060":[101261,"0020500060","11/09/2005","UTA","Jazz","NJN","Nets",1,0,0,2,0,1,3,0,1,0,0],"20500147":[101261,"0020500147","11/21/2005","UTA","Jazz","MIL","Bucks",0,0,0,0,0,0,0,0,0,0,0],"20500218":[101261,"0020500218","12/01/2005","UTA","Jazz","LAL","Lakers",1,11,3,6,0,0,1,0,0,0,2],"20500352":[101261,"0020500352","12/20/2005","UTA","Jazz","CLE","Cavaliers",0,8,4,8,0,1,2,0,0,1,0],"20500317":[101261,"0020500317","12/14/2005","UTA","Jazz","POR","Trail Blazers",0,0,0,1,0,0,1,0,0,0,2],"20500276":[101261,"0020500276","12/09/2005","UTA","Jazz","SEA","SuperSonics",0,0,0,1,0,1,0,0,0,0,1],"20500138":[101261,"0020500138","11/19/2005","UTA","Jazz","MEM","Grizzlies",2,0,0,0,0,0,1,0,1,0,1],"20500339":[101261,"0020500339","12/17/2005","UTA","Jazz","MIL","Bucks",2,6,3,7,0,0,2,0,0,0,0],"20500671":[101261,"0020500671","02/01/2006","UTA","Jazz","DEN","Nuggets",0,0,0,0,0,0,0,0,0,0,0],"20500637":[101261,"0020500637","01/28/2006","UTA","Jazz","DAL","Mavericks",0,0,0,3,0,2,0,0,0,0,1],"20500612":[101261,"0020500612","01/25/2006","UTA","Jazz","SEA","SuperSonics",0,0,0,1,0,0,1,0,0,0,0],"20500298":[101261,"0020500298","12/12/2005","UTA","Jazz","DET","Pistons",0,2,1,1,0,0,1,0,0,0,0],"20500178":[101261,"0020500178","11/25/2005","UTA","Jazz","GSW","Warriors",0,0,0,1,0,0,0,0,0,0,0],"20500071":[101261,"0020500071","11/11/2005","UTA","Jazz","TOR","Raptors",0,15,6,10,1,4,1,0,0,2,2]},"data":[25.0,23,2,9.1,1.2,3.2,0.365,0.1,0.7,0.188,0.5,0.8,0.667,0.5,0.4,0.9,0.3,0.2,0.0,0.6,1.1,3.0],"rank":{"PerGame":[null,null,null,null,null,null,null,null,null,null,null,null,null,null,null,null,null,null,null],"Totals":[385,373,362,null,239,236,null,369,367,null,360,420,403,383,382,415,374,378,409]},"team":"UTA"}},"headerData":["PLAYER_AGE","GP","GS","MIN","FGM","FGA","FG_PCT","FG3M","FG3A","FG3_PCT","FTM","FTA","FT_PCT","OREB","DREB","REB","AST","STL","BLK","TOV","PF","PTS"],"PostSeason":{}}}