{"info":{"FIRST_NAME":"Andre","LAST_NAME":"Moore","WEIGHT":"215","COUNTRY":"USA","SCHOOL":"Loyola-Chicago","BIRTHDATE":"1964-07-02T00:00:00","HEIGHT":"6-9","TO_YEAR":1987,"DLEAGUE":"N","FROM_YEAR":1987,"TEAM":"MIL","PERSON_ID":77632,"SEASON_EXP":0,"POSITION":"Forward","ROSTERSTATUS":"Active","ALL_STAR":0,"PIE":0,"JERSEY":"53"},"career":{"header":["MIN","FGM","FGA","FG_PCT","FG3M","FG3A","FG3_PCT","FTM","FTA","FT_PCT","OREB","DREB","REB","AST","STL","BLK","TOV","PF","PTS"],"RegularSeason":{"PerGame":[5.0,0.9,2.7,0.333,0.0,0.0,0.0,0.6,0.8,0.75,0.6,0.8,1.4,0.6,0.2,0.1,0.4,0.6,2.4],"GS":0,"GP":10},"PostSeason":{}},"season":{"headerRank":["RANK_PG_MIN","RANK_PG_FGM","RANK_PG_FGA","RANK_FG_PCT","RANK_PG_FG3M","RANK_PG_FG3A","RANK_FG3_PCT","RANK_PG_FTM","RANK_PG_FTA","RANK_FT_PCT","RANK_PG_OREB","RANK_PG_DREB","RANK_PG_REB","RANK_PG_AST","RANK_PG_STL","RANK_PG_BLK","RANK_PG_TOV","RANK_PG_PTS","RANK_PG_EFF"],"headerGame":["PLAYER_ID","GAME_ID","GAME_DATE","TEAM_ABBREVIATION","TEAM_NAME","VS_TEAM_ABBREVIATION","VS_TEAM_NAME","TOV","PTS","FGM","FGA","FG3M","FG3A","PF","BLK","STL","AST","REB"],"RegularSeason":{"1987":{"GameList":{"28700040":[77632,"0028700040","11/12/1987","DEN","Nuggets","POR","Trail Blazers",0,0,0,1,0,0,0,0,0,0,0],"28700059":[77632,"0028700059","11/14/1987","DEN","Nuggets","SAC","Kings",0,0,0,2,0,0,0,0,0,0,0],"28700216":[77632,"0028700216","12/15/1987","MIL","Bucks","NYK","Knicks",1,2,1,2,0,0,2,0,0,1,1],"28700068":[77632,"0028700068","11/17/1987","DEN","Nuggets","UTH","Jazz",0,0,0,1,0,0,0,0,0,1,0],"28700027":[77632,"0028700027","11/10/1987","DEN","Nuggets","SAC","Kings",0,2,1,1,0,0,1,0,0,0,0],"28700084":[77632,"0028700084","11/20/1987","DEN","Nuggets","SAN","Spurs",0,2,1,3,0,0,0,0,0,0,0],"28700197":[77632,"0028700197","12/11/1987","MIL","Bucks","POR","Trail Blazers",0,0,0,0,0,0,0,0,0,0,0],"28700256":[77632,"0028700256","12/22/1987","MIL","Bucks","NYK","Knicks",0,2,1,1,0,0,0,0,0,0,1],"28700005":[77632,"0028700005","11/06/1987","DEN","Nuggets","LAC","Clippers",1,6,1,6,0,0,2,0,1,4,5],"28700112":[77632,"0028700112","11/24/1987","DEN","Nuggets","NJN","Nets",2,10,4,10,0,0,1,1,1,0,7]},"data":[23.0,7,0,4.9,1.0,3.4,0.292,0.0,0.0,0.0,0.9,0.9,1.0,0.7,1.0,1.7,0.7,0.3,0.1,0.4,0.6,2.9],"rank":{"PerGame":[null,null,null,null,null,null,null,null,null,null,null,null,null,null,null,null,null,null,null],"Totals":[316,306,308,null,176,276,null,303,304,null,291,305,303,301,311,290,313,307,307]},"team":"TOT"}},"headerData":["PLAYER_AGE","GP","GS","MIN","FGM","FGA","FG_PCT","FG3M","FG3A","FG3_PCT","FTM","FTA","FT_PCT","OREB","DREB","REB","AST","STL","BLK","TOV","PF","PTS"],"PostSeason":{}}}