{"info":{"FIRST_NAME":"Andre","LAST_NAME":"Dawkins","WEIGHT":"","COUNTRY":"United States","SCHOOL":"Duke","BIRTHDATE":"1991-09-19T00:00:00","HEIGHT":"","TO_YEAR":2014,"DLEAGUE":"Y","FROM_YEAR":2014,"TEAM":"","PERSON_ID":203958,"SEASON_EXP":0,"POSITION":"","ROSTERSTATUS":"Inactive","ALL_STAR":0,"PIE":0,"JERSEY":""},"career":{"header":["MIN","FGM","FGA","FG_PCT","FG3M","FG3A","FG3_PCT","FTM","FTA","FT_PCT","OREB","DREB","REB","AST","STL","BLK","TOV","PF","PTS"],"RegularSeason":{"PerGame":[5.5,0.3,1.5,0.167,0.3,1.5,0.167,0.0,0.0,0.0,0.0,0.5,0.5,0.3,0.0,0.0,0.3,0.8,0.8],"GS":0,"GP":4},"PostSeason":{}},"season":{"headerRank":["RANK_PG_MIN","RANK_PG_FGM","RANK_PG_FGA","RANK_FG_PCT","RANK_PG_FG3M","RANK_PG_FG3A","RANK_FG3_PCT","RANK_PG_FTM","RANK_PG_FTA","RANK_FT_PCT","RANK_PG_OREB","RANK_PG_DREB","RANK_PG_REB","RANK_PG_AST","RANK_PG_STL","RANK_PG_BLK","RANK_PG_TOV","RANK_PG_PTS","RANK_PG_EFF"],"headerGame":["PLAYER_ID","GAME_ID","GAME_DATE","TEAM_ABBREVIATION","TEAM_NAME","VS_TEAM_ABBREVIATION","VS_TEAM_NAME","TOV","PTS","FGM","FGA","FG3M","FG3A","PF","BLK","STL","AST","REB"],"RegularSeason":{"2014":{"shotchart":{"Averages":{"header":["SHOT_ZONE_BASIC","SHOT_ZONE_AREA","SHOT_ZONE_RANGE","FGA","FGM","FG_PCT"],"row":[["Above the Break 3","Back Court(BC)","Back Court Shot",55,2,0.036],["Above the Break 3","Center(C)","24+ ft.",9724,3289,0.338],["Above the Break 3","Left Side Center(LC)","24+ ft.",15408,5259,0.341],["Above the Break 3","Right Side Center(RC)","24+ ft.",15148,5194,0.343],["Backcourt","Back Court(BC)","Back Court Shot",427,11,0.026],["In The Paint (Non-RA)","Center(C)","8-16 ft.",6599,2771,0.42],["In The Paint (Non-RA)","Center(C)","Less Than 8 ft.",20196,7693,0.381],["In The Paint (Non-RA)","Left Side(L)","8-16 ft.",1706,711,0.417],["In The Paint (Non-RA)","Right Side(R)","8-16 ft.",2016,801,0.397],["Left Corner 3","Left Side(L)","24+ ft.",7374,2801,0.38],["Mid-Range","Center(C)","16-24 ft.",7850,3130,0.399],["Mid-Range","Center(C)","8-16 ft.",1963,847,0.431],["Mid-Range","Left Side Center(LC)","16-24 ft.",8034,3153,0.392],["Mid-Range","Left Side(L)","16-24 ft.",5818,2282,0.392],["Mid-Range","Left Side(L)","8-16 ft.",8257,3239,0.392],["Mid-Range","Right Side Center(RC)","16-24 ft.",8914,3454,0.387],["Mid-Range","Right Side(R)","16-24 ft.",5345,2162,0.404],["Mid-Range","Right Side(R)","8-16 ft.",7595,3007,0.396],["Restricted Area","Center(C)","Less Than 8 ft.",66134,39735,0.601],["Right Corner 3","Right Side(R)","24+ ft.",6987,2738,0.392]]},"Details":{"header":["GAME_ID","GAME_EVENT_ID","PERIOD","MINUTES_REMAINING","SECONDS_REMAINING","EVENT_TYPE","ACTION_TYPE","SHOT_TYPE","SHOT_ZONE_BASIC","SHOT_ZONE_AREA","SHOT_ZONE_RANGE","SHOT_DISTANCE","LOC_X","LOC_Y","SHOT_ATTEMPTED_FLAG","SHOT_MADE_FLAG"],"row":[["0021400050",529,4,0,34,"Missed Shot","Jump Shot","3PT Field Goal","Above the Break 3","Left Side Center(LC)","24+ ft.",24,-207,135,1,0],["0021400149",160,2,7,12,"Made Shot","Jump Shot","3PT Field Goal","Above the Break 3","Right Side Center(RC)","24+ ft.",24,122,217,1,1],["0021400149",203,2,2,51,"Missed Shot","Jump Shot","3PT Field Goal","Left Corner 3","Left Side(L)","24+ ft.",22,-226,-11,1,0],["0021400497",483,4,8,18,"Missed Shot","Jump Shot","3PT Field Goal","Above the Break 3","Right Side Center(RC)","24+ ft.",26,139,230,1,0],["0021400497",489,4,7,37,"Missed Shot","Jump Shot","3PT Field Goal","Above the Break 3","Right Side Center(RC)","24+ ft.",25,130,214,1,0],["0021400497",503,4,6,47,"Missed Shot","Jump Shot","3PT Field Goal","Above the Break 3","Center(C)","24+ ft.",25,58,249,1,0]]}},"GameList":{"21400497":[203958,"0021400497","01/03/2015","MIA","Heat","HOU","Rockets",0,0,0,3,0,3,1,0,0,1,1],"21400050":[203958,"0021400050","11/04/2014","MIA","Heat","HOU","Rockets",0,0,0,1,0,1,0,0,0,0,0],"21400030":[203958,"0021400030","11/01/2014","MIA","Heat","PHI","76ers",1,0,0,0,0,0,1,0,0,0,0],"21400149":[203958,"0021400149","11/17/2014","MIA","Heat","BKN","Nets",0,3,1,2,1,2,1,0,0,0,1]},"data":[23.0,4,0,5.5,0.3,1.5,0.167,0.3,1.5,0.167,0.0,0.0,0.0,0.0,0.5,0.5,0.3,0.0,0.0,0.3,0.8,0.8],"rank":{"PerGame":[null,null,null,null,null,null,null,null,null,null,null,null,null,null,null,null,null,null,null],"Totals":[479,478,477,null,356,363,null,474,476,null,476,471,475,473,477,442,476,480,487]},"team":"MIA"}},"headerData":["PLAYER_AGE","GP","GS","MIN","FGM","FGA","FG_PCT","FG3M","FG3A","FG3_PCT","FTM","FTA","FT_PCT","OREB","DREB","REB","AST","STL","BLK","TOV","PF","PTS"],"PostSeason":{}}}