{"info":{"FIRST_NAME":"Andy","LAST_NAME":"Panko","WEIGHT":"","COUNTRY":"USA","SCHOOL":"Lebanon Valley","BIRTHDATE":"1977-11-29T00:00:00","HEIGHT":"","TO_YEAR":2000,"DLEAGUE":"N","FROM_YEAR":2000,"TEAM":"","PERSON_ID":1950,"SEASON_EXP":0,"POSITION":"","ROSTERSTATUS":"Inactive","ALL_STAR":0,"PIE":0,"JERSEY":""},"career":{"header":["MIN","FGM","FGA","FG_PCT","FG3M","FG3A","FG3_PCT","FTM","FTA","FT_PCT","OREB","DREB","REB","AST","STL","BLK","TOV","PF","PTS"],"RegularSeason":{"PerGame":[1.0,0.0,0.0,0.0,0.0,0.0,0.0,0.0,0.0,0.0,0.0,0.0,0.0,0.0,0.0,0.0,0.0,0.0,0.0],"GS":0,"GP":1},"PostSeason":{}},"season":{"headerRank":["RANK_PG_MIN","RANK_PG_FGM","RANK_PG_FGA","RANK_FG_PCT","RANK_PG_FG3M","RANK_PG_FG3A","RANK_FG3_PCT","RANK_PG_FTM","RANK_PG_FTA","RANK_FT_PCT","RANK_PG_OREB","RANK_PG_DREB","RANK_PG_REB","RANK_PG_AST","RANK_PG_STL","RANK_PG_BLK","RANK_PG_TOV","RANK_PG_PTS","RANK_PG_EFF"],"headerGame":["PLAYER_ID","GAME_ID","GAME_DATE","TEAM_ABBREVIATION","TEAM_NAME","VS_TEAM_ABBREVIATION","VS_TEAM_NAME","TOV","PTS","FGM","FGA","FG3M","FG3A","PF","BLK","STL","AST","REB"],"RegularSeason":{"2000":{"shotchart":{"Averages":{"header":["SHOT_ZONE_BASIC","SHOT_ZONE_AREA","SHOT_ZONE_RANGE","FGA","FGM","FG_PCT"],"row":[["Above the Break 3","Back Court(BC)","Back Court Shot",116,5,0.043],["Above the Break 3","Center(C)","24+ ft.",5091,1727,0.339],["Above the Break 3","Left Side Center(LC)","24+ ft.",9506,3300,0.347],["Above the Break 3","Right Side Center(RC)","24+ ft.",9469,3381,0.357],["Backcourt","Back Court(BC)","Back Court Shot",298,13,0.044],["In The Paint (Non-RA)","Center(C)","8-16 ft.",5907,2353,0.398],["In The Paint (Non-RA)","Center(C)","Less Than 8 ft.",19915,7109,0.357],["In The Paint (Non-RA)","Left Side(L)","8-16 ft.",2160,855,0.396],["In The Paint (Non-RA)","Right Side(R)","8-16 ft.",2081,811,0.39],["Left Corner 3","Left Side(L)","24+ ft.",3993,1520,0.381],["Mid-Range","Center(C)","16-24 ft.",5774,2350,0.407],["Mid-Range","Center(C)","8-16 ft.",1667,673,0.404],["Mid-Range","Left Side Center(LC)","16-24 ft.",8627,3463,0.401],["Mid-Range","Left Side(L)","16-24 ft.",11007,4379,0.398],["Mid-Range","Left Side(L)","8-16 ft.",14611,5526,0.378],["Mid-Range","Right Side Center(RC)","16-24 ft.",9284,3743,0.403],["Mid-Range","Right Side(R)","16-24 ft.",9721,3849,0.396],["Mid-Range","Right Side(R)","8-16 ft.",11996,4434,0.37],["Restricted Area","Center(C)","Less Than 8 ft.",56347,33814,0.6],["Right Corner 3","Right Side(R)","24+ ft.",4092,1559,0.381]]},"Details":{"header":["GAME_ID","GAME_EVENT_ID","PERIOD","MINUTES_REMAINING","SECONDS_REMAINING","EVENT_TYPE","ACTION_TYPE","SHOT_TYPE","SHOT_ZONE_BASIC","SHOT_ZONE_AREA","SHOT_ZONE_RANGE","SHOT_DISTANCE","LOC_X","LOC_Y","SHOT_ATTEMPTED_FLAG","SHOT_MADE_FLAG"],"row":[]}},"GameList":{"20000510":[1950,"0020000510","01/11/2001","ATL","Hawks","GSW","Warriors",0,0,0,0,0,0,0,0,0,0,0]},"data":[23.0,1,0,1.0,0.0,0.0,0.0,0.0,0.0,0.0,0.0,0.0,0.0,0.0,0.0,0.0,0.0,0.0,0.0,0.0,0.0,0.0],"rank":{"PerGame":[null,null,null,null,null,null,null,null,null,null,null,null,null,null,null,null,null,null,null],"Totals":[441,435,440,null,295,368,null,419,423,null,427,436,437,433,424,399,434,435,436]},"team":"ATL"}},"headerData":["PLAYER_AGE","GP","GS","MIN","FGM","FGA","FG_PCT","FG3M","FG3A","FG3_PCT","FTM","FTA","FT_PCT","OREB","DREB","REB","AST","STL","BLK","TOV","PF","PTS"],"PostSeason":{}}}