{"info":{"FIRST_NAME":"Ken","LAST_NAME":"Menke","WEIGHT":"168","COUNTRY":"USA","SCHOOL":"Illinois","BIRTHDATE":"1922-10-02T00:00:00","HEIGHT":"6-0","TO_YEAR":1949,"DLEAGUE":"N","FROM_YEAR":1949,"TEAM":"WAT","PERSON_ID":77581,"SEASON_EXP":0,"POSITION":"Guard","ROSTERSTATUS":"Active","ALL_STAR":0,"PIE":0,"JERSEY":""},"career":{"header":["MIN","FGM","FGA","FG_PCT","FG3M","FG3A","FG3_PCT","FTM","FTA","FT_PCT","OREB","DREB","REB","AST","STL","BLK","TOV","PF","PTS"],"RegularSeason":{"PerGame":[null,1.0,2.8,0.353,null,null,null,0.5,1.3,0.375,null,null,null,1.2,null,null,null,1.2,2.5],"GS":null,"GP":6},"PostSeason":{}},"season":{"headerRank":["RANK_PG_MIN","RANK_PG_FGM","RANK_PG_FGA","RANK_FG_PCT","RANK_PG_FG3M","RANK_PG_FG3A","RANK_FG3_PCT","RANK_PG_FTM","RANK_PG_FTA","RANK_FT_PCT","RANK_PG_OREB","RANK_PG_DREB","RANK_PG_REB","RANK_PG_AST","RANK_PG_STL","RANK_PG_BLK","RANK_PG_TOV","RANK_PG_PTS","RANK_PG_EFF"],"headerGame":["PLAYER_ID","SEASON_YEAR","TOV","PTS","FGM","FG3M","FG3A","PF","BLK","STL","AST","REB"],"RegularSeason":{"1949":{"GameList":{"24900299":[77581,"0024900299","01/15/1950","WAT","Hawks","TCB","Blackhawks",0,6,0,0,0,0,0,0,0,0,0],"24900371":[77581,"0024900371","02/01/1950","WAT","Hawks","AND","Packers",0,2,0,0,0,0,0,0,0,0,0],"24900324":[77581,"0024900324","01/21/1950","WAT","Hawks","DN","Nuggets",0,3,0,0,0,0,0,0,0,0,0],"24900076":[77581,"0024900076","11/19/1949","WAT","Hawks","INO","Olympians",0,24,0,0,0,0,0,0,0,0,0],"24900357":[77581,"0024900357","01/29/1950","WAT","Hawks","TCB","Blackhawks",0,4,0,0,0,0,0,0,0,0,0],"24900437":[77581,"0024900437","02/18/1950","WAT","Hawks","TCB","Blackhawks",0,0,0,0,0,0,0,0,0,0,0]},"data":[27.0,6,null,null,1.0,2.8,0.353,null,null,null,0.5,1.3,0.375,null,null,null,1.2,null,null,null,1.2,2.5],"rank":{"PerGame":[null,null,null,null,null,null,null,null,null,null,null,null,null,null,null,null,null,null,null],"Totals":[null,202,206,null,null,null,null,203,200,null,null,null,39,198,null,null,null,203,39]},"team":"WAT"}},"headerData":["PLAYER_AGE","GP","GS","MIN","FGM","FGA","FG_PCT","FG3M","FG3A","FG3_PCT","FTM","FTA","FT_PCT","OREB","DREB","REB","AST","STL","BLK","TOV","PF","PTS"],"PostSeason":{}}}