{"info":{"FIRST_NAME":"Anthony","LAST_NAME":"Miller","WEIGHT":"","COUNTRY":"USA","SCHOOL":"Michigan State","BIRTHDATE":"1971-10-22T00:00:00","HEIGHT":"","TO_YEAR":2004,"DLEAGUE":"N","FROM_YEAR":1994,"TEAM":"","PERSON_ID":292,"SEASON_EXP":7,"POSITION":"","ROSTERSTATUS":"Inactive","ALL_STAR":0,"PIE":0,"JERSEY":""},"career":{"header":["MIN","FGM","FGA","FG_PCT","FG3M","FG3A","FG3_PCT","FTM","FTA","FT_PCT","OREB","DREB","REB","AST","STL","BLK","TOV","PF","PTS"],"RegularSeason":{"PerGame":[9.0,1.1,2.1,0.51,0.0,0.0,0.25,0.6,1.1,0.576,1.0,1.7,2.7,0.4,0.3,0.1,0.5,1.3,2.8],"GS":15,"GP":181},"PostSeason":{"PerGame":[6.0,0.4,1.3,0.3,0.0,0.0,0.0,0.3,0.3,1.0,0.9,1.0,1.9,0.3,0.4,0.1,0.5,0.9,1.0],"GS":0,"GP":8}},"season":{"headerRank":["RANK_PG_MIN","RANK_PG_FGM","RANK_PG_FGA","RANK_FG_PCT","RANK_PG_FG3M","RANK_PG_FG3A","RANK_FG3_PCT","RANK_PG_FTM","RANK_PG_FTA","RANK_FT_PCT","RANK_PG_OREB","RANK_PG_DREB","RANK_PG_REB","RANK_PG_AST","RANK_PG_STL","RANK_PG_BLK","RANK_PG_TOV","RANK_PG_PTS","RANK_PG_EFF"],"headerGame":["PLAYER_ID","GAME_ID","GAME_DATE","TEAM_ABBREVIATION","TEAM_NAME","VS_TEAM_ABBREVIATION","VS_TEAM_NAME","TOV","PTS","FGM","FGA","FG3M","FG3A","PF","BLK","STL","AST","REB"],"RegularSeason":{"1995":{"GameList":{"29500075":[292,"0029500075","11/11/1995","LAL","Lakers","GOS","Warriors",0,0,0,0,0,0,1,0,0,0,0],"29501103":[292,"0029501103","04/10/1996","LAL","Lakers","MIN","Timberwolves",1,2,1,2,0,1,0,0,0,0,1],"29500058":[292,"0029500058","11/10/1995","LAL","Lakers","SEA","SuperSonics",1,0,0,0,0,0,2,0,0,0,2],"29500037":[292,"0029500037","11/07/1995","LAL","Lakers","MIN","Timberwolves",1,4,2,2,0,0,1,0,0,0,4],"29500322":[292,"0029500322","12/19/1995","LAL","Lakers","MIL","Bucks",0,0,0,0,0,0,0,0,0,0,0],"29500113":[292,"0029500113","11/17/1995","LAL","Lakers","VAN","Grizzlies",0,2,0,1,0,0,0,0,0,0,1],"29500440":[292,"0029500440","01/05/1996","LAL","Lakers","UTH","Jazz",0,0,0,0,0,0,1,0,0,0,0],"29500206":[292,"0029500206","12/01/1995","LAL","Lakers","VAN","Grizzlies",0,1,0,1,0,0,0,0,0,0,0],"29500301":[292,"0029500301","12/15/1995","LAL","Lakers","WAS","Bullets",0,5,1,1,0,0,3,0,0,0,0],"29500307":[292,"0029500307","12/16/1995","LAL","Lakers","CHI","Bulls",0,0,0,1,0,0,0,1,1,0,0],"29500349":[292,"0029500349","12/22/1995","LAL","Lakers","SAC","Kings",0,4,2,5,0,0,0,0,0,2,0],"29500866":[292,"0029500866","03/08/1996","LAL","Lakers","PHX","Suns",0,2,1,1,0,0,0,0,0,0,0],"29500095":[292,"0029500095","11/15/1995","LAL","Lakers","DAL","Mavericks",0,0,0,1,0,0,0,0,1,1,0],"29500909":[292,"0029500909","03/15/1996","LAL","Lakers","MIL","Bucks",0,0,0,1,0,0,1,0,0,0,2],"29500777":[292,"0029500777","02/26/1996","LAL","Lakers","NYK","Knicks",1,0,0,0,0,0,0,0,0,0,1],"29500228":[292,"0029500228","12/05/1995","LAL","Lakers","SAN","Spurs",1,0,0,2,0,0,1,0,1,1,2],"29500758":[292,"0029500758","02/23/1996","LAL","Lakers","DAL","Mavericks",1,4,2,3,0,0,1,0,1,0,2],"29501067":[292,"0029501067","04/05/1996","LAL","Lakers","VAN","Grizzlies",0,0,0,2,0,1,0,0,0,0,0],"29500246":[292,"0029500246","12/08/1995","LAL","Lakers","TOR","Raptors",0,0,0,0,0,0,0,0,0,0,1],"29500793":[292,"0029500793","02/28/1996","LAL","Lakers","VAN","Grizzlies",0,0,0,1,0,0,0,0,0,0,0],"29500008":[292,"0029500008","11/03/1995","LAL","Lakers","DEN","Nuggets",1,4,2,4,0,0,1,0,0,0,4],"29500572":[292,"0029500572","01/24/1996","LAL","Lakers","BOS","Celtics",0,2,1,1,0,0,1,0,0,0,0],"29500128":[292,"0029500128","11/19/1995","LAL","Lakers","LAC","Clippers",0,0,0,0,0,0,0,0,0,0,0],"29500287":[292,"0029500287","12/13/1995","LAL","Lakers","DET","Pistons",0,0,0,1,0,0,2,0,0,0,1],"29500990":[292,"0029500990","03/26/1996","LAL","Lakers","ORL","Magic",0,0,0,0,0,0,0,0,0,0,0],"29500936":[292,"0029500936","03/19/1996","LAL","Lakers","SEA","SuperSonics",0,0,0,1,0,0,0,0,0,0,0],"29500016":[292,"0029500016","11/04/1995","LAL","Lakers","SEA","SuperSonics",1,6,3,4,0,0,4,0,0,0,4]},"data":[24.0,27,0,4.6,0.6,1.3,0.429,0.0,0.1,0.0,0.2,0.4,0.6,0.4,0.5,0.9,0.1,0.1,0.0,0.3,0.7,1.3],"rank":{"PerGame":[null,null,null,null,null,null,null,null,null,null,null,null,null,null,null,null,null,null,null],"Totals":[382,379,377,null,301,315,null,380,379,null,352,375,367,385,374,373,375,383,382]},"team":"LAL"},"1994":{"GameList":{"29400916":[292,"0029400916","03/26/1995","LAL","Lakers","HOU","Rockets",0,2,1,1,0,0,0,0,1,0,2],"29400936":[292,"0029400936","03/29/1995","LAL","Lakers","SAN","Spurs",0,1,0,2,0,0,3,0,0,2,3],"29400889":[292,"0029400889","03/22/1995","LAL","Lakers","POR","Trail Blazers",2,4,1,1,0,0,2,1,0,3,3],"29400592":[292,"0029400592","02/04/1995","LAL","Lakers","LAC","Clippers",1,2,1,1,0,0,2,0,0,0,1],"29401066":[292,"0029401066","04/18/1995","LAL","Lakers","SEA","SuperSonics",2,10,4,6,0,0,3,1,0,3,9],"29400808":[292,"0029400808","03/11/1995","LAL","Lakers","CHI","Bulls",0,6,2,4,0,0,1,0,0,1,4],"29400825":[292,"0029400825","03/13/1995","LAL","Lakers","IND","Pacers",2,17,5,8,0,0,5,0,3,2,11],"29400975":[292,"0029400975","04/05/1995","LAL","Lakers","DAL","Mavericks",2,5,2,5,0,0,0,2,0,1,5],"29400840":[292,"0029400840","03/15/1995","LAL","Lakers","GOS","Warriors",1,3,1,3,0,0,2,0,0,0,2],"29400623":[292,"0029400623","02/08/1995","LAL","Lakers","SAN","Spurs",1,5,2,3,0,0,0,0,0,0,3],"29400993":[292,"0029400993","04/07/1995","LAL","Lakers","UTH","Jazz",0,5,2,3,1,1,3,0,2,1,2],"29401093":[292,"0029401093","04/22/1995","LAL","Lakers","POR","Trail Blazers",3,6,3,5,0,1,6,0,4,4,6],"29400410":[292,"0029400410","01/08/1995","LAL","Lakers","MIA","Heat",0,0,0,0,0,0,0,0,1,0,1],"29400413":[292,"0029400413","01/09/1995","LAL","Lakers","POR","Trail Blazers",0,2,1,3,0,0,0,0,0,0,1],"29400757":[292,"0029400757","03/03/1995","LAL","Lakers","SAC","Kings",0,18,6,8,1,1,0,0,0,1,15],"29400008":[292,"0029400008","11/04/1994","LAL","Lakers","DET","Pistons",0,2,1,1,0,0,0,0,0,0,0],"29400769":[292,"0029400769","03/05/1995","LAL","Lakers","MIN","Timberwolves",0,10,4,8,0,1,6,1,1,2,6],"29400168":[292,"0029400168","11/30/1994","LAL","Lakers","CLE","Cavaliers",0,4,2,3,0,0,0,0,0,0,1],"29400787":[292,"0029400787","03/08/1995","LAL","Lakers","ORL","Magic",1,8,4,5,0,0,2,0,0,1,3],"29401051":[292,"0029401051","04/16/1995","LAL","Lakers","DAL","Mavericks",0,1,0,2,0,0,0,0,0,0,1],"29400590":[292,"0029400590","02/03/1995","LAL","Lakers","DEN","Nuggets",1,0,0,0,0,0,4,1,1,0,5],"29400129":[292,"0029400129","11/23/1994","LAL","Lakers","DAL","Mavericks",0,0,0,1,0,0,2,0,0,0,0],"29400084":[292,"0029400084","11/16/1994","LAL","Lakers","NYK","Knicks",0,5,1,1,0,0,0,0,0,1,0],"29400898":[292,"0029400898","03/24/1995","LAL","Lakers","WAS","Bullets",0,0,0,1,0,0,1,0,0,0,1],"29400925":[292,"0029400925","03/28/1995","LAL","Lakers","HOU","Rockets",4,12,6,9,0,0,4,0,1,0,13],"29400779":[292,"0029400779","03/07/1995","LAL","Lakers","MIA","Heat",2,14,4,7,0,0,3,0,2,2,13],"29400947":[292,"0029400947","03/31/1995","LAL","Lakers","ATL","Hawks",1,3,1,1,0,0,0,0,0,2,1],"29400730":[292,"0029400730","02/27/1995","LAL","Lakers","UTH","Jazz",1,2,1,2,0,0,1,0,0,0,0],"29400614":[292,"0029400614","02/07/1995","LAL","Lakers","DEN","Nuggets",0,0,0,0,0,0,2,0,0,0,2],"29401001":[292,"0029401001","04/09/1995","LAL","Lakers","SAN","Spurs",0,0,0,0,0,0,2,0,1,0,1],"29400716":[292,"0029400716","02/25/1995","LAL","Lakers","LAC","Clippers",1,5,2,4,0,0,1,1,0,0,5],"29400854":[292,"0029400854","03/17/1995","LAL","Lakers","BOS","Celtics",1,10,4,7,0,1,2,0,1,0,4],"29400867":[292,"0029400867","03/19/1995","LAL","Lakers","SAC","Kings",0,6,2,5,0,0,2,0,0,1,2],"29400032":[292,"0029400032","11/08/1994","LAL","Lakers","NYK","Knicks",0,0,0,1,0,0,4,0,0,0,2],"29400395":[292,"0029400395","01/06/1995","LAL","Lakers","MIL","Bucks",0,5,2,2,0,0,0,0,0,0,0],"29400696":[292,"0029400696","02/22/1995","LAL","Lakers","PHL","76ers",1,0,0,1,0,0,0,0,0,0,0],"29400038":[292,"0029400038","11/09/1994","LAL","Lakers","MIN","Timberwolves",1,3,1,2,0,0,1,0,0,1,2],"29400299":[292,"0029400299","12/20/1994","LAL","Lakers","MIN","Timberwolves",0,0,0,0,0,0,0,0,0,0,1],"29400797":[292,"0029400797","03/10/1995","LAL","Lakers","MIN","Timberwolves",1,3,1,2,0,0,1,0,0,0,5],"29400181":[292,"0029400181","12/02/1994","LAL","Lakers","HOU","Rockets",1,0,0,0,0,0,3,0,0,1,1],"29400974":[292,"0029400974","04/04/1995","LAL","Lakers","DEN","Nuggets",1,0,0,2,0,0,1,0,0,0,1],"29401079":[292,"0029401079","04/20/1995","LAL","Lakers","POR","Trail Blazers",4,4,2,3,0,0,2,0,1,2,3],"29401049":[292,"0029401049","04/15/1995","LAL","Lakers","PHX","Suns",2,0,0,0,0,0,2,0,0,0,0],"29400072":[292,"0029400072","11/15/1994","LAL","Lakers","LAC","Clippers",0,2,1,2,0,0,1,0,1,1,2],"29400059":[292,"0029400059","11/12/1994","LAL","Lakers","GOS","Warriors",0,4,0,4,0,0,3,0,0,3,5]},"data":[23.0,46,1,11.5,1.5,2.9,0.53,0.0,0.1,0.4,1.0,1.7,0.618,1.5,1.8,3.3,0.8,0.4,0.2,0.8,1.7,4.1],"rank":{"PerGame":[null,null,null,null,null,null,null,null,null,null,null,null,null,null,null,null,null,null,null],"Totals":[299,292,300,null,232,269,null,257,240,null,150,246,216,282,270,263,278,290,269]},"team":"LAL"},"1997":{"shotchart":{"Averages":{"header":["SHOT_ZONE_BASIC","SHOT_ZONE_AREA","SHOT_ZONE_RANGE","FGA","FGM","FG_PCT"],"row":[["Above the Break 3","Back Court(BC)","Back Court Shot",94,0,0.0],["Above the Break 3","Center(C)","24+ ft.",5071,1698,0.335],["Above the Break 3","Left Side Center(LC)","24+ ft.",9535,3233,0.339],["Above the Break 3","Right Side Center(RC)","24+ ft.",9405,3317,0.353],["Backcourt","Back Court(BC)","Back Court Shot",243,12,0.049],["In The Paint (Non-RA)","Center(C)","8-16 ft.",4742,1938,0.409],["In The Paint (Non-RA)","Center(C)","Less Than 8 ft.",18323,6635,0.362],["In The Paint (Non-RA)","Left Side(L)","8-16 ft.",1889,688,0.364],["In The Paint (Non-RA)","Right Side(R)","8-16 ft.",1702,601,0.353],["Left Corner 3","Left Side(L)","24+ ft.",2878,1053,0.366],["Mid-Range","Center(C)","16-24 ft.",5306,2083,0.393],["Mid-Range","Center(C)","8-16 ft.",2052,834,0.406],["Mid-Range","Left Side Center(LC)","16-24 ft.",7450,3099,0.416],["Mid-Range","Left Side(L)","16-24 ft.",9910,4035,0.407],["Mid-Range","Left Side(L)","8-16 ft.",15120,5550,0.367],["Mid-Range","Right Side Center(RC)","16-24 ft.",8144,3310,0.406],["Mid-Range","Right Side(R)","16-24 ft.",8405,3365,0.4],["Mid-Range","Right Side(R)","8-16 ft.",13451,4898,0.364],["Restricted Area","Center(C)","Less Than 8 ft.",63115,38010,0.602],["Right Corner 3","Right Side(R)","24+ ft.",2688,1018,0.379]]},"Details":{"header":["GAME_ID","GAME_EVENT_ID","PERIOD","MINUTES_REMAINING","SECONDS_REMAINING","EVENT_TYPE","ACTION_TYPE","SHOT_TYPE","SHOT_ZONE_BASIC","SHOT_ZONE_AREA","SHOT_ZONE_RANGE","SHOT_DISTANCE","LOC_X","LOC_Y","SHOT_ATTEMPTED_FLAG","SHOT_MADE_FLAG"],"row":[["0029700105",485,4,0,56,"Missed Shot","Layup Shot","2PT Field Goal","Restricted Area","Center(C)","Less Than 8 ft.",0,0,0,1,0],["0029700208",448,4,1,38,"Made Shot","Tip Shot","2PT Field Goal","Restricted Area","Center(C)","Less Than 8 ft.",0,0,0,1,1],["0029700214",427,4,0,0,"Missed Shot","Tip Shot","2PT Field Goal","Restricted Area","Center(C)","Less Than 8 ft.",0,0,0,1,0],["0029700224",428,4,2,52,"Missed Shot","Running Jump Shot","2PT Field Goal","In The Paint (Non-RA)","Center(C)","8-16 ft.",8,3,89,1,0],["0029700224",430,4,2,49,"Missed Shot","Layup Shot","2PT Field Goal","Restricted Area","Center(C)","Less Than 8 ft.",0,0,0,1,0],["0029700224",445,4,1,47,"Made Shot","Layup Shot","2PT Field Goal","Restricted Area","Center(C)","Less Than 8 ft.",0,0,0,1,1],["0029700224",474,4,0,5,"Made Shot","Slam Dunk Shot","2PT Field Goal","Restricted Area","Center(C)","Less Than 8 ft.",0,0,0,1,1],["0029700517",497,4,0,1,"Made Shot","Slam Dunk Shot","2PT Field Goal","Restricted Area","Center(C)","Less Than 8 ft.",0,0,0,1,1],["0029700530",438,4,3,55,"Missed Shot","Jump Shot","2PT Field Goal","In The Paint (Non-RA)","Center(C)","Less Than 8 ft.",4,-44,16,1,0],["0029700530",474,4,1,8,"Missed Shot","Tip Shot","2PT Field Goal","Restricted Area","Center(C)","Less Than 8 ft.",0,0,0,1,0],["0029700571",378,4,8,29,"Made Shot","Layup Shot","2PT Field Goal","Restricted Area","Center(C)","Less Than 8 ft.",0,0,0,1,1],["0029700571",424,4,4,7,"Made Shot","Layup Shot","2PT Field Goal","Restricted Area","Center(C)","Less Than 8 ft.",0,0,0,1,1],["0029700571",428,4,3,23,"Missed Shot","Layup Shot","2PT Field Goal","Restricted Area","Center(C)","Less Than 8 ft.",0,0,0,1,0],["0029700571",440,4,2,47,"Made Shot","Layup Shot","2PT Field Goal","Restricted Area","Center(C)","Less Than 8 ft.",0,0,0,1,1],["0029700571",448,4,2,12,"Missed Shot","Layup Shot","2PT Field Goal","Restricted Area","Center(C)","Less Than 8 ft.",0,0,0,1,0],["0029700571",473,4,0,55,"Made Shot","Slam Dunk Shot","2PT Field Goal","Restricted Area","Center(C)","Less Than 8 ft.",0,0,0,1,1],["0029700679",448,4,0,42,"Missed Shot","Layup Shot","2PT Field Goal","Restricted Area","Center(C)","Less Than 8 ft.",0,-3,-8,1,0],["0029700687",180,2,4,24,"Made Shot","Dunk Shot","2PT Field Goal","Restricted Area","Center(C)","Less Than 8 ft.",0,0,0,1,1],["0029700733",177,2,7,15,"Missed Shot","Layup Shot","2PT Field Goal","Restricted Area","Center(C)","Less Than 8 ft.",2,-21,5,1,0],["0029700733",208,2,3,54,"Missed Shot","Layup Shot","2PT Field Goal","Restricted Area","Center(C)","Less Than 8 ft.",0,0,0,1,0],["0029700760",431,4,4,33,"Made Shot","Dunk Shot","2PT Field Goal","Restricted Area","Center(C)","Less Than 8 ft.",0,0,0,1,1],["0029700800",397,4,5,21,"Missed Shot","Jump Shot","2PT Field Goal","Mid-Range","Left Side(L)","16-24 ft.",16,-158,46,1,0],["0029700800",452,4,0,36,"Missed Shot","Layup Shot","2PT Field Goal","Restricted Area","Center(C)","Less Than 8 ft.",0,0,0,1,0],["0029700830",448,4,3,11,"Missed Shot","Jump Shot","2PT Field Goal","In The Paint (Non-RA)","Center(C)","Less Than 8 ft.",7,-59,48,1,0],["0029700830",479,4,0,1,"Made Shot","Layup Shot","2PT Field Goal","Restricted Area","Center(C)","Less Than 8 ft.",1,1,10,1,1],["0029700861",463,4,2,1,"Made Shot","Dunk Shot","2PT Field Goal","Restricted Area","Center(C)","Less Than 8 ft.",0,0,0,1,1],["0029700937",498,4,2,59,"Missed Shot","Layup Shot","2PT Field Goal","Restricted Area","Center(C)","Less Than 8 ft.",0,0,0,1,0],["0029700978",97,1,1,0,"Missed Shot","Tip Shot","2PT Field Goal","Restricted Area","Center(C)","Less Than 8 ft.",0,0,0,1,0],["0029701026",443,4,4,24,"Made Shot","Jump Shot","2PT Field Goal","Mid-Range","Left Side(L)","8-16 ft.",15,-145,57,1,1],["0029701026",481,4,0,43,"Made Shot","Jump Shot","2PT Field Goal","In The Paint (Non-RA)","Center(C)","Less Than 8 ft.",4,1,48,1,1],["0029701026",487,4,0,15,"Missed Shot","Layup Shot","2PT Field Goal","Restricted Area","Center(C)","Less Than 8 ft.",0,0,0,1,0],["0029701037",96,1,0,19,"Made Shot","Tip Shot","2PT Field Goal","Restricted Area","Center(C)","Less Than 8 ft.",0,0,0,1,1],["0029701050",155,2,5,20,"Made Shot","Layup Shot","2PT Field Goal","Restricted Area","Center(C)","Less Than 8 ft.",0,0,0,1,1],["0029701050",159,2,4,43,"Missed Shot","Layup Shot","2PT Field Goal","Restricted Area","Center(C)","Less Than 8 ft.",0,0,0,1,0],["0029701050",177,2,3,11,"Missed Shot","Layup Shot","2PT Field Goal","Restricted Area","Center(C)","Less Than 8 ft.",0,0,0,1,0],["0029701050",441,4,0,9,"Made Shot","Driving Dunk Shot","2PT Field Goal","Restricted Area","Center(C)","Less Than 8 ft.",0,0,0,1,1],["0029701063",183,2,2,51,"Made Shot","Layup Shot","2PT Field Goal","Restricted Area","Center(C)","Less Than 8 ft.",0,0,0,1,1],["0029701063",191,2,1,51,"Made Shot","Layup Shot","2PT Field Goal","Restricted Area","Center(C)","Less Than 8 ft.",0,0,0,1,1],["0029701063",357,4,10,37,"Missed Shot","Hook Shot","2PT Field Goal","Mid-Range","Right Side(R)","8-16 ft.",8,87,10,1,0],["0029701063",378,4,8,52,"Made Shot","Tip Shot","2PT Field Goal","Restricted Area","Center(C)","Less Than 8 ft.",0,0,0,1,1],["0029701063",444,4,3,26,"Made Shot","Dunk Shot","2PT Field Goal","Restricted Area","Center(C)","Less Than 8 ft.",0,0,0,1,1],["0029701090",116,2,11,36,"Missed Shot","Jump Shot","2PT Field Goal","In The Paint (Non-RA)","Center(C)","Less Than 8 ft.",6,68,10,1,0],["0029701115",120,2,10,8,"Made Shot","Jump Shot","2PT Field Goal","In The Paint (Non-RA)","Center(C)","Less Than 8 ft.",5,44,29,1,1],["0029701115",322,3,1,2,"Made Shot","Layup Shot","2PT Field Goal","Restricted Area","Center(C)","Less Than 8 ft.",0,0,0,1,1],["0029701142",336,4,11,15,"Missed Shot","Layup Shot","2PT Field Goal","Restricted Area","Center(C)","Less Than 8 ft.",0,0,0,1,0],["0029701142",356,4,9,7,"Made Shot","Layup Shot","2PT Field Goal","Restricted Area","Center(C)","Less Than 8 ft.",0,0,0,1,1],["0029701167",196,2,1,33,"Made Shot","Layup Shot","2PT Field Goal","Restricted Area","Center(C)","Less Than 8 ft.",0,0,0,1,1],["0029701167",358,4,8,16,"Made Shot","Layup Shot","2PT Field Goal","Restricted Area","Center(C)","Less Than 8 ft.",0,0,0,1,1],["0029701167",404,4,2,56,"Made Shot","Layup Shot","2PT Field Goal","Restricted Area","Center(C)","Less Than 8 ft.",0,0,0,1,1],["0029701167",425,4,0,50,"Made Shot","Driving Dunk Shot","2PT Field Goal","Restricted Area","Center(C)","Less Than 8 ft.",0,0,0,1,1],["0029701183",113,2,10,39,"Made Shot","Tip Shot","2PT Field Goal","Restricted Area","Center(C)","Less Than 8 ft.",0,0,0,1,1],["0029701183",145,2,7,9,"Missed Shot","Layup Shot","2PT Field Goal","Restricted Area","Center(C)","Less Than 8 ft.",0,0,0,1,0]]}},"GameList":{"29700447":[292,"0029700447","01/03/1998","ATL","Hawks","UTA","Jazz",0,0,0,0,0,0,0,0,1,0,1],"29701183":[292,"0029701183","04/19/1998","ATL","Hawks","MIA","Heat",0,4,1,2,0,0,1,0,0,0,4],"29700608":[292,"0029700608","01/27/1998","ATL","Hawks","MIN","Timberwolves",1,0,0,0,0,0,1,0,0,0,0],"29700537":[292,"0029700537","01/17/1998","ATL","Hawks","NJN","Nets",0,0,0,0,0,0,0,0,0,0,0],"29701167":[292,"0029701167","04/17/1998","ATL","Hawks","CHH","Hornets",3,8,4,4,0,0,4,0,1,0,8],"29700530":[292,"0029700530","01/16/1998","ATL","Hawks","GSW","Warriors",0,0,0,2,0,0,2,0,0,0,2],"29700517":[292,"0029700517","01/14/1998","ATL","Hawks","DAL","Mavericks",1,4,1,1,0,0,0,0,0,0,1],"29700906":[292,"0029700906","03/13/1998","ATL","Hawks","PHI","76ers",0,0,0,0,0,0,0,0,0,0,0],"29700214":[292,"0029700214","11/30/1997","ATL","Hawks","SAS","Spurs",0,0,0,1,0,0,1,0,0,0,1],"29701063":[292,"0029701063","04/03/1998","ATL","Hawks","HOU","Rockets",1,12,4,5,0,0,3,1,1,0,8],"29700861":[292,"0029700861","03/06/1998","ATL","Hawks","DEN","Nuggets",0,2,1,1,0,0,0,0,1,0,2],"29701142":[292,"0029701142","04/14/1998","ATL","Hawks","PHI","76ers",0,2,1,2,0,0,1,0,0,0,1],"29701026":[292,"0029701026","03/29/1998","ATL","Hawks","DET","Pistons",0,4,2,3,0,0,1,0,1,1,0],"29700800":[292,"0029700800","02/25/1998","ATL","Hawks","DEN","Nuggets",1,1,0,2,0,0,3,0,0,0,1],"29700687":[292,"0029700687","02/10/1998","ATL","Hawks","MIL","Bucks",0,2,1,1,0,0,1,0,0,0,0],"29700105":[292,"0029700105","11/14/1997","ATL","Hawks","SAC","Kings",0,0,0,1,0,0,0,0,0,0,2],"29700639":[292,"0029700639","01/31/1998","ATL","Hawks","CHH","Hornets",0,0,0,0,0,0,0,0,0,0,1],"29700146":[292,"0029700146","11/20/1997","ATL","Hawks","NYK","Knicks",0,0,0,0,0,0,1,0,0,0,1],"29700435":[292,"0029700435","01/02/1998","ATL","Hawks","LAL","Lakers",0,0,0,0,0,0,0,0,1,0,1],"29700679":[292,"0029700679","02/05/1998","ATL","Hawks","CLE","Cavaliers",0,0,0,1,0,0,0,0,0,0,0],"29700224":[292,"0029700224","12/02/1997","ATL","Hawks","DAL","Mavericks",0,5,2,4,0,0,0,0,0,0,3],"29700473":[292,"0029700473","01/07/1998","ATL","Hawks","GSW","Warriors",0,0,0,0,0,0,0,0,0,0,1],"29700733":[292,"0029700733","02/16/1998","ATL","Hawks","ORL","Magic",0,0,0,2,0,0,1,1,0,0,1],"29700712":[292,"0029700712","02/13/1998","ATL","Hawks","CHI","Bulls",1,0,0,0,0,0,0,0,0,0,0],"29701090":[292,"0029701090","04/07/1998","ATL","Hawks","NYK","Knicks",0,0,0,1,0,0,2,0,0,0,0],"29701050":[292,"0029701050","04/01/1998","ATL","Hawks","TOR","Raptors",0,8,2,4,0,0,3,0,1,0,4],"29700208":[292,"0029700208","11/29/1997","ATL","Hawks","CHH","Hornets",1,2,1,1,0,0,2,0,0,0,1],"29700937":[292,"0029700937","03/17/1998","ATL","Hawks","TOR","Raptors",1,2,0,1,0,0,0,0,1,0,2],"29701130":[292,"0029701130","04/12/1998","ATL","Hawks","WAS","Wizards",1,0,0,0,0,0,2,0,0,0,1],"29700978":[292,"0029700978","03/22/1998","ATL","Hawks","DET","Pistons",0,0,0,1,0,0,2,0,1,1,2],"29700830":[292,"0029700830","03/01/1998","ATL","Hawks","VAN","Grizzlies",1,2,1,2,0,0,2,1,0,0,4],"29701078":[292,"0029701078","04/05/1998","ATL","Hawks","MIN","Timberwolves",0,2,0,0,0,0,1,0,0,0,4],"29701115":[292,"0029701115","04/10/1998","ATL","Hawks","CHH","Hornets",0,4,2,2,0,0,3,0,0,0,5],"29701037":[292,"0029701037","03/31/1998","ATL","Hawks","NJN","Nets",1,2,1,1,0,0,1,0,0,0,1],"29700988":[292,"0029700988","03/24/1998","ATL","Hawks","ORL","Magic",0,0,0,0,0,0,1,0,0,0,0],"29700571":[292,"0029700571","01/21/1998","ATL","Hawks","SAS","Spurs",0,9,4,6,0,0,0,0,5,0,3],"29700760":[292,"0029700760","02/20/1998","ATL","Hawks","VAN","Grizzlies",1,4,1,1,0,0,2,0,1,1,4]},"data":[26.0,37,0,6.2,0.8,1.4,0.558,0.0,0.0,0.0,0.6,1.1,0.538,0.8,1.1,1.9,0.1,0.4,0.1,0.4,1.1,2.1],"rank":{"PerGame":[null,null,null,null,null,null,null,null,null,null,null,null,null,null,null,null,null,null,null],"Totals":[358,348,368,null,274,366,null,328,318,null,265,325,317,392,316,331,354,349,341]},"team":"ATL"},"1996":{"shotchart":{"Averages":{"header":["SHOT_ZONE_BASIC","SHOT_ZONE_AREA","SHOT_ZONE_RANGE","FGA","FGM","FG_PCT"],"row":[["Above the Break 3","Back Court(BC)","Back Court Shot",85,2,0.024],["Above the Break 3","Center(C)","24+ ft.",2961,1004,0.339],["Above the Break 3","Left Side Center(LC)","24+ ft.",6391,2096,0.328],["Above the Break 3","Right Side Center(RC)","24+ ft.",4938,1713,0.347],["Backcourt","Back Court(BC)","Back Court Shot",207,9,0.043],["In The Paint (Non-RA)","Center(C)","8-16 ft.",4311,1896,0.44],["In The Paint (Non-RA)","Center(C)","Less Than 8 ft.",14430,6313,0.437],["In The Paint (Non-RA)","Left Side(L)","8-16 ft.",1893,781,0.413],["In The Paint (Non-RA)","Right Side(R)","8-16 ft.",1741,714,0.41],["Left Corner 3","Left Side(L)","24+ ft.",3068,1214,0.396],["Mid-Range","Center(C)","16-24 ft.",7169,2906,0.405],["Mid-Range","Center(C)","8-16 ft.",1668,710,0.426],["Mid-Range","Left Side Center(LC)","16-24 ft.",9900,4050,0.409],["Mid-Range","Left Side(L)","16-24 ft.",9842,4158,0.422],["Mid-Range","Left Side(L)","8-16 ft.",13794,5376,0.39],["Mid-Range","Right Side Center(RC)","16-24 ft.",11226,4357,0.388],["Mid-Range","Right Side(R)","16-24 ft.",9029,3715,0.411],["Mid-Range","Right Side(R)","8-16 ft.",12668,5036,0.398],["Restricted Area","Center(C)","Less Than 8 ft.",70575,38643,0.548],["Right Corner 3","Right Side(R)","24+ ft.",2689,1079,0.401]]},"Details":{"header":["GAME_ID","GAME_EVENT_ID","PERIOD","MINUTES_REMAINING","SECONDS_REMAINING","EVENT_TYPE","ACTION_TYPE","SHOT_TYPE","SHOT_ZONE_BASIC","SHOT_ZONE_AREA","SHOT_ZONE_RANGE","SHOT_DISTANCE","LOC_X","LOC_Y","SHOT_ATTEMPTED_FLAG","SHOT_MADE_FLAG"],"row":[["0029600120",297,4,11,27,"Missed Shot","Layup Shot","2PT Field Goal","Restricted Area","Center(C)","Less Than 8 ft.",0,0,0,1,0],["0029600120",307,4,9,46,"Missed Shot","Jump Shot","2PT Field Goal","In The Paint (Non-RA)","Center(C)","Less Than 8 ft.",7,-16,69,1,0],["0029600120",309,4,9,42,"Missed Shot","Layup Shot","2PT Field Goal","Restricted Area","Center(C)","Less Than 8 ft.",0,0,0,1,0],["0029600120",363,4,4,47,"Missed Shot","Jump Shot","2PT Field Goal","In The Paint (Non-RA)","Center(C)","8-16 ft.",9,40,86,1,0],["0029600120",371,4,3,38,"Missed Shot","Layup Shot","2PT Field Goal","Restricted Area","Center(C)","Less Than 8 ft.",0,0,0,1,0]]}},"GameList":{"29600120":[292,"0029600120","11/16/1996","ATL","Hawks","CHI","Bulls",0,0,0,5,0,0,2,0,0,0,7]},"data":[25.0,1,0,14.0,0.0,5.0,0.0,0.0,0.0,0.0,0.0,0.0,0.0,2.0,5.0,7.0,0.0,0.0,0.0,0.0,2.0,0.0],"rank":{"PerGame":[null,null,null,null,null,null,null,null,null,null,null,null,null,null,null,null,null,null,null],"Totals":[431,435,429,null,303,369,null,428,430,null,407,412,414,427,427,403,435,437,434]},"team":"ATL"},"1999":{"shotchart":{"Averages":{"header":["SHOT_ZONE_BASIC","SHOT_ZONE_AREA","SHOT_ZONE_RANGE","FGA","FGM","FG_PCT"],"row":[["Above the Break 3","Back Court(BC)","Back Court Shot",125,6,0.048],["Above the Break 3","Center(C)","24+ ft.",5382,1784,0.331],["Above the Break 3","Left Side Center(LC)","24+ ft.",9320,3273,0.351],["Above the Break 3","Right Side Center(RC)","24+ ft.",9595,3380,0.352],["Backcourt","Back Court(BC)","Back Court Shot",244,7,0.029],["In The Paint (Non-RA)","Center(C)","8-16 ft.",5074,2063,0.407],["In The Paint (Non-RA)","Center(C)","Less Than 8 ft.",20928,7588,0.363],["In The Paint (Non-RA)","Left Side(L)","8-16 ft.",1818,709,0.39],["In The Paint (Non-RA)","Right Side(R)","8-16 ft.",1839,700,0.381],["Left Corner 3","Left Side(L)","24+ ft.",3897,1509,0.387],["Mid-Range","Center(C)","16-24 ft.",6057,2561,0.423],["Mid-Range","Center(C)","8-16 ft.",2126,863,0.406],["Mid-Range","Left Side Center(LC)","16-24 ft.",8559,3511,0.41],["Mid-Range","Left Side(L)","16-24 ft.",10432,4260,0.408],["Mid-Range","Left Side(L)","8-16 ft.",15902,5949,0.374],["Mid-Range","Right Side Center(RC)","16-24 ft.",8614,3574,0.415],["Mid-Range","Right Side(R)","16-24 ft.",9445,3675,0.389],["Mid-Range","Right Side(R)","8-16 ft.",13513,5085,0.376],["Restricted Area","Center(C)","Less Than 8 ft.",58423,35587,0.609],["Right Corner 3","Right Side(R)","24+ ft.",3925,1506,0.384]]},"Details":{"header":["GAME_ID","GAME_EVENT_ID","PERIOD","MINUTES_REMAINING","SECONDS_REMAINING","EVENT_TYPE","ACTION_TYPE","SHOT_TYPE","SHOT_ZONE_BASIC","SHOT_ZONE_AREA","SHOT_ZONE_RANGE","SHOT_DISTANCE","LOC_X","LOC_Y","SHOT_ATTEMPTED_FLAG","SHOT_MADE_FLAG"],"row":[["0029900448",439,4,1,17,"Missed Shot","Tip Shot","2PT Field Goal","Restricted Area","Center(C)","Less Than 8 ft.",0,0,0,1,0],["0029900468",84,1,2,35,"Missed Shot","Layup Shot","2PT Field Goal","Restricted Area","Center(C)","Less Than 8 ft.",0,0,0,1,0],["0029900468",177,2,5,21,"Made Shot","Dunk Shot","2PT Field Goal","Restricted Area","Center(C)","Less Than 8 ft.",0,0,0,1,1],["0029900468",315,3,2,58,"Made Shot","Layup Shot","2PT Field Goal","Restricted Area","Center(C)","Less Than 8 ft.",0,0,0,1,1],["0029900489",36,1,8,25,"Missed Shot","Jump Shot","2PT Field Goal","Mid-Range","Left Side Center(LC)","16-24 ft.",18,-68,173,1,0],["0029900489",124,2,10,59,"Made Shot","Layup Shot","2PT Field Goal","Restricted Area","Center(C)","Less Than 8 ft.",1,16,-1,1,1],["0029900489",136,2,9,42,"Made Shot","Dunk Shot","2PT Field Goal","Restricted Area","Center(C)","Less Than 8 ft.",0,0,0,1,1],["0029900489",232,2,1,7,"Missed Shot","Layup Shot","2PT Field Goal","Restricted Area","Center(C)","Less Than 8 ft.",1,16,8,1,0],["0029900489",250,3,11,43,"Missed Shot","Jump Shot","2PT Field Goal","In The Paint (Non-RA)","Center(C)","Less Than 8 ft.",4,40,8,1,0],["0029900489",272,3,9,40,"Made Shot","Jump Shot","2PT Field Goal","In The Paint (Non-RA)","Center(C)","Less Than 8 ft.",4,-31,31,1,1],["0029900503",5,1,11,33,"Missed Shot","Jump Shot","2PT Field Goal","In The Paint (Non-RA)","Center(C)","Less Than 8 ft.",4,-29,33,1,0],["0029900503",35,1,8,46,"Made Shot","Layup Shot","2PT Field Goal","Restricted Area","Center(C)","Less Than 8 ft.",0,0,0,1,1],["0029900503",55,1,6,24,"Missed Shot","Tip Shot","2PT Field Goal","Restricted Area","Center(C)","Less Than 8 ft.",0,0,0,1,0],["0029900503",252,3,11,30,"Missed Shot","Jump Shot","2PT Field Goal","In The Paint (Non-RA)","Center(C)","Less Than 8 ft.",4,40,23,1,0],["0029900503",497,4,1,27,"Made Shot","Layup Shot","2PT Field Goal","Restricted Area","Center(C)","Less Than 8 ft.",0,0,0,1,1],["0029900520",17,1,9,23,"Missed Shot","Layup Shot","2PT Field Goal","Restricted Area","Center(C)","Less Than 8 ft.",0,0,0,1,0],["0029900520",39,1,7,8,"Made Shot","Layup Shot","2PT Field Goal","Restricted Area","Center(C)","Less Than 8 ft.",0,0,0,1,1],["0029900520",63,1,4,0,"Missed Shot","Jump Shot","2PT Field Goal","In The Paint (Non-RA)","Center(C)","Less Than 8 ft.",5,40,36,1,0],["0029900520",180,2,2,9,"Made Shot","Dunk Shot","2PT Field Goal","Restricted Area","Center(C)","Less Than 8 ft.",0,0,0,1,1],["0029900520",203,3,11,23,"Missed Shot","Jump Shot","2PT Field Goal","In The Paint (Non-RA)","Center(C)","Less Than 8 ft.",5,10,53,1,0],["0029900520",239,3,6,37,"Made Shot","Layup Shot","2PT Field Goal","Restricted Area","Center(C)","Less Than 8 ft.",0,0,0,1,1],["0029900520",400,4,2,31,"Made Shot","Layup Shot","2PT Field Goal","Restricted Area","Center(C)","Less Than 8 ft.",0,0,0,1,1],["0029900535",3,1,11,26,"Made Shot","Layup Shot","2PT Field Goal","Restricted Area","Center(C)","Less Than 8 ft.",0,0,0,1,1],["0029900535",16,1,9,3,"Missed Shot","Layup Shot","2PT Field Goal","Restricted Area","Center(C)","Less Than 8 ft.",0,0,0,1,0],["0029900535",219,2,1,50,"Made Shot","Driving Layup Shot","2PT Field Goal","Restricted Area","Center(C)","Less Than 8 ft.",0,0,0,1,1],["0029900540",50,1,6,2,"Made Shot","Layup Shot","2PT Field Goal","Restricted Area","Center(C)","Less Than 8 ft.",0,0,0,1,1],["0029900540",52,1,5,35,"Missed Shot","Layup Shot","2PT Field Goal","Restricted Area","Center(C)","Less Than 8 ft.",0,0,0,1,0],["0029900540",53,1,5,32,"Made Shot","Jump Shot","2PT Field Goal","In The Paint (Non-RA)","Center(C)","Less Than 8 ft.",5,55,0,1,1],["0029900540",195,2,5,0,"Missed Shot","Jump Shot","2PT Field Goal","Mid-Range","Left Side(L)","8-16 ft.",11,-111,21,1,0],["0029900555",62,1,5,43,"Made Shot","Layup Shot","2PT Field Goal","Restricted Area","Center(C)","Less Than 8 ft.",0,0,0,1,1],["0029900555",190,2,5,15,"Missed Shot","Layup Shot","2PT Field Goal","Restricted Area","Center(C)","Less Than 8 ft.",0,0,0,1,0],["0029900555",204,2,2,52,"Made Shot","Slam Dunk Shot","2PT Field Goal","Restricted Area","Center(C)","Less Than 8 ft.",0,0,0,1,1],["0029900555",245,3,11,43,"Missed Shot","Layup Shot","2PT Field Goal","Restricted Area","Center(C)","Less Than 8 ft.",0,0,0,1,0],["0029900555",256,3,10,29,"Missed Shot","Layup Shot","2PT Field Goal","Restricted Area","Center(C)","Less Than 8 ft.",0,0,0,1,0],["0029900555",300,3,6,1,"Missed Shot","Dunk Shot","2PT Field Goal","Restricted Area","Center(C)","Less Than 8 ft.",0,0,0,1,0],["0029900555",427,4,5,18,"Made Shot","Layup Shot","2PT Field Goal","Restricted Area","Center(C)","Less Than 8 ft.",0,0,0,1,1],["0029900591",31,1,8,4,"Missed Shot","Jump Shot","2PT Field Goal","Mid-Range","Left Side(L)","8-16 ft.",15,-136,68,1,0],["0029900602",16,1,9,57,"Made Shot","Tip Shot","2PT Field Goal","Restricted Area","Center(C)","Less Than 8 ft.",0,0,0,1,1],["0029900602",27,1,8,38,"Made Shot","Layup Shot","2PT Field Goal","Restricted Area","Center(C)","Less Than 8 ft.",0,0,0,1,1],["0029900602",41,1,6,58,"Missed Shot","Layup Shot","2PT Field Goal","Restricted Area","Center(C)","Less Than 8 ft.",0,0,0,1,0],["0029900602",50,1,5,27,"Made Shot","Dunk Shot","2PT Field Goal","Restricted Area","Center(C)","Less Than 8 ft.",0,0,0,1,1],["0029900602",61,1,4,12,"Made Shot","Layup Shot","2PT Field Goal","Restricted Area","Center(C)","Less Than 8 ft.",0,0,0,1,1],["0029900602",65,1,3,28,"Missed Shot","Hook Shot","2PT Field Goal","In The Paint (Non-RA)","Center(C)","Less Than 8 ft.",5,35,40,1,0],["0029900602",195,2,1,58,"Made Shot","Layup Shot","2PT Field Goal","Restricted Area","Center(C)","Less Than 8 ft.",0,0,0,1,1],["0029900602",244,3,10,16,"Made Shot","Layup Shot","2PT Field Goal","Restricted Area","Center(C)","Less Than 8 ft.",0,0,0,1,1],["0029900602",257,3,9,20,"Made Shot","Layup Shot","2PT Field Goal","Restricted Area","Center(C)","Less Than 8 ft.",0,0,0,1,1],["0029900602",301,3,5,11,"Made Shot","Driving Layup Shot","2PT Field Goal","Restricted Area","Center(C)","Less Than 8 ft.",0,0,0,1,1],["0029900602",309,3,4,19,"Missed Shot","Layup Shot","2PT Field Goal","Restricted Area","Center(C)","Less Than 8 ft.",0,0,0,1,0],["0029900602",326,3,3,3,"Missed Shot","Layup Shot","2PT Field Goal","Restricted Area","Center(C)","Less Than 8 ft.",0,0,0,1,0],["0029900602",340,3,2,1,"Missed Shot","Jump Shot","2PT Field Goal","In The Paint (Non-RA)","Center(C)","Less Than 8 ft.",4,1,46,1,0],["0029900602",342,3,1,58,"Missed Shot","Layup Shot","2PT Field Goal","Restricted Area","Center(C)","Less Than 8 ft.",0,0,0,1,0],["0029900610",238,3,11,14,"Missed Shot","Layup Shot","2PT Field Goal","Restricted Area","Center(C)","Less Than 8 ft.",0,0,0,1,0],["0029900610",250,3,9,55,"Made Shot","Layup Shot","2PT Field Goal","Restricted Area","Center(C)","Less Than 8 ft.",0,0,0,1,1],["0029900610",282,3,6,53,"Missed Shot","Jump Shot","2PT Field Goal","In The Paint (Non-RA)","Center(C)","Less Than 8 ft.",6,12,63,1,0],["0029900624",273,3,9,4,"Missed Shot","Tip Shot","2PT Field Goal","Restricted Area","Center(C)","Less Than 8 ft.",0,0,0,1,0],["0029900634",305,3,7,15,"Made Shot","Layup Shot","2PT Field Goal","Restricted Area","Center(C)","Less Than 8 ft.",0,0,0,1,1],["0029900649",240,3,10,43,"Missed Shot","Tip Shot","2PT Field Goal","Restricted Area","Center(C)","Less Than 8 ft.",0,0,0,1,0],["0029900733",485,4,0,51,"Made Shot","Dunk Shot","2PT Field Goal","Restricted Area","Center(C)","Less Than 8 ft.",1,8,12,1,1],["0029900777",468,4,2,56,"Made Shot","Tip Shot","2PT Field Goal","Restricted Area","Center(C)","Less Than 8 ft.",0,0,0,1,1],["0029900800",125,2,9,18,"Missed Shot","Layup Shot","2PT Field Goal","Restricted Area","Center(C)","Less Than 8 ft.",0,0,0,1,0],["0029900800",212,2,0,23,"Missed Shot","Jump Shot","2PT Field Goal","Restricted Area","Center(C)","Less Than 8 ft.",3,16,33,1,0],["0029900800",277,3,6,10,"Made Shot","Driving Layup Shot","2PT Field Goal","Restricted Area","Center(C)","Less Than 8 ft.",0,0,0,1,1],["0029900800",302,3,3,46,"Made Shot","Slam Dunk Shot","2PT Field Goal","Restricted Area","Center(C)","Less Than 8 ft.",0,0,0,1,1],["0029900806",8,1,11,3,"Made Shot","Layup Shot","2PT Field Goal","Restricted Area","Center(C)","Less Than 8 ft.",0,0,0,1,1],["0029900806",34,1,7,49,"Made Shot","Layup Shot","2PT Field Goal","Restricted Area","Center(C)","Less Than 8 ft.",0,0,0,1,1],["0029900806",106,1,1,20,"Missed Shot","Driving Layup Shot","2PT Field Goal","In The Paint (Non-RA)","Center(C)","Less Than 8 ft.",5,-25,51,1,0],["0029900806",287,3,9,56,"Missed Shot","Jump Shot","2PT Field Goal","In The Paint (Non-RA)","Center(C)","8-16 ft.",11,53,106,1,0],["0029900806",292,3,8,57,"Made Shot","Layup Shot","2PT Field Goal","Restricted Area","Center(C)","Less Than 8 ft.",0,0,0,1,1],["0029900981",164,2,5,26,"Made Shot","Layup Shot","2PT Field Goal","Restricted Area","Center(C)","Less Than 8 ft.",0,0,0,1,1],["0029900981",200,2,1,36,"Made Shot","Layup Shot","2PT Field Goal","Restricted Area","Center(C)","Less Than 8 ft.",0,0,0,1,1],["0029900986",153,2,8,47,"Missed Shot","Jump Shot","2PT Field Goal","In The Paint (Non-RA)","Center(C)","Less Than 8 ft.",5,35,46,1,0],["0029900986",192,2,5,5,"Made Shot","Dunk Shot","2PT Field Goal","Restricted Area","Center(C)","Less Than 8 ft.",0,0,0,1,1],["0029900986",372,3,0,47,"Made Shot","Slam Dunk Shot","2PT Field Goal","Restricted Area","Center(C)","Less Than 8 ft.",0,0,0,1,1],["0029900986",376,3,0,16,"Made Shot","Layup Shot","2PT Field Goal","Restricted Area","Center(C)","Less Than 8 ft.",0,0,0,1,1],["0029901016",197,2,4,28,"Missed Shot","Layup Shot","2PT Field Goal","Restricted Area","Center(C)","Less Than 8 ft.",0,0,0,1,0],["0029901016",199,2,4,25,"Made Shot","Layup Shot","2PT Field Goal","Restricted Area","Center(C)","Less Than 8 ft.",0,0,0,1,1],["0029901016",205,2,3,10,"Made Shot","Dunk Shot","2PT Field Goal","Restricted Area","Center(C)","Less Than 8 ft.",0,0,0,1,1],["0029901016",223,2,1,10,"Missed Shot","Layup Shot","2PT Field Goal","Restricted Area","Center(C)","Less Than 8 ft.",0,0,0,1,0],["0029901016",225,2,1,8,"Made Shot","Layup Shot","2PT Field Goal","Restricted Area","Center(C)","Less Than 8 ft.",0,0,0,1,1],["0029901016",450,4,4,32,"Missed Shot","Layup Shot","2PT Field Goal","Restricted Area","Center(C)","Less Than 8 ft.",0,0,0,1,0],["0029901016",452,4,4,30,"Missed Shot","Layup Shot","2PT Field Goal","Restricted Area","Center(C)","Less Than 8 ft.",0,0,0,1,0],["0029901029",107,2,10,11,"Missed Shot","Slam Dunk Shot","2PT Field Goal","Restricted Area","Center(C)","Less Than 8 ft.",0,0,0,1,0],["0029901044",168,2,5,51,"Made Shot","Layup Shot","2PT Field Goal","Restricted Area","Center(C)","Less Than 8 ft.",0,0,0,1,1],["0029901044",184,2,4,33,"Missed Shot","Layup Shot","2PT Field Goal","Restricted Area","Center(C)","Less Than 8 ft.",0,0,0,1,0],["0029901074",147,2,5,3,"Missed Shot","Jump Shot","2PT Field Goal","Restricted Area","Center(C)","Less Than 8 ft.",3,-36,5,1,0],["0029901074",166,2,3,13,"Missed Shot","Layup Shot","2PT Field Goal","Restricted Area","Center(C)","Less Than 8 ft.",0,0,0,1,0],["0029901074",308,4,10,40,"Made Shot","Jump Shot","2PT Field Goal","Mid-Range","Left Side(L)","8-16 ft.",13,-134,-8,1,1],["0029901090",139,2,7,5,"Made Shot","Tip Shot","2PT Field Goal","Restricted Area","Center(C)","Less Than 8 ft.",0,0,0,1,1],["0029901090",154,2,5,17,"Missed Shot","Tip Shot","2PT Field Goal","Restricted Area","Center(C)","Less Than 8 ft.",0,0,0,1,0],["0029901117",122,2,9,53,"Made Shot","Slam Dunk Shot","2PT Field Goal","Restricted Area","Center(C)","Less Than 8 ft.",0,0,0,1,1],["0029901157",184,2,6,23,"Made Shot","Layup Shot","2PT Field Goal","Restricted Area","Center(C)","Less Than 8 ft.",0,0,0,1,1],["0029901157",383,4,11,4,"Made Shot","Layup Shot","2PT Field Goal","Restricted Area","Center(C)","Less Than 8 ft.",0,0,0,1,1],["0029901157",390,4,9,48,"Missed Shot","Layup Shot","2PT Field Goal","Restricted Area","Center(C)","Less Than 8 ft.",0,0,0,1,0],["0029901157",392,4,9,45,"Made Shot","Layup Shot","2PT Field Goal","Restricted Area","Center(C)","Less Than 8 ft.",0,0,0,1,1],["0029901157",402,4,8,38,"Made Shot","Layup Shot","2PT Field Goal","Restricted Area","Center(C)","Less Than 8 ft.",0,0,0,1,1],["0029901173",137,2,9,31,"Missed Shot","Layup Shot","2PT Field Goal","Restricted Area","Center(C)","Less Than 8 ft.",0,0,0,1,0],["0029901173",180,2,4,33,"Made Shot","Jump Shot","2PT Field Goal","Mid-Range","Left Side Center(LC)","16-24 ft.",17,-124,119,1,1]]}},"GameList":{"29901004":[292,"0029901004","03/26/2000","HOU","Rockets","CHI","Bulls",0,0,0,0,0,0,0,0,0,0,1],"29901029":[292,"0029901029","03/30/2000","HOU","Rockets","MIN","Timberwolves",0,0,0,1,0,0,1,0,0,1,3],"29900602":[292,"0029900602","01/27/2000","HOU","Rockets","GSW","Warriors",0,19,8,14,0,0,2,0,1,1,12],"29900448":[292,"0029900448","01/06/2000","HOU","Rockets","MIA","Heat",0,0,0,1,0,0,3,0,0,0,2],"29900540":[292,"0029900540","01/18/2000","HOU","Rockets","POR","Trail Blazers",1,8,2,4,0,0,2,0,2,0,6],"29901044":[292,"0029901044","04/01/2000","HOU","Rockets","ATL","Hawks",0,2,1,2,0,0,2,0,0,0,4],"29900624":[292,"0029900624","01/30/2000","HOU","Rockets","LAL","Lakers",0,0,0,1,0,0,2,0,0,0,4],"29900503":[292,"0029900503","01/13/2000","HOU","Rockets","GSW","Warriors",2,5,2,5,0,0,6,2,1,0,13],"29900777":[292,"0029900777","02/24/2000","HOU","Rockets","DEN","Nuggets",0,2,1,1,0,0,0,0,1,0,2],"29900520":[292,"0029900520","01/15/2000","HOU","Rockets","CHI","Bulls",1,9,4,7,0,0,4,0,0,1,8],"29900957":[292,"0029900957","03/20/2000","HOU","Rockets","CLE","Cavaliers",0,0,0,0,0,0,0,0,0,0,0],"29901184":[292,"0029901184","04/19/2000","HOU","Rockets","VAN","Grizzlies",1,0,0,0,0,0,0,1,1,1,2],"29900733":[292,"0029900733","02/18/2000","HOU","Rockets","SAS","Spurs",0,3,1,1,0,0,0,0,0,1,4],"29900649":[292,"0029900649","02/03/2000","HOU","Rockets","PHI","76ers",1,1,0,1,0,0,1,0,0,0,3],"29900489":[292,"0029900489","01/11/2000","HOU","Rockets","SAC","Kings",1,9,3,6,0,0,5,0,1,0,12],"29901157":[292,"0029901157","04/16/2000","HOU","Rockets","SEA","SuperSonics",1,8,4,5,0,0,3,0,0,2,9],"29900894":[292,"0029900894","03/11/2000","HOU","Rockets","MIN","Timberwolves",0,0,0,0,0,0,0,1,0,1,0],"29901016":[292,"0029901016","03/28/2000","HOU","Rockets","GSW","Warriors",1,6,3,7,0,0,1,1,0,0,6],"29901173":[292,"0029901173","04/18/2000","HOU","Rockets","PHX","Suns",0,2,1,2,0,0,2,0,0,0,3],"29901117":[292,"0029901117","04/11/2000","HOU","Rockets","DEN","Nuggets",0,2,1,1,0,0,3,1,0,0,4],"29901074":[292,"0029901074","04/05/2000","HOU","Rockets","POR","Trail Blazers",1,4,1,3,0,0,2,0,0,2,4],"29900610":[292,"0029900610","01/28/2000","HOU","Rockets","DEN","Nuggets",0,2,1,3,0,0,2,0,1,1,5],"29900468":[292,"0029900468","01/08/2000","HOU","Rockets","UTA","Jazz",0,6,2,3,0,0,4,0,0,1,11],"29900555":[292,"0029900555","01/20/2000","HOU","Rockets","DEN","Nuggets",1,7,3,7,0,0,5,0,0,1,7],"29900576":[292,"0029900576","01/23/2000","HOU","Rockets","MIA","Heat",1,0,0,0,0,0,3,1,0,1,4],"29900634":[292,"0029900634","02/01/2000","HOU","Rockets","CHH","Hornets",1,3,1,1,0,0,2,2,0,0,2],"29901090":[292,"0029901090","04/07/2000","HOU","Rockets","SEA","SuperSonics",0,2,1,2,0,0,1,0,0,0,2],"29900535":[292,"0029900535","01/17/2000","HOU","Rockets","DAL","Mavericks",2,4,2,3,0,0,3,0,0,0,3],"29900806":[292,"0029900806","02/28/2000","HOU","Rockets","LAC","Clippers",3,7,3,5,0,0,3,0,2,0,6],"29900800":[292,"0029900800","02/27/2000","HOU","Rockets","LAL","Lakers",0,5,2,4,0,0,2,0,1,0,8],"29900908":[292,"0029900908","03/14/2000","HOU","Rockets","NYK","Knicks",0,0,0,0,0,0,0,0,0,0,2],"29900841":[292,"0029900841","03/04/2000","HOU","Rockets","NJN","Nets",0,0,0,0,0,0,0,0,0,0,1],"29900986":[292,"0029900986","03/24/2000","HOU","Rockets","ORL","Magic",0,9,3,4,0,0,1,0,0,2,5],"29900981":[292,"0029900981","03/23/2000","HOU","Rockets","LAC","Clippers",0,5,2,2,0,0,2,1,0,0,2],"29900591":[292,"0029900591","01/25/2000","HOU","Rockets","MIN","Timberwolves",1,0,0,1,0,0,1,0,0,0,4]},"data":[28.0,35,14,13.6,1.5,2.8,0.536,0.0,0.0,0.0,0.7,1.5,0.51,1.4,3.3,4.7,0.5,0.3,0.3,0.5,1.9,3.7],"rank":{"PerGame":[null,null,null,null,null,null,null,null,null,null,null,null,null,null,null,null,null,null,null],"Totals":[318,324,341,null,281,355,null,313,288,null,205,238,230,347,330,252,342,327,291]},"team":"HOU"},"1998":{"shotchart":{"Averages":{"header":["SHOT_ZONE_BASIC","SHOT_ZONE_AREA","SHOT_ZONE_RANGE","FGA","FGM","FG_PCT"],"row":[["Above the Break 3","Back Court(BC)","Back Court Shot",75,2,0.027],["Above the Break 3","Center(C)","24+ ft.",3050,962,0.315],["Above the Break 3","Left Side Center(LC)","24+ ft.",5658,1877,0.332],["Above the Break 3","Right Side Center(RC)","24+ ft.",5982,2051,0.343],["Backcourt","Back Court(BC)","Back Court Shot",144,4,0.028],["In The Paint (Non-RA)","Center(C)","8-16 ft.",2904,1157,0.398],["In The Paint (Non-RA)","Center(C)","Less Than 8 ft.",12080,4295,0.356],["In The Paint (Non-RA)","Left Side(L)","8-16 ft.",1130,400,0.354],["In The Paint (Non-RA)","Right Side(R)","8-16 ft.",1094,385,0.352],["Left Corner 3","Left Side(L)","24+ ft.",2119,812,0.383],["Mid-Range","Center(C)","16-24 ft.",3601,1425,0.396],["Mid-Range","Center(C)","8-16 ft.",1269,570,0.449],["Mid-Range","Left Side Center(LC)","16-24 ft.",4680,1830,0.391],["Mid-Range","Left Side(L)","16-24 ft.",5864,2295,0.391],["Mid-Range","Left Side(L)","8-16 ft.",9034,3276,0.363],["Mid-Range","Right Side Center(RC)","16-24 ft.",4827,1907,0.395],["Mid-Range","Right Side(R)","16-24 ft.",5416,2112,0.39],["Mid-Range","Right Side(R)","8-16 ft.",7334,2564,0.35],["Restricted Area","Center(C)","Less Than 8 ft.",35102,20893,0.595],["Right Corner 3","Right Side(R)","24+ ft.",2011,731,0.364]]},"Details":{"header":["GAME_ID","GAME_EVENT_ID","PERIOD","MINUTES_REMAINING","SECONDS_REMAINING","EVENT_TYPE","ACTION_TYPE","SHOT_TYPE","SHOT_ZONE_BASIC","SHOT_ZONE_AREA","SHOT_ZONE_RANGE","SHOT_DISTANCE","LOC_X","LOC_Y","SHOT_ATTEMPTED_FLAG","SHOT_MADE_FLAG"],"row":[["0029800033",124,1,1,38,"Made Shot","Layup Shot","2PT Field Goal","Restricted Area","Center(C)","Less Than 8 ft.",0,0,0,1,1],["0029800047",90,1,1,50,"Missed Shot","Jump Shot","2PT Field Goal","In The Paint (Non-RA)","Center(C)","Less Than 8 ft.",4,40,8,1,0],["0029800086",423,4,4,49,"Made Shot","Slam Dunk Shot","2PT Field Goal","Restricted Area","Center(C)","Less Than 8 ft.",0,0,0,1,1],["0029800086",469,4,0,6,"Missed Shot","Layup Shot","2PT Field Goal","Restricted Area","Center(C)","Less Than 8 ft.",0,0,0,1,0],["0029800086",472,4,0,3,"Made Shot","Layup Shot","2PT Field Goal","Restricted Area","Center(C)","Less Than 8 ft.",0,0,0,1,1],["0029800086",471,4,0,3,"Missed Shot","Layup Shot","2PT Field Goal","Restricted Area","Center(C)","Less Than 8 ft.",0,0,0,1,0],["0029800094",439,4,2,15,"Missed Shot","Layup Shot","2PT Field Goal","Restricted Area","Center(C)","Less Than 8 ft.",0,0,0,1,0],["0029800094",467,4,0,44,"Made Shot","Layup Shot","2PT Field Goal","Restricted Area","Center(C)","Less Than 8 ft.",0,0,0,1,1],["0029800101",130,2,9,23,"Made Shot","Driving Layup Shot","2PT Field Goal","Restricted Area","Center(C)","Less Than 8 ft.",0,0,0,1,1],["0029800101",159,2,7,9,"Missed Shot","Layup Shot","2PT Field Goal","Restricted Area","Center(C)","Less Than 8 ft.",0,0,0,1,0],["0029800101",176,2,5,5,"Missed Shot","Layup Shot","2PT Field Goal","Restricted Area","Center(C)","Less Than 8 ft.",0,0,0,1,0],["0029800101",178,2,4,48,"Missed Shot","Layup Shot","2PT Field Goal","Restricted Area","Center(C)","Less Than 8 ft.",0,0,0,1,0],["0029800101",180,2,4,45,"Missed Shot","Tip Shot","2PT Field Goal","Restricted Area","Center(C)","Less Than 8 ft.",0,0,0,1,0],["0029800101",182,2,4,43,"Made Shot","Layup Shot","2PT Field Goal","Restricted Area","Center(C)","Less Than 8 ft.",0,0,0,1,1],["0029800101",319,3,0,40,"Missed Shot","Layup Shot","2PT Field Goal","Restricted Area","Center(C)","Less Than 8 ft.",0,0,0,1,0],["0029800101",332,3,0,1,"Missed Shot","Running Jump Shot","2PT Field Goal","In The Paint (Non-RA)","Left Side(L)","8-16 ft.",10,-57,93,1,0],["0029800101",354,4,9,28,"Made Shot","Driving Layup Shot","2PT Field Goal","Restricted Area","Center(C)","Less Than 8 ft.",0,0,0,1,1],["0029800117",68,1,2,20,"Missed Shot","Layup Shot","2PT Field Goal","Restricted Area","Center(C)","Less Than 8 ft.",0,0,0,1,0],["0029800117",72,1,1,58,"Missed Shot","Layup Shot","2PT Field Goal","Restricted Area","Center(C)","Less Than 8 ft.",0,0,0,1,0],["0029800117",124,2,7,42,"Made Shot","Layup Shot","2PT Field Goal","Restricted Area","Center(C)","Less Than 8 ft.",0,0,0,1,1],["0029800117",324,4,8,52,"Made Shot","Jump Shot","2PT Field Goal","Restricted Area","Center(C)","Less Than 8 ft.",2,-6,27,1,1],["0029800117",332,4,8,7,"Made Shot","Driving Layup Shot","2PT Field Goal","Restricted Area","Center(C)","Less Than 8 ft.",0,0,0,1,1],["0029800125",123,2,9,30,"Made Shot","Dunk Shot","2PT Field Goal","Restricted Area","Center(C)","Less Than 8 ft.",0,0,0,1,1],["0029800125",279,3,1,12,"Missed Shot","Running Jump Shot","2PT Field Goal","In The Paint (Non-RA)","Right Side(R)","8-16 ft.",8,57,68,1,0],["0029800125",328,4,9,10,"Made Shot","Layup Shot","2PT Field Goal","Restricted Area","Center(C)","Less Than 8 ft.",0,0,0,1,1],["0029800143",91,1,3,13,"Made Shot","Jump Shot","2PT Field Goal","Mid-Range","Right Side(R)","8-16 ft.",8,89,8,1,1],["0029800143",105,1,2,11,"Missed Shot","Layup Shot","2PT Field Goal","Restricted Area","Center(C)","Less Than 8 ft.",0,0,0,1,0],["0029800143",106,1,2,8,"Missed Shot","Layup Shot","2PT Field Goal","Restricted Area","Center(C)","Less Than 8 ft.",0,0,0,1,0],["0029800143",133,1,0,0,"Missed Shot","Jump Shot","3PT Field Goal","Above the Break 3","Center(C)","24+ ft.",37,-96,366,1,0],["0029800159",86,1,1,51,"Missed Shot","Jump Shot","2PT Field Goal","In The Paint (Non-RA)","Center(C)","Less Than 8 ft.",5,59,-3,1,0],["0029800177",99,1,0,27,"Made Shot","Jump Shot","2PT Field Goal","Restricted Area","Center(C)","Less Than 8 ft.",3,20,33,1,1],["0029800177",105,1,0,0,"Made Shot","Layup Shot","2PT Field Goal","Restricted Area","Center(C)","Less Than 8 ft.",2,1,27,1,1],["0029800177",138,2,8,19,"Missed Shot","Jump Shot","2PT Field Goal","Mid-Range","Right Side(R)","8-16 ft.",13,130,38,1,0],["0029800177",186,2,2,28,"Made Shot","Layup Shot","2PT Field Goal","Restricted Area","Center(C)","Less Than 8 ft.",1,8,10,1,1],["0029800177",204,2,0,38,"Missed Shot","Jump Shot","2PT Field Goal","Mid-Range","Right Side(R)","8-16 ft.",15,143,48,1,0],["0029800177",317,3,0,12,"Made Shot","Layup Shot","2PT Field Goal","Restricted Area","Center(C)","Less Than 8 ft.",1,-12,10,1,1],["0029800186",337,3,0,8,"Missed Shot","Layup Shot","2PT Field Goal","Restricted Area","Center(C)","Less Than 8 ft.",0,0,0,1,0],["0029800186",479,4,0,7,"Made Shot","Slam Dunk Shot","2PT Field Goal","Restricted Area","Center(C)","Less Than 8 ft.",0,0,0,1,1],["0029800202",146,2,9,26,"Missed Shot","Jump Shot","2PT Field Goal","Mid-Range","Left Side(L)","8-16 ft.",11,-119,1,1,0],["0029800202",150,2,8,56,"Made Shot","Jump Shot","2PT Field Goal","In The Paint (Non-RA)","Center(C)","Less Than 8 ft.",5,46,25,1,1],["0029800202",441,4,2,31,"Made Shot","Layup Shot","2PT Field Goal","Restricted Area","Center(C)","Less Than 8 ft.",0,0,0,1,1],["0029800217",77,1,2,9,"Made Shot","Driving Layup Shot","2PT Field Goal","Restricted Area","Center(C)","Less Than 8 ft.",0,0,0,1,1],["0029800233",236,2,0,0,"Made Shot","Jump Shot","2PT Field Goal","Mid-Range","Right Side(R)","8-16 ft.",15,158,3,1,1],["0029800241",352,4,7,43,"Missed Shot","Layup Shot","2PT Field Goal","Restricted Area","Center(C)","Less Than 8 ft.",0,0,0,1,0],["0029800241",360,4,6,55,"Made Shot","Jump Shot","2PT Field Goal","Mid-Range","Right Side(R)","8-16 ft.",15,147,44,1,1],["0029800241",376,4,5,27,"Missed Shot","Dunk Shot","2PT Field Goal","Restricted Area","Center(C)","Less Than 8 ft.",0,0,0,1,0],["0029800241",378,4,5,25,"Made Shot","Layup Shot","2PT Field Goal","Restricted Area","Center(C)","Less Than 8 ft.",0,0,0,1,1],["0029800241",420,4,1,25,"Missed Shot","Jump Shot","2PT Field Goal","Mid-Range","Right Side(R)","8-16 ft.",9,98,0,1,0],["0029800241",425,4,1,0,"Missed Shot","Tip Shot","2PT Field Goal","Restricted Area","Center(C)","Less Than 8 ft.",0,0,0,1,0],["0029800324",129,2,9,14,"Made Shot","Slam Dunk Shot","2PT Field Goal","Restricted Area","Center(C)","Less Than 8 ft.",0,0,0,1,1],["0029800324",134,2,8,13,"Missed Shot","Jump Shot","2PT Field Goal","Mid-Range","Right Side(R)","8-16 ft.",14,138,27,1,0],["0029800482",406,4,5,0,"Missed Shot","Driving Layup Shot","2PT Field Goal","Restricted Area","Center(C)","Less Than 8 ft.",0,0,0,1,0],["0029800482",431,4,2,29,"Made Shot","Driving Layup Shot","2PT Field Goal","Restricted Area","Center(C)","Less Than 8 ft.",0,0,0,1,1],["0029800482",462,4,0,0,"Made Shot","Slam Dunk Shot","2PT Field Goal","Restricted Area","Center(C)","Less Than 8 ft.",0,0,0,1,1],["0029800582",148,2,7,20,"Missed Shot","Layup Shot","2PT Field Goal","Restricted Area","Center(C)","Less Than 8 ft.",1,12,3,1,0],["0029800607",398,4,3,31,"Made Shot","Layup Shot","2PT Field Goal","Restricted Area","Center(C)","Less Than 8 ft.",0,0,0,1,1],["0029800607",404,4,2,59,"Missed Shot","Dunk Shot","2PT Field Goal","Restricted Area","Center(C)","Less Than 8 ft.",0,0,0,1,0],["0029800624",87,1,1,15,"Missed Shot","Tip Shot","2PT Field Goal","Restricted Area","Center(C)","Less Than 8 ft.",0,0,0,1,0],["0029800624",270,3,3,21,"Missed Shot","Layup Shot","2PT Field Goal","Restricted Area","Center(C)","Less Than 8 ft.",0,0,0,1,0],["0029800695",450,4,0,10,"Missed Shot","Jump Shot","2PT Field Goal","In The Paint (Non-RA)","Center(C)","Less Than 8 ft.",4,-36,31,1,0]]}},"GameList":{"29800582":[292,"0029800582","04/18/1999","HOU","Rockets","SAS","Spurs",0,0,0,1,0,0,2,0,0,0,0],"29800159":[292,"0029800159","02/25/1999","HOU","Rockets","ATL","Hawks",0,2,0,1,0,0,1,0,1,0,0],"29800117":[292,"0029800117","02/20/1999","HOU","Rockets","MIA","Heat",0,6,3,5,0,0,1,0,1,0,6],"29800324":[292,"0029800324","03/17/1999","HOU","Rockets","DEN","Nuggets",1,2,1,2,0,0,1,1,0,0,2],"29800202":[292,"0029800202","03/02/1999","HOU","Rockets","SAS","Spurs",1,4,2,3,0,0,4,1,2,1,1],"29800241":[292,"0029800241","03/07/1999","HOU","Rockets","POR","Trail Blazers",1,8,2,6,0,0,1,1,0,0,6],"29800033":[292,"0029800033","02/08/1999","HOU","Rockets","DEN","Nuggets",0,3,1,1,0,0,1,0,1,0,2],"29800177":[292,"0029800177","02/27/1999","HOU","Rockets","VAN","Grizzlies",1,9,4,6,0,0,3,0,0,0,5],"29800011":[292,"0029800011","02/05/1999","HOU","Rockets","LAL","Lakers",0,0,0,0,0,0,1,0,0,0,0],"29800405":[292,"0029800405","03/27/1999","HOU","Rockets","GSW","Warriors",0,0,0,0,0,0,2,0,0,0,0],"29800646":[292,"0029800646","04/26/1999","HOU","Rockets","LAL","Lakers",0,0,0,0,0,0,1,0,0,1,0],"29800019":[292,"0029800019","02/06/1999","HOU","Rockets","GSW","Warriors",0,0,0,0,0,0,0,0,0,0,0],"29800607":[292,"0029800607","04/21/1999","HOU","Rockets","DAL","Mavericks",0,4,1,2,0,0,0,0,0,1,2],"29800482":[292,"0029800482","04/06/1999","HOU","Rockets","GSW","Warriors",0,4,2,3,0,0,1,1,0,2,2],"29800624":[292,"0029800624","04/23/1999","HOU","Rockets","LAC","Clippers",0,0,0,2,0,0,2,0,0,0,5],"29800086":[292,"0029800086","02/16/1999","HOU","Rockets","PHX","Suns",0,4,2,4,0,0,1,0,0,0,3],"29800186":[292,"0029800186","02/28/1999","HOU","Rockets","LAL","Lakers",0,2,1,2,0,0,2,0,1,1,1],"29800217":[292,"0029800217","03/04/1999","HOU","Rockets","LAC","Clippers",0,2,1,1,0,0,0,0,0,0,0],"29800143":[292,"0029800143","02/23/1999","HOU","Rockets","SEA","SuperSonics",2,2,1,4,0,1,3,0,1,0,5],"29800233":[292,"0029800233","03/06/1999","HOU","Rockets","VAN","Grizzlies",0,2,1,1,0,0,2,0,0,0,4],"29800271":[292,"0029800271","03/11/1999","HOU","Rockets","VAN","Grizzlies",0,0,0,0,0,0,0,0,0,0,0],"29800695":[292,"0029800695","05/02/1999","HOU","Rockets","LAC","Clippers",1,0,0,1,0,0,1,0,0,0,5],"29800414":[292,"0029800414","03/28/1999","HOU","Rockets","SAC","Kings",0,0,0,0,0,0,0,0,0,0,0],"29800253":[292,"0029800253","03/09/1999","HOU","Rockets","DEN","Nuggets",0,0,0,0,0,0,0,0,0,0,0],"29800047":[292,"0029800047","02/10/1999","HOU","Rockets","SAC","Kings",0,0,0,1,0,0,0,0,0,0,0],"29800125":[292,"0029800125","02/21/1999","HOU","Rockets","ORL","Magic",0,4,2,3,0,0,0,0,0,0,1],"29800101":[292,"0029800101","02/18/1999","HOU","Rockets","NJN","Nets",1,9,3,9,0,0,3,1,0,0,11],"29800550":[292,"0029800550","04/14/1999","HOU","Rockets","VAN","Grizzlies",0,0,0,0,0,0,0,0,0,1,1],"29800094":[292,"0029800094","02/17/1999","HOU","Rockets","MIN","Timberwolves",1,3,1,2,0,0,1,0,0,0,5]},"data":[27.0,29,0,8.6,1.0,2.1,0.467,0.0,0.0,0.0,0.5,0.8,0.636,0.9,1.4,2.3,0.2,0.2,0.2,0.3,1.2,2.4],"rank":{"PerGame":[null,null,null,null,null,null,null,null,null,null,null,null,null,null,null,null,null,null,null],"Totals":[328,327,328,null,255,288,null,316,313,null,223,286,280,347,316,264,353,326,307]},"team":"HOU"},"2000":{"shotchart":{"Averages":{"header":["SHOT_ZONE_BASIC","SHOT_ZONE_AREA","SHOT_ZONE_RANGE","FGA","FGM","FG_PCT"],"row":[["Above the Break 3","Back Court(BC)","Back Court Shot",116,5,0.043],["Above the Break 3","Center(C)","24+ ft.",5091,1727,0.339],["Above the Break 3","Left Side Center(LC)","24+ ft.",9506,3300,0.347],["Above the Break 3","Right Side Center(RC)","24+ ft.",9469,3381,0.357],["Backcourt","Back Court(BC)","Back Court Shot",298,13,0.044],["In The Paint (Non-RA)","Center(C)","8-16 ft.",5907,2353,0.398],["In The Paint (Non-RA)","Center(C)","Less Than 8 ft.",19915,7109,0.357],["In The Paint (Non-RA)","Left Side(L)","8-16 ft.",2160,855,0.396],["In The Paint (Non-RA)","Right Side(R)","8-16 ft.",2081,811,0.39],["Left Corner 3","Left Side(L)","24+ ft.",3993,1520,0.381],["Mid-Range","Center(C)","16-24 ft.",5774,2350,0.407],["Mid-Range","Center(C)","8-16 ft.",1667,673,0.404],["Mid-Range","Left Side Center(LC)","16-24 ft.",8627,3463,0.401],["Mid-Range","Left Side(L)","16-24 ft.",11007,4379,0.398],["Mid-Range","Left Side(L)","8-16 ft.",14611,5526,0.378],["Mid-Range","Right Side Center(RC)","16-24 ft.",9284,3743,0.403],["Mid-Range","Right Side(R)","16-24 ft.",9721,3849,0.396],["Mid-Range","Right Side(R)","8-16 ft.",11996,4434,0.37],["Restricted Area","Center(C)","Less Than 8 ft.",56347,33814,0.6],["Right Corner 3","Right Side(R)","24+ ft.",4092,1559,0.381]]},"Details":{"header":["GAME_ID","GAME_EVENT_ID","PERIOD","MINUTES_REMAINING","SECONDS_REMAINING","EVENT_TYPE","ACTION_TYPE","SHOT_TYPE","SHOT_ZONE_BASIC","SHOT_ZONE_AREA","SHOT_ZONE_RANGE","SHOT_DISTANCE","LOC_X","LOC_Y","SHOT_ATTEMPTED_FLAG","SHOT_MADE_FLAG"],"row":[["0020000004",473,4,0,10,"Missed Shot","Layup Shot","2PT Field Goal","Restricted Area","Center(C)","Less Than 8 ft.",0,0,0,1,0],["0020000021",414,4,1,29,"Made Shot","Jump Shot","2PT Field Goal","Mid-Range","Left Side(L)","8-16 ft.",11,-119,15,1,1]]}},"GameList":{"20000021":[292,"0020000021","11/02/2000","ATL","Hawks","NYK","Knicks",0,2,1,1,0,0,0,0,0,0,2],"20000004":[292,"0020000004","10/31/2000","ATL","Hawks","CHH","Hornets",1,0,0,1,0,0,0,0,0,0,0],"20000930":[292,"0020000930","03/14/2001","PHI","76ers","CHI","Bulls",0,0,0,0,0,0,0,0,0,0,0],"20000410":[292,"0020000410","12/27/2000","HOU","Rockets","SEA","SuperSonics",0,0,0,0,0,0,1,0,0,0,0]},"data":[29.0,2,0,3.0,0.5,1.0,0.5,0.0,0.0,0.0,0.0,0.0,0.0,0.0,1.0,1.0,0.0,0.0,0.0,0.5,0.0,1.0],"rank":{"PerGame":[null,null,null,null,null,null,null,null,null,null,null,null,null,null,null,null,null,null,null],"Totals":[435,430,434,null,295,368,null,419,423,null,427,425,430,433,424,399,428,431,431]},"team":"TOT"},"2004":{"shotchart":{"Averages":{"header":["SHOT_ZONE_BASIC","SHOT_ZONE_AREA","SHOT_ZONE_RANGE","FGA","FGM","FG_PCT"],"row":[["Above the Break 3","Back Court(BC)","Back Court Shot",115,2,0.017],["Above the Break 3","Center(C)","24+ ft.",5850,2027,0.346],["Above the Break 3","Left Side Center(LC)","24+ ft.",10956,3840,0.35],["Above the Break 3","Right Side Center(RC)","24+ ft.",10539,3717,0.353],["Backcourt","Back Court(BC)","Back Court Shot",363,3,0.008],["In The Paint (Non-RA)","Center(C)","8-16 ft.",5303,2099,0.396],["In The Paint (Non-RA)","Center(C)","Less Than 8 ft.",16703,6636,0.397],["In The Paint (Non-RA)","Left Side(L)","8-16 ft.",1918,787,0.41],["In The Paint (Non-RA)","Right Side(R)","8-16 ft.",1834,725,0.395],["Left Corner 3","Left Side(L)","24+ ft.",5541,2090,0.377],["Mid-Range","Center(C)","16-24 ft.",6879,2790,0.406],["Mid-Range","Center(C)","8-16 ft.",1894,817,0.431],["Mid-Range","Left Side Center(LC)","16-24 ft.",10027,4066,0.406],["Mid-Range","Left Side(L)","16-24 ft.",10301,4043,0.392],["Mid-Range","Left Side(L)","8-16 ft.",11101,4131,0.372],["Mid-Range","Right Side Center(RC)","16-24 ft.",10601,4255,0.401],["Mid-Range","Right Side(R)","16-24 ft.",8849,3516,0.397],["Mid-Range","Right Side(R)","8-16 ft.",10381,3850,0.371],["Restricted Area","Center(C)","Less Than 8 ft.",63160,36973,0.585],["Right Corner 3","Right Side(R)","24+ ft.",5307,2066,0.389]]},"Details":{"header":["GAME_ID","GAME_EVENT_ID","PERIOD","MINUTES_REMAINING","SECONDS_REMAINING","EVENT_TYPE","ACTION_TYPE","SHOT_TYPE","SHOT_ZONE_BASIC","SHOT_ZONE_AREA","SHOT_ZONE_RANGE","SHOT_DISTANCE","LOC_X","LOC_Y","SHOT_ATTEMPTED_FLAG","SHOT_MADE_FLAG"],"row":[["0020400013",357,3,2,0,"Missed Shot","Layup Shot","2PT Field Goal","Restricted Area","Center(C)","Less Than 8 ft.",0,0,0,1,0],["0020400013",541,4,1,40,"Made Shot","Layup Shot","2PT Field Goal","Restricted Area","Center(C)","Less Than 8 ft.",0,0,0,1,1],["0020400013",549,4,0,53,"Made Shot","Layup Shot","2PT Field Goal","Restricted Area","Center(C)","Less Than 8 ft.",0,0,0,1,1]]}},"GameList":{"20400029":[292,"0020400029","11/05/2004","ATL","Hawks","SEA","SuperSonics",0,0,0,0,0,0,1,0,0,0,0],"20400013":[292,"0020400013","11/03/2004","ATL","Hawks","PHX","Suns",1,4,2,3,0,0,1,0,1,1,1]},"data":[33.0,2,0,4.5,1.0,1.5,0.667,0.0,0.0,0.0,0.0,0.0,0.0,0.0,0.5,0.5,0.5,0.5,0.0,0.5,1.0,2.0],"rank":{"PerGame":[null,null,null,null,null,null,null,null,null,null,null,null,null,null,null,null,null,null,null],"Totals":[462,451,456,null,301,384,null,448,452,null,453,455,458,434,432,424,449,457,454]},"team":"ATL"}},"headerData":["PLAYER_AGE","GP","GS","MIN","FGM","FGA","FG_PCT","FG3M","FG3A","FG3_PCT","FTM","FTA","FT_PCT","OREB","DREB","REB","AST","STL","BLK","TOV","PF","PTS"],"PostSeason":{"1994":{"GameList":{"49400030":[292,"0049400030","05/06/1995","LAL","Lakers","SAN","Spurs",0,0,0,2,0,0,0,0,0,0,1],"49400017":[292,"0049400017","05/01/1995","LAL","Lakers","SEA","SuperSonics",0,0,0,0,0,0,0,0,0,0,1],"49400002":[292,"0049400002","04/27/1995","LAL","Lakers","SEA","SuperSonics",1,0,0,0,0,0,2,0,1,1,4],"49400051":[292,"0049400051","05/18/1995","LAL","Lakers","SAN","Spurs",0,0,0,0,0,0,0,0,0,0,0]},"data":[23.0,4,0,3.8,0.0,0.5,0.0,0.0,0.0,0.0,0.0,0.0,0.0,0.5,1.0,1.5,0.3,0.3,0.0,0.3,0.5,0.0],"rank":{"PerGame":[null,null,null,null,null,null,null,null,null,null,null,null,null,null,null,null,null,null,null],"Totals":[162,174,175,null,101,131,null,155,161,null,127,124,136,146,125,125,142,175,157]},"team":"LAL"},"1997":{"shotchart":{"Averages":{"header":["SHOT_ZONE_BASIC","SHOT_ZONE_AREA","SHOT_ZONE_RANGE","FGA","FGM","FG_PCT"],"row":[["Above the Break 3","Back Court(BC)","Back Court Shot",9,0,0.0],["Above the Break 3","Center(C)","24+ ft.",335,104,0.31],["Above the Break 3","Left Side Center(LC)","24+ ft.",587,200,0.341],["Above the Break 3","Right Side Center(RC)","24+ ft.",658,236,0.359],["Backcourt","Back Court(BC)","Back Court Shot",15,0,0.0],["In The Paint (Non-RA)","Center(C)","8-16 ft.",228,101,0.443],["In The Paint (Non-RA)","Center(C)","Less Than 8 ft.",927,363,0.392],["In The Paint (Non-RA)","Left Side(L)","8-16 ft.",110,41,0.373],["In The Paint (Non-RA)","Right Side(R)","8-16 ft.",97,49,0.505],["Left Corner 3","Left Side(L)","24+ ft.",175,59,0.337],["Mid-Range","Center(C)","8-16 ft.",108,45,0.417],["Mid-Range","Center(C)","16-24 ft.",325,143,0.44],["Mid-Range","Left Side Center(LC)","16-24 ft.",390,165,0.423],["Mid-Range","Left Side(L)","16-24 ft.",552,211,0.382],["Mid-Range","Left Side(L)","8-16 ft.",810,302,0.373],["Mid-Range","Right Side Center(RC)","16-24 ft.",416,167,0.401],["Mid-Range","Right Side(R)","16-24 ft.",377,140,0.371],["Mid-Range","Right Side(R)","8-16 ft.",700,267,0.381],["Restricted Area","Center(C)","Less Than 8 ft.",3539,2063,0.583],["Right Corner 3","Right Side(R)","24+ ft.",192,81,0.422]]},"Details":{"header":["GAME_ID","GAME_EVENT_ID","PERIOD","MINUTES_REMAINING","SECONDS_REMAINING","EVENT_TYPE","ACTION_TYPE","SHOT_TYPE","SHOT_ZONE_BASIC","SHOT_ZONE_AREA","SHOT_ZONE_RANGE","SHOT_DISTANCE","LOC_X","LOC_Y","SHOT_ATTEMPTED_FLAG","SHOT_MADE_FLAG"],"row":[["0049700001",301,3,2,6,"Made Shot","Dunk Shot","2PT Field Goal","Restricted Area","Center(C)","Less Than 8 ft.",0,0,0,1,1],["0049700011",85,1,1,53,"Missed Shot","Tip Shot","2PT Field Goal","Restricted Area","Center(C)","Less Than 8 ft.",0,0,0,1,0],["0049700011",169,2,5,26,"Missed Shot","Layup Shot","2PT Field Goal","Restricted Area","Center(C)","Less Than 8 ft.",0,0,0,1,0],["0049700020",343,4,7,53,"Made Shot","Driving Layup Shot","2PT Field Goal","Restricted Area","Center(C)","Less Than 8 ft.",0,0,0,1,1],["0049700020",358,4,5,52,"Made Shot","Tip Shot","2PT Field Goal","Restricted Area","Center(C)","Less Than 8 ft.",0,0,0,1,1],["0049700020",373,4,4,4,"Missed Shot","Jump Shot","2PT Field Goal","Mid-Range","Left Side(L)","8-16 ft.",9,-96,5,1,0],["0049700020",387,4,3,20,"Missed Shot","Layup Shot","2PT Field Goal","Restricted Area","Center(C)","Less Than 8 ft.",0,0,0,1,0],["0049700020",398,4,2,19,"Missed Shot","Layup Shot","2PT Field Goal","Restricted Area","Center(C)","Less Than 8 ft.",0,0,0,1,0]]}},"GameList":{"49700031":[292,"0049700031","05/01/1998","ATL","Hawks","CHH","Hornets",1,2,0,0,0,0,1,0,0,0,1],"49700001":[292,"0049700001","04/23/1998","ATL","Hawks","CHH","Hornets",0,2,1,1,0,0,1,0,1,0,0],"49700011":[292,"0049700011","04/25/1998","ATL","Hawks","CHH","Hornets",0,0,0,2,0,0,1,0,0,0,4],"49700020":[292,"0049700020","04/28/1998","ATL","Hawks","CHH","Hornets",2,4,2,5,0,0,2,1,1,1,4]},"data":[26.0,4,0,8.3,0.8,2.0,0.375,0.0,0.0,0.0,0.5,0.5,1.0,1.3,1.0,2.3,0.3,0.5,0.3,0.8,1.3,2.0],"rank":{"PerGame":[124,121,120,null,76,94,null,107,112,null,49,113,96,114,84,56,98,121,119],"Totals":[144,143,142,null,90,118,null,130,142,null,81,137,122,137,106,80,118,149,139]},"team":"ATL"}}}}