{"info":{"FIRST_NAME":"Anthony","LAST_NAME":"Bennett","WEIGHT":"235","COUNTRY":"Canada","SCHOOL":"Nevada-Las Vegas","BIRTHDATE":"1993-03-14T00:00:00","HEIGHT":"6-8","TO_YEAR":2016,"DLEAGUE":"Y","FROM_YEAR":2013,"TEAM":"BKN","PERSON_ID":203461,"SEASON_EXP":3,"POSITION":"Forward","ROSTERSTATUS":"Active","ALL_STAR":0,"PIE":0.045,"JERSEY":"13"},"career":{"header":["MIN","FGM","FGA","FG_PCT","FG3M","FG3A","FG3_PCT","FTM","FTA","FT_PCT","OREB","DREB","REB","AST","STL","BLK","TOV","PF","PTS"],"RegularSeason":{"PerGame":[12.8,1.7,4.3,0.385,0.2,0.8,0.257,0.7,1.1,0.66,0.8,2.2,3.0,0.5,0.4,0.2,0.7,1.5,4.3],"GS":3,"GP":131},"PostSeason":{}},"season":{"headerRank":["RANK_PG_MIN","RANK_PG_FGM","RANK_PG_FGA","RANK_FG_PCT","RANK_PG_FG3M","RANK_PG_FG3A","RANK_FG3_PCT","RANK_PG_FTM","RANK_PG_FTA","RANK_FT_PCT","RANK_PG_OREB","RANK_PG_DREB","RANK_PG_REB","RANK_PG_AST","RANK_PG_STL","RANK_PG_BLK","RANK_PG_TOV","RANK_PG_PTS","RANK_PG_EFF"],"headerGame":["PLAYER_ID","GAME_ID","GAME_DATE","TEAM_ABBREVIATION","TEAM_NAME","VS_TEAM_ABBREVIATION","VS_TEAM_NAME","TOV","PTS","FGM","FGA","FG3M","FG3A","PF","BLK","STL","AST","REB"],"RegularSeason":{"2015":{"shotchart":{"Averages":{"header":["SHOT_ZONE_BASIC","SHOT_ZONE_AREA","SHOT_ZONE_RANGE","FGA","FGM","FG_PCT"],"row":[["Above the Break 3","Back Court(BC)","Back Court Shot",59,4,0.068],["Above the Break 3","Center(C)","24+ ft.",10884,3746,0.344],["Above the Break 3","Left Side Center(LC)","24+ ft.",16648,5802,0.349],["Above the Break 3","Right Side Center(RC)","24+ ft.",15837,5597,0.353],["Backcourt","Back Court(BC)","Back Court Shot",440,17,0.039],["In The Paint (Non-RA)","Center(C)","8-16 ft.",6851,2889,0.422],["In The Paint (Non-RA)","Center(C)","Less Than 8 ft.",19352,7561,0.391],["In The Paint (Non-RA)","Left Side(L)","8-16 ft.",2089,842,0.403],["In The Paint (Non-RA)","Right Side(R)","8-16 ft.",1932,799,0.414],["Left Corner 3","Left Side(L)","24+ ft.",7865,2940,0.374],["Mid-Range","Center(C)","16-24 ft.",7324,2897,0.396],["Mid-Range","Center(C)","8-16 ft.",2265,987,0.436],["Mid-Range","Left Side Center(LC)","16-24 ft.",7754,3066,0.395],["Mid-Range","Left Side(L)","16-24 ft.",5452,2173,0.399],["Mid-Range","Left Side(L)","8-16 ft.",7639,3005,0.393],["Mid-Range","Right Side Center(RC)","16-24 ft.",8145,3249,0.399],["Mid-Range","Right Side(R)","16-24 ft.",4924,1996,0.405],["Mid-Range","Right Side(R)","8-16 ft.",7630,3011,0.395],["Restricted Area","Center(C)","Less Than 8 ft.",67444,40634,0.602],["Right Corner 3","Right Side(R)","24+ ft.",7361,2803,0.381]]},"Details":{"header":["GAME_ID","GAME_EVENT_ID","PERIOD","MINUTES_REMAINING","SECONDS_REMAINING","EVENT_TYPE","ACTION_TYPE","SHOT_TYPE","SHOT_ZONE_BASIC","SHOT_ZONE_AREA","SHOT_ZONE_RANGE","SHOT_DISTANCE","LOC_X","LOC_Y","SHOT_ATTEMPTED_FLAG","SHOT_MADE_FLAG"],"row":[["0021500042",520,4,0,10,"Made Shot","Putback Dunk Shot","2PT Field Goal","Restricted Area","Center(C)","Less Than 8 ft.",0,0,1,1,1],["0021500075",240,2,4,48,"Missed Shot","Jump Shot","3PT Field Goal","Above the Break 3","Right Side Center(RC)","24+ ft.",25,148,205,1,0],["0021500075",262,2,3,2,"Missed Shot","Jump Shot","3PT Field Goal","Above the Break 3","Right Side Center(RC)","24+ ft.",25,143,208,1,0],["0021500096",412,4,10,45,"Missed Shot","Jump Shot","3PT Field Goal","Above the Break 3","Right Side Center(RC)","24+ ft.",27,189,193,1,0],["0021500109",137,1,0,0,"Missed Shot","Tip Layup Shot","2PT Field Goal","Restricted Area","Center(C)","Less Than 8 ft.",2,-11,21,1,0],["0021500109",194,2,7,42,"Missed Shot","Jump Shot","3PT Field Goal","Above the Break 3","Left Side Center(LC)","24+ ft.",27,-212,174,1,0],["0021500109",458,4,9,26,"Missed Shot","Cutting Finger Roll Layup Shot","2PT Field Goal","Restricted Area","Center(C)","Less Than 8 ft.",3,9,38,1,0],["0021500115",497,4,1,49,"Missed Shot","Jump Shot","3PT Field Goal","Above the Break 3","Left Side Center(LC)","24+ ft.",25,-129,224,1,0],["0021500131",517,4,2,1,"Missed Shot","Pullup Jump shot","2PT Field Goal","Mid-Range","Center(C)","8-16 ft.",14,-6,149,1,0],["0021500355",576,4,0,25,"Made Shot","Jump Shot","3PT Field Goal","Left Corner 3","Left Side(L)","24+ ft.",23,-235,11,1,1],["0021500357",467,4,3,15,"Missed Shot","Jump Shot","3PT Field Goal","Above the Break 3","Right Side Center(RC)","24+ ft.",27,151,228,1,0],["0021500357",475,4,2,41,"Missed Shot","Layup Shot","2PT Field Goal","Restricted Area","Center(C)","Less Than 8 ft.",0,6,7,1,0],["0021500357",477,4,2,34,"Missed Shot","Jump Shot","3PT Field Goal","Left Corner 3","Left Side(L)","24+ ft.",24,-240,-6,1,0],["0021500357",504,4,0,34,"Made Shot","Putback Dunk Shot","2PT Field Goal","Restricted Area","Center(C)","Less Than 8 ft.",0,0,1,1,1],["0021500421",288,3,7,45,"Missed Shot","Jump Shot","3PT Field Goal","Right Corner 3","Right Side(R)","24+ ft.",24,240,-1,1,0],["0021500421",311,3,5,11,"Missed Shot","Step Back Jump shot","2PT Field Goal","Mid-Range","Left Side(L)","8-16 ft.",14,-138,41,1,0],["0021500421",344,3,2,25,"Made Shot","Jump Shot","3PT Field Goal","Left Corner 3","Left Side(L)","24+ ft.",24,-241,11,1,1],["0021500421",350,3,0,55,"Made Shot","Driving Layup Shot","2PT Field Goal","Restricted Area","Center(C)","Less Than 8 ft.",2,-20,7,1,1],["0021500421",374,4,10,31,"Missed Shot","Jump Shot","3PT Field Goal","Above the Break 3","Right Side Center(RC)","24+ ft.",25,115,229,1,0],["0021500666",561,4,0,12,"Missed Shot","Jump Shot","3PT Field Goal","Above the Break 3","Right Side Center(RC)","24+ ft.",24,164,185,1,0],["0021500727",498,4,4,29,"Made Shot","Tip Layup Shot","2PT Field Goal","Restricted Area","Center(C)","Less Than 8 ft.",2,-29,7,1,1],["0021500727",509,4,3,25,"Missed Shot","Jump Shot","3PT Field Goal","Above the Break 3","Right Side Center(RC)","24+ ft.",26,107,237,1,0],["0021500727",515,4,2,42,"Missed Shot","Floating Jump shot","2PT Field Goal","In The Paint (Non-RA)","Center(C)","Less Than 8 ft.",6,-12,62,1,0],["0021500779",448,4,1,10,"Missed Shot","Driving Layup Shot","2PT Field Goal","In The Paint (Non-RA)","Center(C)","Less Than 8 ft.",5,50,15,1,0],["0021500809",164,2,11,4,"Made Shot","Cutting Layup Shot","2PT Field Goal","Restricted Area","Center(C)","Less Than 8 ft.",1,12,0,1,1],["0021500809",177,2,9,48,"Missed Shot","Running Layup Shot","2PT Field Goal","Restricted Area","Center(C)","Less Than 8 ft.",1,0,13,1,0],["0021500879",452,4,1,50,"Made Shot","Jump Shot","3PT Field Goal","Above the Break 3","Right Side Center(RC)","24+ ft.",25,101,232,1,1]]}},"GameList":{"21500666":[203461,"0021500666","01/24/2016","TOR","Raptors","LAC","Clippers",0,0,0,1,0,1,0,0,0,0,0],"21500357":[203461,"0021500357","12/14/2015","TOR","Raptors","IND","Pacers",0,2,1,4,0,2,0,0,0,0,3],"21500096":[203461,"0021500096","11/08/2015","TOR","Raptors","MIA","Heat",0,0,0,1,0,1,1,0,0,0,0],"21500864":[203461,"0021500864","02/26/2016","TOR","Raptors","CLE","Cavaliers",0,0,0,0,0,0,0,0,0,0,0],"21500779":[203461,"0021500779","02/08/2016","TOR","Raptors","DET","Pistons",0,0,0,1,0,0,0,0,0,0,0],"21500075":[203461,"0021500075","11/06/2015","TOR","Raptors","ORL","Magic",0,2,0,2,0,2,0,0,2,0,1],"21500879":[203461,"0021500879","02/28/2016","TOR","Raptors","DET","Pistons",0,3,1,1,1,1,0,0,0,0,0],"21500649":[203461,"0021500649","01/22/2016","TOR","Raptors","MIA","Heat",0,0,0,0,0,0,0,0,0,0,1],"21500680":[203461,"0021500680","01/26/2016","TOR","Raptors","WAS","Wizards",0,0,0,0,0,0,0,0,0,0,0],"21500835":[203461,"0021500835","02/22/2016","TOR","Raptors","NYK","Knicks",0,0,0,0,0,0,0,0,0,0,1],"21500131":[203461,"0021500131","11/13/2015","TOR","Raptors","NOP","Pelicans",1,0,0,1,0,0,0,0,0,0,1],"21500421":[203461,"0021500421","12/22/2015","TOR","Raptors","DAL","Mavericks",0,5,2,5,1,3,1,0,0,0,2],"21500042":[203461,"0021500042","11/01/2015","TOR","Raptors","MIL","Bucks",1,2,1,1,0,0,1,0,0,0,2],"21500355":[203461,"0021500355","12/13/2015","TOR","Raptors","PHI","76ers",0,3,1,1,1,1,1,0,0,0,0],"21500109":[203461,"0021500109","11/10/2015","TOR","Raptors","NYK","Knicks",0,3,0,3,0,1,1,0,0,0,3],"21500809":[203461,"0021500809","02/19/2016","TOR","Raptors","CHI","Bulls",0,2,1,2,0,0,0,0,1,0,1],"21500727":[203461,"0021500727","02/01/2016","TOR","Raptors","DEN","Nuggets",0,4,1,3,0,1,0,0,1,0,3],"21500115":[203461,"0021500115","11/11/2015","TOR","Raptors","PHI","76ers",0,2,0,1,0,1,0,0,0,0,2],"21500024":[203461,"0021500024","10/30/2015","TOR","Raptors","BOS","Celtics",2,0,0,0,0,0,3,0,1,0,3]},"data":[23.0,19,0,4.4,0.4,1.4,0.296,0.2,0.7,0.214,0.5,0.5,0.9,0.3,0.9,1.2,0.0,0.3,0.0,0.2,0.4,1.5],"rank":{"PerGame":[null,null,null,null,null,null,null,null,null,null,null,null,null,null,null,null,null,null,null],"Totals":[436,441,432,null,334,331,null,406,419,null,406,424,425,463,413,444,436,433,434]},"team":"TOR"},"2014":{"shotchart":{"Averages":{"header":["SHOT_ZONE_BASIC","SHOT_ZONE_AREA","SHOT_ZONE_RANGE","FGA","FGM","FG_PCT"],"row":[["Above the Break 3","Back Court(BC)","Back Court Shot",55,2,0.036],["Above the Break 3","Center(C)","24+ ft.",9724,3289,0.338],["Above the Break 3","Left Side Center(LC)","24+ ft.",15408,5259,0.341],["Above the Break 3","Right Side Center(RC)","24+ ft.",15148,5194,0.343],["Backcourt","Back Court(BC)","Back Court Shot",427,11,0.026],["In The Paint (Non-RA)","Center(C)","8-16 ft.",6599,2771,0.42],["In The Paint (Non-RA)","Center(C)","Less Than 8 ft.",20196,7693,0.381],["In The Paint (Non-RA)","Left Side(L)","8-16 ft.",1706,711,0.417],["In The Paint (Non-RA)","Right Side(R)","8-16 ft.",2016,801,0.397],["Left Corner 3","Left Side(L)","24+ ft.",7374,2801,0.38],["Mid-Range","Center(C)","16-24 ft.",7850,3130,0.399],["Mid-Range","Center(C)","8-16 ft.",1963,847,0.431],["Mid-Range","Left Side Center(LC)","16-24 ft.",8034,3153,0.392],["Mid-Range","Left Side(L)","16-24 ft.",5818,2282,0.392],["Mid-Range","Left Side(L)","8-16 ft.",8257,3239,0.392],["Mid-Range","Right Side Center(RC)","16-24 ft.",8914,3454,0.387],["Mid-Range","Right Side(R)","16-24 ft.",5345,2162,0.404],["Mid-Range","Right Side(R)","8-16 ft.",7595,3007,0.396],["Restricted Area","Center(C)","Less Than 8 ft.",66134,39735,0.601],["Right Corner 3","Right Side(R)","24+ ft.",6987,2738,0.392]]},"Details":{"header":["GAME_ID","GAME_EVENT_ID","PERIOD","MINUTES_REMAINING","SECONDS_REMAINING","EVENT_TYPE","ACTION_TYPE","SHOT_TYPE","SHOT_ZONE_BASIC","SHOT_ZONE_AREA","SHOT_ZONE_RANGE","SHOT_DISTANCE","LOC_X","LOC_Y","SHOT_ATTEMPTED_FLAG","SHOT_MADE_FLAG"],"row":[["0021400009",130,1,0,58,"Missed Shot","Jump Shot","2PT Field Goal","Mid-Range","Right Side Center(RC)","16-24 ft.",21,129,175,1,0],["0021400009",142,2,11,44,"Missed Shot","Jump Shot","2PT Field Goal","In The Paint (Non-RA)","Center(C)","8-16 ft.",13,2,132,1,0],["0021400009",171,2,8,23,"Made Shot","Slam Dunk Shot","2PT Field Goal","Restricted Area","Center(C)","Less Than 8 ft.",0,0,1,1,1],["0021400009",180,2,6,59,"Missed Shot","Jump Shot","2PT Field Goal","Mid-Range","Left Side Center(LC)","16-24 ft.",20,-120,162,1,0],["0021400009",390,4,10,48,"Made Shot","Jump Shot","2PT Field Goal","Mid-Range","Center(C)","16-24 ft.",23,6,230,1,1],["0021400009",430,4,7,39,"Made Shot","Slam Dunk Shot","2PT Field Goal","Restricted Area","Center(C)","Less Than 8 ft.",0,0,1,1,1],["0021400009",435,4,7,0,"Made Shot","Jump Shot","2PT Field Goal","Mid-Range","Center(C)","16-24 ft.",21,65,205,1,1],["0021400009",439,4,6,25,"Missed Shot","Jump Shot","2PT Field Goal","Mid-Range","Right Side Center(RC)","16-24 ft.",19,100,170,1,0],["0021400017",128,2,11,44,"Missed Shot","Jump Shot","2PT Field Goal","Mid-Range","Left Side Center(LC)","16-24 ft.",17,-142,110,1,0],["0021400017",144,2,9,32,"Made Shot","Jump Shot","2PT Field Goal","Mid-Range","Center(C)","16-24 ft.",18,48,178,1,1],["0021400017",161,2,7,33,"Made Shot","Jump Shot","2PT Field Goal","Mid-Range","Left Side Center(LC)","16-24 ft.",20,-75,187,1,1],["0021400017",378,4,11,35,"Missed Shot","Jump Shot","2PT Field Goal","Mid-Range","Center(C)","16-24 ft.",18,-10,186,1,0],["0021400035",132,2,10,49,"Made Shot","Jump Shot","2PT Field Goal","Mid-Range","Center(C)","16-24 ft.",19,7,198,1,1],["0021400035",145,2,9,12,"Missed Shot","Layup Shot","2PT Field Goal","Restricted Area","Center(C)","Less Than 8 ft.",1,-5,14,1,0],["0021400035",152,2,8,42,"Made Shot","Jump Shot","2PT Field Goal","Mid-Range","Center(C)","16-24 ft.",20,1,205,1,1],["0021400035",256,3,11,46,"Made Shot","Jump Shot","2PT Field Goal","In The Paint (Non-RA)","Center(C)","8-16 ft.",11,12,118,1,1],["0021400035",263,3,11,12,"Made Shot","Jump Shot","2PT Field Goal","Mid-Range","Left Side Center(LC)","16-24 ft.",21,-75,200,1,1],["0021400035",296,3,7,2,"Made Shot","Jump Shot","2PT Field Goal","Mid-Range","Left Side Center(LC)","16-24 ft.",20,-147,138,1,1],["0021400035",509,4,3,11,"Made Shot","Jump Shot","2PT Field Goal","Mid-Range","Left Side Center(LC)","16-24 ft.",19,-105,167,1,1],["0021400060",129,2,10,56,"Missed Shot","Jump Shot","2PT Field Goal","Mid-Range","Left Side Center(LC)","16-24 ft.",18,-90,160,1,0],["0021400060",181,2,5,35,"Made Shot","Slam Dunk Shot","2PT Field Goal","Restricted Area","Center(C)","Less Than 8 ft.",0,0,1,1,1],["0021400060",402,4,10,15,"Missed Shot","Turnaround Jump Shot","2PT Field Goal","Mid-Range","Right Side(R)","16-24 ft.",17,173,-5,1,0],["0021400060",419,4,9,21,"Missed Shot","Driving Hook Shot","2PT Field Goal","In The Paint (Non-RA)","Center(C)","Less Than 8 ft.",4,17,47,1,0],["0021400117",137,2,10,33,"Made Shot","Layup Shot","2PT Field Goal","Restricted Area","Center(C)","Less Than 8 ft.",1,17,4,1,1],["0021400128",60,1,5,41,"Missed Shot","Jump Shot","2PT Field Goal","Mid-Range","Center(C)","16-24 ft.",21,-11,219,1,0],["0021400128",99,1,2,54,"Missed Shot","Jump Shot","2PT Field Goal","Mid-Range","Center(C)","16-24 ft.",21,-7,214,1,0],["0021400128",333,3,5,57,"Made Shot","Driving Dunk Shot","2PT Field Goal","Restricted Area","Center(C)","Less Than 8 ft.",0,0,1,1,1],["0021400128",394,3,1,19,"Missed Shot","Jump Shot","2PT Field Goal","Mid-Range","Center(C)","16-24 ft.",21,-67,209,1,0],["0021400137",14,1,10,25,"Made Shot","Jump Shot","2PT Field Goal","Mid-Range","Left Side(L)","16-24 ft.",16,-164,44,1,1],["0021400137",26,1,9,2,"Missed Shot","Jump Shot","2PT Field Goal","Mid-Range","Right Side Center(RC)","16-24 ft.",20,75,195,1,0],["0021400137",177,2,6,43,"Missed Shot","Jump Shot","2PT Field Goal","Restricted Area","Center(C)","Less Than 8 ft.",3,-23,22,1,0],["0021400137",290,3,9,34,"Missed Shot","Jump Shot","2PT Field Goal","Mid-Range","Right Side(R)","16-24 ft.",17,165,41,1,0],["0021400137",336,3,6,4,"Missed Shot","Jump Shot","2PT Field Goal","Mid-Range","Center(C)","16-24 ft.",18,-38,178,1,0],["0021400137",503,4,6,58,"Made Shot","Layup Shot","2PT Field Goal","Restricted Area","Center(C)","Less Than 8 ft.",0,-8,3,1,1],["0021400137",530,4,5,7,"Made Shot","Layup Shot","2PT Field Goal","Restricted Area","Center(C)","Less Than 8 ft.",2,24,1,1,1],["0021400137",554,4,2,52,"Made Shot","Slam Dunk Shot","2PT Field Goal","Restricted Area","Center(C)","Less Than 8 ft.",0,0,1,1,1],["0021400167",71,1,4,37,"Made Shot","Jump Shot","2PT Field Goal","Mid-Range","Right Side Center(RC)","16-24 ft.",20,152,138,1,1],["0021400167",97,1,1,12,"Missed Shot","Jump Shot","2PT Field Goal","Mid-Range","Left Side Center(LC)","16-24 ft.",19,-155,121,1,0],["0021400167",128,2,11,5,"Made Shot","Slam Dunk Shot","2PT Field Goal","Restricted Area","Center(C)","Less Than 8 ft.",0,0,1,1,1],["0021400167",355,3,3,34,"Missed Shot","Jump Shot","2PT Field Goal","Mid-Range","Left Side Center(LC)","16-24 ft.",19,-122,148,1,0],["0021400167",378,3,1,16,"Missed Shot","Fadeaway Jump Shot","2PT Field Goal","Mid-Range","Right Side(R)","8-16 ft.",14,119,77,1,0],["0021400167",411,4,10,55,"Missed Shot","Dunk Shot","2PT Field Goal","Restricted Area","Center(C)","Less Than 8 ft.",0,0,1,1,0],["0021400167",418,4,10,28,"Made Shot","Putback Slam Dunk Shot","2PT Field Goal","Restricted Area","Center(C)","Less Than 8 ft.",0,0,1,1,1],["0021400177",73,1,3,38,"Made Shot","Jump Shot","2PT Field Goal","Mid-Range","Left Side Center(LC)","16-24 ft.",20,-87,186,1,1],["0021400177",91,1,2,27,"Made Shot","Running Tip Shot","2PT Field Goal","Restricted Area","Center(C)","Less Than 8 ft.",0,4,0,1,1],["0021400177",108,1,1,34,"Made Shot","Jump Shot","2PT Field Goal","Mid-Range","Right Side(R)","16-24 ft.",17,144,94,1,1],["0021400177",129,2,11,11,"Missed Shot","Jump Shot","2PT Field Goal","Mid-Range","Right Side(R)","8-16 ft.",12,121,12,1,0],["0021400177",207,2,4,8,"Missed Shot","Jump Shot","2PT Field Goal","Restricted Area","Center(C)","Less Than 8 ft.",3,0,39,1,0],["0021400177",257,2,1,6,"Made Shot","Driving Layup Shot","2PT Field Goal","Restricted Area","Center(C)","Less Than 8 ft.",1,-13,-11,1,1],["0021400177",388,3,1,41,"Missed Shot","Layup Shot","2PT Field Goal","Restricted Area","Center(C)","Less Than 8 ft.",1,7,15,1,0],["0021400177",410,3,0,6,"Made Shot","Slam Dunk Shot","2PT Field Goal","Restricted Area","Center(C)","Less Than 8 ft.",0,0,1,1,1],["0021400177",429,4,11,1,"Missed Shot","Jump Shot","2PT Field Goal","Mid-Range","Center(C)","16-24 ft.",20,6,201,1,0],["0021400177",432,4,10,20,"Made Shot","Slam Dunk Shot","2PT Field Goal","Restricted Area","Center(C)","Less Than 8 ft.",0,0,1,1,1],["0021400177",452,4,8,46,"Made Shot","Slam Dunk Shot","2PT Field Goal","Restricted Area","Center(C)","Less Than 8 ft.",0,0,1,1,1],["0021400177",472,4,6,57,"Made Shot","Jump Shot","2PT Field Goal","Mid-Range","Right Side(R)","16-24 ft.",16,168,11,1,1],["0021400177",477,4,6,8,"Made Shot","Jump Shot","2PT Field Goal","Mid-Range","Center(C)","16-24 ft.",21,18,216,1,1],["0021400177",486,4,5,4,"Missed Shot","Fadeaway Jump Shot","2PT Field Goal","Mid-Range","Left Side(L)","8-16 ft.",11,-116,20,1,0],["0021400189",44,1,6,55,"Made Shot","Jump Shot","2PT Field Goal","Mid-Range","Left Side Center(LC)","16-24 ft.",19,-82,181,1,1],["0021400189",50,1,6,20,"Missed Shot","Jump Shot","2PT Field Goal","Mid-Range","Left Side Center(LC)","16-24 ft.",16,-97,132,1,0],["0021400189",57,1,5,50,"Made Shot","Jump Shot","2PT Field Goal","Mid-Range","Right Side Center(RC)","16-24 ft.",19,95,173,1,1],["0021400189",63,1,4,39,"Made Shot","Jump Shot","2PT Field Goal","Mid-Range","Right Side Center(RC)","16-24 ft.",18,111,146,1,1],["0021400189",101,1,1,30,"Missed Shot","Step Back Jump shot","2PT Field Goal","Mid-Range","Right Side Center(RC)","16-24 ft.",19,100,162,1,0],["0021400189",243,2,3,19,"Missed Shot","Jump Shot","2PT Field Goal","In The Paint (Non-RA)","Center(C)","Less Than 8 ft.",6,0,60,1,0],["0021400189",290,3,11,4,"Made Shot","Jump Shot","2PT Field Goal","Mid-Range","Left Side(L)","16-24 ft.",18,-163,89,1,1],["0021400189",297,3,10,3,"Missed Shot","Jump Shot","2PT Field Goal","Mid-Range","Left Side Center(LC)","16-24 ft.",19,-139,142,1,0],["0021400189",309,3,9,38,"Made Shot","Layup Shot","2PT Field Goal","Restricted Area","Center(C)","Less Than 8 ft.",1,-15,6,1,1],["0021400189",317,3,9,38,"Missed Shot","Layup Shot","2PT Field Goal","Restricted Area","Center(C)","Less Than 8 ft.",1,1,16,1,0],["0021400189",536,4,4,22,"Missed Shot","Tip Shot","2PT Field Goal","Restricted Area","Center(C)","Less Than 8 ft.",1,9,14,1,0],["0021400218",104,1,1,47,"Made Shot","Jump Shot","2PT Field Goal","Mid-Range","Center(C)","16-24 ft.",18,-45,179,1,1],["0021400218",107,1,1,9,"Made Shot","Jump Shot","2PT Field Goal","Mid-Range","Left Side Center(LC)","16-24 ft.",16,-122,107,1,1],["0021400218",114,1,0,23,"Made Shot","Dunk Shot","2PT Field Goal","Restricted Area","Center(C)","Less Than 8 ft.",0,0,1,1,1],["0021400218",128,2,11,20,"Missed Shot","Jump Shot","2PT Field Goal","Mid-Range","Right Side Center(RC)","16-24 ft.",20,121,170,1,0],["0021400218",160,2,8,28,"Missed Shot","Layup Shot","2PT Field Goal","Restricted Area","Center(C)","Less Than 8 ft.",2,20,9,1,0],["0021400218",177,2,7,5,"Made Shot","Jump Shot","2PT Field Goal","Mid-Range","Left Side Center(LC)","16-24 ft.",19,-65,181,1,1],["0021400218",341,3,5,28,"Made Shot","Jump Shot","2PT Field Goal","Mid-Range","Left Side Center(LC)","16-24 ft.",17,-120,124,1,1],["0021400218",356,3,4,5,"Missed Shot","Jump Shot","2PT Field Goal","Mid-Range","Center(C)","16-24 ft.",19,-54,192,1,0],["0021400218",358,3,3,58,"Missed Shot","Jump Shot","2PT Field Goal","Mid-Range","Center(C)","16-24 ft.",18,9,187,1,0],["0021400218",373,3,2,22,"Made Shot","Putback Dunk Shot","2PT Field Goal","Restricted Area","Center(C)","Less Than 8 ft.",0,0,1,1,1],["0021400218",401,3,0,1,"Missed Shot","Jump Shot","2PT Field Goal","Mid-Range","Right Side(R)","8-16 ft.",12,125,19,1,0],["0021400234",29,1,8,32,"Missed Shot","Jump Shot","2PT Field Goal","Mid-Range","Left Side Center(LC)","16-24 ft.",18,-89,165,1,0],["0021400234",41,1,7,26,"Made Shot","Layup Shot","2PT Field Goal","Restricted Area","Center(C)","Less Than 8 ft.",1,15,0,1,1],["0021400234",76,1,3,17,"Missed Shot","Jump Shot","2PT Field Goal","Mid-Range","Right Side Center(RC)","16-24 ft.",19,89,176,1,0],["0021400234",111,1,0,25,"Made Shot","Jump Shot","2PT Field Goal","Mid-Range","Left Side Center(LC)","16-24 ft.",20,-87,181,1,1],["0021400234",134,2,11,17,"Missed Shot","Jump Shot","2PT Field Goal","Mid-Range","Right Side Center(RC)","16-24 ft.",17,136,102,1,0],["0021400234",152,2,8,42,"Made Shot","Layup Shot","2PT Field Goal","Restricted Area","Center(C)","Less Than 8 ft.",0,9,4,1,1],["0021400234",167,2,7,25,"Made Shot","Turnaround Fadeaway shot","2PT Field Goal","Mid-Range","Left Side(L)","8-16 ft.",14,-146,34,1,1],["0021400234",386,3,0,47,"Made Shot","Jump Shot","2PT Field Goal","Mid-Range","Left Side Center(LC)","16-24 ft.",18,-122,140,1,1],["0021400247",121,2,10,58,"Made Shot","Jump Shot","2PT Field Goal","Mid-Range","Right Side Center(RC)","16-24 ft.",21,114,178,1,1],["0021400247",124,2,10,26,"Missed Shot","Jump Shot","2PT Field Goal","Mid-Range","Center(C)","16-24 ft.",20,53,198,1,0],["0021400247",136,2,8,49,"Missed Shot","Jump Shot","2PT Field Goal","Mid-Range","Right Side(R)","8-16 ft.",13,135,-3,1,0],["0021400247",188,2,5,23,"Missed Shot","Layup Shot","2PT Field Goal","Restricted Area","Center(C)","Less Than 8 ft.",0,-5,-3,1,0],["0021400252",110,1,2,33,"Made Shot","Jump Shot","2PT Field Goal","Mid-Range","Center(C)","16-24 ft.",20,-45,200,1,1],["0021400252",133,1,0,14,"Made Shot","Jump Shot","2PT Field Goal","Mid-Range","Right Side Center(RC)","16-24 ft.",20,65,195,1,1],["0021400252",146,2,11,5,"Missed Shot","Step Back Jump shot","2PT Field Goal","Mid-Range","Left Side Center(LC)","16-24 ft.",18,-134,126,1,0],["0021400252",219,2,5,18,"Missed Shot","Jump Shot","2PT Field Goal","Mid-Range","Right Side(R)","16-24 ft.",16,149,67,1,0],["0021400252",380,3,5,20,"Missed Shot","Jump Shot","2PT Field Goal","Mid-Range","Left Side(L)","8-16 ft.",10,-101,41,1,0],["0021400252",394,3,4,5,"Missed Shot","Jump Shot","2PT Field Goal","Mid-Range","Left Side(L)","16-24 ft.",20,-172,113,1,0],["0021400270",103,1,2,35,"Missed Shot","Layup Shot","2PT Field Goal","Restricted Area","Center(C)","Less Than 8 ft.",2,0,20,1,0],["0021400270",110,1,1,54,"Missed Shot","Layup Shot","2PT Field Goal","Restricted Area","Center(C)","Less Than 8 ft.",2,26,3,1,0],["0021400283",141,2,10,18,"Missed Shot","Running Jump Shot","2PT Field Goal","In The Paint (Non-RA)","Center(C)","Less Than 8 ft.",7,24,71,1,0],["0021400283",143,2,9,56,"Missed Shot","Fadeaway Jump Shot","2PT Field Goal","Mid-Range","Left Side(L)","8-16 ft.",13,-134,39,1,0],["0021400283",176,2,7,42,"Made Shot","Layup Shot","2PT Field Goal","Restricted Area","Center(C)","Less Than 8 ft.",2,-27,3,1,1],["0021400283",415,4,10,16,"Missed Shot","Jump Shot","2PT Field Goal","Mid-Range","Left Side Center(LC)","16-24 ft.",18,-90,167,1,0],["0021400283",420,4,9,19,"Missed Shot","Layup Shot","2PT Field Goal","Restricted Area","Center(C)","Less Than 8 ft.",0,4,0,1,0],["0021400291",160,2,8,31,"Made Shot","Pullup Jump shot","2PT Field Goal","Mid-Range","Center(C)","16-24 ft.",21,17,217,1,1],["0021400291",196,2,5,43,"Missed Shot","Jump Shot","2PT Field Goal","Mid-Range","Center(C)","16-24 ft.",22,-19,225,1,0],["0021400291",362,3,4,8,"Missed Shot","Jump Shot","2PT Field Goal","Mid-Range","Center(C)","16-24 ft.",20,1,208,1,0],["0021400291",389,3,1,23,"Made Shot","Dunk Shot","2PT Field Goal","Restricted Area","Center(C)","Less Than 8 ft.",0,0,1,1,1],["0021400291",392,3,0,50,"Made Shot","Layup Shot","2PT Field Goal","Restricted Area","Center(C)","Less Than 8 ft.",1,2,-11,1,1],["0021400291",420,4,10,12,"Missed Shot","Jump Shot","2PT Field Goal","Mid-Range","Left Side Center(LC)","16-24 ft.",17,-134,112,1,0],["0021400291",490,4,4,7,"Made Shot","Layup Shot","2PT Field Goal","Restricted Area","Center(C)","Less Than 8 ft.",1,-18,-2,1,1],["0021400291",494,4,3,40,"Made Shot","Jump Shot","2PT Field Goal","Mid-Range","Right Side Center(RC)","16-24 ft.",20,143,143,1,1],["0021400291",512,4,2,3,"Made Shot","Jump Shot","2PT Field Goal","Mid-Range","Center(C)","16-24 ft.",22,-21,219,1,1],["0021400291",517,4,0,57,"Missed Shot","Jump Shot","2PT Field Goal","Mid-Range","Right Side Center(RC)","16-24 ft.",21,152,151,1,0],["0021400291",523,4,0,0,"Missed Shot","Jump Shot","3PT Field Goal","Above the Break 3","Right Side Center(RC)","24+ ft.",40,189,361,1,0],["0021400305",133,2,11,44,"Missed Shot","Jump Shot","2PT Field Goal","Mid-Range","Left Side Center(LC)","16-24 ft.",20,-139,146,1,0],["0021400305",144,2,10,32,"Missed Shot","Jump Shot","2PT Field Goal","Mid-Range","Left Side(L)","8-16 ft.",13,-131,25,1,0],["0021400305",158,2,9,39,"Made Shot","Jump Shot","2PT Field Goal","Mid-Range","Center(C)","16-24 ft.",20,-21,206,1,1],["0021400305",171,2,8,17,"Made Shot","Slam Dunk Shot","2PT Field Goal","Restricted Area","Center(C)","Less Than 8 ft.",0,0,1,1,1],["0021400305",187,2,7,10,"Missed Shot","Jump Shot","2PT Field Goal","In The Paint (Non-RA)","Center(C)","Less Than 8 ft.",5,21,48,1,0],["0021400305",206,2,5,31,"Missed Shot","Jump Shot","2PT Field Goal","Mid-Range","Right Side Center(RC)","16-24 ft.",21,78,195,1,0],["0021400305",450,3,2,30,"Missed Shot","Jump Shot","2PT Field Goal","Mid-Range","Right Side Center(RC)","16-24 ft.",17,124,129,1,0],["0021400305",401,4,11,5,"Missed Shot","Step Back Jump shot","2PT Field Goal","Mid-Range","Center(C)","16-24 ft.",17,7,175,1,0],["0021400321",103,1,1,37,"Missed Shot","Jump Shot","2PT Field Goal","Mid-Range","Center(C)","16-24 ft.",18,12,189,1,0],["0021400335",113,1,1,26,"Missed Shot","Jump Shot","2PT Field Goal","Mid-Range","Right Side Center(RC)","16-24 ft.",19,78,184,1,0],["0021400335",148,2,10,58,"Made Shot","Running Layup Shot","2PT Field Goal","Restricted Area","Center(C)","Less Than 8 ft.",2,20,19,1,1],["0021400335",362,3,3,29,"Made Shot","Jump Shot","2PT Field Goal","Mid-Range","Right Side Center(RC)","16-24 ft.",18,84,168,1,1],["0021400335",376,3,2,12,"Made Shot","Hook Shot","2PT Field Goal","Restricted Area","Center(C)","Less Than 8 ft.",3,2,31,1,1],["0021400335",392,3,0,29,"Made Shot","Layup Shot","2PT Field Goal","Restricted Area","Center(C)","Less Than 8 ft.",0,-5,0,1,1],["0021400335",411,4,10,29,"Missed Shot","Jump Shot","2PT Field Goal","Mid-Range","Right Side(R)","16-24 ft.",16,147,72,1,0],["0021400351",95,1,2,14,"Missed Shot","Jump Shot","2PT Field Goal","Mid-Range","Right Side Center(RC)","16-24 ft.",20,86,183,1,0],["0021400351",104,1,1,11,"Missed Shot","Running Layup Shot","2PT Field Goal","Restricted Area","Center(C)","Less Than 8 ft.",1,-5,15,1,0],["0021400351",120,1,0,28,"Missed Shot","Running Layup Shot","2PT Field Goal","Restricted Area","Center(C)","Less Than 8 ft.",2,9,19,1,0],["0021400351",162,2,8,0,"Missed Shot","Jump Shot","2PT Field Goal","Mid-Range","Right Side Center(RC)","16-24 ft.",19,113,153,1,0],["0021400351",360,3,4,27,"Missed Shot","Turnaround Jump Shot","2PT Field Goal","Mid-Range","Left Side(L)","8-16 ft.",12,-120,15,1,0],["0021400351",401,3,2,28,"Made Shot","Layup Shot","2PT Field Goal","Restricted Area","Center(C)","Less Than 8 ft.",0,0,9,1,1],["0021400351",420,4,11,30,"Missed Shot","Jump Shot","2PT Field Goal","Mid-Range","Left Side Center(LC)","16-24 ft.",19,-103,168,1,0],["0021400351",444,4,9,45,"Missed Shot","Jump Shot","2PT Field Goal","Mid-Range","Center(C)","16-24 ft.",18,-52,178,1,0],["0021400351",455,4,8,35,"Made Shot","Tip Shot","2PT Field Goal","Restricted Area","Center(C)","Less Than 8 ft.",1,-17,8,1,1],["0021400351",458,4,8,4,"Missed Shot","Jump Shot","2PT Field Goal","Mid-Range","Center(C)","16-24 ft.",20,18,206,1,0],["0021400351",462,4,7,50,"Made Shot","Layup Shot","2PT Field Goal","Restricted Area","Center(C)","Less Than 8 ft.",0,1,-8,1,1],["0021400363",119,1,0,0,"Missed Shot","Jump Shot","2PT Field Goal","Mid-Range","Left Side Center(LC)","16-24 ft.",17,-123,123,1,0],["0021400363",142,2,9,16,"Missed Shot","Jump Shot","2PT Field Goal","Mid-Range","Left Side Center(LC)","16-24 ft.",22,-70,209,1,0],["0021400385",69,1,4,51,"Missed Shot","Jump Shot","2PT Field Goal","Mid-Range","Center(C)","16-24 ft.",19,50,186,1,0],["0021400385",77,1,3,46,"Missed Shot","Layup Shot","2PT Field Goal","Restricted Area","Center(C)","Less Than 8 ft.",2,-23,-8,1,0],["0021400385",79,1,3,44,"Missed Shot","Layup Shot","2PT Field Goal","Restricted Area","Center(C)","Less Than 8 ft.",0,-5,-5,1,0],["0021400385",101,1,2,21,"Made Shot","Layup Shot","2PT Field Goal","Restricted Area","Center(C)","Less Than 8 ft.",1,15,-6,1,1],["0021400385",110,1,1,17,"Missed Shot","Jump Shot","3PT Field Goal","Above the Break 3","Center(C)","24+ ft.",27,39,272,1,0],["0021400385",115,1,0,44,"Made Shot","Tip Shot","2PT Field Goal","Restricted Area","Center(C)","Less Than 8 ft.",2,-18,-16,1,1],["0021400385",248,2,0,47,"Missed Shot","Jump Shot","2PT Field Goal","Mid-Range","Center(C)","16-24 ft.",22,24,219,1,0],["0021400385",371,3,0,52,"Made Shot","Layup Shot","2PT Field Goal","Restricted Area","Center(C)","Less Than 8 ft.",0,0,-6,1,1],["0021400407",322,3,2,35,"Missed Shot","Jump Shot","2PT Field Goal","Mid-Range","Right Side Center(RC)","16-24 ft.",19,105,164,1,0],["0021400416",123,1,1,17,"Missed Shot","Jump Shot","2PT Field Goal","Mid-Range","Right Side(R)","16-24 ft.",17,163,60,1,0],["0021400416",125,1,1,10,"Missed Shot","Layup Shot","2PT Field Goal","Restricted Area","Center(C)","Less Than 8 ft.",0,0,-5,1,0],["0021400416",127,1,1,5,"Missed Shot","Jump Shot","2PT Field Goal","Mid-Range","Left Side(L)","16-24 ft.",18,-183,48,1,0],["0021400416",182,2,7,22,"Missed Shot","Jump Shot","2PT Field Goal","Mid-Range","Center(C)","16-24 ft.",21,10,217,1,0],["0021400440",132,2,11,48,"Missed Shot","Jump Shot","2PT Field Goal","Mid-Range","Left Side(L)","16-24 ft.",19,-174,93,1,0],["0021400440",184,2,7,38,"Made Shot","Layup Shot","2PT Field Goal","Restricted Area","Center(C)","Less Than 8 ft.",2,26,0,1,1],["0021400440",195,2,6,36,"Missed Shot","Jump Shot","2PT Field Goal","Mid-Range","Left Side Center(LC)","16-24 ft.",19,-79,175,1,0],["0021400452",498,4,3,53,"Missed Shot","Pullup Jump shot","2PT Field Goal","In The Paint (Non-RA)","Center(C)","Less Than 8 ft.",6,-37,55,1,0],["0021400452",502,4,3,35,"Made Shot","Pullup Jump shot","3PT Field Goal","Above the Break 3","Center(C)","24+ ft.",25,-34,254,1,1],["0021400472",146,2,9,33,"Missed Shot","Jump Shot","2PT Field Goal","Mid-Range","Right Side(R)","16-24 ft.",19,198,-10,1,0],["0021400472",362,4,11,9,"Made Shot","Jump Shot","2PT Field Goal","Mid-Range","Center(C)","16-24 ft.",17,0,173,1,1],["0021400483",89,1,2,35,"Missed Shot","Layup Shot","2PT Field Goal","Restricted Area","Center(C)","Less Than 8 ft.",0,-7,7,1,0],["0021400483",94,1,2,28,"Made Shot","Jump Shot","2PT Field Goal","Mid-Range","Left Side Center(LC)","16-24 ft.",21,-98,192,1,1],["0021400483",242,2,0,11,"Missed Shot","Jump Shot","2PT Field Goal","Mid-Range","Left Side(L)","16-24 ft.",17,-163,74,1,0],["0021400483",314,3,5,53,"Missed Shot","Jump Shot","2PT Field Goal","Mid-Range","Center(C)","16-24 ft.",20,6,205,1,0],["0021400483",337,3,4,6,"Made Shot","Turnaround Fadeaway shot","2PT Field Goal","Mid-Range","Left Side(L)","8-16 ft.",14,-146,12,1,1],["0021400483",355,3,2,40,"Missed Shot","Layup Shot","2PT Field Goal","Restricted Area","Center(C)","Less Than 8 ft.",1,-15,12,1,0],["0021400483",386,3,0,47,"Missed Shot","Jump Shot","3PT Field Goal","Above the Break 3","Right Side Center(RC)","24+ ft.",24,97,224,1,0],["0021400498",136,2,8,36,"Missed Shot","Jump Shot","2PT Field Goal","Mid-Range","Left Side(L)","16-24 ft.",17,-158,72,1,0],["0021400498",140,2,8,29,"Made Shot","Layup Shot","2PT Field Goal","Restricted Area","Center(C)","Less Than 8 ft.",2,-21,1,1,1],["0021400498",189,2,2,31,"Missed Shot","Layup Shot","2PT Field Goal","Restricted Area","Center(C)","Less Than 8 ft.",1,0,-10,1,0],["0021400498",394,4,6,4,"Missed Shot","Jump Shot","2PT Field Goal","Mid-Range","Center(C)","16-24 ft.",21,-27,213,1,0],["0021400498",415,4,4,43,"Made Shot","Jump Shot","3PT Field Goal","Left Corner 3","Left Side(L)","24+ ft.",24,-235,53,1,1],["0021400498",428,4,3,19,"Missed Shot","Layup Shot","2PT Field Goal","Restricted Area","Center(C)","Less Than 8 ft.",0,-8,4,1,0],["0021400498",477,4,0,25,"Made Shot","Dunk Shot","2PT Field Goal","Restricted Area","Center(C)","Less Than 8 ft.",0,0,1,1,1],["0021400514",77,1,3,11,"Missed Shot","Jump Shot","2PT Field Goal","Mid-Range","Left Side Center(LC)","16-24 ft.",21,-76,197,1,0],["0021400514",81,1,2,45,"Missed Shot","Layup Shot","2PT Field Goal","Restricted Area","Center(C)","Less Than 8 ft.",2,2,20,1,0],["0021400514",94,1,1,57,"Missed Shot","Jump Shot","2PT Field Goal","Mid-Range","Right Side(R)","8-16 ft.",15,151,50,1,0],["0021400514",102,1,0,59,"Made Shot","Jump Shot","2PT Field Goal","Mid-Range","Left Side(L)","16-24 ft.",17,-161,55,1,1],["0021400514",113,2,11,41,"Missed Shot","Jump Shot","2PT Field Goal","Mid-Range","Center(C)","16-24 ft.",19,-57,190,1,0],["0021400514",322,3,3,7,"Missed Shot","Jump Shot","2PT Field Goal","Mid-Range","Center(C)","16-24 ft.",20,58,195,1,0],["0021400531",105,1,2,10,"Made Shot","Jump Shot","2PT Field Goal","Mid-Range","Left Side Center(LC)","16-24 ft.",19,-144,131,1,1],["0021400531",118,1,0,33,"Missed Shot","Layup Shot","2PT Field Goal","Restricted Area","Center(C)","Less Than 8 ft.",1,6,11,1,0],["0021400531",120,1,0,32,"Made Shot","Layup Shot","2PT Field Goal","Restricted Area","Center(C)","Less Than 8 ft.",0,6,-5,1,1],["0021400531",175,2,6,52,"Missed Shot","Jump Shot","2PT Field Goal","Mid-Range","Center(C)","16-24 ft.",20,20,206,1,0],["0021400531",179,2,6,32,"Made Shot","Slam Dunk Shot","2PT Field Goal","Restricted Area","Center(C)","Less Than 8 ft.",0,0,1,1,1],["0021400531",190,2,5,16,"Made Shot","Jump Shot","2PT Field Goal","Mid-Range","Right Side Center(RC)","16-24 ft.",16,80,143,1,1],["0021400531",204,2,3,37,"Missed Shot","Jump Shot","2PT Field Goal","Mid-Range","Center(C)","16-24 ft.",20,50,194,1,0],["0021400531",338,3,2,26,"Made Shot","Layup Shot","2PT Field Goal","Restricted Area","Center(C)","Less Than 8 ft.",0,4,-6,1,1],["0021400531",381,4,10,29,"Made Shot","Layup Shot","2PT Field Goal","Restricted Area","Center(C)","Less Than 8 ft.",1,4,17,1,1],["0021400531",386,4,9,53,"Missed Shot","Layup Shot","2PT Field Goal","Restricted Area","Center(C)","Less Than 8 ft.",0,-5,1,1,0],["0021400544",112,2,11,46,"Missed Shot","Jump Shot","2PT Field Goal","Mid-Range","Right Side Center(RC)","16-24 ft.",17,124,127,1,0],["0021400544",144,2,7,39,"Made Shot","Jump Shot","3PT Field Goal","Above the Break 3","Left Side Center(LC)","24+ ft.",25,-179,183,1,1],["0021400544",354,4,11,27,"Made Shot","Dunk Shot","2PT Field Goal","Restricted Area","Center(C)","Less Than 8 ft.",0,0,1,1,1],["0021400544",371,4,9,42,"Missed Shot","Jump Shot","2PT Field Goal","Mid-Range","Right Side(R)","16-24 ft.",16,160,42,1,0],["0021400544",416,4,4,56,"Made Shot","Dunk Shot","2PT Field Goal","Restricted Area","Center(C)","Less Than 8 ft.",0,0,1,1,1],["0021400544",438,4,3,13,"Missed Shot","Jump Shot","3PT Field Goal","Above the Break 3","Center(C)","24+ ft.",26,58,257,1,0],["0021400556",83,1,2,24,"Missed Shot","Jump Shot","2PT Field Goal","Mid-Range","Center(C)","16-24 ft.",20,-24,205,1,0],["0021400556",86,1,1,43,"Made Shot","Layup Shot","2PT Field Goal","Restricted Area","Center(C)","Less Than 8 ft.",0,6,6,1,1],["0021400556",92,1,0,41,"Missed Shot","Jump Shot","2PT Field Goal","Mid-Range","Left Side Center(LC)","16-24 ft.",18,-119,137,1,0],["0021400556",334,3,2,39,"Missed Shot","Jump Shot","3PT Field Goal","Above the Break 3","Right Side Center(RC)","24+ ft.",25,127,217,1,0],["0021400556",395,4,9,24,"Made Shot","Slam Dunk Shot","2PT Field Goal","Restricted Area","Center(C)","Less Than 8 ft.",0,0,1,1,1],["0021400556",407,4,8,24,"Missed Shot","Jump Shot","2PT Field Goal","In The Paint (Non-RA)","Center(C)","Less Than 8 ft.",7,-60,47,1,0],["0021400556",485,4,1,47,"Missed Shot","Jump Shot","3PT Field Goal","Above the Break 3","Center(C)","24+ ft.",24,-62,236,1,0],["0021400567",107,1,0,25,"Made Shot","Jump Shot","2PT Field Goal","Mid-Range","Center(C)","16-24 ft.",20,39,201,1,1],["0021400567",123,2,10,40,"Missed Shot","Jump Shot","2PT Field Goal","Mid-Range","Left Side(L)","8-16 ft.",13,-133,0,1,0],["0021400596",67,1,3,44,"Missed Shot","Jump Shot","2PT Field Goal","In The Paint (Non-RA)","Center(C)","Less Than 8 ft.",6,36,50,1,0],["0021400596",119,2,9,45,"Made Shot","Dunk Shot","2PT Field Goal","Restricted Area","Center(C)","Less Than 8 ft.",0,0,1,1,1],["0021400596",128,2,8,59,"Made Shot","Dunk Shot","2PT Field Goal","Restricted Area","Center(C)","Less Than 8 ft.",0,0,1,1,1],["0021400596",140,2,8,0,"Missed Shot","Turnaround Jump Shot","2PT Field Goal","In The Paint (Non-RA)","Center(C)","8-16 ft.",8,24,77,1,0],["0021400596",151,2,6,54,"Missed Shot","Jump Shot","2PT Field Goal","In The Paint (Non-RA)","Center(C)","Less Than 8 ft.",7,-76,-5,1,0],["0021400596",371,4,11,3,"Missed Shot","Jump Shot","2PT Field Goal","Mid-Range","Right Side Center(RC)","16-24 ft.",20,106,172,1,0],["0021400596",410,4,8,27,"Made Shot","Jump Shot","3PT Field Goal","Right Corner 3","Right Side(R)","24+ ft.",24,241,34,1,1],["0021400596",414,4,7,22,"Missed Shot","Jump Shot","2PT Field Goal","Restricted Area","Center(C)","Less Than 8 ft.",3,-15,36,1,0],["0021400596",436,4,4,58,"Missed Shot","Jump Shot","2PT Field Goal","Mid-Range","Right Side Center(RC)","16-24 ft.",19,88,173,1,0],["0021400606",108,1,1,56,"Missed Shot","Jump Shot","2PT Field Goal","Mid-Range","Center(C)","16-24 ft.",19,-11,198,1,0],["0021400606",128,1,0,26,"Made Shot","Jump Shot","2PT Field Goal","In The Paint (Non-RA)","Center(C)","8-16 ft.",11,-8,112,1,1],["0021400606",135,1,0,0,"Made Shot","Putback Dunk Shot","2PT Field Goal","Restricted Area","Center(C)","Less Than 8 ft.",0,0,1,1,1],["0021400606",148,2,11,8,"Made Shot","Jump Shot","2PT Field Goal","Mid-Range","Left Side Center(LC)","16-24 ft.",16,-133,102,1,1],["0021400606",192,2,6,22,"Missed Shot","Jump Shot","2PT Field Goal","Mid-Range","Left Side(L)","16-24 ft.",16,-155,53,1,0],["0021400606",444,4,6,51,"Missed Shot","Jump Shot","2PT Field Goal","Mid-Range","Left Side Center(LC)","16-24 ft.",21,-138,159,1,0],["0021400611",313,3,7,56,"Missed Shot","Jump Shot","2PT Field Goal","Mid-Range","Center(C)","16-24 ft.",20,-19,203,1,0],["0021400611",322,3,7,1,"Made Shot","Turnaround Fadeaway shot","2PT Field Goal","In The Paint (Non-RA)","Center(C)","8-16 ft.",8,7,85,1,1],["0021400611",406,4,10,5,"Made Shot","Putback Dunk Shot","2PT Field Goal","Restricted Area","Center(C)","Less Than 8 ft.",0,0,1,1,1],["0021400611",410,4,9,39,"Made Shot","Jump Shot","3PT Field Goal","Right Corner 3","Right Side(R)","24+ ft.",23,237,3,1,1],["0021400611",420,4,8,26,"Missed Shot","Jump Shot","3PT Field Goal","Above the Break 3","Left Side Center(LC)","24+ ft.",26,-87,252,1,0],["0021400611",442,4,6,55,"Made Shot","Layup Shot","2PT Field Goal","Restricted Area","Center(C)","Less Than 8 ft.",0,-7,3,1,1],["0021400611",463,4,5,32,"Missed Shot","Jump Shot","2PT Field Goal","Mid-Range","Center(C)","16-24 ft.",18,-21,187,1,0],["0021400611",476,4,3,35,"Missed Shot","Turnaround Jump Shot","2PT Field Goal","Mid-Range","Left Side(L)","8-16 ft.",14,-139,41,1,0],["0021400631",118,2,10,41,"Missed Shot","Jump Shot","2PT Field Goal","Mid-Range","Left Side(L)","8-16 ft.",14,-100,107,1,0],["0021400631",136,2,9,10,"Made Shot","Dunk Shot","2PT Field Goal","Restricted Area","Center(C)","Less Than 8 ft.",0,0,1,1,1],["0021400631",146,2,8,23,"Missed Shot","Jump Shot","2PT Field Goal","Mid-Range","Right Side Center(RC)","16-24 ft.",20,130,164,1,0],["0021400631",375,4,7,43,"Missed Shot","Jump Shot","2PT Field Goal","In The Paint (Non-RA)","Center(C)","8-16 ft.",8,-24,77,1,0],["0021400631",405,4,4,25,"Missed Shot","Tip Shot","2PT Field Goal","Restricted Area","Center(C)","Less Than 8 ft.",1,18,1,1,0],["0021400631",414,4,3,56,"Made Shot","Turnaround Jump Shot","2PT Field Goal","Mid-Range","Right Side(R)","8-16 ft.",14,144,17,1,1],["0021400631",434,4,2,23,"Missed Shot","Jump Shot","2PT Field Goal","Mid-Range","Right Side(R)","16-24 ft.",16,144,83,1,0],["0021400647",108,2,11,47,"Missed Shot","Turnaround Jump Shot","2PT Field Goal","Mid-Range","Left Side(L)","8-16 ft.",14,-133,64,1,0],["0021400647",165,2,6,34,"Missed Shot","Jump Shot","2PT Field Goal","Mid-Range","Left Side(L)","16-24 ft.",18,-157,93,1,0],["0021400672",83,1,3,23,"Made Shot","Jump Shot","2PT Field Goal","Mid-Range","Left Side Center(LC)","16-24 ft.",19,-73,178,1,1],["0021400672",113,1,1,12,"Missed Shot","Jump Shot","3PT Field Goal","Right Corner 3","Right Side(R)","24+ ft.",22,228,17,1,0],["0021400672",154,2,8,57,"Made Shot","Layup Shot","2PT Field Goal","Restricted Area","Center(C)","Less Than 8 ft.",1,10,4,1,1],["0021400672",353,3,3,16,"Missed Shot","Jump Shot","2PT Field Goal","Mid-Range","Left Side(L)","16-24 ft.",21,-212,52,1,0],["0021400672",377,3,1,37,"Missed Shot","Jump Shot","2PT Field Goal","In The Paint (Non-RA)","Center(C)","Less Than 8 ft.",5,50,28,1,0],["0021400672",429,4,10,37,"Made Shot","Layup Shot","2PT Field Goal","Restricted Area","Center(C)","Less Than 8 ft.",2,20,1,1,1],["0021400672",446,4,7,44,"Missed Shot","Jump Shot","3PT Field Goal","Right Corner 3","Right Side(R)","24+ ft.",22,223,-2,1,0],["0021400686",148,2,8,50,"Missed Shot","Jump Shot","3PT Field Goal","Above the Break 3","Center(C)","24+ ft.",25,-71,250,1,0],["0021400696",125,2,10,18,"Made Shot","Reverse Dunk Shot","2PT Field Goal","Restricted Area","Center(C)","Less Than 8 ft.",0,0,1,1,1],["0021400696",153,2,6,21,"Missed Shot","Jump Shot","3PT Field Goal","Above the Break 3","Right Side Center(RC)","24+ ft.",25,236,93,1,0],["0021400724",125,2,11,38,"Made Shot","Running Slam Dunk Shot","2PT Field Goal","Restricted Area","Center(C)","Less Than 8 ft.",0,0,1,1,1],["0021400724",149,2,9,4,"Missed Shot","Jump Shot","2PT Field Goal","Mid-Range","Left Side Center(LC)","16-24 ft.",21,-116,186,1,0],["0021400724",384,3,1,26,"Made Shot","Jump Shot","2PT Field Goal","Mid-Range","Left Side Center(LC)","16-24 ft.",20,-139,148,1,1],["0021400737",83,1,2,7,"Missed Shot","Jump Shot","2PT Field Goal","Mid-Range","Right Side Center(RC)","16-24 ft.",17,67,164,1,0],["0021400737",125,2,9,58,"Made Shot","Jump Shot","2PT Field Goal","Mid-Range","Left Side Center(LC)","16-24 ft.",19,-71,184,1,1],["0021400737",133,2,9,13,"Missed Shot","Jump Shot","2PT Field Goal","Mid-Range","Center(C)","16-24 ft.",20,21,205,1,0],["0021400737",162,2,7,41,"Made Shot","Driving Slam Dunk Shot","2PT Field Goal","Restricted Area","Center(C)","Less Than 8 ft.",0,0,1,1,1],["0021400737",371,3,0,54,"Missed Shot","Jump Shot","3PT Field Goal","Right Corner 3","Right Side(R)","24+ ft.",22,226,9,1,0],["0021400737",390,4,10,57,"Made Shot","Hook Shot","2PT Field Goal","Restricted Area","Center(C)","Less Than 8 ft.",3,6,39,1,1],["0021400754",99,1,1,21,"Missed Shot","Jump Shot","2PT Field Goal","Mid-Range","Right Side Center(RC)","16-24 ft.",21,69,203,1,0],["0021400754",121,2,11,44,"Made Shot","Driving Slam Dunk Shot","2PT Field Goal","Restricted Area","Center(C)","Less Than 8 ft.",0,0,1,1,1],["0021400754",139,2,9,16,"Made Shot","Reverse Slam Dunk Shot","2PT Field Goal","Restricted Area","Center(C)","Less Than 8 ft.",0,0,1,1,1],["0021400754",382,4,7,1,"Missed Shot","Jump Shot","2PT Field Goal","Mid-Range","Center(C)","16-24 ft.",17,-10,178,1,0],["0021400769",94,1,0,38,"Made Shot","Driving Dunk Shot","2PT Field Goal","Restricted Area","Center(C)","Less Than 8 ft.",0,0,1,1,1],["0021400769",106,2,11,14,"Missed Shot","Jump Shot","2PT Field Goal","Mid-Range","Left Side Center(LC)","16-24 ft.",22,-76,211,1,0],["0021400779",159,2,7,6,"Missed Shot","Jump Shot","2PT Field Goal","Mid-Range","Left Side Center(LC)","16-24 ft.",19,-130,148,1,0],["0021400779",188,2,4,51,"Missed Shot","Jump Shot","2PT Field Goal","Mid-Range","Left Side Center(LC)","16-24 ft.",17,-65,167,1,0],["0021400779",533,4,0,5,"Missed Shot","Layup Shot","2PT Field Goal","Restricted Area","Center(C)","Less Than 8 ft.",1,-4,15,1,0],["0021400793",153,2,7,49,"Missed Shot","Jump Shot","2PT Field Goal","Mid-Range","Right Side Center(RC)","16-24 ft.",20,147,145,1,0],["0021400793",403,4,9,52,"Missed Shot","Layup Shot","2PT Field Goal","Restricted Area","Center(C)","Less Than 8 ft.",1,7,12,1,0],["0021400793",411,4,8,21,"Missed Shot","Jump Shot","2PT Field Goal","Mid-Range","Left Side Center(LC)","16-24 ft.",18,-133,123,1,0],["0021400808",17,1,9,39,"Missed Shot","Jump Shot","2PT Field Goal","Mid-Range","Left Side(L)","8-16 ft.",8,-82,25,1,0],["0021400808",19,1,9,35,"Missed Shot","Layup Shot","2PT Field Goal","Restricted Area","Center(C)","Less Than 8 ft.",0,2,9,1,0],["0021400808",58,1,5,14,"Made Shot","Jump Shot","2PT Field Goal","Mid-Range","Right Side Center(RC)","16-24 ft.",20,124,160,1,1],["0021400808",65,1,4,16,"Missed Shot","Layup Shot","2PT Field Goal","Restricted Area","Center(C)","Less Than 8 ft.",2,21,-13,1,0],["0021401094",200,2,3,15,"Missed Shot","Jump Shot","3PT Field Goal","Above the Break 3","Center(C)","24+ ft.",25,-10,252,1,0],["0021401094",216,2,2,20,"Missed Shot","Jump Shot","2PT Field Goal","Mid-Range","Center(C)","8-16 ft.",14,7,146,1,0],["0021401094",366,4,11,1,"Missed Shot","Layup Shot","2PT Field Goal","Restricted Area","Center(C)","Less Than 8 ft.",2,-19,14,1,0],["0021401094",490,4,0,29,"Missed Shot","Jump Shot","2PT Field Goal","Mid-Range","Right Side Center(RC)","16-24 ft.",16,56,153,1,0],["0021401106",398,4,8,35,"Made Shot","Jump Shot","2PT Field Goal","Mid-Range","Left Side(L)","16-24 ft.",17,-171,47,1,1],["0021401106",402,4,7,48,"Made Shot","Jump Shot","3PT Field Goal","Above the Break 3","Left Side Center(LC)","24+ ft.",24,-152,194,1,1],["0021401119",149,2,7,33,"Made Shot","Tip Shot","2PT Field Goal","Restricted Area","Center(C)","Less Than 8 ft.",0,0,1,1,1],["0021401119",169,2,5,52,"Made Shot","Slam Dunk Shot","2PT Field Goal","Restricted Area","Center(C)","Less Than 8 ft.",0,0,1,1,1],["0021401119",180,2,4,10,"Missed Shot","Jump Shot","3PT Field Goal","Above the Break 3","Center(C)","24+ ft.",24,-49,241,1,0],["0021401119",185,2,3,4,"Made Shot","Slam Dunk Shot","2PT Field Goal","Restricted Area","Center(C)","Less Than 8 ft.",0,0,1,1,1],["0021401119",293,3,4,1,"Made Shot","Jump Shot","2PT Field Goal","Mid-Range","Center(C)","16-24 ft.",16,-30,164,1,1],["0021401222",209,2,7,43,"Missed Shot","Jump Shot","3PT Field Goal","Above the Break 3","Right Side Center(RC)","24+ ft.",24,133,209,1,0],["0021401222",220,2,7,3,"Made Shot","Tip Shot","2PT Field Goal","Restricted Area","Center(C)","Less Than 8 ft.",1,2,12,1,1],["0021401222",249,2,4,45,"Missed Shot","Turnaround Jump Shot","2PT Field Goal","Mid-Range","Right Side(R)","8-16 ft.",10,108,11,1,0],["0021401222",254,2,4,0,"Made Shot","Jump Shot","2PT Field Goal","In The Paint (Non-RA)","Center(C)","Less Than 8 ft.",5,-49,14,1,1],["0021401222",428,3,1,41,"Missed Shot","Jump Shot","2PT Field Goal","Mid-Range","Left Side(L)","16-24 ft.",16,-161,34,1,0],["0021401222",487,4,10,4,"Made Shot","Layup Shot","2PT Field Goal","Restricted Area","Center(C)","Less Than 8 ft.",0,0,1,1,1],["0021401222",497,4,8,18,"Missed Shot","Layup Shot","2PT Field Goal","Restricted Area","Center(C)","Less Than 8 ft.",1,10,7,1,0],["0021401222",529,4,5,32,"Missed Shot","Tip Shot","2PT Field Goal","Restricted Area","Center(C)","Less Than 8 ft.",1,6,14,1,0],["0021401222",536,4,4,31,"Made Shot","Jump Shot","3PT Field Goal","Above the Break 3","Center(C)","24+ ft.",25,13,255,1,1],["0021401222",556,4,2,13,"Missed Shot","Jump Shot","2PT Field Goal","Restricted Area","Center(C)","Less Than 8 ft.",3,-26,20,1,0],["0021401222",572,4,0,46,"Missed Shot","Jump Shot","3PT Field Goal","Above the Break 3","Right Side Center(RC)","24+ ft.",24,103,227,1,0]]}},"GameList":{"21400009":[203461,"0021400009","10/29/2014","MIN","Timberwolves","MEM","Grizzlies",3,9,4,8,0,0,1,0,0,1,3],"21400234":[203461,"0021400234","11/28/2014","MIN","Timberwolves","LAL","Lakers",3,11,5,8,0,0,1,0,0,1,3],"21400647":[203461,"0021400647","01/23/2015","MIN","Timberwolves","NOP","Pelicans",1,0,0,2,0,0,1,0,0,0,1],"21400769":[203461,"0021400769","02/08/2015","MIN","Timberwolves","DET","Pistons",1,2,1,2,0,0,0,0,0,1,5],"21400661":[203461,"0021400661","01/25/2015","MIN","Timberwolves","ATL","Hawks",0,0,0,0,0,0,1,0,0,0,0],"21400218":[203461,"0021400218","11/26/2014","MIN","Timberwolves","MIL","Bucks",0,12,6,11,0,0,2,2,1,0,4],"21400247":[203461,"0021400247","11/30/2014","MIN","Timberwolves","POR","Trail Blazers",1,2,1,4,0,0,2,0,0,0,6],"21400483":[203461,"0021400483","01/01/2015","MIN","Timberwolves","SAC","Kings",1,4,2,7,0,1,3,1,2,0,5],"21400808":[203461,"0021400808","02/20/2015","MIN","Timberwolves","PHX","Suns",0,2,1,4,0,0,1,0,0,0,4],"21400291":[203461,"0021400291","12/06/2014","MIN","Timberwolves","SAS","Spurs",0,14,6,11,0,1,2,0,1,2,10],"21400556":[203461,"0021400556","01/10/2015","MIN","Timberwolves","SAS","Spurs",0,6,2,7,0,2,3,0,0,0,6],"21400696":[203461,"0021400696","01/30/2015","MIN","Timberwolves","PHI","76ers",0,2,1,2,0,1,1,0,0,1,0],"21401222":[203461,"0021401222","04/15/2015","MIN","Timberwolves","OKC","Thunder",3,9,4,11,1,3,2,0,2,2,9],"21400416":[203461,"0021400416","12/23/2014","MIN","Timberwolves","CLE","Cavaliers",2,0,0,4,0,0,5,0,0,1,3],"21400321":[203461,"0021400321","12/10/2014","MIN","Timberwolves","POR","Trail Blazers",1,0,0,1,0,0,2,0,0,1,3],"21400793":[203461,"0021400793","02/11/2015","MIN","Timberwolves","GSW","Warriors",1,4,0,3,0,0,1,0,0,0,3],"21400514":[203461,"0021400514","01/05/2015","MIN","Timberwolves","DEN","Nuggets",3,2,1,6,0,0,1,0,0,0,3],"21400754":[203461,"0021400754","02/06/2015","MIN","Timberwolves","MEM","Grizzlies",1,6,2,4,0,0,2,0,1,1,3],"21400363":[203461,"0021400363","12/16/2014","MIN","Timberwolves","WAS","Wizards",0,0,0,2,0,0,1,0,0,0,2],"21400452":[203461,"0021400452","12/27/2014","MIN","Timberwolves","GSW","Warriors",0,4,1,2,1,1,0,0,0,1,2],"21400472":[203461,"0021400472","12/30/2014","MIN","Timberwolves","UTA","Jazz",0,4,1,2,0,0,0,0,0,0,2],"21400072":[203461,"0021400072","11/07/2014","MIN","Timberwolves","ORL","Magic",0,2,0,0,0,0,1,0,0,0,0],"21400128":[203461,"0021400128","11/14/2014","MIN","Timberwolves","NOP","Pelicans",0,4,1,4,0,0,2,2,0,2,3],"21400737":[203461,"0021400737","02/04/2015","MIN","Timberwolves","MIA","Heat",0,6,3,6,0,1,1,1,0,0,3],"21400611":[203461,"0021400611","01/19/2015","MIN","Timberwolves","CHA","Hornets",2,9,4,8,1,2,5,0,0,1,9],"21400177":[203461,"0021400177","11/21/2014","MIN","Timberwolves","SAS","Spurs",2,20,9,14,0,0,2,0,3,1,3],"21400189":[203461,"0021400189","11/22/2014","MIN","Timberwolves","SAC","Kings",0,10,5,11,0,0,3,2,1,2,6],"21400631":[203461,"0021400631","01/21/2015","MIN","Timberwolves","DAL","Mavericks",1,6,2,7,0,0,2,0,0,0,2],"21400711":[203461,"0021400711","01/31/2015","MIN","Timberwolves","CLE","Cavaliers",1,0,0,0,0,0,2,0,0,1,1],"21400596":[203461,"0021400596","01/16/2015","MIN","Timberwolves","PHX","Suns",0,9,3,9,1,1,1,0,0,2,4],"21400779":[203461,"0021400779","02/09/2015","MIN","Timberwolves","ATL","Hawks",0,2,0,3,0,0,1,1,0,2,2],"21400672":[203461,"0021400672","01/26/2015","MIN","Timberwolves","OKC","Thunder",0,7,3,7,0,2,2,1,1,0,6],"21400035":[203461,"0021400035","11/01/2014","MIN","Timberwolves","CHI","Bulls",0,12,6,7,0,0,5,1,2,1,5],"21400498":[203461,"0021400498","01/03/2015","MIN","Timberwolves","UTA","Jazz",1,7,3,7,1,1,0,0,2,2,4],"21401094":[203461,"0021401094","03/29/2015","MIN","Timberwolves","NOP","Pelicans",1,2,0,4,0,1,1,0,1,2,1],"21401119":[203461,"0021401119","04/01/2015","MIN","Timberwolves","TOR","Raptors",1,8,4,5,0,1,2,0,1,0,4],"21400283":[203461,"0021400283","12/05/2014","MIN","Timberwolves","HOU","Rockets",1,3,1,5,0,0,2,0,1,1,5],"21400017":[203461,"0021400017","10/30/2014","MIN","Timberwolves","DET","Pistons",0,4,2,4,0,0,0,1,0,0,3],"21400385":[203461,"0021400385","12/19/2014","MIN","Timberwolves","BOS","Celtics",0,7,3,8,0,1,2,0,0,1,7],"21400531":[203461,"0021400531","01/07/2015","MIN","Timberwolves","PHX","Suns",0,14,6,10,0,0,0,0,0,1,10],"21400305":[203461,"0021400305","12/08/2014","MIN","Timberwolves","GSW","Warriors",0,4,2,8,0,0,1,1,1,0,5],"21400686":[203461,"0021400686","01/28/2015","MIN","Timberwolves","BOS","Celtics",1,0,0,1,0,1,0,0,0,0,6],"21400544":[203461,"0021400544","01/09/2015","MIN","Timberwolves","MIL","Bucks",1,7,3,6,1,2,2,0,2,4,8],"21400167":[203461,"0021400167","11/19/2014","MIN","Timberwolves","NYK","Knicks",0,6,3,7,0,0,3,0,1,0,3],"21400335":[203461,"0021400335","12/12/2014","MIN","Timberwolves","OKC","Thunder",1,8,4,6,0,0,2,0,1,3,3],"21400567":[203461,"0021400567","01/13/2015","MIN","Timberwolves","IND","Pacers",0,2,1,2,0,0,4,0,1,2,3],"21400252":[203461,"0021400252","12/01/2014","MIN","Timberwolves","LAC","Clippers",1,6,2,6,0,0,1,0,1,1,2],"21400407":[203461,"0021400407","12/21/2014","MIN","Timberwolves","IND","Pacers",1,0,0,1,0,0,0,0,0,0,4],"21400117":[203461,"0021400117","11/12/2014","MIN","Timberwolves","HOU","Rockets",0,2,1,1,0,0,0,1,0,0,4],"21400440":[203461,"0021400440","12/26/2014","MIN","Timberwolves","DEN","Nuggets",0,2,1,3,0,0,1,0,0,0,1],"21400351":[203461,"0021400351","12/14/2014","MIN","Timberwolves","LAL","Lakers",0,6,3,11,0,0,2,1,1,1,6],"21400137":[203461,"0021400137","11/15/2014","MIN","Timberwolves","DAL","Mavericks",0,10,4,8,0,0,2,0,0,4,7],"21400606":[203461,"0021400606","01/17/2015","MIN","Timberwolves","DEN","Nuggets",0,7,3,6,0,0,1,0,0,0,3],"21400270":[203461,"0021400270","12/03/2014","MIN","Timberwolves","PHI","76ers",0,0,0,2,0,0,1,1,0,0,1],"21400060":[203461,"0021400060","11/05/2014","MIN","Timberwolves","BKN","Nets",0,4,1,4,0,0,1,0,0,1,1],"21400724":[203461,"0021400724","02/02/2015","MIN","Timberwolves","DAL","Mavericks",0,4,2,3,0,0,0,0,0,0,4],"21401106":[203461,"0021401106","03/30/2015","MIN","Timberwolves","UTA","Jazz",0,5,2,2,1,1,0,0,0,1,0]},"data":[22.0,57,3,15.7,2.2,5.2,0.421,0.1,0.4,0.304,0.7,1.1,0.641,0.9,2.9,3.8,0.8,0.5,0.3,0.6,1.5,5.2],"rank":{"PerGame":[null,null,null,null,null,null,null,null,null,null,null,null,null,null,null,null,null,null,null],"Totals":[295,278,282,null,302,304,null,290,273,null,176,203,197,296,277,210,316,295,288]},"team":"MIN"},"2016":{"shotchart":{"Averages":{"header":["SHOT_ZONE_BASIC","SHOT_ZONE_AREA","SHOT_ZONE_RANGE","FGA","FGM","FG_PCT"],"row":[["Above the Break 3","Back Court(BC)","Back Court Shot",8,0,0.0],["Above the Break 3","Center(C)","24+ ft.",1103,370,0.335],["Above the Break 3","Left Side Center(LC)","24+ ft.",1543,514,0.333],["Above the Break 3","Right Side Center(RC)","24+ ft.",1409,494,0.351],["Backcourt","Back Court(BC)","Back Court Shot",46,0,0.0],["In The Paint (Non-RA)","Center(C)","8-16 ft.",609,250,0.411],["In The Paint (Non-RA)","Center(C)","Less Than 8 ft.",1644,663,0.403],["In The Paint (Non-RA)","Left Side(L)","8-16 ft.",167,64,0.383],["In The Paint (Non-RA)","Right Side(R)","8-16 ft.",184,64,0.348],["Left Corner 3","Left Side(L)","24+ ft.",653,254,0.389],["Mid-Range","Center(C)","8-16 ft.",183,83,0.454],["Mid-Range","Center(C)","16-24 ft.",566,209,0.369],["Mid-Range","Left Side Center(LC)","16-24 ft.",621,237,0.382],["Mid-Range","Left Side(L)","16-24 ft.",424,177,0.417],["Mid-Range","Left Side(L)","8-16 ft.",631,264,0.418],["Mid-Range","Right Side Center(RC)","16-24 ft.",658,254,0.386],["Mid-Range","Right Side(R)","16-24 ft.",406,164,0.404],["Mid-Range","Right Side(R)","8-16 ft.",595,220,0.37],["Restricted Area","Center(C)","Less Than 8 ft.",5847,3524,0.603],["Right Corner 3","Right Side(R)","24+ ft.",603,202,0.335]]},"Details":{"header":["GAME_ID","GAME_EVENT_ID","PERIOD","MINUTES_REMAINING","SECONDS_REMAINING","EVENT_TYPE","ACTION_TYPE","SHOT_TYPE","SHOT_ZONE_BASIC","SHOT_ZONE_AREA","SHOT_ZONE_RANGE","SHOT_DISTANCE","LOC_X","LOC_Y","SHOT_ATTEMPTED_FLAG","SHOT_MADE_FLAG"],"row":[["0021600031",61,1,5,43,"Missed Shot","Jump Shot","3PT Field Goal","Left Corner 3","Left Side(L)","24+ ft.",22,-227,-11,1,0],["0021600031",65,1,5,8,"Missed Shot","Jump Shot","2PT Field Goal","In The Paint (Non-RA)","Center(C)","8-16 ft.",9,40,85,1,0],["0021600031",89,1,3,14,"Missed Shot","Jump Shot","3PT Field Goal","Above the Break 3","Left Side Center(LC)","24+ ft.",27,-215,170,1,0],["0021600031",189,2,7,26,"Missed Shot","Jump Shot","2PT Field Goal","Restricted Area","Center(C)","Less Than 8 ft.",3,-32,0,1,0],["0021600031",196,2,6,42,"Made Shot","Jump Shot","3PT Field Goal","Left Corner 3","Left Side(L)","24+ ft.",24,-241,-6,1,1],["0021600031",231,2,4,5,"Made Shot","Layup Shot","2PT Field Goal","Restricted Area","Center(C)","Less Than 8 ft.",0,2,2,1,1],["0021600031",346,3,5,39,"Made Shot","Jump Shot","3PT Field Goal","Above the Break 3","Center(C)","24+ ft.",27,-68,269,1,1],["0021600031",361,3,4,35,"Missed Shot","Jump Shot","3PT Field Goal","Above the Break 3","Right Side Center(RC)","24+ ft.",25,166,193,1,0],["0021600031",363,3,4,25,"Missed Shot","Jump Shot","2PT Field Goal","Restricted Area","Center(C)","Less Than 8 ft.",3,22,31,1,0],["0021600043",437,4,9,32,"Missed Shot","Jump Shot","3PT Field Goal","Left Corner 3","Left Side(L)","24+ ft.",22,-227,-1,1,0],["0021600043",457,4,8,6,"Missed Shot","Jump Shot","3PT Field Goal","Right Corner 3","Right Side(R)","24+ ft.",24,240,-15,1,0],["0021600043",464,4,7,9,"Missed Shot","Jump Shot","3PT Field Goal","Above the Break 3","Center(C)","24+ ft.",23,10,239,1,0],["0021600043",472,4,6,15,"Missed Shot","Jump Shot","2PT Field Goal","Mid-Range","Right Side(R)","16-24 ft.",18,189,-10,1,0],["0021600043",477,4,5,21,"Made Shot","Driving Dunk Shot","2PT Field Goal","Restricted Area","Center(C)","Less Than 8 ft.",0,0,1,1,1],["0021600043",491,4,3,33,"Made Shot","Jump Shot","3PT Field Goal","Left Corner 3","Left Side(L)","24+ ft.",22,-222,-11,1,1],["0021600043",511,4,1,13,"Missed Shot","Jump Shot","3PT Field Goal","Above the Break 3","Right Side Center(RC)","24+ ft.",25,145,205,1,0],["0021600072",154,2,9,46,"Missed Shot","Jump Shot","3PT Field Goal","Above the Break 3","Left Side Center(LC)","24+ ft.",24,-166,183,1,0]]}},"GameList":{},"data":[23.0,3,0,11.0,1.7,5.7,0.294,1.0,3.7,0.273,1.0,1.3,0.75,0.0,0.7,0.7,0.7,1.0,0.0,0.3,1.0,5.3],"rank":{"PerGame":[null,null,null,null,null,null,null,null,null,null,null,null,null,null,null,null,null,null,null],"Totals":[329,309,293,null,183,179,null,247,252,null,336,338,353,302,191,276,327,304,332]},"team":"BKN"},"2013":{"shotchart":{"Averages":{"header":["SHOT_ZONE_BASIC","SHOT_ZONE_AREA","SHOT_ZONE_RANGE","FGA","FGM","FG_PCT"],"row":[["Above the Break 3","Back Court(BC)","Back Court Shot",64,4,0.063],["Above the Break 3","Center(C)","24+ ft.",9202,3274,0.356],["Above the Break 3","Left Side Center(LC)","24+ ft.",14858,5288,0.356],["Above the Break 3","Right Side Center(RC)","24+ ft.",14855,5184,0.349],["Backcourt","Back Court(BC)","Back Court Shot",444,16,0.036],["In The Paint (Non-RA)","Center(C)","8-16 ft.",6461,2650,0.41],["In The Paint (Non-RA)","Center(C)","Less Than 8 ft.",20149,7810,0.388],["In The Paint (Non-RA)","Left Side(L)","8-16 ft.",1820,704,0.387],["In The Paint (Non-RA)","Right Side(R)","8-16 ft.",2021,809,0.4],["Left Corner 3","Left Side(L)","24+ ft.",7136,2792,0.391],["Mid-Range","Center(C)","16-24 ft.",7643,2969,0.388],["Mid-Range","Center(C)","8-16 ft.",2021,857,0.424],["Mid-Range","Left Side Center(LC)","16-24 ft.",8385,3326,0.397],["Mid-Range","Left Side(L)","16-24 ft.",5994,2431,0.406],["Mid-Range","Left Side(L)","8-16 ft.",8566,3341,0.39],["Mid-Range","Right Side Center(RC)","16-24 ft.",9057,3563,0.393],["Mid-Range","Right Side(R)","16-24 ft.",5700,2223,0.39],["Mid-Range","Right Side(R)","8-16 ft.",7354,2883,0.392],["Restricted Area","Center(C)","Less Than 8 ft.",66016,40159,0.608],["Right Corner 3","Right Side(R)","24+ ft.",6380,2483,0.389]]},"Details":{"header":["GAME_ID","GAME_EVENT_ID","PERIOD","MINUTES_REMAINING","SECONDS_REMAINING","EVENT_TYPE","ACTION_TYPE","SHOT_TYPE","SHOT_ZONE_BASIC","SHOT_ZONE_AREA","SHOT_ZONE_RANGE","SHOT_DISTANCE","LOC_X","LOC_Y","SHOT_ATTEMPTED_FLAG","SHOT_MADE_FLAG"],"row":[["0021300004",90,1,4,24,"Missed Shot","Jump Shot","3PT Field Goal","Above the Break 3","Left Side Center(LC)","24+ ft.",24,-174,178,1,0],["0021300004",130,1,1,46,"Missed Shot","Jump Shot","2PT Field Goal","Mid-Range","Right Side Center(RC)","16-24 ft.",18,92,156,1,0],["0021300004",388,3,2,14,"Missed Shot","Jump Shot","3PT Field Goal","Above the Break 3","Left Side Center(LC)","24+ ft.",24,-130,209,1,0],["0021300004",400,3,1,12,"Missed Shot","Jump Shot","3PT Field Goal","Left Corner 3","Left Side(L)","24+ ft.",23,-239,15,1,0],["0021300004",438,4,11,18,"Missed Shot","Reverse Layup Shot","2PT Field Goal","Restricted Area","Center(C)","Less Than 8 ft.",1,-5,12,1,0],["0021300020",138,2,9,40,"Missed Shot","Jump Shot","3PT Field Goal","Above the Break 3","Right Side Center(RC)","24+ ft.",25,122,225,1,0],["0021300020",397,3,1,13,"Missed Shot","Jump Shot","2PT Field Goal","In The Paint (Non-RA)","Center(C)","Less Than 8 ft.",5,1,50,1,0],["0021300020",402,3,0,37,"Missed Shot","Jump Shot","3PT Field Goal","Above the Break 3","Center(C)","24+ ft.",24,-71,239,1,0],["0021300033",130,2,10,53,"Missed Shot","Jump Shot","2PT Field Goal","Mid-Range","Center(C)","16-24 ft.",17,-4,175,1,0],["0021300033",340,3,3,17,"Missed Shot","Layup Shot","2PT Field Goal","Restricted Area","Center(C)","Less Than 8 ft.",1,2,11,1,0],["0021300033",360,3,1,38,"Missed Shot","Layup Shot","2PT Field Goal","Restricted Area","Center(C)","Less Than 8 ft.",1,7,12,1,0],["0021300033",364,3,1,7,"Missed Shot","Jump Shot","3PT Field Goal","Above the Break 3","Left Side Center(LC)","24+ ft.",27,-180,206,1,0],["0021300047",121,2,11,44,"Missed Shot","Jump Shot","3PT Field Goal","Above the Break 3","Center(C)","24+ ft.",25,-64,244,1,0],["0021300047",128,2,11,8,"Missed Shot","Turnaround Jump Shot","2PT Field Goal","In The Paint (Non-RA)","Center(C)","Less Than 8 ft.",5,-52,23,1,0],["0021300047",442,4,8,59,"Missed Shot","Jump Shot","3PT Field Goal","Above the Break 3","Left Side Center(LC)","24+ ft.",24,-146,201,1,0],["0021300066",98,1,0,0,"Missed Shot","Jump Shot","3PT Field Goal","Above the Break 3","Left Side Center(LC)","24+ ft.",26,-125,231,1,0],["0021300066",119,2,9,46,"Made Shot","Jump Shot","3PT Field Goal","Above the Break 3","Left Side Center(LC)","24+ ft.",26,-106,241,1,1],["0021300066",132,2,8,36,"Missed Shot","Layup Shot","2PT Field Goal","Restricted Area","Center(C)","Less Than 8 ft.",1,-8,14,1,0],["0021300066",134,2,8,29,"Missed Shot","Jump Shot","2PT Field Goal","Mid-Range","Center(C)","16-24 ft.",17,0,176,1,0],["0021300066",359,4,11,5,"Missed Shot","Jump Shot","3PT Field Goal","Above the Break 3","Left Side Center(LC)","24+ ft.",27,-139,238,1,0],["0021300088",372,3,2,24,"Missed Shot","Jump Shot","2PT Field Goal","Mid-Range","Right Side Center(RC)","16-24 ft.",19,72,181,1,0],["0021300115",111,1,1,2,"Made Shot","Layup Shot","2PT Field Goal","Restricted Area","Center(C)","Less Than 8 ft.",2,6,23,1,1],["0021300115",124,2,11,42,"Missed Shot","Jump Shot","2PT Field Goal","Mid-Range","Center(C)","16-24 ft.",20,-45,200,1,0],["0021300115",176,2,7,3,"Missed Shot","Jump Shot","2PT Field Goal","Restricted Area","Center(C)","Less Than 8 ft.",3,-23,20,1,0],["0021300115",370,3,0,49,"Missed Shot","Jump Shot","2PT Field Goal","In The Paint (Non-RA)","Center(C)","Less Than 8 ft.",5,4,53,1,0],["0021300115",373,3,0,30,"Made Shot","Jump Shot","2PT Field Goal","Mid-Range","Right Side Center(RC)","16-24 ft.",20,133,151,1,1],["0021300115",465,4,3,33,"Missed Shot","Jump Shot","2PT Field Goal","In The Paint (Non-RA)","Right Side(R)","8-16 ft.",8,45,77,1,0],["0021300115",475,4,3,7,"Missed Shot","Jump Shot","2PT Field Goal","Mid-Range","Right Side Center(RC)","16-24 ft.",18,119,148,1,0],["0021300115",482,4,2,34,"Missed Shot","Jump Shot","2PT Field Goal","In The Paint (Non-RA)","Center(C)","Less Than 8 ft.",7,51,50,1,0],["0021300115",484,4,2,33,"Missed Shot","Dunk Shot","2PT Field Goal","Restricted Area","Center(C)","Less Than 8 ft.",2,18,12,1,0],["0021300115",494,4,1,31,"Missed Shot","Jump Shot","3PT Field Goal","Above the Break 3","Right Side Center(RC)","24+ ft.",24,84,228,1,0],["0021300115",504,4,0,35,"Made Shot","Jump Shot","2PT Field Goal","Mid-Range","Left Side Center(LC)","16-24 ft.",16,-64,149,1,1],["0021300129",72,1,3,13,"Made Shot","Jump Shot","2PT Field Goal","Mid-Range","Left Side(L)","8-16 ft.",11,-97,67,1,1],["0021300129",86,1,1,48,"Missed Shot","Jump Shot","2PT Field Goal","Restricted Area","Center(C)","Less Than 8 ft.",3,-21,30,1,0],["0021300129",105,1,1,8,"Missed Shot","Jump Shot","2PT Field Goal","Mid-Range","Left Side Center(LC)","16-24 ft.",17,-95,151,1,0],["0021300162",391,4,9,23,"Missed Shot","Layup Shot","2PT Field Goal","Restricted Area","Center(C)","Less Than 8 ft.",0,-2,9,1,0],["0021300162",406,4,7,55,"Missed Shot","Jump Shot","3PT Field Goal","Above the Break 3","Right Side Center(RC)","24+ ft.",27,185,200,1,0],["0021300194",371,4,11,44,"Made Shot","Jump Shot","2PT Field Goal","Mid-Range","Left Side Center(LC)","16-24 ft.",18,-92,163,1,1],["0021300194",376,4,11,8,"Made Shot","Jump Shot","3PT Field Goal","Above the Break 3","Left Side Center(LC)","24+ ft.",25,-187,173,1,1],["0021300194",417,4,7,5,"Made Shot","Jump Shot","2PT Field Goal","Mid-Range","Left Side Center(LC)","16-24 ft.",17,-92,146,1,1],["0021300194",427,4,5,57,"Missed Shot","Jump Shot","3PT Field Goal","Above the Break 3","Right Side Center(RC)","24+ ft.",25,116,224,1,0],["0021300194",440,4,4,49,"Made Shot","Dunk Shot","2PT Field Goal","Restricted Area","Center(C)","Less Than 8 ft.",2,0,20,1,1],["0021300232",185,2,7,11,"Made Shot","Jump Bank Shot","3PT Field Goal","Above the Break 3","Center(C)","24+ ft.",24,-38,247,1,1],["0021300232",217,2,4,45,"Missed Shot","Jump Shot","3PT Field Goal","Right Corner 3","Right Side(R)","24+ ft.",23,230,30,1,0],["0021300232",256,2,1,56,"Missed Shot","Jump Shot","2PT Field Goal","Mid-Range","Right Side Center(RC)","16-24 ft.",20,89,186,1,0],["0021300232",426,4,10,28,"Missed Shot","Jump Shot","2PT Field Goal","Mid-Range","Left Side Center(LC)","16-24 ft.",17,-117,132,1,0],["0021300242",112,2,11,41,"Missed Shot","Jump Shot","3PT Field Goal","Above the Break 3","Right Side Center(RC)","24+ ft.",24,127,205,1,0],["0021300242",128,2,10,36,"Made Shot","Slam Dunk Shot","2PT Field Goal","Restricted Area","Center(C)","Less Than 8 ft.",1,1,-11,1,1],["0021300242",132,2,9,41,"Missed Shot","Jump Shot","2PT Field Goal","Mid-Range","Right Side Center(RC)","16-24 ft.",17,100,148,1,0],["0021300269",99,1,3,42,"Made Shot","Jump Shot","3PT Field Goal","Above the Break 3","Left Side Center(LC)","24+ ft.",25,-153,201,1,1],["0021300269",111,1,2,10,"Missed Shot","Jump Shot","2PT Field Goal","Mid-Range","Left Side(L)","16-24 ft.",16,-161,44,1,0],["0021300269",115,1,1,29,"Made Shot","Driving Layup Shot","2PT Field Goal","Restricted Area","Center(C)","Less Than 8 ft.",0,1,-2,1,1],["0021300269",133,2,11,42,"Missed Shot","Jump Shot","2PT Field Goal","Mid-Range","Right Side(R)","16-24 ft.",21,211,60,1,0],["0021300269",138,2,11,7,"Missed Shot","Jump Shot","2PT Field Goal","Mid-Range","Left Side(L)","8-16 ft.",14,-149,4,1,0],["0021300282",129,1,0,48,"Missed Shot","Jump Shot","3PT Field Goal","Left Corner 3","Left Side(L)","24+ ft.",23,-229,30,1,0],["0021300282",480,4,2,52,"Missed Shot","Jump Shot","3PT Field Goal","Left Corner 3","Left Side(L)","24+ ft.",23,-229,53,1,0],["0021300282",490,4,2,39,"Missed Shot","Driving Jump shot","2PT Field Goal","In The Paint (Non-RA)","Center(C)","Less Than 8 ft.",5,21,53,1,0],["0021300310",160,2,9,47,"Missed Shot","Jump Shot","3PT Field Goal","Above the Break 3","Right Side Center(RC)","24+ ft.",25,83,239,1,0],["0021300310",464,4,0,33,"Made Shot","Jump Shot","2PT Field Goal","Mid-Range","Left Side(L)","8-16 ft.",15,-139,60,1,1],["0021300330",107,1,0,23,"Missed Shot","Jump Shot","2PT Field Goal","Mid-Range","Center(C)","16-24 ft.",22,6,224,1,0],["0021300330",119,2,10,41,"Made Shot","Layup Shot","2PT Field Goal","Restricted Area","Center(C)","Less Than 8 ft.",1,-19,4,1,1],["0021300330",143,2,8,33,"Made Shot","Pullup Jump shot","2PT Field Goal","Mid-Range","Center(C)","16-24 ft.",19,42,186,1,1],["0021300330",156,2,7,41,"Made Shot","Alley Oop Dunk Shot","2PT Field Goal","Restricted Area","Center(C)","Less Than 8 ft.",0,0,-8,1,1],["0021300330",169,2,6,46,"Missed Shot","Jump Shot","3PT Field Goal","Above the Break 3","Left Side Center(LC)","24+ ft.",25,-207,143,1,0],["0021300365",152,2,9,54,"Made Shot","Fadeaway Jump Shot","2PT Field Goal","Mid-Range","Left Side(L)","8-16 ft.",14,-146,30,1,1],["0021300408",73,1,4,21,"Missed Shot","Jump Shot","3PT Field Goal","Above the Break 3","Right Side Center(RC)","24+ ft.",25,155,201,1,0],["0021300408",101,1,2,16,"Missed Shot","Pullup Jump shot","2PT Field Goal","Mid-Range","Left Side(L)","16-24 ft.",16,-160,56,1,0],["0021300408",116,1,1,23,"Missed Shot","Layup Shot","2PT Field Goal","Restricted Area","Center(C)","Less Than 8 ft.",1,15,-3,1,0],["0021300408",513,4,5,32,"Made Shot","Jump Shot","2PT Field Goal","In The Paint (Non-RA)","Center(C)","Less Than 8 ft.",4,18,44,1,1],["0021300408",533,4,3,26,"Made Shot","Dunk Shot","2PT Field Goal","Restricted Area","Center(C)","Less Than 8 ft.",0,-2,9,1,1],["0021300408",548,4,2,18,"Missed Shot","Jump Shot","2PT Field Goal","In The Paint (Non-RA)","Center(C)","Less Than 8 ft.",4,6,48,1,0],["0021300408",567,4,0,55,"Made Shot","Jump Shot","2PT Field Goal","In The Paint (Non-RA)","Center(C)","Less Than 8 ft.",6,53,44,1,1],["0021300423",166,2,8,14,"Missed Shot","Jump Shot","2PT Field Goal","In The Paint (Non-RA)","Center(C)","Less Than 8 ft.",7,-16,77,1,0],["0021300436",115,2,10,58,"Missed Shot","Jump Shot","3PT Field Goal","Above the Break 3","Right Side Center(RC)","24+ ft.",24,222,107,1,0],["0021300436",118,2,10,42,"Missed Shot","Jump Shot","3PT Field Goal","Above the Break 3","Left Side Center(LC)","24+ ft.",25,-125,217,1,0],["0021300436",124,2,10,20,"Missed Shot","Jump Shot","2PT Field Goal","Mid-Range","Left Side Center(LC)","16-24 ft.",17,-100,143,1,0],["0021300436",379,4,11,36,"Missed Shot","Jump Shot","2PT Field Goal","Mid-Range","Left Side(L)","16-24 ft.",17,-161,60,1,0],["0021300436",381,4,11,33,"Made Shot","Driving Dunk Shot","2PT Field Goal","Restricted Area","Center(C)","Less Than 8 ft.",1,-11,1,1,1],["0021300436",424,4,8,23,"Made Shot","Putback Slam Dunk Shot","2PT Field Goal","Restricted Area","Center(C)","Less Than 8 ft.",0,0,4,1,1],["0021300448",109,1,2,53,"Missed Shot","Jump Shot","2PT Field Goal","Mid-Range","Center(C)","8-16 ft.",15,26,151,1,0],["0021300448",145,1,0,11,"Missed Shot","Layup Shot","2PT Field Goal","Restricted Area","Center(C)","Less Than 8 ft.",1,2,11,1,0],["0021300448",382,3,2,59,"Missed Shot","Putback Layup Shot","2PT Field Goal","Restricted Area","Center(C)","Less Than 8 ft.",0,-4,6,1,0],["0021300448",427,4,10,29,"Missed Shot","Jump Hook Shot","2PT Field Goal","In The Paint (Non-RA)","Center(C)","Less Than 8 ft.",5,17,55,1,0],["0021300461",101,1,2,8,"Missed Shot","Layup Shot","2PT Field Goal","Restricted Area","Center(C)","Less Than 8 ft.",0,-2,4,1,0],["0021300461",133,2,11,51,"Made Shot","Dunk Shot","2PT Field Goal","Restricted Area","Center(C)","Less Than 8 ft.",1,18,0,1,1],["0021300461",144,2,9,23,"Missed Shot","Jump Shot","2PT Field Goal","Mid-Range","Center(C)","16-24 ft.",21,-10,214,1,0],["0021300461",395,4,9,18,"Made Shot","Jump Shot","2PT Field Goal","Mid-Range","Right Side Center(RC)","16-24 ft.",20,155,134,1,1],["0021300473",80,1,3,41,"Missed Shot","Jump Shot","2PT Field Goal","Mid-Range","Left Side(L)","16-24 ft.",19,-172,101,1,0],["0021300473",108,1,1,14,"Missed Shot","Jump Shot","2PT Field Goal","Mid-Range","Center(C)","16-24 ft.",19,-29,194,1,0],["0021300473",348,3,0,0,"Missed Shot","Jump Shot","3PT Field Goal","Right Corner 3","Right Side(R)","24+ ft.",24,242,-2,1,0],["0021300473",358,4,11,7,"Missed Shot","Layup Shot","2PT Field Goal","Restricted Area","Center(C)","Less Than 8 ft.",1,7,9,1,0],["0021300491",101,1,0,25,"Missed Shot","Jump Shot","2PT Field Goal","In The Paint (Non-RA)","Center(C)","8-16 ft.",9,-2,96,1,0],["0021300491",130,2,9,47,"Missed Shot","Jump Shot","2PT Field Goal","Mid-Range","Right Side Center(RC)","16-24 ft.",18,105,157,1,0],["0021300499",166,2,9,8,"Made Shot","Putback Dunk Shot","2PT Field Goal","Restricted Area","Center(C)","Less Than 8 ft.",1,0,-11,1,1],["0021300499",180,2,8,5,"Missed Shot","Step Back Jump shot","2PT Field Goal","Mid-Range","Left Side(L)","16-24 ft.",17,-171,22,1,0],["0021300499",439,4,11,1,"Missed Shot","Jump Shot","3PT Field Goal","Above the Break 3","Left Side Center(LC)","24+ ft.",26,-142,220,1,0],["0021300499",466,4,8,54,"Made Shot","Driving Layup Shot","2PT Field Goal","Restricted Area","Center(C)","Less Than 8 ft.",0,-5,6,1,1],["0021300509",155,2,7,28,"Missed Shot","Jump Shot","2PT Field Goal","Mid-Range","Right Side Center(RC)","16-24 ft.",17,113,132,1,0],["0021300509",446,4,8,35,"Made Shot","Dunk Shot","2PT Field Goal","Restricted Area","Center(C)","Less Than 8 ft.",0,1,1,1,1],["0021300509",484,4,5,8,"Missed Shot","Jump Shot","2PT Field Goal","In The Paint (Non-RA)","Center(C)","8-16 ft.",13,56,126,1,0],["0021300509",527,4,2,32,"Missed Shot","Fadeaway Jump Shot","2PT Field Goal","Mid-Range","Right Side(R)","16-24 ft.",17,162,72,1,0],["0021300509",531,4,2,11,"Missed Shot","Jump Shot","2PT Field Goal","In The Paint (Non-RA)","Center(C)","Less Than 8 ft.",5,7,58,1,0],["0021300509",566,4,0,25,"Missed Shot","Dunk Shot","2PT Field Goal","Restricted Area","Center(C)","Less Than 8 ft.",0,-5,1,1,0],["0021300552",446,4,8,14,"Missed Shot","Jump Shot","2PT Field Goal","Mid-Range","Center(C)","16-24 ft.",18,7,181,1,0],["0021300552",469,4,6,2,"Missed Shot","Jump Shot","2PT Field Goal","In The Paint (Non-RA)","Center(C)","Less Than 8 ft.",5,1,55,1,0],["0021300552",481,4,5,9,"Missed Shot","Jump Shot","2PT Field Goal","Mid-Range","Center(C)","16-24 ft.",22,18,225,1,0],["0021300552",509,4,2,21,"Made Shot","Alley Oop Layup shot","2PT Field Goal","Restricted Area","Center(C)","Less Than 8 ft.",3,-23,30,1,1],["0021300552",523,4,1,20,"Missed Shot","Jump Shot","2PT Field Goal","Mid-Range","Right Side Center(RC)","16-24 ft.",18,106,156,1,0],["0021300638",472,4,3,42,"Missed Shot","Jump Shot","2PT Field Goal","Mid-Range","Right Side Center(RC)","16-24 ft.",18,125,138,1,0],["0021300638",495,4,1,58,"Missed Shot","Tip Shot","2PT Field Goal","Restricted Area","Center(C)","Less Than 8 ft.",0,1,1,1,0],["0021300638",519,4,0,43,"Missed Shot","Dunk Shot","2PT Field Goal","Restricted Area","Center(C)","Less Than 8 ft.",0,-5,3,1,0],["0021300638",526,4,0,26,"Missed Shot","Dunk Shot","2PT Field Goal","Restricted Area","Center(C)","Less Than 8 ft.",1,-10,11,1,0],["0021300668",92,1,1,36,"Missed Shot","Layup Shot","2PT Field Goal","Restricted Area","Center(C)","Less Than 8 ft.",0,1,7,1,0],["0021300668",104,1,0,34,"Missed Shot","Jump Shot","2PT Field Goal","Mid-Range","Center(C)","16-24 ft.",17,39,170,1,0],["0021300668",119,2,11,44,"Missed Shot","Jump Shot","2PT Field Goal","Restricted Area","Center(C)","Less Than 8 ft.",3,-24,23,1,0],["0021300668",189,2,6,31,"Made Shot","Jump Shot","2PT Field Goal","Mid-Range","Left Side(L)","16-24 ft.",17,-142,97,1,1],["0021300668",404,4,9,24,"Made Shot","Driving Dunk Shot","2PT Field Goal","Restricted Area","Center(C)","Less Than 8 ft.",0,7,0,1,1],["0021300668",406,4,8,44,"Made Shot","Jump Shot","3PT Field Goal","Right Corner 3","Right Side(R)","24+ ft.",23,236,28,1,1],["0021300668",425,4,6,31,"Missed Shot","Turnaround Jump Shot","2PT Field Goal","Mid-Range","Right Side(R)","8-16 ft.",13,125,39,1,0],["0021300668",456,4,4,18,"Made Shot","Jump Shot","3PT Field Goal","Right Corner 3","Right Side(R)","24+ ft.",22,228,19,1,1],["0021300668",471,4,3,19,"Missed Shot","Jump Shot","3PT Field Goal","Above the Break 3","Center(C)","24+ ft.",24,-8,242,1,0],["0021300668",533,4,0,25,"Made Shot","Driving Layup Shot","2PT Field Goal","Restricted Area","Center(C)","Less Than 8 ft.",2,10,23,1,1],["0021300687",70,1,5,6,"Made Shot","Layup Shot","2PT Field Goal","Restricted Area","Center(C)","Less Than 8 ft.",2,12,22,1,1],["0021300687",426,4,10,34,"Missed Shot","Layup Shot","2PT Field Goal","Restricted Area","Center(C)","Less Than 8 ft.",1,4,15,1,0],["0021300687",449,4,8,3,"Missed Shot","Jump Shot","3PT Field Goal","Right Corner 3","Right Side(R)","24+ ft.",24,241,-6,1,0],["0021300687",493,4,3,40,"Missed Shot","Jump Shot","2PT Field Goal","In The Paint (Non-RA)","Center(C)","Less Than 8 ft.",4,-24,34,1,0],["0021300687",496,4,3,19,"Missed Shot","Jump Shot","2PT Field Goal","Mid-Range","Right Side(R)","8-16 ft.",10,108,14,1,0],["0021300687",520,4,1,48,"Missed Shot","Jump Shot","3PT Field Goal","Above the Break 3","Center(C)","24+ ft.",24,-5,242,1,0],["0021300701",109,1,0,0,"Missed Shot","Jump Shot","3PT Field Goal","Right Corner 3","Right Side(R)","24+ ft.",22,228,0,1,0],["0021300701",169,2,8,15,"Made Shot","Layup Shot","2PT Field Goal","Restricted Area","Center(C)","Less Than 8 ft.",2,23,15,1,1],["0021300701",397,4,9,22,"Missed Shot","Jump Shot","2PT Field Goal","Mid-Range","Left Side(L)","16-24 ft.",16,-155,55,1,0],["0021300717",78,1,2,52,"Missed Shot","Jump Shot","2PT Field Goal","Mid-Range","Left Side Center(LC)","16-24 ft.",20,-89,186,1,0],["0021300717",97,1,0,40,"Missed Shot","Jump Shot","2PT Field Goal","Mid-Range","Center(C)","16-24 ft.",19,-43,189,1,0],["0021300717",118,2,10,36,"Missed Shot","Jump Shot","2PT Field Goal","Mid-Range","Right Side(R)","16-24 ft.",18,159,93,1,0],["0021300717",140,2,8,38,"Made Shot","Finger Roll Layup Shot","2PT Field Goal","Restricted Area","Center(C)","Less Than 8 ft.",0,1,1,1,1],["0021300717",240,2,2,5,"Made Shot","Jump Shot","2PT Field Goal","Mid-Range","Left Side Center(LC)","16-24 ft.",18,-67,173,1,1],["0021300717",417,3,1,17,"Made Shot","Jump Shot","3PT Field Goal","Above the Break 3","Right Side Center(RC)","24+ ft.",24,88,231,1,1],["0021300717",452,4,9,39,"Missed Shot","Jump Shot","3PT Field Goal","Above the Break 3","Center(C)","24+ ft.",24,62,239,1,0],["0021300717",515,4,4,43,"Missed Shot","Jump Shot","2PT Field Goal","Mid-Range","Right Side(R)","8-16 ft.",11,114,20,1,0],["0021300725",70,1,3,55,"Missed Shot","Jump Shot","2PT Field Goal","Mid-Range","Right Side(R)","8-16 ft.",13,94,97,1,0],["0021300725",359,3,7,20,"Missed Shot","Jump Shot","2PT Field Goal","Mid-Range","Right Side(R)","16-24 ft.",17,154,77,1,0],["0021300725",366,3,6,41,"Made Shot","Putback Layup Shot","2PT Field Goal","Restricted Area","Center(C)","Less Than 8 ft.",0,0,3,1,1],["0021300725",378,3,5,9,"Missed Shot","Putback Layup Shot","2PT Field Goal","Restricted Area","Center(C)","Less Than 8 ft.",2,0,22,1,0],["0021300725",389,3,4,37,"Made Shot","Layup Shot","2PT Field Goal","Restricted Area","Center(C)","Less Than 8 ft.",0,-8,-5,1,1],["0021300725",391,3,4,12,"Made Shot","Jump Shot","2PT Field Goal","Mid-Range","Left Side Center(LC)","16-24 ft.",20,-164,131,1,1],["0021300725",427,3,1,42,"Made Shot","Layup Shot","2PT Field Goal","Restricted Area","Center(C)","Less Than 8 ft.",0,-5,7,1,1],["0021300725",433,3,1,14,"Missed Shot","Jump Shot","2PT Field Goal","Mid-Range","Left Side(L)","8-16 ft.",15,-147,47,1,0],["0021300725",445,3,0,22,"Missed Shot","Jump Shot","2PT Field Goal","Mid-Range","Center(C)","16-24 ft.",20,7,203,1,0],["0021300725",461,4,10,16,"Missed Shot","Jump Shot","3PT Field Goal","Above the Break 3","Right Side Center(RC)","24+ ft.",25,146,206,1,0],["0021300742",145,2,8,16,"Made Shot","Layup Shot","2PT Field Goal","Restricted Area","Center(C)","Less Than 8 ft.",1,7,12,1,1],["0021300742",165,2,6,10,"Made Shot","Jump Shot","2PT Field Goal","Mid-Range","Center(C)","16-24 ft.",22,31,220,1,1],["0021300742",170,2,5,12,"Made Shot","Jump Shot","3PT Field Goal","Above the Break 3","Center(C)","24+ ft.",25,61,246,1,1],["0021300742",329,3,3,53,"Missed Shot","Jump Shot","3PT Field Goal","Above the Break 3","Center(C)","24+ ft.",26,13,260,1,0],["0021300760",116,2,11,40,"Missed Shot","Jump Shot","2PT Field Goal","Mid-Range","Left Side Center(LC)","16-24 ft.",18,-108,148,1,0],["0021300760",144,2,8,31,"Missed Shot","Layup Shot","2PT Field Goal","Restricted Area","Center(C)","Less Than 8 ft.",2,26,14,1,0],["0021300760",147,2,8,4,"Missed Shot","Layup Shot","2PT Field Goal","Restricted Area","Center(C)","Less Than 8 ft.",2,10,19,1,0],["0021300760",148,2,8,3,"Made Shot","Putback Layup Shot","2PT Field Goal","Restricted Area","Center(C)","Less Than 8 ft.",0,9,0,1,1],["0021300771",113,1,0,31,"Missed Shot","Jump Shot","2PT Field Goal","Mid-Range","Right Side(R)","8-16 ft.",14,141,48,1,0],["0021300771",122,2,11,44,"Made Shot","Jump Shot","3PT Field Goal","Left Corner 3","Left Side(L)","24+ ft.",23,-234,9,1,1],["0021300771",128,2,10,40,"Made Shot","Jump Shot","3PT Field Goal","Above the Break 3","Center(C)","24+ ft.",26,-8,260,1,1],["0021300771",203,2,4,46,"Made Shot","Layup Shot","2PT Field Goal","Restricted Area","Center(C)","Less Than 8 ft.",1,-5,14,1,1],["0021300771",208,2,4,40,"Missed Shot","Jump Shot","2PT Field Goal","Mid-Range","Center(C)","8-16 ft.",15,-41,149,1,0],["0021300771",371,3,2,38,"Made Shot","Jump Shot","2PT Field Goal","Mid-Range","Right Side(R)","16-24 ft.",17,165,67,1,1],["0021300771",411,4,10,15,"Made Shot","Driving Dunk Shot","2PT Field Goal","Restricted Area","Center(C)","Less Than 8 ft.",0,1,1,1,1],["0021300771",427,4,8,55,"Missed Shot","Layup Shot","2PT Field Goal","Restricted Area","Center(C)","Less Than 8 ft.",0,-8,-2,1,0],["0021300771",495,4,4,40,"Made Shot","Jump Shot","3PT Field Goal","Above the Break 3","Left Side Center(LC)","24+ ft.",27,-213,175,1,1],["0021300782",63,1,5,6,"Missed Shot","Jump Shot","3PT Field Goal","Above the Break 3","Left Side Center(LC)","24+ ft.",24,-196,151,1,0],["0021300782",70,1,4,36,"Made Shot","Hook Shot","2PT Field Goal","In The Paint (Non-RA)","Center(C)","Less Than 8 ft.",5,-43,36,1,1],["0021300782",79,1,3,21,"Missed Shot","Jump Shot","2PT Field Goal","Mid-Range","Center(C)","16-24 ft.",21,2,211,1,0],["0021300782",138,2,10,26,"Missed Shot","Layup Shot","2PT Field Goal","Restricted Area","Center(C)","Less Than 8 ft.",0,9,1,1,0],["0021300793",122,2,11,26,"Made Shot","Jump Shot","2PT Field Goal","Mid-Range","Center(C)","8-16 ft.",15,-70,140,1,1],["0021300793",125,2,10,59,"Missed Shot","Jump Shot","3PT Field Goal","Above the Break 3","Center(C)","24+ ft.",25,10,255,1,0],["0021300793",169,2,8,9,"Missed Shot","Layup Shot","2PT Field Goal","Restricted Area","Center(C)","Less Than 8 ft.",2,-26,11,1,0],["0021300793",427,3,1,15,"Missed Shot","Jump Shot","2PT Field Goal","Mid-Range","Left Side Center(LC)","16-24 ft.",19,-79,181,1,0],["0021300793",469,4,10,22,"Made Shot","Layup Shot","2PT Field Goal","Restricted Area","Center(C)","Less Than 8 ft.",0,-8,-5,1,1],["0021300793",514,4,6,53,"Made Shot","Driving Layup Shot","2PT Field Goal","Restricted Area","Center(C)","Less Than 8 ft.",2,-15,-16,1,1],["0021300793",523,4,6,35,"Made Shot","Jump Shot","2PT Field Goal","Mid-Range","Left Side Center(LC)","16-24 ft.",19,-62,181,1,1],["0021300793",548,4,4,16,"Made Shot","Jump Shot","2PT Field Goal","Mid-Range","Left Side Center(LC)","16-24 ft.",18,-134,131,1,1],["0021300793",598,4,0,23,"Missed Shot","Jump Shot","3PT Field Goal","Right Corner 3","Right Side(R)","24+ ft.",24,241,-5,1,0],["0021300802",115,1,1,45,"Missed Shot","Jump Shot","2PT Field Goal","Mid-Range","Center(C)","16-24 ft.",19,53,192,1,0],["0021300802",144,2,11,14,"Missed Shot","Jump Shot","2PT Field Goal","In The Paint (Non-RA)","Center(C)","Less Than 8 ft.",4,-43,23,1,0],["0021300802",163,2,9,54,"Made Shot","Layup Shot","2PT Field Goal","Restricted Area","Center(C)","Less Than 8 ft.",0,7,6,1,1],["0021300802",169,2,9,20,"Missed Shot","Jump Shot","3PT Field Goal","Above the Break 3","Left Side Center(LC)","24+ ft.",24,-166,186,1,0],["0021300802",375,3,1,26,"Missed Shot","Jump Shot","2PT Field Goal","Mid-Range","Center(C)","16-24 ft.",18,18,181,1,0],["0021300802",418,4,11,0,"Missed Shot","Tip Shot","2PT Field Goal","Restricted Area","Center(C)","Less Than 8 ft.",0,0,-3,1,0],["0021300802",434,4,9,23,"Made Shot","Jump Shot","2PT Field Goal","Mid-Range","Left Side Center(LC)","16-24 ft.",20,-67,192,1,1],["0021300802",478,4,7,3,"Missed Shot","Jump Shot","3PT Field Goal","Above the Break 3","Left Side Center(LC)","24+ ft.",25,-125,225,1,0],["0021300818",96,1,2,25,"Made Shot","Jump Shot","2PT Field Goal","Mid-Range","Right Side Center(RC)","16-24 ft.",20,121,162,1,1],["0021300818",107,1,0,34,"Made Shot","Slam Dunk Shot","2PT Field Goal","Restricted Area","Center(C)","Less Than 8 ft.",0,-2,0,1,1],["0021300818",130,2,10,23,"Missed Shot","Jump Shot","2PT Field Goal","Mid-Range","Right Side(R)","8-16 ft.",12,94,83,1,0],["0021300818",134,2,9,47,"Missed Shot","Jump Shot","3PT Field Goal","Above the Break 3","Right Side Center(RC)","24+ ft.",24,192,156,1,0],["0021300818",151,2,8,18,"Made Shot","Turnaround Jump Shot","2PT Field Goal","In The Paint (Non-RA)","Center(C)","Less Than 8 ft.",4,0,44,1,1],["0021300818",422,4,11,27,"Made Shot","Running Dunk Shot","2PT Field Goal","Restricted Area","Center(C)","Less Than 8 ft.",0,-4,9,1,1],["0021300835",101,1,1,59,"Made Shot","Layup Shot","2PT Field Goal","Restricted Area","Center(C)","Less Than 8 ft.",0,2,-3,1,1],["0021300835",114,1,1,7,"Missed Shot","Jump Shot","2PT Field Goal","Mid-Range","Right Side(R)","8-16 ft.",14,132,64,1,0],["0021300835",395,4,11,13,"Made Shot","Slam Dunk Shot","2PT Field Goal","Restricted Area","Center(C)","Less Than 8 ft.",0,2,1,1,1],["0021300846",83,1,2,32,"Missed Shot","Jump Shot","2PT Field Goal","Mid-Range","Left Side(L)","16-24 ft.",18,-160,99,1,0],["0021300846",103,1,0,22,"Missed Shot","Layup Shot","2PT Field Goal","Restricted Area","Center(C)","Less Than 8 ft.",1,-7,12,1,0],["0021300846",131,2,10,2,"Missed Shot","Jump Shot","3PT Field Goal","Above the Break 3","Right Side Center(RC)","24+ ft.",24,141,206,1,0],["0021300846",137,2,9,28,"Missed Shot","Layup Shot","2PT Field Goal","Restricted Area","Center(C)","Less Than 8 ft.",1,2,12,1,0],["0021300846",421,4,9,44,"Missed Shot","Jump Shot","2PT Field Goal","Mid-Range","Right Side Center(RC)","16-24 ft.",20,144,140,1,0],["0021300858",109,2,11,22,"Made Shot","Putback Layup Shot","2PT Field Goal","Restricted Area","Center(C)","Less Than 8 ft.",2,-19,11,1,1],["0021300858",364,4,11,28,"Missed Shot","Jump Shot","3PT Field Goal","Above the Break 3","Left Side Center(LC)","24+ ft.",24,-116,214,1,0],["0021300858",414,4,7,37,"Made Shot","Jump Shot","2PT Field Goal","Mid-Range","Right Side Center(RC)","16-24 ft.",19,92,167,1,1],["0021300858",429,4,5,52,"Missed Shot","Tip Shot","2PT Field Goal","Restricted Area","Center(C)","Less Than 8 ft.",0,6,4,1,0],["0021300879",106,2,11,46,"Made Shot","Driving Layup Shot","2PT Field Goal","Restricted Area","Center(C)","Less Than 8 ft.",1,6,11,1,1],["0021300879",108,2,11,14,"Made Shot","Jump Shot","2PT Field Goal","Mid-Range","Right Side(R)","16-24 ft.",17,176,36,1,1],["0021300879",129,2,9,24,"Missed Shot","Jump Shot","3PT Field Goal","Above the Break 3","Right Side Center(RC)","24+ ft.",26,97,249,1,0],["0021300879",364,4,9,15,"Missed Shot","Jump Shot","2PT Field Goal","Mid-Range","Center(C)","16-24 ft.",21,-21,211,1,0],["0021300898",131,1,1,30,"Missed Shot","Jump Shot","2PT Field Goal","In The Paint (Non-RA)","Center(C)","Less Than 8 ft.",5,40,39,1,0],["0021300898",163,2,10,33,"Missed Shot","Jump Shot","2PT Field Goal","Mid-Range","Center(C)","16-24 ft.",18,-15,189,1,0],["0021300898",425,4,10,8,"Made Shot","Driving Finger Roll Layup Shot","2PT Field Goal","Restricted Area","Center(C)","Less Than 8 ft.",1,-13,6,1,1],["0021300898",529,4,3,19,"Made Shot","Dunk Shot","2PT Field Goal","Restricted Area","Center(C)","Less Than 8 ft.",0,4,-2,1,1],["0021300898",536,4,2,50,"Made Shot","Jump Shot","2PT Field Goal","Mid-Range","Right Side Center(RC)","16-24 ft.",17,119,135,1,1],["0021300898",549,4,1,59,"Made Shot","Jump Shot","3PT Field Goal","Above the Break 3","Right Side Center(RC)","24+ ft.",25,94,235,1,1],["0021300898",552,4,1,37,"Made Shot","Jump Shot","3PT Field Goal","Above the Break 3","Center(C)","24+ ft.",26,58,255,1,1],["0021300898",570,4,0,17,"Missed Shot","Jump Shot","2PT Field Goal","Mid-Range","Left Side Center(LC)","16-24 ft.",19,-116,156,1,0],["0021300918",344,4,11,25,"Missed Shot","Jump Shot","2PT Field Goal","Mid-Range","Center(C)","16-24 ft.",19,47,186,1,0],["0021300928",146,2,10,28,"Made Shot","Reverse Dunk Shot","2PT Field Goal","Restricted Area","Center(C)","Less Than 8 ft.",0,0,1,1,1],["0021301224",95,1,1,24,"Made Shot","Dunk Shot","2PT Field Goal","Restricted Area","Center(C)","Less Than 8 ft.",0,-8,0,1,1],["0021301224",112,2,11,40,"Made Shot","Layup Shot","2PT Field Goal","Restricted Area","Center(C)","Less Than 8 ft.",0,1,7,1,1],["0021301224",124,2,9,59,"Missed Shot","Jump Shot","2PT Field Goal","Mid-Range","Left Side Center(LC)","16-24 ft.",16,-130,105,1,0],["0021301224",131,2,9,32,"Missed Shot","Jump Bank Shot","2PT Field Goal","In The Paint (Non-RA)","Center(C)","Less Than 8 ft.",4,37,28,1,0],["0021301224",138,2,8,34,"Missed Shot","Jump Shot","2PT Field Goal","Mid-Range","Left Side Center(LC)","16-24 ft.",18,-134,124,1,0],["0021301224",415,4,8,47,"Made Shot","Running Slam Dunk Shot","2PT Field Goal","Restricted Area","Center(C)","Less Than 8 ft.",0,-7,1,1,1]]}},"GameList":{"21300771":[203461,"0021300771","02/11/2014","CLE","Cavaliers","SAC","Kings",1,19,6,9,3,3,1,0,1,0,10],"21300291":[203461,"0021300291","12/07/2013","CLE","Cavaliers","LAC","Clippers",1,0,0,0,0,0,2,0,0,0,0],"21300115":[203461,"0021300115","11/13/2013","CLE","Cavaliers","MIN","Timberwolves",1,6,3,11,0,1,1,0,0,0,5],"21300408":[203461,"0021300408","12/23/2013","CLE","Cavaliers","DET","Pistons",3,7,3,7,0,1,2,0,0,0,2],"21300793":[203461,"0021300793","02/18/2014","CLE","Cavaliers","PHI","76ers",2,10,5,9,0,2,1,0,0,2,11],"21300423":[203461,"0021300423","12/26/2013","CLE","Cavaliers","ATL","Hawks",0,0,0,1,0,0,1,0,0,0,0],"21300509":[203461,"0021300509","01/07/2014","CLE","Cavaliers","PHI","76ers",5,2,1,6,0,0,4,0,0,0,8],"21300760":[203461,"0021300760","02/09/2014","CLE","Cavaliers","MEM","Grizzlies",1,2,1,4,0,0,2,0,0,1,2],"21300033":[203461,"0021300033","11/02/2013","CLE","Cavaliers","IND","Pacers",0,0,0,4,0,1,1,0,2,0,6],"21300330":[203461,"0021300330","12/13/2013","CLE","Cavaliers","ORL","Magic",0,6,3,5,0,1,2,0,0,0,2],"21300194":[203461,"0021300194","11/23/2013","CLE","Cavaliers","SAS","Spurs",5,9,4,5,1,2,3,0,1,0,5],"21300076":[203461,"0021300076","11/08/2013","CLE","Cavaliers","PHI","76ers",1,0,0,0,0,0,0,0,0,0,1],"21300310":[203461,"0021300310","12/10/2013","CLE","Cavaliers","NYK","Knicks",0,2,1,2,0,1,1,0,0,0,1],"21300461":[203461,"0021300461","12/31/2013","CLE","Cavaliers","IND","Pacers",0,6,2,4,0,0,2,0,1,0,3],"21300499":[203461,"0021300499","01/05/2014","CLE","Cavaliers","IND","Pacers",3,6,2,4,0,1,4,0,0,0,3],"21300858":[203461,"0021300858","02/26/2014","CLE","Cavaliers","OKC","Thunder",1,4,2,4,0,1,2,0,1,0,2],"21300491":[203461,"0021300491","01/04/2014","CLE","Cavaliers","BKN","Nets",0,0,0,2,0,0,0,0,0,0,1],"21300835":[203461,"0021300835","02/23/2014","CLE","Cavaliers","WAS","Wizards",0,4,2,3,0,0,1,0,0,0,4],"21300818":[203461,"0021300818","02/21/2014","CLE","Cavaliers","TOR","Raptors",0,9,4,6,0,1,0,1,1,0,3],"21300129":[203461,"0021300129","11/15/2013","CLE","Cavaliers","CHA","Bobcats",0,2,1,3,0,0,0,0,1,2,1],"21300539":[203461,"0021300539","01/10/2014","CLE","Cavaliers","UTA","Jazz",0,0,0,0,0,0,0,0,0,0,0],"21300701":[203461,"0021300701","02/01/2014","CLE","Cavaliers","HOU","Rockets",2,2,1,3,0,1,4,1,0,0,4],"21300898":[203461,"0021300898","03/04/2014","CLE","Cavaliers","SAS","Spurs",1,14,5,8,2,2,5,0,1,1,1],"21300162":[203461,"0021300162","11/20/2013","CLE","Cavaliers","WAS","Wizards",0,0,0,2,0,1,2,0,0,0,1],"21300928":[203461,"0021300928","03/08/2014","CLE","Cavaliers","NYK","Knicks",0,2,1,1,0,0,1,0,0,1,0],"21300879":[203461,"0021300879","03/01/2014","CLE","Cavaliers","MEM","Grizzlies",0,4,2,4,0,1,0,0,0,0,2],"21300742":[203461,"0021300742","02/07/2014","CLE","Cavaliers","WAS","Wizards",2,8,3,4,1,2,5,0,0,0,6],"21300282":[203461,"0021300282","12/06/2013","CLE","Cavaliers","ATL","Hawks",0,0,0,3,0,2,0,0,0,0,0],"21300269":[203461,"0021300269","12/04/2013","CLE","Cavaliers","DEN","Nuggets",0,5,2,5,1,1,0,0,0,0,0],"21300473":[203461,"0021300473","01/02/2014","CLE","Cavaliers","ORL","Magic",2,0,0,4,0,1,3,0,1,1,3],"21300344":[203461,"0021300344","12/14/2013","CLE","Cavaliers","MIA","Heat",1,0,0,0,0,0,2,0,0,0,0],"21300552":[203461,"0021300552","01/12/2014","CLE","Cavaliers","SAC","Kings",0,3,1,5,0,0,1,1,0,0,3],"21300436":[203461,"0021300436","12/28/2013","CLE","Cavaliers","BOS","Celtics",1,5,2,6,0,2,3,1,1,2,5],"21300004":[203461,"0021300004","10/30/2013","CLE","Cavaliers","BKN","Nets",0,2,0,5,0,3,1,0,0,0,5],"21300782":[203461,"0021300782","02/12/2014","CLE","Cavaliers","DET","Pistons",1,2,1,4,0,1,2,0,1,0,2],"21300365":[203461,"0021300365","12/17/2013","CLE","Cavaliers","POR","Trail Blazers",0,2,1,1,0,0,0,0,0,0,2],"21300687":[203461,"0021300687","01/30/2014","CLE","Cavaliers","NYK","Knicks",0,4,1,6,0,2,3,0,1,1,2],"21300020":[203461,"0021300020","11/01/2013","CLE","Cavaliers","CHA","Bobcats",0,0,0,3,0,2,4,0,1,0,1],"21300668":[203461,"0021300668","01/28/2014","CLE","Cavaliers","NOP","Pelicans",1,15,5,10,2,3,3,1,0,1,8],"21300242":[203461,"0021300242","11/30/2013","CLE","Cavaliers","CHI","Bulls",0,2,1,3,0,1,2,0,0,0,0],"21301224":[203461,"0021301224","04/16/2014","CLE","Cavaliers","BKN","Nets",1,7,3,6,0,0,0,0,0,0,7],"21300047":[203461,"0021300047","11/04/2013","CLE","Cavaliers","MIN","Timberwolves",0,0,0,3,0,2,1,1,1,0,1],"21300088":[203461,"0021300088","11/09/2013","CLE","Cavaliers","PHI","76ers",0,0,0,1,0,0,1,0,0,0,1],"21300066":[203461,"0021300066","11/06/2013","CLE","Cavaliers","MIL","Bucks",0,3,1,5,1,3,1,1,2,1,3],"21300802":[203461,"0021300802","02/19/2014","CLE","Cavaliers","ORL","Magic",1,7,2,8,0,2,1,0,0,1,9],"21300918":[203461,"0021300918","03/07/2014","CLE","Cavaliers","CHA","Bobcats",1,0,0,1,0,0,0,0,0,1,0],"21300846":[203461,"0021300846","02/25/2014","CLE","Cavaliers","TOR","Raptors",3,2,0,5,0,1,1,0,0,0,1],"21300448":[203461,"0021300448","12/29/2013","CLE","Cavaliers","GSW","Warriors",0,3,0,4,0,0,0,0,1,0,2],"21300232":[203461,"0021300232","11/29/2013","CLE","Cavaliers","BOS","Celtics",3,4,1,4,1,2,4,0,0,1,4],"21300717":[203461,"0021300717","02/03/2014","CLE","Cavaliers","DAL","Mavericks",0,11,3,8,1,2,6,1,1,0,1],"21300725":[203461,"0021300725","02/05/2014","CLE","Cavaliers","LAL","Lakers",2,14,4,10,0,1,4,0,2,1,8],"21300638":[203461,"0021300638","01/24/2014","CLE","Cavaliers","MIL","Bucks",1,2,0,4,0,0,3,0,0,0,3]},"data":[21.0,52,0,12.8,1.5,4.3,0.356,0.3,1.0,0.245,0.8,1.3,0.638,0.9,2.0,3.0,0.3,0.4,0.2,0.9,1.8,4.2],"rank":{"PerGame":[null,null,null,null,null,null,null,null,null,null,null,null,null,null,null,null,null,null,null],"Totals":[315,308,292,null,245,237,null,269,247,null,189,275,258,370,296,297,265,305,336]},"team":"CLE"}},"headerData":["PLAYER_AGE","GP","GS","MIN","FGM","FGA","FG_PCT","FG3M","FG3A","FG3_PCT","FTM","FTA","FT_PCT","OREB","DREB","REB","AST","STL","BLK","TOV","PF","PTS"],"PostSeason":{}}}