{"info":{"FIRST_NAME":"Anthony","LAST_NAME":"Brown","WEIGHT":"210","COUNTRY":"United States","SCHOOL":"Stanford","BIRTHDATE":"1992-10-10T00:00:00","HEIGHT":"6-7","TO_YEAR":2015,"DLEAGUE":"Y","FROM_YEAR":2015,"TEAM":"LAL","PERSON_ID":1626148,"SEASON_EXP":1,"POSITION":"Forward","ROSTERSTATUS":"Active","ALL_STAR":0,"PIE":0,"JERSEY":"3"},"career":{"header":["MIN","FGM","FGA","FG_PCT","FG3M","FG3A","FG3_PCT","FTM","FTA","FT_PCT","OREB","DREB","REB","AST","STL","BLK","TOV","PF","PTS"],"RegularSeason":{"PerGame":[20.7,1.3,4.3,0.31,0.7,2.4,0.286,0.6,0.7,0.85,0.3,2.1,2.4,0.7,0.5,0.2,0.5,1.2,4.0],"GS":11,"GP":29},"PostSeason":{}},"season":{"headerRank":["RANK_PG_MIN","RANK_PG_FGM","RANK_PG_FGA","RANK_FG_PCT","RANK_PG_FG3M","RANK_PG_FG3A","RANK_FG3_PCT","RANK_PG_FTM","RANK_PG_FTA","RANK_FT_PCT","RANK_PG_OREB","RANK_PG_DREB","RANK_PG_REB","RANK_PG_AST","RANK_PG_STL","RANK_PG_BLK","RANK_PG_TOV","RANK_PG_PTS","RANK_PG_EFF"],"headerGame":["PLAYER_ID","GAME_ID","GAME_DATE","TEAM_ABBREVIATION","TEAM_NAME","VS_TEAM_ABBREVIATION","VS_TEAM_NAME","TOV","PTS","FGM","FGA","FG3M","FG3A","PF","BLK","STL","AST","REB"],"RegularSeason":{"2015":{"shotchart":{"Averages":{"header":["SHOT_ZONE_BASIC","SHOT_ZONE_AREA","SHOT_ZONE_RANGE","FGA","FGM","FG_PCT"],"row":[["Above the Break 3","Back Court(BC)","Back Court Shot",59,4,0.068],["Above the Break 3","Center(C)","24+ ft.",10884,3746,0.344],["Above the Break 3","Left Side Center(LC)","24+ ft.",16648,5802,0.349],["Above the Break 3","Right Side Center(RC)","24+ ft.",15837,5597,0.353],["Backcourt","Back Court(BC)","Back Court Shot",440,17,0.039],["In The Paint (Non-RA)","Center(C)","8-16 ft.",6851,2889,0.422],["In The Paint (Non-RA)","Center(C)","Less Than 8 ft.",19352,7561,0.391],["In The Paint (Non-RA)","Left Side(L)","8-16 ft.",2089,842,0.403],["In The Paint (Non-RA)","Right Side(R)","8-16 ft.",1932,799,0.414],["Left Corner 3","Left Side(L)","24+ ft.",7865,2940,0.374],["Mid-Range","Center(C)","16-24 ft.",7324,2897,0.396],["Mid-Range","Center(C)","8-16 ft.",2265,987,0.436],["Mid-Range","Left Side Center(LC)","16-24 ft.",7754,3066,0.395],["Mid-Range","Left Side(L)","16-24 ft.",5452,2173,0.399],["Mid-Range","Left Side(L)","8-16 ft.",7639,3005,0.393],["Mid-Range","Right Side Center(RC)","16-24 ft.",8145,3249,0.399],["Mid-Range","Right Side(R)","16-24 ft.",4924,1996,0.405],["Mid-Range","Right Side(R)","8-16 ft.",7630,3011,0.395],["Restricted Area","Center(C)","Less Than 8 ft.",67444,40634,0.602],["Right Corner 3","Right Side(R)","24+ ft.",7361,2803,0.381]]},"Details":{"header":["GAME_ID","GAME_EVENT_ID","PERIOD","MINUTES_REMAINING","SECONDS_REMAINING","EVENT_TYPE","ACTION_TYPE","SHOT_TYPE","SHOT_ZONE_BASIC","SHOT_ZONE_AREA","SHOT_ZONE_RANGE","SHOT_DISTANCE","LOC_X","LOC_Y","SHOT_ATTEMPTED_FLAG","SHOT_MADE_FLAG"],"row":[["0021500031",593,4,0,36,"Made Shot","Jump Shot","3PT Field Goal","Left Corner 3","Left Side(L)","24+ ft.",24,-243,7,1,1],["0021500031",598,4,0,0,"Missed Shot","Jump Shot","3PT Field Goal","Right Corner 3","Right Side(R)","24+ ft.",24,243,11,1,0],["0021500342",484,4,0,24,"Missed Shot","Layup Shot","2PT Field Goal","Restricted Area","Center(C)","Less Than 8 ft.",0,9,-1,1,0],["0021500349",532,4,2,14,"Missed Shot","Jump Shot","2PT Field Goal","Mid-Range","Left Side(L)","16-24 ft.",22,-219,-41,1,0],["0021500349",536,4,1,38,"Missed Shot","Jump Shot","3PT Field Goal","Left Corner 3","Left Side(L)","24+ ft.",23,-237,-19,1,0],["0021500398",39,1,7,13,"Missed Shot","Jump Shot","3PT Field Goal","Above the Break 3","Left Side Center(LC)","24+ ft.",24,-169,180,1,0],["0021500398",193,2,6,14,"Missed Shot","Driving Layup Shot","2PT Field Goal","Restricted Area","Center(C)","Less Than 8 ft.",2,22,11,1,0],["0021500398",249,2,2,12,"Made Shot","Layup Shot","2PT Field Goal","Restricted Area","Center(C)","Less Than 8 ft.",1,1,13,1,1],["0021500398",282,3,10,58,"Missed Shot","Jump Shot","3PT Field Goal","Above the Break 3","Right Side Center(RC)","24+ ft.",26,133,229,1,0],["0021500398",313,3,7,46,"Made Shot","Jump Shot","2PT Field Goal","Mid-Range","Left Side Center(LC)","16-24 ft.",19,-133,139,1,1],["0021500398",341,3,4,36,"Missed Shot","Jump Shot","2PT Field Goal","Mid-Range","Left Side(L)","16-24 ft.",22,-196,105,1,0],["0021500398",462,4,5,16,"Missed Shot","Jump Shot","2PT Field Goal","In The Paint (Non-RA)","Center(C)","Less Than 8 ft.",7,64,46,1,0],["0021500398",464,4,5,14,"Missed Shot","Layup Shot","2PT Field Goal","Restricted Area","Center(C)","Less Than 8 ft.",1,10,7,1,0],["0021500398",487,4,1,55,"Missed Shot","Jump Shot","3PT Field Goal","Above the Break 3","Right Side Center(RC)","24+ ft.",25,195,159,1,0],["0021500435",106,1,1,55,"Missed Shot","Jump Shot","3PT Field Goal","Above the Break 3","Right Side Center(RC)","24+ ft.",25,123,219,1,0],["0021500435",111,1,1,23,"Missed Shot","Jump Shot","3PT Field Goal","Left Corner 3","Left Side(L)","24+ ft.",24,-240,7,1,0],["0021500435",399,3,0,18,"Missed Shot","Jump Shot","3PT Field Goal","Right Corner 3","Right Side(R)","24+ ft.",23,228,33,1,0],["0021500435",504,4,1,19,"Made Shot","Running Layup Shot","2PT Field Goal","Restricted Area","Center(C)","Less Than 8 ft.",1,2,16,1,1],["0021500435",508,4,0,31,"Missed Shot","Jump Shot","3PT Field Goal","Above the Break 3","Right Side Center(RC)","24+ ft.",24,141,198,1,0],["0021500435",511,4,0,0,"Missed Shot","Jump Shot","3PT Field Goal","Above the Break 3","Right Side Center(RC)","24+ ft.",24,151,188,1,0],["0021500455",444,4,4,29,"Missed Shot","Floating Jump shot","2PT Field Goal","In The Paint (Non-RA)","Center(C)","Less Than 8 ft.",6,48,38,1,0],["0021500455",445,4,4,26,"Missed Shot","Floating Jump shot","2PT Field Goal","In The Paint (Non-RA)","Center(C)","Less Than 8 ft.",5,45,38,1,0],["0021500455",500,4,0,41,"Missed Shot","Jump Shot","2PT Field Goal","In The Paint (Non-RA)","Center(C)","Less Than 8 ft.",5,4,51,1,0],["0021500455",502,4,0,26,"Missed Shot","Jump Shot","3PT Field Goal","Above the Break 3","Center(C)","24+ ft.",25,-4,252,1,0],["0021500494",70,1,6,35,"Missed Shot","Jump Shot","2PT Field Goal","In The Paint (Non-RA)","Center(C)","8-16 ft.",9,-24,87,1,0],["0021500494",346,3,7,13,"Made Shot","Pullup Jump shot","2PT Field Goal","Mid-Range","Left Side(L)","16-24 ft.",17,-148,90,1,1],["0021500494",393,3,4,22,"Made Shot","Jump Shot","3PT Field Goal","Above the Break 3","Right Side Center(RC)","24+ ft.",24,128,214,1,1],["0021500510",38,1,6,26,"Missed Shot","Jump Shot","2PT Field Goal","Mid-Range","Right Side Center(RC)","16-24 ft.",20,105,175,1,0],["0021500510",209,2,3,47,"Missed Shot","Jump Shot","3PT Field Goal","Above the Break 3","Right Side Center(RC)","24+ ft.",24,212,129,1,0],["0021500510",292,3,9,4,"Missed Shot","Jump Shot","3PT Field Goal","Above the Break 3","Left Side Center(LC)","24+ ft.",26,-107,247,1,0],["0021500510",325,3,5,20,"Made Shot","Jump Shot","2PT Field Goal","Mid-Range","Right Side Center(RC)","16-24 ft.",19,120,159,1,1],["0021500510",338,3,3,42,"Missed Shot","Layup Shot","2PT Field Goal","Restricted Area","Center(C)","Less Than 8 ft.",1,6,11,1,0],["0021500510",477,4,2,27,"Missed Shot","Jump Shot","2PT Field Goal","Mid-Range","Right Side Center(RC)","16-24 ft.",16,110,129,1,0],["0021500510",499,4,0,23,"Made Shot","Jump Shot","3PT Field Goal","Left Corner 3","Left Side(L)","24+ ft.",24,-238,38,1,1],["0021500524",46,1,8,0,"Missed Shot","Jump Shot","3PT Field Goal","Above the Break 3","Right Side Center(RC)","24+ ft.",25,168,198,1,0],["0021500524",99,1,3,41,"Missed Shot","Jump Shot","3PT Field Goal","Above the Break 3","Left Side Center(LC)","24+ ft.",28,-194,205,1,0],["0021500524",105,1,2,53,"Made Shot","Jump Shot","2PT Field Goal","Mid-Range","Right Side(R)","8-16 ft.",14,112,95,1,1],["0021500524",286,3,10,25,"Missed Shot","Jump Shot","2PT Field Goal","Mid-Range","Left Side Center(LC)","16-24 ft.",18,-143,111,1,0],["0021500524",461,4,8,13,"Missed Shot","Jump Shot","2PT Field Goal","In The Paint (Non-RA)","Left Side(L)","8-16 ft.",10,-79,70,1,0],["0021500524",503,4,4,10,"Missed Shot","Jump Shot","3PT Field Goal","Left Corner 3","Left Side(L)","24+ ft.",24,-245,7,1,0],["0021500539",477,4,4,38,"Missed Shot","Jump Shot","3PT Field Goal","Above the Break 3","Left Side Center(LC)","24+ ft.",24,-204,131,1,0],["0021500549",367,3,2,19,"Made Shot","Jump Shot","3PT Field Goal","Above the Break 3","Left Side Center(LC)","24+ ft.",27,-160,218,1,1],["0021500565",16,1,9,19,"Missed Shot","Jump Shot","2PT Field Goal","In The Paint (Non-RA)","Center(C)","8-16 ft.",11,24,111,1,0],["0021500565",21,1,9,2,"Missed Shot","Jump Shot","2PT Field Goal","Mid-Range","Center(C)","8-16 ft.",15,-25,151,1,0],["0021500565",68,1,4,46,"Missed Shot","Jump Shot","3PT Field Goal","Right Corner 3","Right Side(R)","24+ ft.",23,227,65,1,0],["0021500565",267,3,9,34,"Made Shot","Jump Shot","2PT Field Goal","Mid-Range","Left Side Center(LC)","16-24 ft.",18,-83,165,1,1],["0021500565",454,4,2,50,"Missed Shot","Jump Shot","2PT Field Goal","Mid-Range","Left Side(L)","16-24 ft.",20,-197,41,1,0],["0021500565",506,4,0,21,"Missed Shot","Jump Shot","3PT Field Goal","Left Corner 3","Left Side(L)","24+ ft.",24,-243,11,1,0],["0021500576",110,1,0,22,"Made Shot","Jump Shot","2PT Field Goal","Mid-Range","Right Side(R)","8-16 ft.",15,153,31,1,1],["0021500576",114,1,0,1,"Missed Shot","Jump Shot","3PT Field Goal","Above the Break 3","Right Side Center(RC)","24+ ft.",24,155,193,1,0],["0021500576",268,2,0,25,"Missed Shot","Jump Shot","3PT Field Goal","Right Corner 3","Right Side(R)","24+ ft.",22,225,8,1,0],["0021500576",317,3,7,38,"Made Shot","Jump Shot","3PT Field Goal","Left Corner 3","Left Side(L)","24+ ft.",24,-243,-6,1,1],["0021500576",331,3,6,26,"Made Shot","Jump Shot","3PT Field Goal","Right Corner 3","Right Side(R)","24+ ft.",22,225,-15,1,1],["0021500592",115,1,1,24,"Missed Shot","Jump Shot","3PT Field Goal","Left Corner 3","Left Side(L)","24+ ft.",23,-233,11,1,0],["0021500592",398,3,1,14,"Missed Shot","Jump Shot","3PT Field Goal","Above the Break 3","Right Side Center(RC)","24+ ft.",23,218,100,1,0],["0021500608",104,1,0,54,"Made Shot","Jump Shot","3PT Field Goal","Above the Break 3","Left Side Center(LC)","24+ ft.",25,-130,218,1,1],["0021500608",138,2,9,52,"Made Shot","Jump Shot","3PT Field Goal","Above the Break 3","Right Side Center(RC)","24+ ft.",25,213,144,1,1],["0021500608",245,2,0,55,"Missed Shot","Reverse Layup Shot","2PT Field Goal","Restricted Area","Center(C)","Less Than 8 ft.",2,22,0,1,0],["0021500608",369,3,1,28,"Made Shot","Jump Shot","3PT Field Goal","Above the Break 3","Center(C)","24+ ft.",24,0,249,1,1],["0021500608",482,4,1,14,"Missed Shot","Floating Jump shot","2PT Field Goal","In The Paint (Non-RA)","Right Side(R)","8-16 ft.",8,69,51,1,0],["0021500614",113,2,10,55,"Made Shot","Jump Shot","3PT Field Goal","Above the Break 3","Right Side Center(RC)","24+ ft.",25,151,210,1,1],["0021500614",171,2,6,9,"Missed Shot","Jump Shot","3PT Field Goal","Above the Break 3","Left Side Center(LC)","24+ ft.",26,-181,198,1,0],["0021500614",391,4,10,48,"Missed Shot","Jump Shot","3PT Field Goal","Above the Break 3","Left Side Center(LC)","24+ ft.",26,-217,154,1,0],["0021500614",399,4,10,5,"Made Shot","Driving Layup Shot","2PT Field Goal","Restricted Area","Center(C)","Less Than 8 ft.",2,-24,11,1,1],["0021500614",416,4,8,35,"Made Shot","Jump Shot","2PT Field Goal","Mid-Range","Right Side(R)","8-16 ft.",13,109,75,1,1],["0021500614",456,4,4,7,"Missed Shot","Jump Shot","2PT Field Goal","Mid-Range","Left Side(L)","16-24 ft.",21,-186,115,1,0],["0021500614",495,4,1,23,"Missed Shot","Jump Shot","3PT Field Goal","Left Corner 3","Left Side(L)","24+ ft.",23,-235,-21,1,0],["0021500614",501,4,0,49,"Made Shot","Jump Shot","3PT Field Goal","Above the Break 3","Right Side Center(RC)","24+ ft.",25,225,115,1,1],["0021500638",407,3,3,43,"Missed Shot","Jump Shot","3PT Field Goal","Left Corner 3","Left Side(L)","24+ ft.",23,-233,-1,1,0],["0021500638",459,4,11,29,"Missed Shot","Jump Shot","3PT Field Goal","Above the Break 3","Left Side Center(LC)","24+ ft.",26,-207,160,1,0],["0021500638",473,4,10,13,"Made Shot","Driving Layup Shot","2PT Field Goal","Restricted Area","Center(C)","Less Than 8 ft.",0,-7,0,1,1],["0021500638",606,4,0,59,"Missed Shot","Jump Shot","3PT Field Goal","Above the Break 3","Left Side Center(LC)","24+ ft.",26,-122,232,1,0],["0021500653",91,1,2,16,"Made Shot","Driving Floating Bank Jump Shot","2PT Field Goal","Restricted Area","Center(C)","Less Than 8 ft.",1,2,16,1,1],["0021500653",141,2,9,46,"Missed Shot","Jump Shot","2PT Field Goal","Mid-Range","Left Side(L)","8-16 ft.",12,-112,56,1,0],["0021500653",145,2,9,24,"Missed Shot","Jump Shot","3PT Field Goal","Right Corner 3","Right Side(R)","24+ ft.",23,232,56,1,0],["0021500653",147,2,9,20,"Missed Shot","Driving Layup Shot","2PT Field Goal","Restricted Area","Center(C)","Less Than 8 ft.",1,9,7,1,0],["0021500653",358,3,0,57,"Missed Shot","Jump Shot","3PT Field Goal","Above the Break 3","Left Side Center(LC)","24+ ft.",25,-106,237,1,0],["0021500653",402,4,8,28,"Missed Shot","Jump Shot","3PT Field Goal","Above the Break 3","Right Side Center(RC)","24+ ft.",25,84,237,1,0],["0021500662",166,2,6,33,"Made Shot","Jump Shot","3PT Field Goal","Above the Break 3","Right Side Center(RC)","24+ ft.",25,153,203,1,1],["0021500662",392,4,10,27,"Missed Shot","Driving Layup Shot","2PT Field Goal","Restricted Area","Center(C)","Less Than 8 ft.",1,12,7,1,0],["0021500662",394,4,10,18,"Made Shot","Floating Jump shot","2PT Field Goal","In The Paint (Non-RA)","Center(C)","Less Than 8 ft.",6,17,62,1,1],["0021500662",433,4,6,44,"Made Shot","Jump Shot","3PT Field Goal","Above the Break 3","Center(C)","24+ ft.",24,45,244,1,1],["0021500683",56,1,5,32,"Made Shot","Jump Shot","3PT Field Goal","Above the Break 3","Right Side Center(RC)","24+ ft.",25,168,188,1,1],["0021500683",321,3,7,24,"Missed Shot","Jump Shot","3PT Field Goal","Above the Break 3","Right Side Center(RC)","24+ ft.",24,76,232,1,0],["0021500683",375,3,1,39,"Missed Shot","Jump Shot","3PT Field Goal","Above the Break 3","Left Side Center(LC)","24+ ft.",25,-222,134,1,0],["0021500697",28,1,8,7,"Made Shot","Running Dunk Shot","2PT Field Goal","Restricted Area","Center(C)","Less Than 8 ft.",0,-2,-6,1,1],["0021500697",219,2,0,34,"Missed Shot","Jump Shot","3PT Field Goal","Above the Break 3","Left Side Center(LC)","24+ ft.",24,-189,156,1,0],["0021500697",312,3,3,59,"Made Shot","Jump Shot","3PT Field Goal","Above the Break 3","Right Side Center(RC)","24+ ft.",24,156,188,1,1],["0021500697",376,4,10,51,"Made Shot","Jump Shot","2PT Field Goal","Mid-Range","Right Side(R)","8-16 ft.",12,120,13,1,1],["0021500697",396,4,9,11,"Missed Shot","Jump Shot","2PT Field Goal","In The Paint (Non-RA)","Center(C)","Less Than 8 ft.",4,30,31,1,0],["0021500697",416,4,7,48,"Missed Shot","Jump Shot","3PT Field Goal","Above the Break 3","Left Side Center(LC)","24+ ft.",24,-161,185,1,0],["0021500697",426,4,6,58,"Missed Shot","Jump Shot","3PT Field Goal","Right Corner 3","Right Side(R)","24+ ft.",22,225,-1,1,0],["0021500697",490,4,2,8,"Missed Shot","Jump Shot","2PT Field Goal","Mid-Range","Right Side(R)","8-16 ft.",10,104,11,1,0],["0021500697",497,4,1,53,"Missed Shot","Driving Layup Shot","2PT Field Goal","Restricted Area","Center(C)","Less Than 8 ft.",2,27,11,1,0],["0021500706",2,1,11,34,"Missed Shot","Jump Shot","3PT Field Goal","Above the Break 3","Left Side Center(LC)","24+ ft.",25,-140,213,1,0],["0021500706",6,1,11,6,"Made Shot","Jump Shot","3PT Field Goal","Left Corner 3","Left Side(L)","24+ ft.",24,-240,-11,1,1],["0021500706",160,2,9,8,"Missed Shot","Jump Shot","2PT Field Goal","Mid-Range","Right Side Center(RC)","16-24 ft.",18,138,124,1,0],["0021500706",314,3,8,8,"Missed Shot","Jump Shot","3PT Field Goal","Above the Break 3","Right Side Center(RC)","24+ ft.",26,158,213,1,0],["0021500706",501,4,1,14,"Missed Shot","Jump Shot","2PT Field Goal","Mid-Range","Right Side(R)","16-24 ft.",18,166,80,1,0],["0021500776",111,1,2,27,"Made Shot","Pullup Jump shot","3PT Field Goal","Above the Break 3","Left Side Center(LC)","24+ ft.",27,-138,237,1,1],["0021500776",121,1,1,29,"Missed Shot","Jump Shot","3PT Field Goal","Above the Break 3","Left Side Center(LC)","24+ ft.",24,-86,229,1,0],["0021500868",239,3,11,19,"Missed Shot","Jump Shot","2PT Field Goal","Mid-Range","Center(C)","16-24 ft.",20,-47,203,1,0],["0021500868",246,3,10,17,"Missed Shot","Jump Shot","3PT Field Goal","Above the Break 3","Left Side Center(LC)","24+ ft.",25,-197,165,1,0],["0021500868",251,3,9,40,"Missed Shot","Layup Shot","2PT Field Goal","Restricted Area","Center(C)","Less Than 8 ft.",0,-7,-6,1,0],["0021500868",319,3,3,17,"Missed Shot","Jump Shot","3PT Field Goal","Above the Break 3","Left Side Center(LC)","24+ ft.",25,-133,214,1,0],["0021500868",354,3,2,3,"Made Shot","Jump Shot","2PT Field Goal","Mid-Range","Center(C)","16-24 ft.",18,43,175,1,1],["0021500868",478,4,3,14,"Made Shot","Driving Layup Shot","2PT Field Goal","Restricted Area","Center(C)","Less Than 8 ft.",1,4,18,1,1],["0021500868",495,4,1,53,"Missed Shot","Driving Layup Shot","2PT Field Goal","Restricted Area","Center(C)","Less Than 8 ft.",2,-24,8,1,0],["0021500896",4,1,11,29,"Missed Shot","Jump Shot","2PT Field Goal","Mid-Range","Left Side Center(LC)","16-24 ft.",22,-96,198,1,0],["0021500896",64,1,3,0,"Missed Shot","Pullup Jump shot","2PT Field Goal","Mid-Range","Left Side(L)","8-16 ft.",14,-145,36,1,0],["0021500896",239,3,11,47,"Made Shot","Jump Shot","2PT Field Goal","Mid-Range","Right Side Center(RC)","16-24 ft.",19,115,154,1,1],["0021500896",247,3,10,44,"Missed Shot","Jump Shot","3PT Field Goal","Above the Break 3","Left Side Center(LC)","24+ ft.",24,-132,208,1,0],["0021500896",249,3,10,39,"Missed Shot","Layup Shot","2PT Field Goal","Restricted Area","Center(C)","Less Than 8 ft.",1,12,3,1,0],["0021500896",304,3,4,48,"Missed Shot","Jump Shot","2PT Field Goal","Mid-Range","Right Side Center(RC)","16-24 ft.",21,132,165,1,0],["0021500906",142,2,11,5,"Missed Shot","Jump Shot","2PT Field Goal","Mid-Range","Center(C)","16-24 ft.",16,-45,154,1,0],["0021500906",151,2,9,51,"Missed Shot","Jump Shot","3PT Field Goal","Above the Break 3","Left Side Center(LC)","24+ ft.",25,-215,129,1,0],["0021500906",264,2,0,46,"Missed Shot","Jump Shot","3PT Field Goal","Left Corner 3","Left Side(L)","24+ ft.",22,-228,-1,1,0],["0021500906",436,4,10,40,"Made Shot","Jump Shot","3PT Field Goal","Left Corner 3","Left Side(L)","24+ ft.",23,-232,-1,1,1],["0021500906",508,4,2,42,"Made Shot","Jump Shot","3PT Field Goal","Above the Break 3","Right Side Center(RC)","24+ ft.",25,171,183,1,1],["0021500906",523,4,1,36,"Missed Shot","Jump Shot","3PT Field Goal","Right Corner 3","Right Side(R)","24+ ft.",23,227,75,1,0],["0021500921",18,1,9,27,"Made Shot","Turnaround Jump Shot","2PT Field Goal","In The Paint (Non-RA)","Center(C)","8-16 ft.",13,64,120,1,1],["0021500921",46,1,6,7,"Missed Shot","Jump Shot","3PT Field Goal","Above the Break 3","Center(C)","24+ ft.",25,78,244,1,0],["0021500921",51,1,5,25,"Missed Shot","Jump Shot","3PT Field Goal","Above the Break 3","Right Side Center(RC)","24+ ft.",23,105,214,1,0],["0021500921",177,2,5,11,"Missed Shot","Jump Shot","3PT Field Goal","Above the Break 3","Center(C)","24+ ft.",24,10,247,1,0],["0021500921",299,3,6,31,"Missed Shot","Jump Shot","3PT Field Goal","Above the Break 3","Right Side Center(RC)","24+ ft.",24,166,178,1,0],["0021500921",330,3,3,10,"Made Shot","Jump Shot","3PT Field Goal","Left Corner 3","Left Side(L)","24+ ft.",23,-232,0,1,1]]}},"GameList":{"21500896":[1626148,"0021500896","03/01/2016","LAL","Lakers","BKN","Nets",0,2,1,6,0,1,3,0,0,2,3],"21500868":[1626148,"0021500868","02/26/2016","LAL","Lakers","MEM","Grizzlies",0,5,2,7,0,2,2,0,2,2,5],"21500906":[1626148,"0021500906","03/02/2016","LAL","Lakers","DEN","Nuggets",1,6,2,6,2,5,2,0,1,1,4],"21500435":[1626148,"0021500435","12/23/2015","LAL","Lakers","OKC","Thunder",1,2,1,6,0,5,0,0,1,3,3],"21500921":[1626148,"0021500921","03/04/2016","LAL","Lakers","ATL","Hawks",0,7,2,6,1,5,1,0,1,2,3],"21500683":[1626148,"0021500683","01/26/2016","LAL","Lakers","DAL","Mavericks",0,3,1,3,1,3,1,0,0,0,1],"21500706":[1626148,"0021500706","01/29/2016","LAL","Lakers","LAC","Clippers",0,5,1,5,1,3,3,1,0,3,4],"21500608":[1626148,"0021500608","01/16/2016","LAL","Lakers","UTA","Jazz",0,9,3,5,3,3,1,0,0,0,7],"21500576":[1626148,"0021500576","01/12/2016","LAL","Lakers","NOP","Pelicans",0,9,3,5,2,4,0,0,0,0,4],"21500592":[1626148,"0021500592","01/14/2016","LAL","Lakers","GSW","Warriors",1,0,0,2,0,2,1,0,1,0,1],"21500157":[1626148,"0021500157","11/16/2015","LAL","Lakers","PHX","Suns",0,0,0,0,0,0,0,0,0,0,0],"21500398":[1626148,"0021500398","12/19/2015","LAL","Lakers","OKC","Thunder",2,4,2,9,0,3,4,0,2,1,1],"21500494":[1626148,"0021500494","01/01/2016","LAL","Lakers","PHI","76ers",0,5,2,3,1,1,0,0,1,0,5],"21500697":[1626148,"0021500697","01/28/2016","LAL","Lakers","CHI","Bulls",1,7,3,9,1,4,1,0,1,1,3],"21500549":[1626148,"0021500549","01/08/2016","LAL","Lakers","OKC","Thunder",0,3,1,1,1,1,2,2,0,1,1],"21500349":[1626148,"0021500349","12/12/2015","LAL","Lakers","HOU","Rockets",0,0,0,2,0,1,0,0,0,0,0],"21500524":[1626148,"0021500524","01/05/2016","LAL","Lakers","GSW","Warriors",0,4,1,6,0,3,4,1,0,0,3],"21500342":[1626148,"0021500342","12/11/2015","LAL","Lakers","SAS","Spurs",0,0,0,1,0,0,1,0,0,0,0],"21500653":[1626148,"0021500653","01/22/2016","LAL","Lakers","SAS","Spurs",1,2,1,6,0,3,0,0,1,0,2],"21500614":[1626148,"0021500614","01/17/2016","LAL","Lakers","HOU","Rockets",0,10,4,8,2,5,0,0,0,0,2],"21500638":[1626148,"0021500638","01/20/2016","LAL","Lakers","SAC","Kings",0,3,1,4,0,3,2,0,0,0,3],"21500455":[1626148,"0021500455","12/27/2015","LAL","Lakers","MEM","Grizzlies",1,2,0,4,0,1,0,0,1,1,4],"21500565":[1626148,"0021500565","01/10/2016","LAL","Lakers","UTA","Jazz",1,4,1,6,0,2,2,0,0,0,4],"21500776":[1626148,"0021500776","02/08/2016","LAL","Lakers","IND","Pacers",0,3,1,2,1,2,0,0,0,0,1],"21500031":[1626148,"0021500031","10/30/2015","LAL","Lakers","SAC","Kings",0,5,1,2,1,2,0,0,0,0,0],"21500510":[1626148,"0021500510","01/03/2016","LAL","Lakers","PHX","Suns",3,5,2,7,1,3,0,1,1,2,3],"21500539":[1626148,"0021500539","01/07/2016","LAL","Lakers","SAC","Kings",1,0,0,1,0,1,2,0,0,0,2],"21500108":[1626148,"0021500108","11/10/2015","LAL","Lakers","MIA","Heat",0,0,0,0,0,0,0,0,1,0,0],"21500662":[1626148,"0021500662","01/23/2016","LAL","Lakers","POR","Trail Blazers",2,10,3,4,2,2,2,0,0,0,1]},"data":[23.0,29,11,20.7,1.3,4.3,0.31,0.7,2.4,0.286,0.6,0.7,0.85,0.3,2.1,2.4,0.7,0.5,0.2,0.5,1.2,4.0],"rank":{"PerGame":[null,null,null,null,null,null,null,null,null,null,null,null,null,null,null,null,null,null,null],"Totals":[336,382,361,null,245,240,null,376,388,null,378,355,360,379,345,348,385,377,383]},"team":"LAL"}},"headerData":["PLAYER_AGE","GP","GS","MIN","FGM","FGA","FG_PCT","FG3M","FG3A","FG3_PCT","FTM","FTA","FT_PCT","OREB","DREB","REB","AST","STL","BLK","TOV","PF","PTS"],"PostSeason":{}}}