{"info":{"FIRST_NAME":"Anthony","LAST_NAME":"Taylor","WEIGHT":"175","COUNTRY":"USA","SCHOOL":"Oregon","BIRTHDATE":"1965-11-30T00:00:00","HEIGHT":"6-4","TO_YEAR":1988,"DLEAGUE":"N","FROM_YEAR":1988,"TEAM":"MIA","PERSON_ID":78295,"SEASON_EXP":0,"POSITION":"Guard","ROSTERSTATUS":"Active","ALL_STAR":0,"PIE":0,"JERSEY":"3"},"career":{"header":["MIN","FGM","FGA","FG_PCT","FG3M","FG3A","FG3_PCT","FTM","FTA","FT_PCT","OREB","DREB","REB","AST","STL","BLK","TOV","PF","PTS"],"RegularSeason":{"PerGame":[17.5,2.9,7.2,0.397,0.0,0.1,0.0,1.1,1.5,0.75,0.5,1.1,1.6,2.0,1.0,0.2,1.0,1.8,6.9],"GS":7,"GP":21},"PostSeason":{}},"season":{"headerRank":["RANK_PG_MIN","RANK_PG_FGM","RANK_PG_FGA","RANK_FG_PCT","RANK_PG_FG3M","RANK_PG_FG3A","RANK_FG3_PCT","RANK_PG_FTM","RANK_PG_FTA","RANK_FT_PCT","RANK_PG_OREB","RANK_PG_DREB","RANK_PG_REB","RANK_PG_AST","RANK_PG_STL","RANK_PG_BLK","RANK_PG_TOV","RANK_PG_PTS","RANK_PG_EFF"],"headerGame":["PLAYER_ID","GAME_ID","GAME_DATE","TEAM_ABBREVIATION","TEAM_NAME","VS_TEAM_ABBREVIATION","VS_TEAM_NAME","TOV","PTS","FGM","FGA","FG3M","FG3A","PF","BLK","STL","AST","REB"],"RegularSeason":{"1988":{"GameList":{"28800163":[78295,"0028800163","11/30/1988","MIA","Heat","SAN","Spurs",0,8,3,10,0,0,4,0,1,5,3],"28800233":[78295,"0028800233","12/12/1988","MIA","Heat","UTH","Jazz",1,2,1,3,0,0,2,0,0,2,2],"28800070":[78295,"0028800070","11/15/1988","MIA","Heat","BOS","Celtics",1,4,2,4,0,0,0,0,1,0,1],"28800037":[78295,"0028800037","11/09/1988","MIA","Heat","SAN","Spurs",0,8,3,7,0,0,2,1,1,1,2],"28800174":[78295,"0028800174","12/02/1988","MIA","Heat","POR","Trail Blazers",2,10,4,12,0,1,4,0,2,1,3],"28800118":[78295,"0028800118","11/23/1988","MIA","Heat","LAL","Lakers",1,6,3,5,0,0,0,0,0,3,0],"28800264":[78295,"0028800264","12/17/1988","MIA","Heat","DAL","Mavericks",0,0,0,2,0,0,1,1,0,4,1],"28800146":[78295,"0028800146","11/27/1988","MIA","Heat","CLE","Cavaliers",2,12,6,13,0,0,3,0,1,1,3],"28800149":[78295,"0028800149","11/29/1988","MIA","Heat","CHH","Hornets",0,8,4,10,0,1,4,0,1,1,3],"28800286":[78295,"0028800286","12/20/1988","MIA","Heat","DET","Pistons",1,4,2,4,0,0,1,0,1,1,0],"28800139":[78295,"0028800139","11/26/1988","MIA","Heat","MIL","Bucks",1,21,9,15,0,0,3,0,3,2,2],"28800301":[78295,"0028800301","12/23/1988","MIA","Heat","UTH","Jazz",0,0,0,1,0,0,0,0,0,0,1],"28800289":[78295,"0028800289","12/21/1988","MIA","Heat","SEA","SuperSonics",0,2,1,3,0,0,0,0,0,0,0],"28800219":[78295,"0028800219","12/09/1988","MIA","Heat","DEN","Nuggets",2,8,3,8,0,0,2,0,2,5,7],"28800082":[78295,"0028800082","11/17/1988","MIA","Heat","HOU","Rockets",1,18,6,13,0,0,5,0,0,4,1],"28800228":[78295,"0028800228","12/10/1988","MIA","Heat","CHI","Bulls",3,6,3,7,0,0,2,1,2,5,1],"28800027":[78295,"0028800027","11/08/1988","MIA","Heat","DAL","Mavericks",0,8,1,6,0,0,1,0,1,1,0],"28800051":[78295,"0028800051","11/11/1988","MIA","Heat","HOU","Rockets",1,6,3,7,0,0,1,0,4,2,0],"28800206":[78295,"0028800206","12/07/1988","MIA","Heat","SAC","Kings",0,4,2,8,0,0,1,1,1,1,2],"28800088":[78295,"0028800088","11/18/1988","MIA","Heat","GOS","Warriors",3,8,4,12,0,0,1,1,1,4,1],"28800014":[78295,"0028800014","11/05/1988","MIA","Heat","LAC","Clippers",1,1,0,1,0,0,0,0,0,0,1]},"data":[23.0,21,7,17.5,2.9,7.2,0.397,0.0,0.1,0.0,1.1,1.5,0.75,0.5,1.1,1.6,2.0,1.0,0.2,1.0,1.8,6.9],"rank":{"PerGame":[null,null,null,null,null,null,null,null,null,null,null,null,null,null,null,null,null,null,null],"Totals":[277,263,258,null,209,236,null,281,287,null,299,298,299,237,238,244,291,269,283]},"team":"MIA"}},"headerData":["PLAYER_AGE","GP","GS","MIN","FGM","FGA","FG_PCT","FG3M","FG3A","FG3_PCT","FTM","FTA","FT_PCT","OREB","DREB","REB","AST","STL","BLK","TOV","PF","PTS"],"PostSeason":{}}}