{"info":{"FIRST_NAME":"Anthony","LAST_NAME":"Grundy","WEIGHT":"185","COUNTRY":"USA","SCHOOL":"North Carolina State","BIRTHDATE":"1979-04-15T00:00:00","HEIGHT":"6-3","TO_YEAR":2005,"DLEAGUE":"Y","FROM_YEAR":2005,"TEAM":"ATL","PERSON_ID":101219,"SEASON_EXP":0,"POSITION":"Guard","ROSTERSTATUS":"Active","ALL_STAR":0,"PIE":0,"JERSEY":"16"},"career":{"header":["MIN","FGM","FGA","FG_PCT","FG3M","FG3A","FG3_PCT","FTM","FTA","FT_PCT","OREB","DREB","REB","AST","STL","BLK","TOV","PF","PTS"],"RegularSeason":{"PerGame":[9.0,1.6,3.2,0.5,0.4,1.3,0.333,0.8,1.2,0.643,0.1,1.3,1.4,0.8,0.6,0.0,0.8,1.2,4.3],"GS":0,"GP":12},"PostSeason":{}},"season":{"headerRank":["RANK_PG_MIN","RANK_PG_FGM","RANK_PG_FGA","RANK_FG_PCT","RANK_PG_FG3M","RANK_PG_FG3A","RANK_FG3_PCT","RANK_PG_FTM","RANK_PG_FTA","RANK_FT_PCT","RANK_PG_OREB","RANK_PG_DREB","RANK_PG_REB","RANK_PG_AST","RANK_PG_STL","RANK_PG_BLK","RANK_PG_TOV","RANK_PG_PTS","RANK_PG_EFF"],"headerGame":["PLAYER_ID","GAME_ID","GAME_DATE","TEAM_ABBREVIATION","TEAM_NAME","VS_TEAM_ABBREVIATION","VS_TEAM_NAME","TOV","PTS","FGM","FGA","FG3M","FG3A","PF","BLK","STL","AST","REB"],"RegularSeason":{"2005":{"shotchart":{"Averages":{"header":["SHOT_ZONE_BASIC","SHOT_ZONE_AREA","SHOT_ZONE_RANGE","FGA","FGM","FG_PCT"],"row":[["Above the Break 3","Back Court(BC)","Back Court Shot",110,3,0.027],["Above the Break 3","Center(C)","24+ ft.",6026,2107,0.35],["Above the Break 3","Left Side Center(LC)","24+ ft.",10936,3868,0.354],["Above the Break 3","Right Side Center(RC)","24+ ft.",10744,3774,0.351],["Backcourt","Back Court(BC)","Back Court Shot",371,9,0.024],["In The Paint (Non-RA)","Center(C)","8-16 ft.",5007,2063,0.412],["In The Paint (Non-RA)","Center(C)","Less Than 8 ft.",16599,6703,0.404],["In The Paint (Non-RA)","Left Side(L)","8-16 ft.",1802,737,0.409],["In The Paint (Non-RA)","Right Side(R)","8-16 ft.",1699,664,0.391],["Left Corner 3","Left Side(L)","24+ ft.",5668,2184,0.385],["Mid-Range","Center(C)","16-24 ft.",6981,2746,0.393],["Mid-Range","Center(C)","8-16 ft.",1767,756,0.428],["Mid-Range","Left Side Center(LC)","16-24 ft.",9926,4102,0.413],["Mid-Range","Left Side(L)","16-24 ft.",9829,3960,0.403],["Mid-Range","Left Side(L)","8-16 ft.",10072,3876,0.385],["Mid-Range","Right Side Center(RC)","16-24 ft.",10594,4246,0.401],["Mid-Range","Right Side(R)","16-24 ft.",8627,3536,0.41],["Mid-Range","Right Side(R)","8-16 ft.",9130,3405,0.373],["Restricted Area","Center(C)","Less Than 8 ft.",63017,37304,0.592],["Right Corner 3","Right Side(R)","24+ ft.",5409,2123,0.392]]},"Details":{"header":["GAME_ID","GAME_EVENT_ID","PERIOD","MINUTES_REMAINING","SECONDS_REMAINING","EVENT_TYPE","ACTION_TYPE","SHOT_TYPE","SHOT_ZONE_BASIC","SHOT_ZONE_AREA","SHOT_ZONE_RANGE","SHOT_DISTANCE","LOC_X","LOC_Y","SHOT_ATTEMPTED_FLAG","SHOT_MADE_FLAG"],"row":[["0020501056",90,1,1,58,"Made Shot","Jump Shot","3PT Field Goal","Above the Break 3","Left Side Center(LC)","24+ ft.",25,-182,178,1,1],["0020501056",216,2,2,3,"Missed Shot","Jump Shot","2PT Field Goal","Mid-Range","Left Side(L)","8-16 ft.",14,-92,118,1,0],["0020501056",396,4,8,29,"Made Shot","Layup Shot","2PT Field Goal","Restricted Area","Center(C)","Less Than 8 ft.",0,0,0,1,1],["0020501068",111,1,0,12,"Made Shot","Driving Layup Shot","2PT Field Goal","Restricted Area","Center(C)","Less Than 8 ft.",0,0,0,1,1],["0020501090",344,4,11,33,"Made Shot","Dunk Shot","2PT Field Goal","Restricted Area","Center(C)","Less Than 8 ft.",0,0,0,1,1],["0020501090",368,4,8,55,"Missed Shot","Jump Shot","3PT Field Goal","Above the Break 3","Right Side Center(RC)","24+ ft.",24,98,225,1,0],["0020501090",407,4,4,2,"Made Shot","Driving Layup Shot","2PT Field Goal","Restricted Area","Center(C)","Less Than 8 ft.",0,0,0,1,1],["0020501098",138,2,9,44,"Missed Shot","Jump Shot","3PT Field Goal","Above the Break 3","Right Side Center(RC)","24+ ft.",26,156,215,1,0],["0020501098",161,2,7,12,"Missed Shot","Running Jump Shot","2PT Field Goal","In The Paint (Non-RA)","Center(C)","Less Than 8 ft.",5,11,54,1,0],["0020501098",178,2,5,39,"Missed Shot","Driving Layup Shot","2PT Field Goal","Restricted Area","Center(C)","Less Than 8 ft.",0,0,0,1,0],["0020501098",196,2,4,6,"Missed Shot","Jump Shot","3PT Field Goal","Right Corner 3","Right Side(R)","24+ ft.",23,230,2,1,0],["0020501098",360,4,10,52,"Made Shot","Driving Layup Shot","2PT Field Goal","Restricted Area","Center(C)","Less Than 8 ft.",0,0,0,1,1],["0020501098",367,4,10,9,"Made Shot","Driving Layup Shot","2PT Field Goal","Restricted Area","Center(C)","Less Than 8 ft.",0,0,0,1,1],["0020501098",395,4,8,9,"Made Shot","Running Jump Shot","2PT Field Goal","In The Paint (Non-RA)","Center(C)","Less Than 8 ft.",5,10,51,1,1],["0020501098",409,4,6,40,"Made Shot","Reverse Layup Shot","2PT Field Goal","Restricted Area","Center(C)","Less Than 8 ft.",0,0,0,1,1],["0020501098",424,4,4,13,"Missed Shot","Jump Shot","3PT Field Goal","Above the Break 3","Right Side Center(RC)","24+ ft.",25,107,233,1,0],["0020501098",437,4,3,26,"Missed Shot","Driving Layup Shot","2PT Field Goal","Restricted Area","Center(C)","Less Than 8 ft.",0,0,0,1,0],["0020501098",470,4,1,14,"Missed Shot","Jump Shot","3PT Field Goal","Above the Break 3","Center(C)","24+ ft.",26,-5,265,1,0],["0020501098",496,4,0,1,"Made Shot","Layup Shot","2PT Field Goal","Restricted Area","Center(C)","Less Than 8 ft.",0,0,0,1,1],["0020501110",132,2,9,9,"Made Shot","Layup Shot","2PT Field Goal","Restricted Area","Center(C)","Less Than 8 ft.",0,0,0,1,1],["0020501110",146,2,7,50,"Made Shot","Jump Shot","3PT Field Goal","Above the Break 3","Left Side Center(LC)","24+ ft.",26,-117,233,1,1],["0020501122",271,2,3,20,"Missed Shot","Jump Shot","2PT Field Goal","In The Paint (Non-RA)","Left Side(L)","8-16 ft.",11,-66,92,1,0],["0020501122",273,2,3,14,"Made Shot","Jump Shot","3PT Field Goal","Left Corner 3","Left Side(L)","24+ ft.",24,-237,54,1,1],["0020501122",292,2,0,40,"Made Shot","Jump Shot","3PT Field Goal","Above the Break 3","Left Side Center(LC)","24+ ft.",25,-228,118,1,1],["0020501122",298,2,0,0,"Missed Shot","Jump Shot","2PT Field Goal","Mid-Range","Right Side(R)","16-24 ft.",20,202,15,1,0],["0020501150",136,2,8,39,"Missed Shot","Fadeaway Jump Shot","2PT Field Goal","Mid-Range","Left Side(L)","8-16 ft.",13,-90,104,1,0],["0020501150",334,3,1,12,"Made Shot","Driving Layup Shot","2PT Field Goal","Restricted Area","Center(C)","Less Than 8 ft.",0,0,0,1,1],["0020501150",338,3,0,41,"Missed Shot","Jump Shot","3PT Field Goal","Above the Break 3","Right Side Center(RC)","24+ ft.",26,176,199,1,0],["0020501162",118,1,0,25,"Missed Shot","Layup Shot","2PT Field Goal","Restricted Area","Center(C)","Less Than 8 ft.",0,0,0,1,0],["0020501162",147,2,10,10,"Missed Shot","Jump Shot","3PT Field Goal","Right Corner 3","Right Side(R)","24+ ft.",23,233,2,1,0],["0020501162",169,2,8,17,"Missed Shot","Jump Shot","3PT Field Goal","Right Corner 3","Right Side(R)","24+ ft.",23,232,-9,1,0],["0020501178",129,2,9,28,"Made Shot","Jump Shot","3PT Field Goal","Above the Break 3","Center(C)","24+ ft.",25,8,257,1,1],["0020501190",169,2,5,33,"Missed Shot","Jump Shot","2PT Field Goal","Mid-Range","Left Side Center(LC)","16-24 ft.",21,-141,160,1,0],["0020501190",202,2,3,31,"Made Shot","Reverse Layup Shot","2PT Field Goal","Restricted Area","Center(C)","Less Than 8 ft.",0,0,0,1,1],["0020501190",341,4,11,41,"Made Shot","Jump Shot","2PT Field Goal","In The Paint (Non-RA)","Center(C)","Less Than 8 ft.",7,75,-19,1,1],["0020501190",373,4,9,29,"Made Shot","Layup Shot","2PT Field Goal","Restricted Area","Center(C)","Less Than 8 ft.",0,0,0,1,1],["0020501214",143,2,7,59,"Missed Shot","Jump Shot","3PT Field Goal","Above the Break 3","Left Side Center(LC)","24+ ft.",25,-187,171,1,0],["0020501217",378,4,9,53,"Missed Shot","Jump Shot","3PT Field Goal","Above the Break 3","Right Side Center(RC)","24+ ft.",24,164,179,1,0]]}},"GameList":{"20501122":[101219,"0020501122","04/07/2006","ATL","Hawks","WAS","Wizards",1,6,2,4,2,2,0,0,0,0,1],"20501217":[101219,"0020501217","04/19/2006","ATL","Hawks","CLE","Cavaliers",0,2,0,1,0,1,0,0,0,2,1],"20501098":[101219,"0020501098","04/04/2006","ATL","Hawks","NJN","Nets",0,11,5,12,0,4,1,0,0,0,6],"20501214":[101219,"0020501214","04/18/2006","ATL","Hawks","MIA","Heat",0,0,0,1,0,1,1,0,0,0,0],"20501068":[101219,"0020501068","03/31/2006","ATL","Hawks","NJN","Nets",1,2,1,1,0,0,0,0,0,0,0],"20501090":[101219,"0020501090","04/02/2006","ATL","Hawks","MEM","Grizzlies",3,6,2,3,0,1,2,0,3,2,1],"20501190":[101219,"0020501190","04/15/2006","ATL","Hawks","MIL","Bucks",1,7,3,4,0,0,1,0,1,2,1],"20501110":[101219,"0020501110","04/05/2006","ATL","Hawks","MIN","Timberwolves",2,5,2,2,1,1,3,0,0,1,1],"20501178":[101219,"0020501178","04/14/2006","ATL","Hawks","CHA","Bobcats",0,3,1,1,1,1,3,0,0,0,0],"20501150":[101219,"0020501150","04/10/2006","ATL","Hawks","ORL","Magic",0,2,1,3,0,1,1,0,1,2,0],"20501056":[101219,"0020501056","03/29/2006","ATL","Hawks","IND","Pacers",1,6,2,3,1,1,2,0,1,0,3],"20501162":[101219,"0020501162","04/12/2006","ATL","Hawks","CHI","Bulls",0,2,0,3,0,2,0,0,1,0,3]},"data":[27.0,12,0,9.0,1.6,3.2,0.5,0.4,1.3,0.333,0.8,1.2,0.643,0.1,1.3,1.4,0.8,0.6,0.0,0.8,1.2,4.3],"rank":{"PerGame":[null,null,null,null,null,null,null,null,null,null,null,null,null,null,null,null,null,null,null],"Totals":[421,398,404,null,220,240,null,385,383,null,432,402,412,373,361,415,393,394,395]},"team":"ATL"}},"headerData":["PLAYER_AGE","GP","GS","MIN","FGM","FGA","FG_PCT","FG3M","FG3A","FG3_PCT","FTM","FTA","FT_PCT","OREB","DREB","REB","AST","STL","BLK","TOV","PF","PTS"],"PostSeason":{}}}