{"info":{"FIRST_NAME":"Antoine","LAST_NAME":"Rigaudeau","WEIGHT":"","COUNTRY":"USA","SCHOOL":"France","BIRTHDATE":"1971-12-17T00:00:00","HEIGHT":"","TO_YEAR":2002,"DLEAGUE":"N","FROM_YEAR":2002,"TEAM":"","PERSON_ID":2541,"SEASON_EXP":1,"POSITION":"","ROSTERSTATUS":"Inactive","ALL_STAR":0,"PIE":0,"JERSEY":""},"career":{"header":["MIN","FGM","FGA","FG_PCT","FG3M","FG3A","FG3_PCT","FTM","FTA","FT_PCT","OREB","DREB","REB","AST","STL","BLK","TOV","PF","PTS"],"RegularSeason":{"PerGame":[8.1,0.7,3.2,0.229,0.1,0.5,0.2,0.0,0.0,0.0,0.4,0.4,0.7,0.5,0.3,0.0,0.5,1.0,1.5],"GS":0,"GP":11},"PostSeason":{}},"season":{"headerRank":["RANK_PG_MIN","RANK_PG_FGM","RANK_PG_FGA","RANK_FG_PCT","RANK_PG_FG3M","RANK_PG_FG3A","RANK_FG3_PCT","RANK_PG_FTM","RANK_PG_FTA","RANK_FT_PCT","RANK_PG_OREB","RANK_PG_DREB","RANK_PG_REB","RANK_PG_AST","RANK_PG_STL","RANK_PG_BLK","RANK_PG_TOV","RANK_PG_PTS","RANK_PG_EFF"],"headerGame":["PLAYER_ID","GAME_ID","GAME_DATE","TEAM_ABBREVIATION","TEAM_NAME","VS_TEAM_ABBREVIATION","VS_TEAM_NAME","TOV","PTS","FGM","FGA","FG3M","FG3A","PF","BLK","STL","AST","REB"],"RegularSeason":{"2002":{"shotchart":{"Averages":{"header":["SHOT_ZONE_BASIC","SHOT_ZONE_AREA","SHOT_ZONE_RANGE","FGA","FGM","FG_PCT"],"row":[["Above the Break 3","Back Court(BC)","Back Court Shot",111,5,0.045],["Above the Break 3","Center(C)","24+ ft.",5355,1865,0.348],["Above the Break 3","Left Side Center(LC)","24+ ft.",9882,3416,0.346],["Above the Break 3","Right Side Center(RC)","24+ ft.",9876,3465,0.351],["Backcourt","Back Court(BC)","Back Court Shot",347,6,0.017],["In The Paint (Non-RA)","Center(C)","8-16 ft.",5847,2317,0.396],["In The Paint (Non-RA)","Center(C)","Less Than 8 ft.",18195,7023,0.386],["In The Paint (Non-RA)","Left Side(L)","8-16 ft.",2245,898,0.4],["In The Paint (Non-RA)","Right Side(R)","8-16 ft.",2106,806,0.383],["Left Corner 3","Left Side(L)","24+ ft.",4716,1725,0.366],["Mid-Range","Center(C)","16-24 ft.",6243,2459,0.394],["Mid-Range","Center(C)","8-16 ft.",1977,843,0.426],["Mid-Range","Left Side Center(LC)","16-24 ft.",8973,3467,0.386],["Mid-Range","Left Side(L)","16-24 ft.",10655,4147,0.389],["Mid-Range","Left Side(L)","8-16 ft.",12525,4796,0.383],["Mid-Range","Right Side Center(RC)","16-24 ft.",9880,3878,0.393],["Mid-Range","Right Side(R)","16-24 ft.",9678,3744,0.387],["Mid-Range","Right Side(R)","8-16 ft.",11027,4121,0.374],["Restricted Area","Center(C)","Less Than 8 ft.",57911,34267,0.592],["Right Corner 3","Right Side(R)","24+ ft.",4560,1689,0.37]]},"Details":{"header":["GAME_ID","GAME_EVENT_ID","PERIOD","MINUTES_REMAINING","SECONDS_REMAINING","EVENT_TYPE","ACTION_TYPE","SHOT_TYPE","SHOT_ZONE_BASIC","SHOT_ZONE_AREA","SHOT_ZONE_RANGE","SHOT_DISTANCE","LOC_X","LOC_Y","SHOT_ATTEMPTED_FLAG","SHOT_MADE_FLAG"],"row":[["0020200575",174,2,3,51,"Missed Shot","Jump Shot","3PT Field Goal","Above the Break 3","Right Side Center(RC)","24+ ft.",25,171,189,1,0],["0020200589",206,2,2,57,"Missed Shot","Jump Shot","2PT Field Goal","Mid-Range","Left Side Center(LC)","16-24 ft.",19,-77,183,1,0],["0020200589",221,2,1,51,"Missed Shot","Jump Shot","2PT Field Goal","Mid-Range","Left Side(L)","8-16 ft.",14,-97,114,1,0],["0020200589",223,2,1,44,"Missed Shot","Jump Shot","2PT Field Goal","Mid-Range","Left Side(L)","16-24 ft.",18,-172,63,1,0],["0020200589",458,4,4,45,"Missed Shot","Jump Shot","2PT Field Goal","Mid-Range","Left Side(L)","8-16 ft.",14,-143,-26,1,0],["0020200589",462,4,4,26,"Missed Shot","Jump Shot","3PT Field Goal","Right Corner 3","Right Side(R)","24+ ft.",22,228,0,1,0],["0020200589",487,4,1,35,"Missed Shot","Jump Shot","2PT Field Goal","Mid-Range","Right Side Center(RC)","16-24 ft.",21,125,181,1,0],["0020200589",493,4,0,47,"Made Shot","Driving Layup Shot","2PT Field Goal","Restricted Area","Center(C)","Less Than 8 ft.",0,0,0,1,1],["0020200603",410,4,2,30,"Missed Shot","Jump Shot","2PT Field Goal","Mid-Range","Left Side(L)","8-16 ft.",14,-138,48,1,0],["0020200649",92,1,0,0,"Missed Shot","Jump Shot","2PT Field Goal","Mid-Range","Left Side(L)","16-24 ft.",20,-205,2,1,0],["0020200649",107,2,9,43,"Missed Shot","Layup Shot","2PT Field Goal","Restricted Area","Center(C)","Less Than 8 ft.",0,0,0,1,0],["0020200649",125,2,7,56,"Missed Shot","Driving Layup Shot","2PT Field Goal","Restricted Area","Center(C)","Less Than 8 ft.",0,0,0,1,0],["0020200649",399,4,4,42,"Missed Shot","Jump Shot","2PT Field Goal","Mid-Range","Right Side(R)","8-16 ft.",10,105,20,1,0],["0020200649",409,4,3,21,"Made Shot","Jump Shot","2PT Field Goal","Mid-Range","Right Side(R)","16-24 ft.",19,187,35,1,1],["0020200649",424,4,1,52,"Missed Shot","Jump Shot","3PT Field Goal","Left Corner 3","Left Side(L)","24+ ft.",23,-237,22,1,0],["0020200673",351,4,11,17,"Made Shot","Driving Layup Shot","2PT Field Goal","Restricted Area","Center(C)","Less Than 8 ft.",0,0,0,1,1],["0020200673",356,4,10,30,"Missed Shot","Jump Shot","2PT Field Goal","Mid-Range","Left Side(L)","16-24 ft.",20,-199,22,1,0],["0020200673",383,4,7,53,"Missed Shot","Jump Shot","2PT Field Goal","Mid-Range","Left Side(L)","16-24 ft.",20,-207,12,1,0],["0020200673",412,4,4,41,"Made Shot","Jump Shot","3PT Field Goal","Left Corner 3","Left Side(L)","24+ ft.",22,-225,7,1,1],["0020200686",155,2,4,38,"Missed Shot","Jump Shot","2PT Field Goal","Mid-Range","Left Side(L)","16-24 ft.",19,-187,-36,1,0],["0020200686",163,2,4,11,"Missed Shot","Jump Shot","3PT Field Goal","Right Corner 3","Right Side(R)","24+ ft.",23,235,-26,1,0],["0020200686",182,2,2,21,"Missed Shot","Jump Shot","2PT Field Goal","Mid-Range","Center(C)","16-24 ft.",17,21,178,1,0],["0020200686",278,3,4,4,"Missed Shot","Jump Shot","2PT Field Goal","Mid-Range","Left Side(L)","16-24 ft.",21,-209,45,1,0],["0020200695",81,1,1,49,"Missed Shot","Jump Shot","2PT Field Goal","Mid-Range","Left Side(L)","16-24 ft.",19,-195,-3,1,0],["0020200712",228,2,1,21,"Made Shot","Driving Layup Shot","2PT Field Goal","Restricted Area","Center(C)","Less Than 8 ft.",0,0,0,1,1],["0020200766",377,4,10,4,"Missed Shot","Layup Shot","2PT Field Goal","Restricted Area","Center(C)","Less Than 8 ft.",0,0,0,1,0],["0020200766",392,4,8,44,"Missed Shot","Jump Shot","2PT Field Goal","Mid-Range","Right Side Center(RC)","16-24 ft.",19,110,156,1,0],["0020200766",408,4,7,24,"Missed Shot","Jump Shot","2PT Field Goal","Mid-Range","Right Side Center(RC)","16-24 ft.",17,143,109,1,0],["0020200766",419,4,6,49,"Made Shot","Jump Shot","2PT Field Goal","Mid-Range","Left Side(L)","16-24 ft.",16,-157,41,1,1],["0020200766",421,4,6,20,"Made Shot","Jump Shot","2PT Field Goal","Mid-Range","Right Side(R)","16-24 ft.",20,187,95,1,1],["0020200766",449,4,3,35,"Missed Shot","Jump Shot","2PT Field Goal","Mid-Range","Center(C)","16-24 ft.",20,24,204,1,0],["0020200766",476,4,1,25,"Missed Shot","Jump Shot","2PT Field Goal","Mid-Range","Left Side(L)","16-24 ft.",17,-177,-3,1,0],["0020200766",479,4,1,4,"Made Shot","Driving Layup Shot","2PT Field Goal","Restricted Area","Center(C)","Less Than 8 ft.",0,0,0,1,1],["0020200766",484,4,0,8,"Missed Shot","Jump Shot","2PT Field Goal","Mid-Range","Right Side(R)","16-24 ft.",17,166,58,1,0],["0020200789",473,4,0,4,"Missed Shot","Reverse Layup Shot","2PT Field Goal","Restricted Area","Center(C)","Less Than 8 ft.",0,0,0,1,0]]}},"GameList":{"20200589":[2541,"0020200589","01/21/2003","DAL","Mavericks","HOU","Rockets",0,2,1,7,0,1,2,0,0,1,2],"20200789":[2541,"0020200789","02/21/2003","DAL","Mavericks","HOU","Rockets",0,0,0,1,0,0,0,0,0,0,0],"20200712":[2541,"0020200712","02/11/2003","DAL","Mavericks","MIN","Timberwolves",0,2,1,1,0,0,0,0,0,0,0],"20200766":[2541,"0020200766","02/18/2003","DAL","Mavericks","ATL","Hawks",0,6,3,9,0,0,2,0,0,0,2],"20200606":[2541,"0020200606","01/24/2003","DAL","Mavericks","NYK","Knicks",1,0,0,0,0,0,1,0,0,0,0],"20200695":[2541,"0020200695","02/04/2003","DAL","Mavericks","SAC","Kings",0,0,0,1,0,0,0,0,0,1,1],"20200603":[2541,"0020200603","01/23/2003","DAL","Mavericks","PHI","76ers",1,0,0,1,0,0,2,0,0,0,1],"20200686":[2541,"0020200686","02/03/2003","DAL","Mavericks","UTA","Jazz",1,0,0,4,0,1,2,0,0,3,1],"20200649":[2541,"0020200649","01/29/2003","DAL","Mavericks","HOU","Rockets",0,2,1,6,0,1,1,0,2,0,0],"20200673":[2541,"0020200673","02/01/2003","DAL","Mavericks","DEN","Nuggets",1,5,2,4,1,1,0,0,0,1,0],"20200575":[2541,"0020200575","01/19/2003","DAL","Mavericks","SEA","SuperSonics",2,0,0,1,0,1,1,0,1,0,1]},"data":[31.0,11,0,8.3,0.7,3.2,0.229,0.1,0.5,0.2,0.0,0.0,0.0,0.4,0.4,0.7,0.5,0.3,0.0,0.5,1.0,1.5],"rank":{"PerGame":[null,null,null,null,null,null,null,null,null,null,null,null,null,null,null,null,null,null,null],"Totals":[387,393,375,null,248,261,null,412,414,null,380,404,395,373,379,390,380,400,420]},"team":"DAL"}},"headerData":["PLAYER_AGE","GP","GS","MIN","FGM","FGA","FG_PCT","FG3M","FG3A","FG3_PCT","FTM","FTA","FT_PCT","OREB","DREB","REB","AST","STL","BLK","TOV","PF","PTS"],"PostSeason":{}}}