{"info":{"FIRST_NAME":"Antonis","LAST_NAME":"Fotsis","WEIGHT":"219","COUNTRY":null,"SCHOOL":"Greece","BIRTHDATE":"1981-04-01T00:00:00","HEIGHT":"6-10","TO_YEAR":2001,"DLEAGUE":"N","FROM_YEAR":2001,"TEAM":"MEM","PERSON_ID":2238,"SEASON_EXP":0,"POSITION":"Forward","ROSTERSTATUS":"Active","ALL_STAR":0,"PIE":0,"JERSEY":"6"},"career":{"header":["MIN","FGM","FGA","FG_PCT","FG3M","FG3A","FG3_PCT","FTM","FTA","FT_PCT","OREB","DREB","REB","AST","STL","BLK","TOV","PF","PTS"],"RegularSeason":{"PerGame":[11.3,1.5,3.7,0.404,0.3,0.8,0.304,0.6,0.7,0.85,0.9,1.3,2.2,0.4,0.3,0.4,0.8,0.8,3.9],"GS":1,"GP":28},"PostSeason":{}},"season":{"headerRank":["RANK_PG_MIN","RANK_PG_FGM","RANK_PG_FGA","RANK_FG_PCT","RANK_PG_FG3M","RANK_PG_FG3A","RANK_FG3_PCT","RANK_PG_FTM","RANK_PG_FTA","RANK_FT_PCT","RANK_PG_OREB","RANK_PG_DREB","RANK_PG_REB","RANK_PG_AST","RANK_PG_STL","RANK_PG_BLK","RANK_PG_TOV","RANK_PG_PTS","RANK_PG_EFF"],"headerGame":["PLAYER_ID","GAME_ID","GAME_DATE","TEAM_ABBREVIATION","TEAM_NAME","VS_TEAM_ABBREVIATION","VS_TEAM_NAME","TOV","PTS","FGM","FGA","FG3M","FG3A","PF","BLK","STL","AST","REB"],"RegularSeason":{"2001":{"shotchart":{"Averages":{"header":["SHOT_ZONE_BASIC","SHOT_ZONE_AREA","SHOT_ZONE_RANGE","FGA","FGM","FG_PCT"],"row":[["Above the Break 3","Back Court(BC)","Back Court Shot",104,5,0.048],["Above the Break 3","Center(C)","24+ ft.",5347,1807,0.338],["Above the Break 3","Left Side Center(LC)","24+ ft.",10200,3509,0.344],["Above the Break 3","Right Side Center(RC)","24+ ft.",10485,3765,0.359],["Backcourt","Back Court(BC)","Back Court Shot",311,8,0.026],["In The Paint (Non-RA)","Center(C)","8-16 ft.",6036,2392,0.396],["In The Paint (Non-RA)","Center(C)","Less Than 8 ft.",18055,6869,0.38],["In The Paint (Non-RA)","Left Side(L)","8-16 ft.",2020,819,0.405],["In The Paint (Non-RA)","Right Side(R)","8-16 ft.",2031,799,0.393],["Left Corner 3","Left Side(L)","24+ ft.",4303,1638,0.381],["Mid-Range","Center(C)","16-24 ft.",5892,2305,0.391],["Mid-Range","Center(C)","8-16 ft.",2077,869,0.418],["Mid-Range","Left Side Center(LC)","16-24 ft.",8894,3632,0.408],["Mid-Range","Left Side(L)","16-24 ft.",10332,4058,0.393],["Mid-Range","Left Side(L)","8-16 ft.",13299,5115,0.385],["Mid-Range","Right Side Center(RC)","16-24 ft.",9727,3859,0.397],["Mid-Range","Right Side(R)","16-24 ft.",9701,3834,0.395],["Mid-Range","Right Side(R)","8-16 ft.",11816,4419,0.374],["Restricted Area","Center(C)","Less Than 8 ft.",58361,34664,0.594],["Right Corner 3","Right Side(R)","24+ ft.",4259,1638,0.385]]},"Details":{"header":["GAME_ID","GAME_EVENT_ID","PERIOD","MINUTES_REMAINING","SECONDS_REMAINING","EVENT_TYPE","ACTION_TYPE","SHOT_TYPE","SHOT_ZONE_BASIC","SHOT_ZONE_AREA","SHOT_ZONE_RANGE","SHOT_DISTANCE","LOC_X","LOC_Y","SHOT_ATTEMPTED_FLAG","SHOT_MADE_FLAG"],"row":[["0020100083",412,4,10,32,"Missed Shot","Jump Shot","3PT Field Goal","Above the Break 3","Right Side Center(RC)","24+ ft.",25,104,238,1,0],["0020100083",430,4,8,12,"Missed Shot","Jump Shot","3PT Field Goal","Above the Break 3","Left Side Center(LC)","24+ ft.",26,-136,222,1,0],["0020100083",437,4,7,36,"Missed Shot","Jump Shot","2PT Field Goal","Mid-Range","Right Side(R)","8-16 ft.",11,89,72,1,0],["0020100083",440,4,7,21,"Made Shot","Jump Shot","2PT Field Goal","Mid-Range","Left Side(L)","16-24 ft.",16,-151,57,1,1],["0020100083",454,4,6,0,"Missed Shot","Jump Shot","3PT Field Goal","Above the Break 3","Left Side Center(LC)","24+ ft.",25,-208,141,1,0],["0020100083",493,4,2,7,"Missed Shot","Jump Shot","2PT Field Goal","Mid-Range","Right Side Center(RC)","16-24 ft.",20,83,192,1,0],["0020100083",497,4,1,37,"Made Shot","Layup Shot","2PT Field Goal","Restricted Area","Center(C)","Less Than 8 ft.",0,0,0,1,1],["0020100261",293,3,5,37,"Missed Shot","Jump Shot","2PT Field Goal","Mid-Range","Center(C)","16-24 ft.",21,1,219,1,0],["0020100261",304,3,4,5,"Made Shot","Tip Shot","2PT Field Goal","Restricted Area","Center(C)","Less Than 8 ft.",0,0,0,1,1],["0020100261",452,4,1,22,"Missed Shot","Layup Shot","2PT Field Goal","Restricted Area","Center(C)","Less Than 8 ft.",0,0,0,1,0],["0020100261",455,4,1,17,"Made Shot","Driving Layup Shot","2PT Field Goal","Restricted Area","Center(C)","Less Than 8 ft.",0,0,0,1,1],["0020100334",467,4,3,43,"Made Shot","Jump Shot","2PT Field Goal","Mid-Range","Right Side(R)","8-16 ft.",15,157,13,1,1],["0020100334",476,4,3,17,"Missed Shot","Jump Shot","3PT Field Goal","Above the Break 3","Left Side Center(LC)","24+ ft.",24,-153,188,1,0],["0020100393",494,4,0,12,"Made Shot","Tip Shot","2PT Field Goal","Restricted Area","Center(C)","Less Than 8 ft.",0,0,0,1,1],["0020100436",367,4,11,4,"Made Shot","Jump Shot","2PT Field Goal","Mid-Range","Left Side(L)","16-24 ft.",19,-191,-6,1,1],["0020100436",452,4,3,38,"Missed Shot","Jump Shot","3PT Field Goal","Above the Break 3","Right Side Center(RC)","24+ ft.",24,127,207,1,0],["0020100436",458,4,3,11,"Made Shot","Tip Shot","2PT Field Goal","Restricted Area","Center(C)","Less Than 8 ft.",0,0,0,1,1],["0020100436",467,4,2,11,"Missed Shot","Layup Shot","2PT Field Goal","Restricted Area","Center(C)","Less Than 8 ft.",0,0,0,1,0],["0020100436",471,4,1,40,"Made Shot","Dunk Shot","2PT Field Goal","Restricted Area","Center(C)","Less Than 8 ft.",0,0,0,1,1],["0020100436",478,4,1,6,"Missed Shot","Layup Shot","2PT Field Goal","Restricted Area","Center(C)","Less Than 8 ft.",0,0,0,1,0],["0020100436",480,4,1,3,"Made Shot","Layup Shot","2PT Field Goal","Restricted Area","Center(C)","Less Than 8 ft.",0,0,0,1,1],["0020100436",485,4,0,33,"Made Shot","Jump Shot","2PT Field Goal","Mid-Range","Left Side(L)","16-24 ft.",20,-206,28,1,1],["0020100525",428,4,4,22,"Missed Shot","Layup Shot","2PT Field Goal","Restricted Area","Center(C)","Less Than 8 ft.",0,0,0,1,0],["0020100525",449,4,2,30,"Made Shot","Turnaround Jump Shot","2PT Field Goal","In The Paint (Non-RA)","Center(C)","Less Than 8 ft.",6,-42,51,1,1],["0020100566",226,2,1,34,"Missed Shot","Jump Shot","2PT Field Goal","Mid-Range","Left Side Center(LC)","16-24 ft.",22,-170,152,1,0],["0020100566",231,2,1,16,"Made Shot","Layup Shot","2PT Field Goal","Restricted Area","Center(C)","Less Than 8 ft.",0,0,0,1,1],["0020100566",276,3,9,46,"Missed Shot","Driving Layup Shot","2PT Field Goal","Restricted Area","Center(C)","Less Than 8 ft.",0,0,0,1,0],["0020100566",298,3,6,54,"Made Shot","Jump Shot","2PT Field Goal","In The Paint (Non-RA)","Center(C)","Less Than 8 ft.",4,14,45,1,1],["0020100566",313,3,5,27,"Missed Shot","Jump Shot","3PT Field Goal","Above the Break 3","Left Side Center(LC)","24+ ft.",25,-134,213,1,0],["0020100566",332,3,3,51,"Made Shot","Jump Shot","3PT Field Goal","Above the Break 3","Left Side Center(LC)","24+ ft.",26,-141,224,1,1],["0020100566",343,3,2,56,"Made Shot","Layup Shot","2PT Field Goal","Restricted Area","Center(C)","Less Than 8 ft.",0,0,0,1,1],["0020100566",347,3,2,22,"Missed Shot","Jump Shot","3PT Field Goal","Above the Break 3","Right Side Center(RC)","24+ ft.",25,195,169,1,0],["0020100566",360,3,1,19,"Made Shot","Driving Layup Shot","2PT Field Goal","Restricted Area","Center(C)","Less Than 8 ft.",0,0,0,1,1],["0020100566",391,4,10,46,"Missed Shot","Jump Shot","2PT Field Goal","In The Paint (Non-RA)","Center(C)","Less Than 8 ft.",4,1,42,1,0],["0020100566",419,4,8,29,"Missed Shot","Jump Shot","2PT Field Goal","Mid-Range","Left Side(L)","16-24 ft.",21,-185,118,1,0],["0020100566",429,4,7,25,"Made Shot","Jump Shot","2PT Field Goal","Mid-Range","Left Side(L)","16-24 ft.",17,-176,0,1,1],["0020100566",469,4,2,22,"Made Shot","Jump Shot","2PT Field Goal","Mid-Range","Right Side(R)","8-16 ft.",15,144,63,1,1],["0020100566",472,4,1,49,"Made Shot","Jump Shot","2PT Field Goal","Mid-Range","Left Side Center(LC)","16-24 ft.",21,-128,169,1,1],["0020100580",291,3,4,53,"Missed Shot","Jump Shot","3PT Field Goal","Above the Break 3","Left Side Center(LC)","24+ ft.",24,-189,150,1,0],["0020100580",386,4,8,20,"Missed Shot","Jump Shot","2PT Field Goal","Mid-Range","Left Side(L)","16-24 ft.",21,-176,116,1,0],["0020100580",444,4,1,54,"Made Shot","Driving Dunk Shot","2PT Field Goal","Restricted Area","Center(C)","Less Than 8 ft.",0,0,0,1,1],["0020100580",455,4,1,13,"Missed Shot","Jump Shot","2PT Field Goal","Mid-Range","Right Side(R)","16-24 ft.",18,169,66,1,0],["0020100596",115,2,10,29,"Made Shot","Layup Shot","2PT Field Goal","Restricted Area","Center(C)","Less Than 8 ft.",0,0,0,1,1],["0020100596",156,2,6,52,"Missed Shot","Jump Shot","2PT Field Goal","Mid-Range","Left Side(L)","16-24 ft.",16,-164,2,1,0],["0020100596",161,2,6,3,"Missed Shot","Jump Shot","2PT Field Goal","Mid-Range","Right Side Center(RC)","16-24 ft.",16,94,133,1,0],["0020100596",301,3,3,43,"Missed Shot","Jump Shot","3PT Field Goal","Above the Break 3","Right Side Center(RC)","24+ ft.",25,136,215,1,0],["0020100604",197,2,1,13,"Missed Shot","Jump Shot","3PT Field Goal","Right Corner 3","Right Side(R)","24+ ft.",24,237,40,1,0],["0020100604",354,4,6,34,"Made Shot","Layup Shot","2PT Field Goal","Restricted Area","Center(C)","Less Than 8 ft.",0,0,0,1,1],["0020100604",359,4,5,31,"Missed Shot","Jump Shot","2PT Field Goal","In The Paint (Non-RA)","Center(C)","Less Than 8 ft.",4,-42,0,1,0],["0020100604",364,4,5,22,"Made Shot","Follow Up Dunk Shot","2PT Field Goal","Restricted Area","Center(C)","Less Than 8 ft.",0,0,0,1,1],["0020100604",368,4,4,48,"Missed Shot","Jump Shot","2PT Field Goal","Mid-Range","Left Side(L)","16-24 ft.",20,-206,0,1,0],["0020100604",375,4,3,53,"Missed Shot","Jump Shot","2PT Field Goal","Mid-Range","Right Side(R)","16-24 ft.",19,193,7,1,0],["0020100604",404,4,1,15,"Missed Shot","Jump Shot","2PT Field Goal","Mid-Range","Left Side(L)","16-24 ft.",21,-200,74,1,0],["0020100604",407,4,1,11,"Made Shot","Tip Shot","2PT Field Goal","Restricted Area","Center(C)","Less Than 8 ft.",0,0,0,1,1],["0020100667",404,4,2,13,"Made Shot","Jump Shot","2PT Field Goal","Mid-Range","Right Side Center(RC)","16-24 ft.",20,94,179,1,1],["0020100718",344,4,9,12,"Missed Shot","Jump Shot","2PT Field Goal","Mid-Range","Right Side(R)","16-24 ft.",19,195,9,1,0],["0020100770",4,1,11,7,"Made Shot","Jump Shot","2PT Field Goal","Mid-Range","Right Side(R)","16-24 ft.",20,199,51,1,1],["0020100770",299,3,1,59,"Missed Shot","Layup Shot","2PT Field Goal","Restricted Area","Center(C)","Less Than 8 ft.",0,0,0,1,0],["0020100770",302,3,1,32,"Missed Shot","Jump Shot","3PT Field Goal","Above the Break 3","Right Side Center(RC)","24+ ft.",25,195,158,1,0],["0020100800",109,1,1,15,"Missed Shot","Layup Shot","2PT Field Goal","Restricted Area","Center(C)","Less Than 8 ft.",0,0,0,1,0],["0020100800",126,2,11,27,"Made Shot","Slam Dunk Shot","2PT Field Goal","Restricted Area","Center(C)","Less Than 8 ft.",0,0,0,1,1],["0020100800",128,2,10,39,"Missed Shot","Jump Shot","2PT Field Goal","Mid-Range","Right Side Center(RC)","16-24 ft.",21,140,165,1,0],["0020100805",316,3,1,26,"Missed Shot","Layup Shot","2PT Field Goal","Restricted Area","Center(C)","Less Than 8 ft.",0,0,0,1,0],["0020100805",365,4,9,38,"Missed Shot","Jump Shot","3PT Field Goal","Left Corner 3","Left Side(L)","24+ ft.",23,-229,45,1,0],["0020100805",372,4,9,12,"Missed Shot","Layup Shot","2PT Field Goal","Restricted Area","Center(C)","Less Than 8 ft.",0,0,0,1,0],["0020100805",375,4,9,10,"Missed Shot","Jump Shot","2PT Field Goal","In The Paint (Non-RA)","Center(C)","Less Than 8 ft.",4,-46,19,1,0],["0020100820",431,4,6,13,"Made Shot","Jump Shot","2PT Field Goal","Mid-Range","Left Side(L)","16-24 ft.",19,-185,61,1,1],["0020100820",472,4,1,23,"Missed Shot","Jump Shot","2PT Field Goal","Mid-Range","Right Side Center(RC)","16-24 ft.",19,85,173,1,0],["0020101063",391,4,6,59,"Missed Shot","Layup Shot","2PT Field Goal","Restricted Area","Center(C)","Less Than 8 ft.",0,0,0,1,0],["0020101063",405,4,5,44,"Missed Shot","Jump Shot","2PT Field Goal","Mid-Range","Right Side Center(RC)","16-24 ft.",21,108,190,1,0],["0020101063",414,4,4,57,"Missed Shot","Jump Shot","2PT Field Goal","Mid-Range","Left Side Center(LC)","16-24 ft.",18,-128,135,1,0],["0020101063",436,4,2,14,"Missed Shot","Layup Shot","2PT Field Goal","Restricted Area","Center(C)","Less Than 8 ft.",0,0,0,1,0],["0020101063",446,4,1,29,"Made Shot","Layup Shot","2PT Field Goal","Restricted Area","Center(C)","Less Than 8 ft.",0,0,0,1,1],["0020101063",457,4,0,29,"Made Shot","Jump Shot","3PT Field Goal","Above the Break 3","Left Side Center(LC)","24+ ft.",25,-214,135,1,1],["0020101088",437,4,2,21,"Made Shot","Slam Dunk Shot","2PT Field Goal","Restricted Area","Center(C)","Less Than 8 ft.",0,0,0,1,1],["0020101118",175,2,3,23,"Missed Shot","Jump Shot","2PT Field Goal","In The Paint (Non-RA)","Center(C)","Less Than 8 ft.",4,1,47,1,0],["0020101118",177,2,3,18,"Made Shot","Layup Shot","2PT Field Goal","Restricted Area","Center(C)","Less Than 8 ft.",0,0,0,1,1],["0020101118",205,2,0,38,"Made Shot","Jump Shot","3PT Field Goal","Above the Break 3","Right Side Center(RC)","24+ ft.",25,210,148,1,1],["0020101118",339,4,10,34,"Missed Shot","Jump Shot","2PT Field Goal","Mid-Range","Left Side(L)","16-24 ft.",20,-206,0,1,0],["0020101118",382,4,5,55,"Missed Shot","Layup Shot","2PT Field Goal","Restricted Area","Center(C)","Less Than 8 ft.",0,0,0,1,0],["0020101118",392,4,4,59,"Missed Shot","Layup Shot","2PT Field Goal","Restricted Area","Center(C)","Less Than 8 ft.",0,0,0,1,0],["0020101118",405,4,3,49,"Missed Shot","Layup Shot","2PT Field Goal","Restricted Area","Center(C)","Less Than 8 ft.",0,0,0,1,0],["0020101118",416,4,2,55,"Missed Shot","Layup Shot","2PT Field Goal","Restricted Area","Center(C)","Less Than 8 ft.",0,0,0,1,0],["0020101134",192,2,4,14,"Missed Shot","Jump Shot","3PT Field Goal","Above the Break 3","Left Side Center(LC)","24+ ft.",26,-229,125,1,0],["0020101134",222,2,0,57,"Made Shot","Layup Shot","2PT Field Goal","Restricted Area","Center(C)","Less Than 8 ft.",0,0,0,1,1],["0020101134",437,4,2,16,"Made Shot","Jump Shot","3PT Field Goal","Right Corner 3","Right Side(R)","24+ ft.",23,231,0,1,1],["0020101134",451,4,0,44,"Made Shot","Jump Shot","3PT Field Goal","Right Corner 3","Right Side(R)","24+ ft.",23,231,26,1,1],["0020101148",77,1,1,58,"Missed Shot","Layup Shot","2PT Field Goal","Restricted Area","Center(C)","Less Than 8 ft.",0,0,0,1,0],["0020101148",367,4,4,47,"Missed Shot","Jump Shot","3PT Field Goal","Above the Break 3","Left Side Center(LC)","24+ ft.",27,-155,224,1,0],["0020101148",371,4,4,26,"Missed Shot","Jump Shot","2PT Field Goal","In The Paint (Non-RA)","Center(C)","Less Than 8 ft.",5,-4,57,1,0],["0020101160",340,4,10,13,"Missed Shot","Jump Shot","2PT Field Goal","Mid-Range","Right Side Center(RC)","16-24 ft.",20,155,133,1,0],["0020101160",364,4,6,54,"Missed Shot","Jump Shot","2PT Field Goal","In The Paint (Non-RA)","Right Side(R)","8-16 ft.",11,64,95,1,0],["0020101160",366,4,6,40,"Made Shot","Jump Shot","3PT Field Goal","Above the Break 3","Left Side Center(LC)","24+ ft.",26,-164,203,1,1],["0020101175",171,2,4,10,"Missed Shot","Jump Shot","2PT Field Goal","In The Paint (Non-RA)","Center(C)","8-16 ft.",10,-27,104,1,0],["0020101175",354,4,5,37,"Missed Shot","Jump Shot","2PT Field Goal","Mid-Range","Left Side(L)","16-24 ft.",18,-189,9,1,0],["0020101175",358,4,5,10,"Missed Shot","Driving Layup Shot","2PT Field Goal","Restricted Area","Center(C)","Less Than 8 ft.",0,0,0,1,0],["0020101175",366,4,3,56,"Missed Shot","Jump Shot","3PT Field Goal","Right Corner 3","Right Side(R)","24+ ft.",24,235,49,1,0],["0020101187",295,3,5,49,"Missed Shot","Jump Shot","2PT Field Goal","Mid-Range","Left Side(L)","16-24 ft.",17,-155,76,1,0],["0020101187",317,3,3,8,"Made Shot","Jump Shot","3PT Field Goal","Above the Break 3","Left Side Center(LC)","24+ ft.",26,-162,207,1,1],["0020101187",345,4,11,46,"Missed Shot","Jump Shot","3PT Field Goal","Above the Break 3","Left Side Center(LC)","24+ ft.",26,-113,236,1,0],["0020101187",374,4,8,4,"Made Shot","Jump Shot","2PT Field Goal","In The Paint (Non-RA)","Left Side(L)","8-16 ft.",8,-42,70,1,1],["0020101187",384,4,6,13,"Missed Shot","Jump Shot","2PT Field Goal","Mid-Range","Center(C)","16-24 ft.",19,37,190,1,0],["0020101187",414,4,2,59,"Made Shot","Layup Shot","2PT Field Goal","Restricted Area","Center(C)","Less Than 8 ft.",0,0,0,1,1],["0020101187",435,4,1,2,"Made Shot","Layup Shot","2PT Field Goal","Restricted Area","Center(C)","Less Than 8 ft.",0,0,0,1,1]]}},"GameList":{"20100580":[2238,"0020100580","01/21/2002","MEM","Grizzlies","SAC","Kings",6,2,1,4,0,1,3,0,0,1,2],"20101160":[2238,"0020101160","04/14/2002","MEM","Grizzlies","HOU","Rockets",1,7,1,3,1,1,0,0,1,1,3],"20100800":[2238,"0020100800","02/25/2002","MEM","Grizzlies","LAC","Clippers",1,2,1,3,0,0,1,0,1,0,2],"20100805":[2238,"0020100805","02/26/2002","MEM","Grizzlies","DAL","Mavericks",0,0,0,4,0,1,2,1,0,0,4],"20101063":[2238,"0020101063","04/02/2002","MEM","Grizzlies","SAC","Kings",0,6,2,6,1,1,0,1,1,1,3],"20100820":[2238,"0020100820","02/28/2002","MEM","Grizzlies","UTA","Jazz",0,2,1,2,0,0,0,1,0,0,0],"20100393":[2238,"0020100393","12/26/2001","MEM","Grizzlies","CHI","Bulls",0,2,1,1,0,0,0,0,0,0,2],"20100683":[2238,"0020100683","02/05/2002","MEM","Grizzlies","UTA","Jazz",0,0,0,0,0,0,2,0,0,0,0],"20100436":[2238,"0020100436","01/02/2002","MEM","Grizzlies","NJN","Nets",2,11,5,8,0,1,0,0,2,0,9],"20101148":[2238,"0020101148","04/13/2002","MEM","Grizzlies","SAS","Spurs",0,2,0,3,0,1,1,1,0,1,4],"20101187":[2238,"0020101187","04/17/2002","MEM","Grizzlies","SEA","SuperSonics",0,10,4,7,1,2,1,0,0,1,6],"20100989":[2238,"0020100989","03/23/2002","MEM","Grizzlies","DAL","Mavericks",0,0,0,0,0,0,0,0,0,0,0],"20100604":[2238,"0020100604","01/24/2002","MEM","Grizzlies","POR","Trail Blazers",0,6,3,8,0,1,0,1,1,2,4],"20101088":[2238,"0020101088","04/05/2002","MEM","Grizzlies","HOU","Rockets",0,2,1,1,0,0,0,0,0,0,0],"20100704":[2238,"0020100704","02/12/2002","MEM","Grizzlies","HOU","Rockets",0,0,0,0,0,0,0,0,0,0,0],"20100596":[2238,"0020100596","01/23/2002","MEM","Grizzlies","GSW","Warriors",0,2,1,4,0,1,3,1,1,2,0],"20100334":[2238,"0020100334","12/16/2001","MEM","Grizzlies","SAC","Kings",1,3,1,2,0,1,0,1,0,0,1],"20100667":[2238,"0020100667","02/03/2002","MEM","Grizzlies","CHH","Hornets",0,2,1,1,0,0,1,0,0,0,0],"20101118":[2238,"0020101118","04/09/2002","MEM","Grizzlies","DEN","Nuggets",1,8,2,8,1,1,1,2,0,1,5],"20101134":[2238,"0020101134","04/11/2002","MEM","Grizzlies","POR","Trail Blazers",1,8,3,4,2,3,3,0,0,0,0],"20101175":[2238,"0020101175","04/16/2002","MEM","Grizzlies","LAC","Clippers",0,0,0,4,0,1,1,1,0,0,1],"20100261":[2238,"0020100261","12/06/2001","MEM","Grizzlies","MIN","Timberwolves",0,4,2,4,0,0,0,0,0,0,2],"20100525":[2238,"0020100525","01/14/2002","MEM","Grizzlies","LAL","Lakers",3,2,1,2,0,0,0,0,0,0,2],"20100083":[2238,"0020100083","11/09/2001","MEM","Grizzlies","LAL","Lakers",0,4,2,7,0,3,0,0,1,0,2],"20100566":[2238,"0020100566","01/19/2002","MEM","Grizzlies","ORL","Magic",3,21,8,14,1,3,3,1,1,0,7],"20101094":[2238,"0020101094","04/06/2002","MEM","Grizzlies","WAS","Wizards",0,0,0,0,0,0,0,0,0,0,0],"20100770":[2238,"0020100770","02/21/2002","MEM","Grizzlies","PHX","Suns",1,2,1,3,0,1,0,0,0,0,1],"20100718":[2238,"0020100718","02/14/2002","MEM","Grizzlies","DEN","Nuggets",1,0,0,1,0,0,0,0,0,0,2]},"data":[21.0,28,1,11.4,1.5,3.7,0.404,0.3,0.8,0.304,0.6,0.7,0.85,0.9,1.3,2.2,0.4,0.3,0.4,0.8,0.8,3.9],"rank":{"PerGame":[null,null,null,null,null,null,null,null,null,null,null,null,null,null,null,null,null,null,null],"Totals":[343,334,335,null,191,202,null,337,348,null,281,341,328,363,341,234,331,335,343]},"team":"MEM"}},"headerData":["PLAYER_AGE","GP","GS","MIN","FGM","FGA","FG_PCT","FG3M","FG3A","FG3_PCT","FTM","FTA","FT_PCT","OREB","DREB","REB","AST","STL","BLK","TOV","PF","PTS"],"PostSeason":{}}}