{"info":{"FIRST_NAME":"Antonio","LAST_NAME":"Burks","WEIGHT":"195","COUNTRY":"USA","SCHOOL":"Memphis","BIRTHDATE":"1980-02-25T00:00:00","HEIGHT":"6-0","TO_YEAR":2005,"DLEAGUE":"N","FROM_YEAR":2004,"TEAM":"MEM","PERSON_ID":2766,"SEASON_EXP":1,"POSITION":"Guard","ROSTERSTATUS":"Active","ALL_STAR":0,"PIE":0,"JERSEY":"1"},"career":{"header":["MIN","FGM","FGA","FG_PCT","FG3M","FG3A","FG3_PCT","FTM","FTA","FT_PCT","OREB","DREB","REB","AST","STL","BLK","TOV","PF","PTS"],"RegularSeason":{"PerGame":[9.8,1.0,2.5,0.387,0.0,0.2,0.235,0.3,0.5,0.571,0.1,0.5,0.6,1.3,0.4,0.0,0.6,0.9,2.3],"GS":1,"GP":81},"PostSeason":{"PerGame":[5.3,0.3,0.3,1.0,0.0,0.0,0.0,0.3,0.7,0.5,0.0,0.3,0.3,1.0,0.3,0.0,0.0,0.7,1.0],"GS":0,"GP":3}},"season":{"headerRank":["RANK_PG_MIN","RANK_PG_FGM","RANK_PG_FGA","RANK_FG_PCT","RANK_PG_FG3M","RANK_PG_FG3A","RANK_FG3_PCT","RANK_PG_FTM","RANK_PG_FTA","RANK_FT_PCT","RANK_PG_OREB","RANK_PG_DREB","RANK_PG_REB","RANK_PG_AST","RANK_PG_STL","RANK_PG_BLK","RANK_PG_TOV","RANK_PG_PTS","RANK_PG_EFF"],"headerGame":["PLAYER_ID","GAME_ID","GAME_DATE","TEAM_ABBREVIATION","TEAM_NAME","VS_TEAM_ABBREVIATION","VS_TEAM_NAME","TOV","PTS","FGM","FGA","FG3M","FG3A","PF","BLK","STL","AST","REB"],"RegularSeason":{"2004":{"shotchart":{"Averages":{"header":["SHOT_ZONE_BASIC","SHOT_ZONE_AREA","SHOT_ZONE_RANGE","FGA","FGM","FG_PCT"],"row":[["Above the Break 3","Back Court(BC)","Back Court Shot",115,2,0.017],["Above the Break 3","Center(C)","24+ ft.",5850,2027,0.346],["Above the Break 3","Left Side Center(LC)","24+ ft.",10956,3840,0.35],["Above the Break 3","Right Side Center(RC)","24+ ft.",10539,3717,0.353],["Backcourt","Back Court(BC)","Back Court Shot",363,3,0.008],["In The Paint (Non-RA)","Center(C)","8-16 ft.",5303,2099,0.396],["In The Paint (Non-RA)","Center(C)","Less Than 8 ft.",16703,6636,0.397],["In The Paint (Non-RA)","Left Side(L)","8-16 ft.",1918,787,0.41],["In The Paint (Non-RA)","Right Side(R)","8-16 ft.",1834,725,0.395],["Left Corner 3","Left Side(L)","24+ ft.",5541,2090,0.377],["Mid-Range","Center(C)","16-24 ft.",6879,2790,0.406],["Mid-Range","Center(C)","8-16 ft.",1894,817,0.431],["Mid-Range","Left Side Center(LC)","16-24 ft.",10027,4066,0.406],["Mid-Range","Left Side(L)","16-24 ft.",10301,4043,0.392],["Mid-Range","Left Side(L)","8-16 ft.",11101,4131,0.372],["Mid-Range","Right Side Center(RC)","16-24 ft.",10601,4255,0.401],["Mid-Range","Right Side(R)","16-24 ft.",8849,3516,0.397],["Mid-Range","Right Side(R)","8-16 ft.",10381,3850,0.371],["Restricted Area","Center(C)","Less Than 8 ft.",63160,36973,0.585],["Right Corner 3","Right Side(R)","24+ ft.",5307,2066,0.389]]},"Details":{"header":["GAME_ID","GAME_EVENT_ID","PERIOD","MINUTES_REMAINING","SECONDS_REMAINING","EVENT_TYPE","ACTION_TYPE","SHOT_TYPE","SHOT_ZONE_BASIC","SHOT_ZONE_AREA","SHOT_ZONE_RANGE","SHOT_DISTANCE","LOC_X","LOC_Y","SHOT_ATTEMPTED_FLAG","SHOT_MADE_FLAG"],"row":[["0020400258",57,1,5,42,"Missed Shot","Jump Shot","2PT Field Goal","Mid-Range","Right Side(R)","16-24 ft.",22,200,99,1,0],["0020400258",113,1,0,0,"Missed Shot","Jump Shot","3PT Field Goal","Backcourt","Back Court(BC)","Back Court Shot",46,-149,442,1,0],["0020400258",351,3,1,1,"Made Shot","Jump Shot","2PT Field Goal","Mid-Range","Right Side Center(RC)","16-24 ft.",22,97,207,1,1],["0020400258",362,3,0,0,"Missed Shot","Jump Shot","3PT Field Goal","Above the Break 3","Right Side Center(RC)","24+ ft.",26,182,187,1,0],["0020400258",389,4,10,4,"Made Shot","Jump Shot","2PT Field Goal","Mid-Range","Right Side Center(RC)","16-24 ft.",20,84,192,1,1],["0020400265",135,2,11,41,"Made Shot","Layup Shot","2PT Field Goal","Restricted Area","Center(C)","Less Than 8 ft.",0,0,0,1,1],["0020400265",376,3,0,26,"Missed Shot","Jump Shot","2PT Field Goal","Mid-Range","Right Side Center(RC)","16-24 ft.",18,87,164,1,0],["0020400265",399,4,9,1,"Made Shot","Jump Shot","2PT Field Goal","Mid-Range","Right Side Center(RC)","16-24 ft.",20,146,140,1,1],["0020400265",411,4,7,44,"Missed Shot","Layup Shot","2PT Field Goal","Restricted Area","Center(C)","Less Than 8 ft.",0,0,0,1,0],["0020400279",99,1,0,22,"Missed Shot","Jump Shot","3PT Field Goal","Above the Break 3","Right Side Center(RC)","24+ ft.",25,149,209,1,0],["0020400279",102,1,0,0,"Made Shot","Layup Shot","2PT Field Goal","Restricted Area","Center(C)","Less Than 8 ft.",0,0,0,1,1],["0020400279",125,2,8,59,"Missed Shot","Jump Shot","2PT Field Goal","In The Paint (Non-RA)","Center(C)","Less Than 8 ft.",6,-25,56,1,0],["0020400279",140,2,7,44,"Made Shot","Jump Shot","2PT Field Goal","Mid-Range","Right Side(R)","16-24 ft.",19,192,-1,1,1],["0020400279",362,4,10,22,"Made Shot","Layup Shot","2PT Field Goal","Restricted Area","Center(C)","Less Than 8 ft.",0,0,0,1,1],["0020400279",371,4,9,29,"Missed Shot","Jump Shot","2PT Field Goal","Mid-Range","Right Side Center(RC)","16-24 ft.",20,135,148,1,0],["0020400289",97,1,0,3,"Made Shot","Jump Shot","2PT Field Goal","Mid-Range","Right Side Center(RC)","16-24 ft.",21,136,169,1,1],["0020400289",345,4,10,39,"Missed Shot","Jump Shot","2PT Field Goal","Mid-Range","Right Side Center(RC)","16-24 ft.",21,103,186,1,0],["0020400289",357,4,9,7,"Missed Shot","Layup Shot","2PT Field Goal","Restricted Area","Center(C)","Less Than 8 ft.",1,8,10,1,0],["0020400303",96,2,11,14,"Made Shot","Layup Shot","2PT Field Goal","Restricted Area","Center(C)","Less Than 8 ft.",0,0,0,1,1],["0020400303",132,2,8,6,"Made Shot","Jump Shot","2PT Field Goal","Mid-Range","Left Side Center(LC)","16-24 ft.",19,-82,179,1,1],["0020400303",151,2,6,31,"Made Shot","Fadeaway Jump Shot","2PT Field Goal","Mid-Range","Left Side(L)","8-16 ft.",15,-131,84,1,1],["0020400663",94,1,0,58,"Missed Shot","Driving Layup Shot","2PT Field Goal","Restricted Area","Center(C)","Less Than 8 ft.",0,0,0,1,0],["0020400663",328,4,11,31,"Missed Shot","Jump Shot","2PT Field Goal","Mid-Range","Right Side Center(RC)","16-24 ft.",20,110,171,1,0],["0020400663",348,4,9,37,"Missed Shot","Running Jump Shot","2PT Field Goal","In The Paint (Non-RA)","Center(C)","Less Than 8 ft.",5,-8,58,1,0],["0020400663",360,4,7,37,"Made Shot","Driving Layup Shot","2PT Field Goal","Restricted Area","Center(C)","Less Than 8 ft.",0,0,0,1,1],["0020400663",373,4,5,42,"Made Shot","Jump Shot","3PT Field Goal","Above the Break 3","Right Side Center(RC)","24+ ft.",24,102,225,1,1],["0020400663",381,4,4,41,"Made Shot","Jump Shot","3PT Field Goal","Above the Break 3","Center(C)","24+ ft.",24,43,243,1,1],["0020400678",96,1,0,1,"Made Shot","Jump Shot","2PT Field Goal","Mid-Range","Center(C)","8-16 ft.",15,-25,151,1,1],["0020400678",112,2,10,8,"Missed Shot","Turnaround Jump Shot","2PT Field Goal","In The Paint (Non-RA)","Center(C)","Less Than 8 ft.",4,-18,38,1,0],["0020400678",121,2,9,46,"Missed Shot","Layup Shot","2PT Field Goal","Restricted Area","Center(C)","Less Than 8 ft.",0,0,0,1,0],["0020400678",138,2,7,36,"Missed Shot","Jump Shot","3PT Field Goal","Above the Break 3","Right Side Center(RC)","24+ ft.",24,220,99,1,0],["0020400678",158,2,6,8,"Made Shot","Jump Shot","3PT Field Goal","Above the Break 3","Left Side Center(LC)","24+ ft.",23,-138,194,1,1],["0020400678",319,3,0,36,"Made Shot","Jump Shot","2PT Field Goal","Mid-Range","Right Side(R)","16-24 ft.",18,149,104,1,1],["0020400678",333,4,11,36,"Missed Shot","Jump Shot","3PT Field Goal","Left Corner 3","Left Side(L)","24+ ft.",23,-232,31,1,0],["0020400753",312,3,1,8,"Missed Shot","Layup Shot","2PT Field Goal","In The Paint (Non-RA)","Center(C)","Less Than 8 ft.",4,-39,20,1,0],["0020400790",460,4,0,55,"Missed Shot","Jump Shot","3PT Field Goal","Above the Break 3","Left Side Center(LC)","24+ ft.",27,-205,183,1,0],["0020400806",144,2,11,5,"Made Shot","Jump Shot","2PT Field Goal","Mid-Range","Right Side Center(RC)","16-24 ft.",22,176,137,1,1],["0020400806",155,2,9,45,"Made Shot","Driving Layup Shot","2PT Field Goal","Restricted Area","Center(C)","Less Than 8 ft.",0,0,0,1,1],["0020400806",429,4,8,39,"Missed Shot","Jump Shot","2PT Field Goal","Mid-Range","Right Side(R)","16-24 ft.",18,187,13,1,0],["0020400919",309,3,1,59,"Missed Shot","Jump Shot","2PT Field Goal","Mid-Range","Left Side Center(LC)","16-24 ft.",22,-151,169,1,0],["0020400919",436,4,1,15,"Made Shot","Jump Shot","2PT Field Goal","Mid-Range","Right Side(R)","8-16 ft.",14,149,0,1,1],["0020400919",439,4,0,54,"Missed Shot","Jump Shot","3PT Field Goal","Above the Break 3","Left Side Center(LC)","24+ ft.",24,-218,110,1,0],["0020400934",86,1,2,58,"Missed Shot","Layup Shot","2PT Field Goal","Restricted Area","Center(C)","Less Than 8 ft.",0,0,0,1,0],["0020400934",99,1,1,17,"Made Shot","Jump Shot","2PT Field Goal","Mid-Range","Center(C)","16-24 ft.",17,-2,176,1,1],["0020400934",346,4,11,27,"Made Shot","Jump Shot","2PT Field Goal","Mid-Range","Center(C)","16-24 ft.",21,16,214,1,1],["0020400934",430,4,1,21,"Missed Shot","Jump Shot","2PT Field Goal","Mid-Range","Center(C)","16-24 ft.",22,0,220,1,0],["0020400949",127,2,10,51,"Made Shot","Jump Shot","2PT Field Goal","Mid-Range","Center(C)","16-24 ft.",20,5,201,1,1],["0020400949",374,4,10,22,"Missed Shot","Jump Shot","2PT Field Goal","In The Paint (Non-RA)","Center(C)","8-16 ft.",12,-28,120,1,0],["0020400980",314,3,0,18,"Made Shot","Jump Shot","2PT Field Goal","Mid-Range","Left Side(L)","8-16 ft.",11,-113,40,1,1],["0020400980",330,4,10,30,"Missed Shot","Jump Shot","2PT Field Goal","Mid-Range","Left Side Center(LC)","16-24 ft.",21,-95,194,1,0],["0020401050",349,3,0,0,"Missed Shot","Jump Shot","3PT Field Goal","Backcourt","Back Court(BC)","Back Court Shot",47,149,447,1,0],["0020401073",131,2,9,45,"Made Shot","Jump Shot","2PT Field Goal","Mid-Range","Right Side(R)","8-16 ft.",12,98,84,1,1],["0020401073",229,2,0,17,"Made Shot","Layup Shot","2PT Field Goal","Restricted Area","Center(C)","Less Than 8 ft.",0,0,0,1,1],["0020401073",286,3,7,49,"Missed Shot","Jump Shot","2PT Field Goal","Mid-Range","Left Side Center(LC)","16-24 ft.",21,-171,138,1,0],["0020401073",333,3,3,46,"Made Shot","Layup Shot","2PT Field Goal","Restricted Area","Center(C)","Less Than 8 ft.",0,0,0,1,1],["0020401073",343,3,2,16,"Missed Shot","Jump Shot","2PT Field Goal","Mid-Range","Left Side Center(LC)","16-24 ft.",17,-66,164,1,0],["0020401092",483,4,0,33,"Missed Shot","Layup Shot","2PT Field Goal","Restricted Area","Center(C)","Less Than 8 ft.",0,0,0,1,0],["0020401107",423,4,2,32,"Missed Shot","Jump Shot","2PT Field Goal","Mid-Range","Left Side(L)","16-24 ft.",17,-171,5,1,0],["0020401189",448,4,0,34,"Missed Shot","Jump Shot","2PT Field Goal","Mid-Range","Left Side(L)","16-24 ft.",16,-141,81,1,0],["0020401224",426,4,3,3,"Made Shot","Running Layup Shot","2PT Field Goal","Restricted Area","Center(C)","Less Than 8 ft.",0,0,0,1,1]]}},"GameList":{"20401151":[2766,"0020401151","04/11/2005","MEM","Grizzlies","DAL","Mavericks",0,0,0,0,0,0,0,0,0,0,0],"20401073":[2766,"0020401073","04/01/2005","MEM","Grizzlies","MIL","Bucks",0,6,3,5,0,0,3,1,1,2,1],"20400663":[2766,"0020400663","02/01/2005","MEM","Grizzlies","PHX","Suns",1,10,3,6,2,2,4,0,1,1,0],"20401050":[2766,"0020401050","03/29/2005","MEM","Grizzlies","SEA","SuperSonics",0,0,0,1,0,1,0,0,0,0,0],"20401092":[2766,"0020401092","04/03/2005","MEM","Grizzlies","LAL","Lakers",0,0,0,1,0,0,0,0,0,0,1],"20400289":[2766,"0020400289","12/11/2004","MEM","Grizzlies","DET","Pistons",1,2,1,3,0,0,1,0,0,0,1],"20400769":[2766,"0020400769","02/16/2005","MEM","Grizzlies","BOS","Celtics",0,0,0,0,0,0,0,0,0,0,0],"20400265":[2766,"0020400265","12/08/2004","MEM","Grizzlies","ATL","Hawks",1,4,2,4,0,0,0,0,0,3,1],"20400303":[2766,"0020400303","12/13/2004","MEM","Grizzlies","CLE","Cavaliers",1,7,3,3,0,0,2,0,2,3,1],"20400806":[2766,"0020400806","02/25/2005","MEM","Grizzlies","DEN","Nuggets",0,4,2,3,0,0,1,0,0,0,0],"20400919":[2766,"0020400919","03/12/2005","MEM","Grizzlies","POR","Trail Blazers",2,4,1,3,0,1,2,0,0,0,0],"20400712":[2766,"0020400712","02/08/2005","MEM","Grizzlies","MIN","Timberwolves",1,0,0,0,0,0,0,0,0,0,0],"20400678":[2766,"0020400678","02/03/2005","MEM","Grizzlies","LAC","Clippers",0,10,3,7,1,3,1,0,0,1,1],"20400934":[2766,"0020400934","03/14/2005","MEM","Grizzlies","POR","Trail Blazers",1,4,2,4,0,0,0,0,3,3,2],"20401107":[2766,"0020401107","04/06/2005","MEM","Grizzlies","TOR","Raptors",0,0,0,1,0,0,0,0,0,1,0],"20400279":[2766,"0020400279","12/10/2004","MEM","Grizzlies","MIA","Heat",1,6,3,6,0,1,1,0,1,0,2],"20400753":[2766,"0020400753","02/13/2005","MEM","Grizzlies","IND","Pacers",0,0,0,1,0,0,1,0,1,1,0],"20400790":[2766,"0020400790","02/23/2005","MEM","Grizzlies","WAS","Wizards",0,2,0,1,0,1,1,0,0,1,0],"20401189":[2766,"0020401189","04/16/2005","MEM","Grizzlies","SAS","Spurs",0,2,0,1,0,0,0,0,0,1,1],"20400258":[2766,"0020400258","12/07/2004","MEM","Grizzlies","NYK","Knicks",3,4,2,5,0,2,3,0,0,6,0],"20400980":[2766,"0020400980","03/20/2005","MEM","Grizzlies","PHX","Suns",0,2,1,2,0,0,1,0,0,0,0],"20401179":[2766,"0020401179","04/15/2005","MEM","Grizzlies","DEN","Nuggets",0,0,0,0,0,0,2,0,0,2,0],"20401224":[2766,"0020401224","04/20/2005","MEM","Grizzlies","DAL","Mavericks",0,2,1,1,0,0,0,0,2,2,0],"20400949":[2766,"0020400949","03/16/2005","MEM","Grizzlies","NOH","Hornets",0,4,1,2,0,0,2,0,2,1,1]},"data":[25.0,24,0,9.1,1.2,2.5,0.467,0.1,0.5,0.273,0.6,0.8,0.737,0.0,0.5,0.5,1.2,0.5,0.0,0.5,1.0,3.0],"rank":{"PerGame":[null,null,null,null,null,null,null,null,null,null,null,null,null,null,null,null,null,null,null],"Totals":[385,373,381,null,246,254,null,367,369,null,442,411,423,323,335,399,381,376,381]},"team":"MEM"},"2005":{"shotchart":{"Averages":{"header":["SHOT_ZONE_BASIC","SHOT_ZONE_AREA","SHOT_ZONE_RANGE","FGA","FGM","FG_PCT"],"row":[["Above the Break 3","Back Court(BC)","Back Court Shot",110,3,0.027],["Above the Break 3","Center(C)","24+ ft.",6026,2107,0.35],["Above the Break 3","Left Side Center(LC)","24+ ft.",10936,3868,0.354],["Above the Break 3","Right Side Center(RC)","24+ ft.",10744,3774,0.351],["Backcourt","Back Court(BC)","Back Court Shot",371,9,0.024],["In The Paint (Non-RA)","Center(C)","8-16 ft.",5007,2063,0.412],["In The Paint (Non-RA)","Center(C)","Less Than 8 ft.",16599,6703,0.404],["In The Paint (Non-RA)","Left Side(L)","8-16 ft.",1802,737,0.409],["In The Paint (Non-RA)","Right Side(R)","8-16 ft.",1699,664,0.391],["Left Corner 3","Left Side(L)","24+ ft.",5668,2184,0.385],["Mid-Range","Center(C)","16-24 ft.",6981,2746,0.393],["Mid-Range","Center(C)","8-16 ft.",1767,756,0.428],["Mid-Range","Left Side Center(LC)","16-24 ft.",9926,4102,0.413],["Mid-Range","Left Side(L)","16-24 ft.",9829,3960,0.403],["Mid-Range","Left Side(L)","8-16 ft.",10072,3876,0.385],["Mid-Range","Right Side Center(RC)","16-24 ft.",10594,4246,0.401],["Mid-Range","Right Side(R)","16-24 ft.",8627,3536,0.41],["Mid-Range","Right Side(R)","8-16 ft.",9130,3405,0.373],["Restricted Area","Center(C)","Less Than 8 ft.",63017,37304,0.592],["Right Corner 3","Right Side(R)","24+ ft.",5409,2123,0.392]]},"Details":{"header":["GAME_ID","GAME_EVENT_ID","PERIOD","MINUTES_REMAINING","SECONDS_REMAINING","EVENT_TYPE","ACTION_TYPE","SHOT_TYPE","SHOT_ZONE_BASIC","SHOT_ZONE_AREA","SHOT_ZONE_RANGE","SHOT_DISTANCE","LOC_X","LOC_Y","SHOT_ATTEMPTED_FLAG","SHOT_MADE_FLAG"],"row":[["0020500053",443,4,2,37,"Made Shot","Jump Shot","2PT Field Goal","Mid-Range","Center(C)","16-24 ft.",19,10,191,1,1],["0020500053",452,4,1,43,"Missed Shot","Jump Shot","2PT Field Goal","Mid-Range","Center(C)","16-24 ft.",18,1,186,1,0],["0020500076",448,4,2,59,"Missed Shot","Jump Shot","2PT Field Goal","Mid-Range","Left Side Center(LC)","16-24 ft.",19,-122,150,1,0],["0020500082",148,2,9,16,"Missed Shot","Jump Shot","2PT Field Goal","Mid-Range","Right Side(R)","8-16 ft.",15,158,8,1,0],["0020500082",174,2,7,28,"Missed Shot","Jump Shot","2PT Field Goal","Mid-Range","Left Side(L)","8-16 ft.",15,-128,91,1,0],["0020500082",322,3,3,21,"Missed Shot","Jump Shot","2PT Field Goal","Mid-Range","Center(C)","16-24 ft.",17,-49,163,1,0],["0020500113",156,2,7,44,"Missed Shot","Jump Shot","2PT Field Goal","Mid-Range","Right Side(R)","16-24 ft.",21,177,114,1,0],["0020500174",98,2,10,26,"Made Shot","Jump Shot","2PT Field Goal","Mid-Range","Right Side(R)","8-16 ft.",12,126,-3,1,1],["0020500174",327,3,0,0,"Missed Shot","Jump Shot","3PT Field Goal","Backcourt","Back Court(BC)","Back Court Shot",48,-122,473,1,0],["0020500174",356,4,7,51,"Missed Shot","Jump Shot","2PT Field Goal","Mid-Range","Center(C)","16-24 ft.",16,-6,160,1,0],["0020500187",166,2,7,35,"Missed Shot","Jump Shot","2PT Field Goal","Mid-Range","Center(C)","16-24 ft.",16,34,158,1,0],["0020500187",175,2,6,43,"Made Shot","Driving Layup Shot","2PT Field Goal","Restricted Area","Center(C)","Less Than 8 ft.",0,0,0,1,1],["0020500252",320,3,1,18,"Missed Shot","Jump Shot","2PT Field Goal","Mid-Range","Center(C)","16-24 ft.",21,3,212,1,0],["0020500252",382,4,8,1,"Missed Shot","Jump Shot","2PT Field Goal","Mid-Range","Center(C)","16-24 ft.",19,41,187,1,0],["0020500273",119,1,0,1,"Missed Shot","Jump Shot","3PT Field Goal","Left Corner 3","Left Side(L)","24+ ft.",22,-228,8,1,0],["0020500285",76,1,2,39,"Missed Shot","Jump Shot","2PT Field Goal","Mid-Range","Right Side(R)","16-24 ft.",19,195,-11,1,0],["0020500285",91,1,1,5,"Missed Shot","Layup Shot","2PT Field Goal","Restricted Area","Center(C)","Less Than 8 ft.",1,0,12,1,0],["0020500285",94,1,0,28,"Missed Shot","Layup Shot","2PT Field Goal","Restricted Area","Center(C)","Less Than 8 ft.",2,-21,17,1,0],["0020500285",99,1,0,2,"Missed Shot","Jump Shot","3PT Field Goal","Above the Break 3","Right Side Center(RC)","24+ ft.",25,207,156,1,0],["0020500285",143,2,7,21,"Missed Shot","Jump Shot","2PT Field Goal","Mid-Range","Center(C)","16-24 ft.",16,-25,160,1,0],["0020500285",333,4,10,14,"Made Shot","Jump Bank Shot","2PT Field Goal","Mid-Range","Right Side Center(RC)","16-24 ft.",18,95,155,1,1],["0020500285",347,4,8,48,"Missed Shot","Layup Shot","2PT Field Goal","Restricted Area","Center(C)","Less Than 8 ft.",2,20,18,1,0],["0020500285",354,4,7,51,"Missed Shot","Layup Shot","2PT Field Goal","Restricted Area","Center(C)","Less Than 8 ft.",0,0,0,1,0],["0020500314",150,2,8,47,"Made Shot","Driving Layup Shot","2PT Field Goal","Restricted Area","Center(C)","Less Than 8 ft.",0,0,0,1,1],["0020500314",161,2,8,0,"Made Shot","Jump Shot","2PT Field Goal","Mid-Range","Center(C)","16-24 ft.",21,-51,206,1,1],["0020500314",163,2,7,38,"Made Shot","Driving Layup Shot","2PT Field Goal","Restricted Area","Center(C)","Less Than 8 ft.",0,0,0,1,1],["0020500314",322,3,0,20,"Made Shot","Jump Shot","2PT Field Goal","Mid-Range","Left Side(L)","16-24 ft.",21,-205,71,1,1],["0020500314",329,4,11,38,"Missed Shot","Jump Shot","2PT Field Goal","Mid-Range","Center(C)","16-24 ft.",21,3,212,1,0],["0020500314",373,4,7,3,"Missed Shot","Jump Shot","2PT Field Goal","Mid-Range","Left Side(L)","16-24 ft.",18,-169,81,1,0],["0020500314",459,4,0,17,"Made Shot","Driving Layup Shot","2PT Field Goal","Restricted Area","Center(C)","Less Than 8 ft.",0,0,0,1,1],["0020500337",93,1,0,2,"Missed Shot","Driving Layup Shot","2PT Field Goal","Restricted Area","Center(C)","Less Than 8 ft.",0,0,0,1,0],["0020500337",131,2,8,59,"Made Shot","Jump Shot","2PT Field Goal","Mid-Range","Right Side Center(RC)","16-24 ft.",19,123,146,1,1],["0020500337",137,2,8,20,"Made Shot","Driving Layup Shot","2PT Field Goal","Restricted Area","Center(C)","Less Than 8 ft.",0,0,0,1,1],["0020500337",146,2,7,3,"Made Shot","Jump Shot","2PT Field Goal","Mid-Range","Center(C)","16-24 ft.",21,1,214,1,1],["0020500337",149,2,6,36,"Made Shot","Jump Shot","2PT Field Goal","Mid-Range","Left Side(L)","16-24 ft.",19,-197,13,1,1],["0020500337",303,3,1,50,"Made Shot","Driving Layup Shot","2PT Field Goal","Restricted Area","Center(C)","Less Than 8 ft.",0,0,0,1,1],["0020500337",316,3,0,4,"Missed Shot","Layup Shot","2PT Field Goal","Restricted Area","Center(C)","Less Than 8 ft.",0,0,0,1,0],["0020500337",327,4,11,0,"Missed Shot","Jump Shot","2PT Field Goal","In The Paint (Non-RA)","Center(C)","8-16 ft.",11,43,110,1,0],["0020500337",345,4,9,11,"Made Shot","Jump Shot","2PT Field Goal","Mid-Range","Center(C)","16-24 ft.",20,-51,199,1,1],["0020500350",85,1,0,3,"Missed Shot","Jump Shot","2PT Field Goal","Mid-Range","Right Side Center(RC)","16-24 ft.",19,126,153,1,0],["0020500350",322,4,7,22,"Missed Shot","Turnaround Jump Shot","2PT Field Goal","In The Paint (Non-RA)","Center(C)","Less Than 8 ft.",7,-67,41,1,0],["0020500365",107,1,0,23,"Missed Shot","Layup Shot","2PT Field Goal","Restricted Area","Center(C)","Less Than 8 ft.",0,0,0,1,0],["0020500365",162,2,6,35,"Missed Shot","Jump Shot","2PT Field Goal","Mid-Range","Center(C)","16-24 ft.",18,-11,189,1,0],["0020500365",190,2,3,19,"Missed Shot","Layup Shot","2PT Field Goal","Restricted Area","Center(C)","Less Than 8 ft.",0,0,0,1,0],["0020500365",366,4,11,17,"Missed Shot","Jump Shot","2PT Field Goal","Mid-Range","Right Side(R)","8-16 ft.",12,95,86,1,0],["0020500365",382,4,9,44,"Missed Shot","Jump Shot","2PT Field Goal","In The Paint (Non-RA)","Center(C)","Less Than 8 ft.",4,11,45,1,0],["0020500378",121,1,0,0,"Missed Shot","Layup Shot","2PT Field Goal","Restricted Area","Center(C)","Less Than 8 ft.",0,0,0,1,0],["0020500378",145,2,9,48,"Missed Shot","Layup Shot","2PT Field Goal","Restricted Area","Center(C)","Less Than 8 ft.",0,0,0,1,0],["0020500378",181,2,7,36,"Made Shot","Layup Shot","2PT Field Goal","Restricted Area","Center(C)","Less Than 8 ft.",0,0,0,1,1],["0020500393",98,1,0,2,"Missed Shot","Jump Shot","2PT Field Goal","Mid-Range","Left Side Center(LC)","16-24 ft.",18,-59,179,1,0],["0020500393",116,2,9,25,"Missed Shot","Jump Shot","2PT Field Goal","Mid-Range","Right Side(R)","16-24 ft.",21,215,-24,1,0],["0020500393",169,2,3,52,"Missed Shot","Driving Layup Shot","2PT Field Goal","Restricted Area","Center(C)","Less Than 8 ft.",0,0,0,1,0],["0020500393",343,4,10,1,"Missed Shot","Layup Shot","2PT Field Goal","Restricted Area","Center(C)","Less Than 8 ft.",0,0,0,1,0],["0020500393",350,4,9,30,"Missed Shot","Layup Shot","2PT Field Goal","Restricted Area","Center(C)","Less Than 8 ft.",0,0,0,1,0],["0020500412",144,2,8,15,"Made Shot","Jump Shot","2PT Field Goal","Mid-Range","Left Side Center(LC)","16-24 ft.",20,-161,123,1,1],["0020500412",371,4,8,11,"Missed Shot","Jump Shot","2PT Field Goal","Mid-Range","Left Side(L)","16-24 ft.",19,-158,109,1,0],["0020500425",166,2,3,38,"Missed Shot","Jump Shot","2PT Field Goal","Mid-Range","Right Side Center(RC)","16-24 ft.",18,98,151,1,0],["0020500425",184,2,1,40,"Missed Shot","Jump Shot","2PT Field Goal","Mid-Range","Center(C)","16-24 ft.",19,-2,199,1,0],["0020500425",272,3,3,41,"Made Shot","Driving Layup Shot","2PT Field Goal","Restricted Area","Center(C)","Less Than 8 ft.",0,0,0,1,1],["0020500425",287,3,2,22,"Missed Shot","Jump Shot","2PT Field Goal","Mid-Range","Left Side(L)","8-16 ft.",12,-122,13,1,0],["0020500425",315,4,9,56,"Made Shot","Driving Layup Shot","2PT Field Goal","Restricted Area","Center(C)","Less Than 8 ft.",0,0,0,1,1],["0020500432",20,1,8,41,"Made Shot","Jump Shot","2PT Field Goal","Mid-Range","Right Side Center(RC)","16-24 ft.",19,117,151,1,1],["0020500432",23,1,7,53,"Missed Shot","Jump Shot","2PT Field Goal","Mid-Range","Center(C)","16-24 ft.",20,8,206,1,0],["0020500432",144,2,3,31,"Made Shot","Driving Layup Shot","2PT Field Goal","Restricted Area","Center(C)","Less Than 8 ft.",0,0,0,1,1],["0020500432",167,2,0,54,"Missed Shot","Jump Shot","2PT Field Goal","Mid-Range","Left Side Center(LC)","16-24 ft.",19,-153,118,1,0],["0020500432",206,3,10,39,"Made Shot","Jump Shot","2PT Field Goal","Mid-Range","Right Side Center(RC)","16-24 ft.",18,143,118,1,1],["0020500432",213,3,8,46,"Made Shot","Turnaround Jump Shot","2PT Field Goal","In The Paint (Non-RA)","Center(C)","8-16 ft.",10,-18,105,1,1],["0020500432",225,3,6,49,"Made Shot","Jump Shot","2PT Field Goal","Mid-Range","Center(C)","16-24 ft.",21,-36,207,1,1],["0020500444",96,1,1,48,"Missed Shot","Jump Shot","2PT Field Goal","Mid-Range","Left Side Center(LC)","16-24 ft.",20,-97,184,1,0],["0020500444",102,1,0,36,"Missed Shot","Layup Shot","2PT Field Goal","Restricted Area","Center(C)","Less Than 8 ft.",0,0,0,1,0],["0020500444",119,2,10,45,"Made Shot","Driving Layup Shot","2PT Field Goal","Restricted Area","Center(C)","Less Than 8 ft.",0,0,0,1,1],["0020500444",125,2,10,19,"Made Shot","Layup Shot","2PT Field Goal","Restricted Area","Center(C)","Less Than 8 ft.",0,0,0,1,1],["0020500444",295,3,1,7,"Missed Shot","Jump Shot","2PT Field Goal","Mid-Range","Left Side(L)","16-24 ft.",18,-184,2,1,0],["0020500464",82,1,2,11,"Missed Shot","Jump Shot","2PT Field Goal","Mid-Range","Right Side(R)","16-24 ft.",19,167,95,1,0],["0020500464",391,4,9,25,"Made Shot","Jump Shot","2PT Field Goal","Mid-Range","Right Side Center(RC)","16-24 ft.",17,97,150,1,1],["0020500477",83,1,0,50,"Made Shot","Driving Layup Shot","2PT Field Goal","Restricted Area","Center(C)","Less Than 8 ft.",0,0,0,1,1],["0020500477",89,1,0,0,"Missed Shot","Jump Shot","2PT Field Goal","Mid-Range","Left Side(L)","8-16 ft.",15,-110,110,1,0],["0020500477",95,2,11,27,"Made Shot","Jump Shot","2PT Field Goal","Mid-Range","Right Side Center(RC)","16-24 ft.",20,113,169,1,1],["0020500477",114,2,9,7,"Made Shot","Layup Shot","2PT Field Goal","Restricted Area","Center(C)","Less Than 8 ft.",0,0,0,1,1],["0020500477",154,2,5,44,"Missed Shot","Jump Shot","2PT Field Goal","Mid-Range","Center(C)","16-24 ft.",21,52,206,1,0],["0020500477",309,3,0,53,"Made Shot","Driving Layup Shot","2PT Field Goal","Restricted Area","Center(C)","Less Than 8 ft.",0,0,0,1,1],["0020500477",315,3,0,0,"Missed Shot","Jump Shot","3PT Field Goal","Above the Break 3","Back Court(BC)","Back Court Shot",45,-191,409,1,0],["0020500477",333,4,10,28,"Missed Shot","Jump Shot","2PT Field Goal","In The Paint (Non-RA)","Center(C)","Less Than 8 ft.",5,38,35,1,0],["0020500477",343,4,9,46,"Made Shot","Layup Shot","2PT Field Goal","Restricted Area","Center(C)","Less Than 8 ft.",0,0,0,1,1],["0020500477",351,4,8,39,"Made Shot","Jump Shot","2PT Field Goal","Mid-Range","Left Side Center(LC)","16-24 ft.",16,-92,140,1,1],["0020500477",360,4,8,0,"Missed Shot","Jump Shot","2PT Field Goal","Mid-Range","Right Side Center(RC)","16-24 ft.",19,154,114,1,0],["0020500477",366,4,7,14,"Missed Shot","Layup Shot","2PT Field Goal","Restricted Area","Center(C)","Less Than 8 ft.",0,0,0,1,0],["0020500477",403,4,3,7,"Made Shot","Jump Shot","2PT Field Goal","Mid-Range","Right Side Center(RC)","16-24 ft.",18,123,138,1,1],["0020500495",86,1,1,22,"Missed Shot","Jump Shot","2PT Field Goal","Mid-Range","Right Side Center(RC)","16-24 ft.",19,140,137,1,0],["0020500495",91,1,0,44,"Missed Shot","Jump Shot","2PT Field Goal","Mid-Range","Center(C)","16-24 ft.",21,0,219,1,0],["0020500495",304,4,11,17,"Made Shot","Jump Shot","2PT Field Goal","Mid-Range","Right Side Center(RC)","16-24 ft.",18,102,150,1,1],["0020500517",93,1,1,57,"Missed Shot","Driving Layup Shot","2PT Field Goal","Restricted Area","Center(C)","Less Than 8 ft.",0,0,0,1,0],["0020500517",97,1,1,28,"Missed Shot","Jump Shot","2PT Field Goal","Mid-Range","Left Side(L)","16-24 ft.",18,-181,13,1,0],["0020500517",113,1,0,1,"Made Shot","Driving Finger Roll Shot","2PT Field Goal","Restricted Area","Center(C)","Less Than 8 ft.",0,0,0,1,1],["0020500517",125,2,11,30,"Missed Shot","Jump Shot","2PT Field Goal","Mid-Range","Left Side Center(LC)","16-24 ft.",18,-62,178,1,0],["0020500517",311,3,3,50,"Missed Shot","Layup Shot","2PT Field Goal","Restricted Area","Center(C)","Less Than 8 ft.",0,0,0,1,0],["0020500517",356,3,0,3,"Missed Shot","Layup Shot","2PT Field Goal","Restricted Area","Center(C)","Less Than 8 ft.",0,0,0,1,0],["0020500555",79,1,3,43,"Made Shot","Driving Layup Shot","2PT Field Goal","Restricted Area","Center(C)","Less Than 8 ft.",0,0,0,1,1],["0020500555",86,1,3,13,"Missed Shot","Layup Shot","2PT Field Goal","Restricted Area","Center(C)","Less Than 8 ft.",0,0,0,1,0],["0020500555",317,3,2,47,"Missed Shot","Jump Shot","2PT Field Goal","Mid-Range","Right Side Center(RC)","16-24 ft.",19,133,146,1,0],["0020500555",349,4,10,31,"Missed Shot","Jump Shot","2PT Field Goal","In The Paint (Non-RA)","Center(C)","Less Than 8 ft.",5,-10,54,1,0],["0020500555",369,4,8,22,"Missed Shot","Jump Shot","2PT Field Goal","In The Paint (Non-RA)","Center(C)","Less Than 8 ft.",5,-16,51,1,0],["0020500564",63,1,2,43,"Made Shot","Jump Shot","2PT Field Goal","Mid-Range","Right Side(R)","16-24 ft.",18,182,-14,1,1],["0020500564",94,2,11,36,"Missed Shot","Jump Shot","2PT Field Goal","Mid-Range","Center(C)","16-24 ft.",21,67,209,1,0],["0020500584",121,1,0,43,"Made Shot","Fadeaway Jump Shot","2PT Field Goal","Mid-Range","Left Side Center(LC)","16-24 ft.",17,-102,146,1,1],["0020500634",137,2,10,59,"Missed Shot","Jump Shot","2PT Field Goal","In The Paint (Non-RA)","Center(C)","Less Than 8 ft.",4,6,41,1,0],["0020500650",107,2,11,28,"Missed Shot","Driving Layup Shot","2PT Field Goal","Restricted Area","Center(C)","Less Than 8 ft.",0,0,0,1,0],["0020500690",128,2,9,10,"Missed Shot","Jump Shot","2PT Field Goal","Mid-Range","Right Side(R)","16-24 ft.",16,169,-14,1,0],["0020500690",175,2,3,22,"Made Shot","Jump Shot","2PT Field Goal","Mid-Range","Left Side(L)","16-24 ft.",17,-145,95,1,1],["0020500690",331,4,9,6,"Missed Shot","Layup Shot","2PT Field Goal","Restricted Area","Center(C)","Less Than 8 ft.",0,0,0,1,0],["0020500710",86,1,1,45,"Missed Shot","Jump Shot","2PT Field Goal","Mid-Range","Right Side(R)","8-16 ft.",15,123,102,1,0],["0020500721",120,2,10,48,"Missed Shot","Jump Shot","2PT Field Goal","Mid-Range","Right Side Center(RC)","16-24 ft.",16,62,151,1,0],["0020500721",361,4,11,25,"Missed Shot","Jump Shot","2PT Field Goal","In The Paint (Non-RA)","Right Side(R)","8-16 ft.",9,80,56,1,0],["0020500721",367,4,10,23,"Missed Shot","Jump Shot","2PT Field Goal","Mid-Range","Left Side Center(LC)","16-24 ft.",17,-102,145,1,0],["0020500721",402,4,7,18,"Made Shot","Jump Shot","2PT Field Goal","Mid-Range","Left Side Center(LC)","16-24 ft.",18,-108,146,1,1],["0020500721",455,4,3,1,"Made Shot","Jump Shot","2PT Field Goal","Mid-Range","Left Side Center(LC)","16-24 ft.",19,-133,141,1,1],["0020500721",472,4,1,37,"Made Shot","Jump Shot","2PT Field Goal","Mid-Range","Right Side Center(RC)","16-24 ft.",16,105,128,1,1],["0020500721",474,4,1,6,"Made Shot","Jump Shot","2PT Field Goal","Mid-Range","Left Side Center(LC)","16-24 ft.",20,-156,127,1,1],["0020500721",479,4,0,37,"Made Shot","Jump Shot","3PT Field Goal","Above the Break 3","Right Side Center(RC)","24+ ft.",25,200,166,1,1],["0020500735",109,2,10,13,"Missed Shot","Jump Shot","2PT Field Goal","Mid-Range","Left Side(L)","16-24 ft.",18,-153,105,1,0],["0020500735",141,2,7,18,"Made Shot","Driving Layup Shot","2PT Field Goal","Restricted Area","Center(C)","Less Than 8 ft.",0,0,0,1,1],["0020500757",168,2,7,50,"Made Shot","Jump Bank Shot","2PT Field Goal","Mid-Range","Right Side(R)","8-16 ft.",13,133,-14,1,1],["0020500824",369,4,9,57,"Missed Shot","Layup Shot","2PT Field Goal","Restricted Area","Center(C)","Less Than 8 ft.",0,0,0,1,0],["0020500846",198,2,2,51,"Missed Shot","Jump Shot","2PT Field Goal","Mid-Range","Right Side Center(RC)","16-24 ft.",22,100,196,1,0],["0020500886",354,4,10,46,"Missed Shot","Driving Finger Roll Shot","2PT Field Goal","Restricted Area","Center(C)","Less Than 8 ft.",0,0,0,1,0],["0020500886",378,4,8,36,"Made Shot","Running Jump Shot","2PT Field Goal","In The Paint (Non-RA)","Center(C)","Less Than 8 ft.",5,5,59,1,1],["0020500886",421,4,2,49,"Missed Shot","Jump Shot","2PT Field Goal","Mid-Range","Left Side Center(LC)","16-24 ft.",20,-128,155,1,0],["0020500931",131,2,10,16,"Missed Shot","Jump Shot","2PT Field Goal","Mid-Range","Left Side Center(LC)","16-24 ft.",17,-95,148,1,0],["0020500931",163,2,6,51,"Missed Shot","Jump Shot","2PT Field Goal","Mid-Range","Right Side Center(RC)","16-24 ft.",21,72,204,1,0],["0020500931",209,2,1,51,"Made Shot","Layup Shot","2PT Field Goal","Restricted Area","Center(C)","Less Than 8 ft.",0,0,0,1,1],["0020500931",352,4,10,24,"Missed Shot","Driving Layup Shot","2PT Field Goal","Restricted Area","Center(C)","Less Than 8 ft.",0,0,0,1,0],["0020500944",129,2,8,50,"Missed Shot","Jump Shot","2PT Field Goal","In The Paint (Non-RA)","Center(C)","8-16 ft.",10,49,89,1,0],["0020500944",336,4,10,54,"Missed Shot","Driving Layup Shot","2PT Field Goal","Restricted Area","Center(C)","Less Than 8 ft.",0,0,0,1,0],["0020500971",153,2,6,35,"Missed Shot","Layup Shot","2PT Field Goal","Restricted Area","Center(C)","Less Than 8 ft.",0,0,0,1,0],["0020500971",328,3,1,12,"Made Shot","Running Layup Shot","2PT Field Goal","Restricted Area","Center(C)","Less Than 8 ft.",0,0,0,1,1],["0020500971",342,3,0,1,"Missed Shot","Jump Shot","3PT Field Goal","Above the Break 3","Center(C)","24+ ft.",38,-2,383,1,0],["0020500971",362,4,8,57,"Missed Shot","Jump Shot","2PT Field Goal","Mid-Range","Right Side Center(RC)","16-24 ft.",21,131,176,1,0],["0020500995",445,4,0,8,"Made Shot","Fadeaway Jump Shot","2PT Field Goal","In The Paint (Non-RA)","Right Side(R)","8-16 ft.",8,67,45,1,1],["0020501224",313,3,0,0,"Missed Shot","Jump Shot","2PT Field Goal","Mid-Range","Center(C)","16-24 ft.",20,23,202,1,0],["0020501224",334,4,9,58,"Missed Shot","Jump Shot","2PT Field Goal","Mid-Range","Left Side(L)","16-24 ft.",18,-172,64,1,0],["0020501224",349,4,8,19,"Missed Shot","Jump Shot","2PT Field Goal","In The Paint (Non-RA)","Right Side(R)","8-16 ft.",11,77,84,1,0],["0020501224",369,4,5,48,"Missed Shot","Jump Shot","2PT Field Goal","Mid-Range","Right Side(R)","16-24 ft.",21,207,69,1,0],["0020501224",458,5,1,24,"Missed Shot","Jump Shot","2PT Field Goal","In The Paint (Non-RA)","Center(C)","Less Than 8 ft.",5,1,53,1,0],["0020501224",470,5,0,6,"Missed Shot","Jump Shot","2PT Field Goal","Mid-Range","Center(C)","16-24 ft.",20,44,202,1,0]]}},"GameList":{"20500995":[2766,"0020500995","03/21/2006","MEM","Grizzlies","IND","Pacers",1,2,1,1,0,0,2,0,0,1,1],"20500143":[2766,"0020500143","11/20/2005","MEM","Grizzlies","DEN","Nuggets",0,0,0,0,0,0,0,0,0,0,0],"20500082":[2766,"0020500082","11/12/2005","MEM","Grizzlies","ATL","Hawks",0,0,0,3,0,0,0,0,1,1,0],"20500365":[2766,"0020500365","12/21/2005","MEM","Grizzlies","POR","Trail Blazers",0,0,0,5,0,0,1,0,2,5,1],"20500187":[2766,"0020500187","11/26/2005","MEM","Grizzlies","DAL","Mavericks",1,2,1,2,0,0,2,0,1,2,0],"20500113":[2766,"0020500113","11/16/2005","MEM","Grizzlies","PHX","Suns",0,0,0,1,0,0,1,0,0,1,0],"20501090":[2766,"0020501090","04/02/2006","MEM","Grizzlies","ATL","Hawks",0,0,0,0,0,0,0,0,0,0,0],"20500528":[2766,"0020500528","01/14/2006","MEM","Grizzlies","SAS","Spurs",0,0,0,0,0,0,1,0,1,3,1],"20500555":[2766,"0020500555","01/18/2006","MEM","Grizzlies","NOK","Hornets",1,2,1,5,0,0,1,0,1,1,3],"20500477":[2766,"0020500477","01/07/2006","MEM","Grizzlies","CHI","Bulls",2,18,7,13,0,1,1,0,2,2,1],"20501020":[2766,"0020501020","03/24/2006","MEM","Grizzlies","NYK","Knicks",0,0,0,0,0,0,0,0,0,0,0],"20500735":[2766,"0020500735","02/10/2006","MEM","Grizzlies","LAC","Clippers",0,2,1,2,0,0,1,0,0,0,0],"20500757":[2766,"0020500757","02/13/2006","MEM","Grizzlies","GSW","Warriors",1,2,1,1,0,0,0,0,0,1,1],"20501224":[2766,"0020501224","04/19/2006","MEM","Grizzlies","MIN","Timberwolves",2,0,0,6,0,0,1,0,1,6,1],"20501157":[2766,"0020501157","04/11/2006","MEM","Grizzlies","MIN","Timberwolves",1,0,0,0,0,0,1,0,0,0,0],"20500517":[2766,"0020500517","01/13/2006","MEM","Grizzlies","NJN","Nets",1,2,1,6,0,0,2,0,0,0,0],"20500906":[2766,"0020500906","03/08/2006","MEM","Grizzlies","SEA","SuperSonics",0,0,0,0,0,0,0,0,0,1,0],"20500824":[2766,"0020500824","02/26/2006","MEM","Grizzlies","MIN","Timberwolves",0,0,0,1,0,0,1,0,0,0,0],"20500846":[2766,"0020500846","03/01/2006","MEM","Grizzlies","NYK","Knicks",1,0,0,1,0,0,0,0,0,0,1],"20500944":[2766,"0020500944","03/14/2006","MEM","Grizzlies","BOS","Celtics",1,0,0,2,0,0,0,0,0,2,1],"20500886":[2766,"0020500886","03/06/2006","MEM","Grizzlies","DEN","Nuggets",1,2,1,3,0,0,2,0,0,3,0],"20500881":[2766,"0020500881","03/05/2006","MEM","Grizzlies","LAC","Clippers",0,0,0,0,0,0,0,0,0,0,0],"20500350":[2766,"0020500350","12/19/2005","MEM","Grizzlies","DET","Pistons",1,0,0,2,0,0,1,0,1,2,0],"20500234":[2766,"0020500234","12/03/2005","MEM","Grizzlies","HOU","Rockets",1,0,0,0,0,0,0,0,0,1,0],"20500378":[2766,"0020500378","12/23/2005","MEM","Grizzlies","CHI","Bulls",0,3,1,3,0,0,0,0,1,5,1],"20500285":[2766,"0020500285","12/10/2005","MEM","Grizzlies","IND","Pacers",0,2,1,8,0,1,3,0,1,6,4],"20500314":[2766,"0020500314","12/14/2005","MEM","Grizzlies","LAL","Lakers",2,11,5,7,0,0,2,0,0,3,0],"20500690":[2766,"0020500690","02/04/2006","MEM","Grizzlies","MIL","Bucks",1,2,1,3,0,0,1,0,0,2,1],"20500444":[2766,"0020500444","01/03/2006","MEM","Grizzlies","GSW","Warriors",2,6,2,5,0,0,1,0,1,1,0],"20500252":[2766,"0020500252","12/06/2005","MEM","Grizzlies","NOK","Hornets",0,0,0,2,0,0,4,0,0,2,1],"20500337":[2766,"0020500337","12/17/2005","MEM","Grizzlies","PHX","Suns",1,12,6,9,0,0,2,0,2,4,1],"20500273":[2766,"0020500273","12/09/2005","MEM","Grizzlies","DAL","Mavericks",0,0,0,1,0,1,0,0,0,0,0],"20500564":[2766,"0020500564","01/20/2006","MEM","Grizzlies","PHI","76ers",0,2,1,2,0,0,1,0,0,0,0],"20500412":[2766,"0020500412","12/28/2005","MEM","Grizzlies","LAL","Lakers",1,2,1,2,0,0,1,0,0,2,1],"20500010":[2766,"0020500010","11/02/2005","MEM","Grizzlies","MIA","Heat",0,0,0,0,0,0,0,0,0,0,0],"20500464":[2766,"0020500464","01/06/2006","MEM","Grizzlies","UTA","Jazz",2,2,1,2,0,0,2,0,1,0,2],"20500721":[2766,"0020500721","02/08/2006","MEM","Grizzlies","PHX","Suns",0,12,5,8,1,1,0,0,1,1,2],"20500393":[2766,"0020500393","12/26/2005","MEM","Grizzlies","UTA","Jazz",2,0,0,5,0,0,1,0,0,2,0],"20500495":[2766,"0020500495","01/10/2006","MEM","Grizzlies","SAC","Kings",2,2,1,3,0,0,2,0,0,1,2],"20500931":[2766,"0020500931","03/12/2006","MEM","Grizzlies","PHI","76ers",2,2,1,4,0,0,1,0,2,2,1],"20500174":[2766,"0020500174","11/25/2005","MEM","Grizzlies","HOU","Rockets",0,2,1,3,0,1,1,0,0,1,1],"20500425":[2766,"0020500425","12/30/2005","MEM","Grizzlies","POR","Trail Blazers",1,5,2,5,0,0,0,0,0,1,3],"20500917":[2766,"0020500917","03/10/2006","MEM","Grizzlies","SAC","Kings",0,0,0,0,0,0,0,0,0,0,0],"20500152":[2766,"0020500152","11/22/2005","MEM","Grizzlies","POR","Trail Blazers",0,0,0,0,0,0,0,0,0,0,0],"20500634":[2766,"0020500634","01/28/2006","MEM","Grizzlies","NOK","Hornets",1,0,0,1,0,0,0,0,0,0,0],"20500053":[2766,"0020500053","11/08/2005","MEM","Grizzlies","SEA","SuperSonics",1,2,1,2,0,0,0,0,0,0,1],"20500076":[2766,"0020500076","11/11/2005","MEM","Grizzlies","CLE","Cavaliers",0,0,0,1,0,0,0,0,1,2,2],"20500650":[2766,"0020500650","01/30/2006","MEM","Grizzlies","HOU","Rockets",0,0,0,1,0,0,0,0,0,0,0],"20500971":[2766,"0020500971","03/17/2006","MEM","Grizzlies","DEN","Nuggets",0,2,1,4,0,1,1,0,0,2,1],"20500784":[2766,"0020500784","02/21/2006","MEM","Grizzlies","TOR","Raptors",0,0,0,0,0,0,0,0,0,0,0],"20500611":[2766,"0020500611","01/25/2006","MEM","Grizzlies","MIN","Timberwolves",0,0,0,0,0,0,0,0,0,0,1],"20501102":[2766,"0020501102","04/04/2006","MEM","Grizzlies","GSW","Warriors",0,0,0,0,0,0,0,0,0,1,0],"20500432":[2766,"0020500432","12/31/2005","MEM","Grizzlies","SEA","SuperSonics",2,10,5,7,0,0,1,0,0,3,0],"20500584":[2766,"0020500584","01/22/2006","MEM","Grizzlies","WAS","Wizards",0,2,1,1,0,0,2,0,0,2,0],"20500601":[2766,"0020500601","01/24/2006","MEM","Grizzlies","MIA","Heat",0,0,0,0,0,0,0,0,0,1,1],"20500095":[2766,"0020500095","11/14/2005","MEM","Grizzlies","LAL","Lakers",1,0,0,0,0,0,1,0,0,0,0],"20500710":[2766,"0020500710","02/07/2006","MEM","Grizzlies","SAC","Kings",0,0,0,1,0,0,0,0,0,0,0]},"data":[26.0,57,1,10.0,0.9,2.5,0.354,0.0,0.1,0.167,0.2,0.4,0.435,0.1,0.6,0.6,1.3,0.4,0.0,0.6,0.8,2.0],"rank":{"PerGame":[null,null,null,null,null,null,null,null,null,null,null,null,null,null,null,null,null,null,null],"Totals":[313,326,312,null,277,281,null,379,355,null,404,361,377,197,281,415,289,335,352]},"team":"MEM"}},"headerData":["PLAYER_AGE","GP","GS","MIN","FGM","FGA","FG_PCT","FG3M","FG3A","FG3_PCT","FTM","FTA","FT_PCT","OREB","DREB","REB","AST","STL","BLK","TOV","PF","PTS"],"PostSeason":{"2004":{"shotchart":{"Averages":{"header":["SHOT_ZONE_BASIC","SHOT_ZONE_AREA","SHOT_ZONE_RANGE","FGA","FGM","FG_PCT"],"row":[["Above the Break 3","Back Court(BC)","Back Court Shot",14,3,0.214],["Above the Break 3","Center(C)","24+ ft.",425,144,0.339],["Above the Break 3","Left Side Center(LC)","24+ ft.",869,306,0.352],["Above the Break 3","Right Side Center(RC)","24+ ft.",743,274,0.369],["Backcourt","Back Court(BC)","Back Court Shot",29,2,0.069],["In The Paint (Non-RA)","Center(C)","8-16 ft.",421,187,0.444],["In The Paint (Non-RA)","Center(C)","Less Than 8 ft.",1157,467,0.404],["In The Paint (Non-RA)","Left Side(L)","8-16 ft.",167,61,0.365],["In The Paint (Non-RA)","Right Side(R)","8-16 ft.",156,60,0.385],["Left Corner 3","Left Side(L)","24+ ft.",410,149,0.363],["Mid-Range","Center(C)","8-16 ft.",161,63,0.391],["Mid-Range","Center(C)","16-24 ft.",362,155,0.428],["Mid-Range","Left Side Center(LC)","16-24 ft.",540,220,0.407],["Mid-Range","Left Side(L)","16-24 ft.",615,260,0.423],["Mid-Range","Left Side(L)","8-16 ft.",832,325,0.391],["Mid-Range","Right Side Center(RC)","16-24 ft.",532,200,0.376],["Mid-Range","Right Side(R)","16-24 ft.",509,179,0.352],["Mid-Range","Right Side(R)","8-16 ft.",642,271,0.422],["Restricted Area","Center(C)","Less Than 8 ft.",4309,2480,0.576],["Right Corner 3","Right Side(R)","24+ ft.",396,151,0.381]]},"Details":{"header":["GAME_ID","GAME_EVENT_ID","PERIOD","MINUTES_REMAINING","SECONDS_REMAINING","EVENT_TYPE","ACTION_TYPE","SHOT_TYPE","SHOT_ZONE_BASIC","SHOT_ZONE_AREA","SHOT_ZONE_RANGE","SHOT_DISTANCE","LOC_X","LOC_Y","SHOT_ATTEMPTED_FLAG","SHOT_MADE_FLAG"],"row":[]}},"GameList":{"40400143":[2766,"0040400143","04/29/2005","MEM","Grizzlies","PHX","Suns",0,0,0,0,0,0,0,0,0,1,0]},"data":[25.0,1,0,3.0,0.0,0.0,0.0,0.0,0.0,0.0,0.0,0.0,0.0,0.0,0.0,0.0,1.0,0.0,0.0,0.0,0.0,0.0],"rank":{"PerGame":[null,null,null,null,null,null,null,null,null,null,null,null,null,null,null,null,null,null,null],"Totals":[183,173,183,null,104,125,null,162,165,null,164,176,178,149,157,130,167,174,173]},"team":"MEM"},"2005":{"shotchart":{"Averages":{"header":["SHOT_ZONE_BASIC","SHOT_ZONE_AREA","SHOT_ZONE_RANGE","FGA","FGM","FG_PCT"],"row":[["Above the Break 3","Back Court(BC)","Back Court Shot",7,0,0.0],["Above the Break 3","Center(C)","24+ ft.",402,132,0.328],["Above the Break 3","Left Side Center(LC)","24+ ft.",915,334,0.365],["Above the Break 3","Right Side Center(RC)","24+ ft.",830,273,0.329],["Backcourt","Back Court(BC)","Back Court Shot",24,1,0.042],["In The Paint (Non-RA)","Center(C)","8-16 ft.",503,191,0.38],["In The Paint (Non-RA)","Center(C)","Less Than 8 ft.",1163,495,0.426],["In The Paint (Non-RA)","Left Side(L)","8-16 ft.",159,69,0.434],["In The Paint (Non-RA)","Right Side(R)","8-16 ft.",179,74,0.413],["Left Corner 3","Left Side(L)","24+ ft.",469,174,0.371],["Mid-Range","Center(C)","8-16 ft.",136,60,0.441],["Mid-Range","Center(C)","16-24 ft.",385,152,0.395],["Mid-Range","Left Side Center(LC)","16-24 ft.",572,228,0.399],["Mid-Range","Left Side(L)","16-24 ft.",616,243,0.394],["Mid-Range","Left Side(L)","8-16 ft.",808,337,0.417],["Mid-Range","Right Side Center(RC)","16-24 ft.",652,263,0.403],["Mid-Range","Right Side(R)","16-24 ft.",558,216,0.387],["Mid-Range","Right Side(R)","8-16 ft.",663,245,0.37],["Restricted Area","Center(C)","Less Than 8 ft.",4315,2678,0.621],["Right Corner 3","Right Side(R)","24+ ft.",415,157,0.378]]},"Details":{"header":["GAME_ID","GAME_EVENT_ID","PERIOD","MINUTES_REMAINING","SECONDS_REMAINING","EVENT_TYPE","ACTION_TYPE","SHOT_TYPE","SHOT_ZONE_BASIC","SHOT_ZONE_AREA","SHOT_ZONE_RANGE","SHOT_DISTANCE","LOC_X","LOC_Y","SHOT_ATTEMPTED_FLAG","SHOT_MADE_FLAG"],"row":[["0040500174",418,4,3,59,"Made Shot","Layup Shot","2PT Field Goal","Restricted Area","Center(C)","Less Than 8 ft.",0,0,0,1,1]]}},"GameList":{"40500172":[2766,"0040500172","04/26/2006","MEM","Grizzlies","DAL","Mavericks",0,0,0,0,0,0,1,0,0,1,0],"40500174":[2766,"0040500174","05/01/2006","MEM","Grizzlies","DAL","Mavericks",0,3,1,1,0,0,1,0,1,1,1]},"data":[26.0,2,0,6.5,0.5,0.5,1.0,0.0,0.0,0.0,0.5,1.0,0.5,0.0,0.5,0.5,1.0,0.5,0.0,0.0,1.0,1.5],"rank":{"PerGame":[null,null,null,null,null,null,null,null,null,null,null,null,null,null,null,null,null,null,null],"Totals":[169,163,184,null,103,130,null,150,142,null,163,166,175,131,129,127,164,166,160]},"team":"MEM"}}}}