{"info":{"FIRST_NAME":"Antonio","LAST_NAME":"Harvey","WEIGHT":"250","COUNTRY":"USA","SCHOOL":"Pfeiffer","BIRTHDATE":"1970-07-06T00:00:00","HEIGHT":"6-11","TO_YEAR":2002,"DLEAGUE":"N","FROM_YEAR":1993,"TEAM":"ATL","PERSON_ID":176,"SEASON_EXP":7,"POSITION":"Forward-Center","ROSTERSTATUS":"Active","ALL_STAR":0,"PIE":0,"JERSEY":"4"},"career":{"header":["MIN","FGM","FGA","FG_PCT","FG3M","FG3A","FG3_PCT","FTM","FTA","FT_PCT","OREB","DREB","REB","AST","STL","BLK","TOV","PF","PTS"],"RegularSeason":{"PerGame":[10.5,1.2,3.0,0.407,0.0,0.0,0.333,0.5,1.0,0.511,0.8,1.5,2.3,0.3,0.3,0.7,0.6,1.4,3.0],"GS":32,"GP":187},"PostSeason":{"PerGame":[3.6,0.0,0.2,0.0,0.0,0.0,0.0,0.0,0.0,0.0,0.2,1.2,1.4,0.0,0.0,0.0,0.2,0.8,0.0],"GS":0,"GP":5}},"season":{"headerRank":["RANK_PG_MIN","RANK_PG_FGM","RANK_PG_FGA","RANK_FG_PCT","RANK_PG_FG3M","RANK_PG_FG3A","RANK_FG3_PCT","RANK_PG_FTM","RANK_PG_FTA","RANK_FT_PCT","RANK_PG_OREB","RANK_PG_DREB","RANK_PG_REB","RANK_PG_AST","RANK_PG_STL","RANK_PG_BLK","RANK_PG_TOV","RANK_PG_PTS","RANK_PG_EFF"],"headerGame":["PLAYER_ID","GAME_ID","GAME_DATE","TEAM_ABBREVIATION","TEAM_NAME","VS_TEAM_ABBREVIATION","VS_TEAM_NAME","TOV","PTS","FGM","FGA","FG3M","FG3A","PF","BLK","STL","AST","REB"],"RegularSeason":{"1993":{"GameList":{"29301016":[176,"0029301016","04/12/1994","LAL","Lakers","GOS","Warriors",0,0,0,0,0,0,3,2,0,0,2],"29300392":[176,"0029300392","01/05/1994","LAL","Lakers","SAC","Kings",0,0,0,0,0,0,0,0,0,0,0],"29300294":[176,"0029300294","12/19/1993","LAL","Lakers","CLE","Cavaliers",1,2,1,3,0,0,1,1,0,0,1],"29300987":[176,"0029300987","04/08/1994","LAL","Lakers","DEN","Nuggets",1,2,1,3,0,0,1,2,0,0,3],"29300174":[176,"0029300174","12/01/1993","LAL","Lakers","DAL","Mavericks",0,4,2,4,0,0,1,2,0,0,1],"29301027":[176,"0029301027","04/13/1994","LAL","Lakers","PHX","Suns",2,2,1,4,0,0,4,1,0,0,3],"29300119":[176,"0029300119","11/21/1993","LAL","Lakers","NJN","Nets",0,0,0,0,0,0,0,0,0,0,0],"29301044":[176,"0029301044","04/16/1994","LAL","Lakers","LAC","Clippers",1,6,3,6,0,0,2,2,0,0,2],"29300041":[176,"0029300041","11/10/1993","LAL","Lakers","SAC","Kings",2,2,1,3,0,0,1,1,1,1,2],"29300209":[176,"0029300209","12/07/1993","LAL","Lakers","NYK","Knicks",0,2,0,0,0,0,0,1,0,0,2],"29300080":[176,"0029300080","11/16/1993","LAL","Lakers","LAC","Clippers",0,6,3,9,0,0,2,1,0,1,5],"29300328":[176,"0029300328","12/23/1993","LAL","Lakers","MIA","Heat",1,0,0,1,0,0,0,0,0,0,1],"29300130":[176,"0029300130","11/24/1993","LAL","Lakers","CHH","Hornets",0,0,0,1,0,0,1,0,0,1,3],"29300016":[176,"0029300016","11/06/1993","LAL","Lakers","SEA","SuperSonics",1,16,6,11,0,0,1,1,2,0,4],"29300994":[176,"0029300994","04/09/1994","LAL","Lakers","POR","Trail Blazers",1,3,0,3,0,0,4,0,1,1,4],"29300379":[176,"0029300379","01/04/1994","LAL","Lakers","DEN","Nuggets",0,0,0,0,0,0,0,0,0,0,0],"29300276":[176,"0029300276","12/17/1993","LAL","Lakers","PHL","76ers",1,0,0,0,0,0,0,0,0,0,0],"29300270":[176,"0029300270","12/16/1993","LAL","Lakers","NYK","Knicks",0,3,1,3,0,0,2,0,0,0,2],"29300013":[176,"0029300013","11/05/1993","LAL","Lakers","PHX","Suns",1,2,1,4,0,0,5,1,3,0,3],"29300231":[176,"0029300231","12/10/1993","LAL","Lakers","POR","Trail Blazers",1,0,0,0,0,0,0,0,0,0,1],"29300035":[176,"0029300035","11/09/1993","LAL","Lakers","POR","Trail Blazers",2,9,4,9,0,0,5,0,1,0,6],"29300055":[176,"0029300055","11/12/1993","LAL","Lakers","DEN","Nuggets",1,2,1,6,0,0,1,1,0,1,4],"29300332":[176,"0029300332","12/26/1993","LAL","Lakers","HOU","Rockets",0,0,0,0,0,0,0,0,0,0,0],"29300070":[176,"0029300070","11/14/1993","LAL","Lakers","CLE","Cavaliers",0,4,2,3,0,0,4,0,0,0,2],"29300125":[176,"0029300125","11/23/1993","LAL","Lakers","ATL","Hawks",0,2,1,2,0,0,1,1,0,0,2],"29300096":[176,"0029300096","11/18/1993","LAL","Lakers","GOS","Warriors",1,2,1,4,0,0,0,2,0,0,4],"29301039":[176,"0029301039","04/15/1994","LAL","Lakers","POR","Trail Blazers",0,1,0,0,0,0,0,0,0,0,2]},"data":[23.0,27,6,9.1,1.1,2.9,0.367,0.0,0.0,0.0,0.4,1.0,0.462,1.0,1.2,2.2,0.2,0.3,0.7,0.6,1.4,2.6],"rank":{"PerGame":[null,null,null,null,null,null,null,null,null,null,null,null,null,null,null,null,null,null,null],"Totals":[326,322,323,null,247,333,null,332,315,null,277,320,305,355,316,174,314,329,328]},"team":"LAL"},"1995":{"GameList":{"29500633":[176,"0029500633","02/03/1996","LAC","Clippers","TOR","Raptors",0,0,0,0,0,0,0,0,0,0,1],"29500057":[176,"0029500057","11/10/1995","VAN","Grizzlies","LAC","Clippers",0,2,1,3,0,0,2,2,2,2,2],"29501073":[176,"0029501073","04/06/1996","LAC","Clippers","DAL","Mavericks",2,0,0,1,0,0,0,0,0,0,2],"29501108":[176,"0029501108","04/11/1996","LAC","Clippers","GOS","Warriors",0,4,2,5,0,0,0,3,1,1,4],"29500476":[176,"0029500476","01/11/1996","LAC","Clippers","MIN","Timberwolves",0,5,1,3,0,0,3,0,0,0,3],"29500219":[176,"0029500219","12/03/1995","VAN","Grizzlies","MIL","Bucks",1,13,5,10,0,0,5,1,1,1,6],"29500050":[176,"0029500050","11/08/1995","VAN","Grizzlies","SAN","Spurs",2,3,1,5,0,0,0,2,0,0,9],"29501146":[176,"0029501146","04/16/1996","LAC","Clippers","UTH","Jazz",2,2,1,6,0,0,1,3,1,0,2],"29501019":[176,"0029501019","03/30/1996","LAC","Clippers","CHI","Bulls",0,5,2,4,0,0,0,0,0,0,2],"29500816":[176,"0029500816","03/02/1996","LAC","Clippers","DET","Pistons",0,1,0,0,0,0,0,0,0,0,0],"29500113":[176,"0029500113","11/17/1995","VAN","Grizzlies","LAL","Lakers",3,5,2,4,0,0,3,0,0,1,7],"29500687":[176,"0029500687","02/13/1996","LAC","Clippers","BOS","Celtics",0,2,1,3,0,0,1,2,0,0,1],"29501033":[176,"0029501033","04/02/1996","LAC","Clippers","TOR","Raptors",1,2,1,2,0,0,1,1,0,1,8],"29501031":[176,"0029501031","03/31/1996","LAC","Clippers","MIN","Timberwolves",0,4,2,5,0,0,3,1,0,0,2],"29500949":[176,"0029500949","03/20/1996","LAC","Clippers","MIN","Timberwolves",0,0,0,2,0,0,0,0,1,0,0],"29500862":[176,"0029500862","03/08/1996","LAC","Clippers","WAS","Bullets",0,0,0,0,0,0,0,0,0,0,2],"29500031":[176,"0029500031","11/07/1995","VAN","Grizzlies","DAL","Mavericks",2,6,2,3,0,0,0,1,1,0,3],"29500575":[176,"0029500575","01/25/1996","LAC","Clippers","DEN","Nuggets",1,7,3,10,0,0,3,1,1,0,5],"29500733":[176,"0029500733","02/20/1996","LAC","Clippers","LAL","Lakers",0,2,1,5,0,0,0,0,0,0,2],"29500962":[176,"0029500962","03/22/1996","LAC","Clippers","PHL","76ers",0,0,0,0,0,0,0,0,1,0,2],"29500594":[176,"0029500594","01/27/1996","LAC","Clippers","SEA","SuperSonics",2,0,0,4,0,0,1,0,0,1,3],"29501125":[176,"0029501125","04/14/1996","LAC","Clippers","SAC","Kings",3,2,1,4,0,0,2,2,0,1,4],"29500611":[176,"0029500611","01/30/1996","LAC","Clippers","DAL","Mavericks",2,3,1,5,0,0,0,1,0,0,4],"29500716":[176,"0029500716","02/17/1996","LAC","Clippers","POR","Trail Blazers",2,7,2,7,0,0,3,1,0,1,6],"29500612":[176,"0029500612","01/31/1996","LAC","Clippers","SAN","Spurs",0,0,0,2,0,0,0,0,0,0,0],"29500226":[176,"0029500226","12/05/1995","VAN","Grizzlies","PHX","Suns",1,8,4,5,0,0,3,1,0,0,8],"29500671":[176,"0029500671","02/08/1996","LAC","Clippers","DEN","Nuggets",0,0,0,0,0,0,0,0,0,0,1],"29500841":[176,"0029500841","03/05/1996","LAC","Clippers","NYK","Knicks",0,2,1,1,0,0,0,0,0,0,0],"29501159":[176,"0029501159","04/18/1996","LAC","Clippers","HOU","Rockets",3,11,5,7,0,0,3,2,0,0,8],"29500200":[176,"0029500200","11/30/1995","VAN","Grizzlies","CHI","Bulls",1,9,4,8,0,0,1,2,1,1,8],"29500069":[176,"0029500069","11/11/1995","VAN","Grizzlies","SEA","SuperSonics",0,5,2,9,0,1,3,0,1,0,5],"29501087":[176,"0029501087","04/08/1996","LAC","Clippers","POR","Trail Blazers",1,7,3,5,0,0,2,1,0,0,1],"29500451":[176,"0029500451","01/07/1996","LAC","Clippers","VAN","Grizzlies",1,10,4,7,0,0,3,0,1,0,6],"29500513":[176,"0029500513","01/17/1996","LAC","Clippers","NYK","Knicks",0,5,2,5,0,0,0,0,0,0,2],"29500103":[176,"0029500103","11/16/1995","VAN","Grizzlies","LAC","Clippers",1,4,2,2,0,0,3,1,2,0,6],"29500436":[176,"0029500436","01/05/1996","LAC","Clippers","PHX","Suns",0,2,1,3,0,0,1,1,0,0,3],"29500162":[176,"0029500162","11/25/1995","VAN","Grizzlies","MIA","Heat",0,0,0,0,0,0,0,1,1,0,5],"29500160":[176,"0029500160","11/24/1995","VAN","Grizzlies","CHH","Hornets",0,5,2,3,0,0,3,0,0,0,5],"29500026":[176,"0029500026","11/05/1995","VAN","Grizzlies","MIN","Timberwolves",2,4,2,4,0,0,3,3,1,1,2],"29501046":[176,"0029501046","04/03/1996","LAC","Clippers","NJN","Nets",3,13,6,13,0,0,2,3,1,0,11],"29500245":[176,"0029500245","12/07/1995","VAN","Grizzlies","DET","Pistons",0,2,1,3,0,0,1,3,0,0,0],"29500206":[176,"0029500206","12/01/1995","VAN","Grizzlies","LAL","Lakers",0,10,3,11,0,1,1,0,3,2,8],"29500007":[176,"0029500007","11/03/1995","VAN","Grizzlies","POR","Trail Blazers",3,2,1,4,0,0,4,1,1,0,4],"29501179":[176,"0029501179","04/21/1996","LAC","Clippers","VAN","Grizzlies",1,1,0,5,0,0,2,1,2,0,5],"29501123":[176,"0029501123","04/13/1996","LAC","Clippers","UTH","Jazz",0,2,1,5,0,0,2,0,1,1,8],"29500539":[176,"0029500539","01/20/1996","LAC","Clippers","UTH","Jazz",1,3,1,4,0,0,0,0,1,0,1],"29501005":[176,"0029501005","03/28/1996","LAC","Clippers","CLE","Cavaliers",0,0,0,0,0,0,0,0,0,0,0],"29500495":[176,"0029500495","01/13/1996","LAC","Clippers","HOU","Rockets",0,0,0,3,0,0,2,0,0,0,4],"29500186":[176,"0029500186","11/28/1995","VAN","Grizzlies","MIN","Timberwolves",1,10,4,9,0,0,2,0,0,0,4],"29500081":[176,"0029500081","11/13/1995","VAN","Grizzlies","DAL","Mavericks",0,4,1,8,0,0,4,1,0,0,8],"29500764":[176,"0029500764","02/24/1996","LAC","Clippers","GOS","Warriors",0,2,1,1,0,0,1,1,0,0,0],"29500127":[176,"0029500127","11/19/1995","VAN","Grizzlies","NYK","Knicks",1,6,2,4,0,0,0,2,0,1,4],"29500932":[176,"0029500932","03/18/1996","LAC","Clippers","SEA","SuperSonics",0,2,1,2,0,0,2,2,2,0,3],"29500670":[176,"0029500670","02/07/1996","LAC","Clippers","HOU","Rockets",1,0,0,0,0,0,0,0,0,0,0],"29500913":[176,"0029500913","03/15/1996","LAC","Clippers","POR","Trail Blazers",0,0,0,0,0,0,0,0,0,0,0]},"data":[25.0,18,6,22.8,2.2,5.3,0.411,0.0,0.1,0.0,1.1,2.4,0.465,1.5,3.7,5.2,0.5,0.8,1.2,1.0,2.1,5.4],"rank":{"PerGame":[null,null,null,null,null,null,null,null,null,null,null,null,null,null,null,null,null,null,null],"Totals":[259,283,264,null,301,315,null,285,242,null,152,198,190,337,243,71,276,290,281]},"team":"TOT"},"1994":{"GameList":{"29400744":[176,"0029400744","03/01/1995","LAL","Lakers","PHX","Suns",1,2,1,1,0,0,0,0,0,0,0],"29400936":[176,"0029400936","03/29/1995","LAL","Lakers","SAN","Spurs",1,2,1,2,0,0,0,1,0,0,3],"29400867":[176,"0029400867","03/19/1995","LAL","Lakers","SAC","Kings",0,0,0,0,0,0,0,1,0,0,0],"29400592":[176,"0029400592","02/04/1995","LAL","Lakers","LAC","Clippers",2,4,2,4,0,0,4,1,0,0,3],"29400648":[176,"0029400648","02/16/1995","LAL","Lakers","SAC","Kings",1,2,1,4,0,0,2,0,0,0,1],"29400181":[176,"0029400181","12/02/1994","LAL","Lakers","HOU","Rockets",0,1,0,2,0,0,0,1,0,0,1],"29400825":[176,"0029400825","03/13/1995","LAL","Lakers","IND","Pacers",0,0,0,0,0,0,2,0,0,0,0],"29400975":[176,"0029400975","04/05/1995","LAL","Lakers","DAL","Mavericks",0,4,2,4,0,0,3,1,0,0,3],"29400840":[176,"0029400840","03/15/1995","LAL","Lakers","GOS","Warriors",0,10,5,5,0,0,3,0,1,0,1],"29400641":[176,"0029400641","02/15/1995","LAL","Lakers","SEA","SuperSonics",0,6,2,3,0,0,2,3,0,1,2],"29400020":[176,"0029400020","11/05/1994","LAL","Lakers","MIL","Bucks",0,2,0,0,0,0,1,0,0,1,0],"29400046":[176,"0029400046","11/11/1994","LAL","Lakers","DEN","Nuggets",0,6,2,4,1,1,2,3,0,1,2],"29400682":[176,"0029400682","02/20/1995","LAL","Lakers","SEA","SuperSonics",0,5,2,2,0,0,1,0,1,0,1],"29400623":[176,"0029400623","02/08/1995","LAL","Lakers","SAN","Spurs",1,4,2,4,0,0,2,1,1,0,1],"29400993":[176,"0029400993","04/07/1995","LAL","Lakers","UTH","Jazz",0,3,1,3,0,0,0,0,0,0,2],"29401093":[176,"0029401093","04/22/1995","LAL","Lakers","POR","Trail Blazers",1,3,1,2,0,0,5,0,0,1,2],"29400410":[176,"0029400410","01/08/1995","LAL","Lakers","MIA","Heat",1,0,0,0,0,0,0,0,0,0,1],"29400572":[176,"0029400572","02/01/1995","LAL","Lakers","PHX","Suns",1,18,7,10,0,0,3,3,1,0,5],"29400413":[176,"0029400413","01/09/1995","LAL","Lakers","POR","Trail Blazers",2,4,2,6,0,0,0,2,1,1,2],"29400008":[176,"0029400008","11/04/1994","LAL","Lakers","DET","Pistons",0,2,1,1,0,0,0,0,0,1,0],"29400769":[176,"0029400769","03/05/1995","LAL","Lakers","MIN","Timberwolves",1,2,1,2,0,0,1,2,0,0,1],"29400168":[176,"0029400168","11/30/1994","LAL","Lakers","CLE","Cavaliers",0,2,1,6,0,0,2,0,0,0,5],"29400203":[176,"0029400203","12/06/1994","LAL","Lakers","GOS","Warriors",0,4,2,2,0,0,1,0,1,2,1],"29401066":[176,"0029401066","04/18/1995","LAL","Lakers","SEA","SuperSonics",0,8,4,6,0,0,2,1,1,3,0],"29401051":[176,"0029401051","04/16/1995","LAL","Lakers","DAL","Mavericks",0,0,0,3,0,0,1,0,0,0,0],"29400590":[176,"0029400590","02/03/1995","LAL","Lakers","DEN","Nuggets",1,2,1,3,0,0,3,0,2,0,1],"29400161":[176,"0029400161","11/29/1994","LAL","Lakers","NJN","Nets",0,0,0,3,0,0,3,1,0,0,1],"29400145":[176,"0029400145","11/26/1994","LAL","Lakers","WAS","Bullets",0,0,0,3,0,0,4,1,0,1,4],"29400889":[176,"0029400889","03/22/1995","LAL","Lakers","POR","Trail Blazers",0,0,0,0,0,0,0,0,0,0,0],"29400225":[176,"0029400225","12/09/1994","LAL","Lakers","LAC","Clippers",2,0,0,4,0,0,1,3,0,0,7],"29400084":[176,"0029400084","11/16/1994","LAL","Lakers","NYK","Knicks",2,0,0,2,0,0,1,0,0,1,2],"29400511":[176,"0029400511","01/23/1995","LAL","Lakers","CHH","Hornets",0,0,0,1,0,0,1,0,0,0,2],"29400925":[176,"0029400925","03/28/1995","LAL","Lakers","HOU","Rockets",1,2,1,1,0,0,0,0,0,0,1],"29400779":[176,"0029400779","03/07/1995","LAL","Lakers","MIA","Heat",0,0,0,0,0,0,0,0,0,0,0],"29400059":[176,"0029400059","11/12/1994","LAL","Lakers","GOS","Warriors",1,9,4,9,0,0,5,0,0,2,4],"29400614":[176,"0029400614","02/07/1995","LAL","Lakers","DEN","Nuggets",0,0,0,0,0,0,2,2,0,0,0],"29401079":[176,"0029401079","04/20/1995","LAL","Lakers","POR","Trail Blazers",0,1,0,3,0,0,4,0,0,0,0],"29400234":[176,"0029400234","12/10/1994","LAL","Lakers","UTH","Jazz",1,0,0,0,0,0,1,1,0,0,1],"29400854":[176,"0029400854","03/17/1995","LAL","Lakers","BOS","Celtics",0,6,3,7,0,0,2,0,0,2,3],"29400462":[176,"0029400462","01/16/1995","LAL","Lakers","LAC","Clippers",0,0,0,2,0,0,1,1,0,0,2],"29400757":[176,"0029400757","03/03/1995","LAL","Lakers","SAC","Kings",0,0,0,0,0,0,0,0,0,0,0],"29400675":[176,"0029400675","02/19/1995","LAL","Lakers","POR","Trail Blazers",0,0,0,0,0,0,0,1,0,0,2],"29400395":[176,"0029400395","01/06/1995","LAL","Lakers","MIL","Bucks",0,1,0,1,0,0,0,0,1,0,1],"29400374":[176,"0029400374","01/03/1995","LAL","Lakers","DET","Pistons",0,5,2,3,0,0,1,1,0,0,2],"29400250":[176,"0029400250","12/13/1994","LAL","Lakers","DAL","Mavericks",0,2,1,1,0,0,2,0,1,0,0],"29400502":[176,"0029400502","01/21/1995","LAL","Lakers","PHL","76ers",0,0,0,1,0,0,1,1,0,0,0],"29400525":[176,"0029400525","01/25/1995","LAL","Lakers","NJN","Nets",0,4,2,3,0,0,0,0,0,0,3],"29400038":[176,"0029400038","11/09/1994","LAL","Lakers","MIN","Timberwolves",0,2,0,2,0,0,2,0,0,0,3],"29400299":[176,"0029400299","12/20/1994","LAL","Lakers","MIN","Timberwolves",0,0,0,1,0,0,0,0,0,0,0],"29400797":[176,"0029400797","03/10/1995","LAL","Lakers","MIN","Timberwolves",0,2,1,2,0,0,0,0,0,0,0],"29400136":[176,"0029400136","11/25/1994","LAL","Lakers","ATL","Hawks",3,13,6,12,0,0,2,2,1,0,5],"29400808":[176,"0029400808","03/11/1995","LAL","Lakers","CHI","Bulls",0,6,2,6,0,0,3,2,0,1,5],"29400315":[176,"0029400315","12/23/1994","LAL","Lakers","SAC","Kings",0,0,0,0,0,0,0,0,0,0,0],"29400337":[176,"0029400337","12/27/1994","LAL","Lakers","GOS","Warriors",1,6,2,5,0,0,3,1,1,1,3],"29400696":[176,"0029400696","02/22/1995","LAL","Lakers","PHL","76ers",0,0,0,2,0,0,2,0,0,0,2],"29400129":[176,"0029400129","11/23/1994","LAL","Lakers","DAL","Mavericks",1,16,8,15,0,0,3,3,2,2,6],"29401022":[176,"0029401022","04/12/1995","LAL","Lakers","SAC","Kings",0,0,0,0,0,0,0,0,0,0,0],"29400072":[176,"0029400072","11/15/1994","LAL","Lakers","LAC","Clippers",0,8,4,6,0,0,2,1,0,2,3],"29400099":[176,"0029400099","11/18/1994","LAL","Lakers","CLE","Cavaliers",0,0,0,2,0,0,1,0,0,0,2]},"data":[24.0,59,8,9.7,1.3,3.0,0.438,0.0,0.0,1.0,0.4,0.8,0.533,0.7,1.1,1.7,0.4,0.3,0.7,0.4,1.5,3.0],"rank":{"PerGame":[null,null,null,null,null,null,null,null,null,null,null,null,null,null,null,null,null,null,null],"Totals":[295,284,282,null,254,316,null,309,288,null,224,272,266,310,289,84,309,295,293]},"team":"LAL"},"1996":{"shotchart":{"Averages":{"header":["SHOT_ZONE_BASIC","SHOT_ZONE_AREA","SHOT_ZONE_RANGE","FGA","FGM","FG_PCT"],"row":[["Above the Break 3","Back Court(BC)","Back Court Shot",85,2,0.024],["Above the Break 3","Center(C)","24+ ft.",2961,1004,0.339],["Above the Break 3","Left Side Center(LC)","24+ ft.",6391,2096,0.328],["Above the Break 3","Right Side Center(RC)","24+ ft.",4938,1713,0.347],["Backcourt","Back Court(BC)","Back Court Shot",207,9,0.043],["In The Paint (Non-RA)","Center(C)","8-16 ft.",4311,1896,0.44],["In The Paint (Non-RA)","Center(C)","Less Than 8 ft.",14430,6313,0.437],["In The Paint (Non-RA)","Left Side(L)","8-16 ft.",1893,781,0.413],["In The Paint (Non-RA)","Right Side(R)","8-16 ft.",1741,714,0.41],["Left Corner 3","Left Side(L)","24+ ft.",3068,1214,0.396],["Mid-Range","Center(C)","16-24 ft.",7169,2906,0.405],["Mid-Range","Center(C)","8-16 ft.",1668,710,0.426],["Mid-Range","Left Side Center(LC)","16-24 ft.",9900,4050,0.409],["Mid-Range","Left Side(L)","16-24 ft.",9842,4158,0.422],["Mid-Range","Left Side(L)","8-16 ft.",13794,5376,0.39],["Mid-Range","Right Side Center(RC)","16-24 ft.",11226,4357,0.388],["Mid-Range","Right Side(R)","16-24 ft.",9029,3715,0.411],["Mid-Range","Right Side(R)","8-16 ft.",12668,5036,0.398],["Restricted Area","Center(C)","Less Than 8 ft.",70575,38643,0.548],["Right Corner 3","Right Side(R)","24+ ft.",2689,1079,0.401]]},"Details":{"header":["GAME_ID","GAME_EVENT_ID","PERIOD","MINUTES_REMAINING","SECONDS_REMAINING","EVENT_TYPE","ACTION_TYPE","SHOT_TYPE","SHOT_ZONE_BASIC","SHOT_ZONE_AREA","SHOT_ZONE_RANGE","SHOT_DISTANCE","LOC_X","LOC_Y","SHOT_ATTEMPTED_FLAG","SHOT_MADE_FLAG"],"row":[["0029600131",237,2,3,18,"Missed Shot","Driving Layup Shot","2PT Field Goal","Restricted Area","Center(C)","Less Than 8 ft.",0,0,0,1,0],["0029600131",241,2,3,2,"Made Shot","Layup Shot","2PT Field Goal","Restricted Area","Center(C)","Less Than 8 ft.",0,0,0,1,1],["0029600155",417,4,6,1,"Made Shot","Jump Shot","2PT Field Goal","Mid-Range","Left Side(L)","8-16 ft.",14,-140,2,1,1],["0029600155",432,4,4,12,"Missed Shot","Layup Shot","2PT Field Goal","Restricted Area","Center(C)","Less Than 8 ft.",0,0,0,1,0],["0029600155",457,4,2,42,"Made Shot","Driving Layup Shot","2PT Field Goal","Restricted Area","Center(C)","Less Than 8 ft.",0,0,0,1,1],["0029600155",488,4,0,4,"Missed Shot","Layup Shot","2PT Field Goal","Restricted Area","Center(C)","Less Than 8 ft.",0,0,0,1,0],["0029600170",429,4,0,44,"Missed Shot","Jump Shot","2PT Field Goal","In The Paint (Non-RA)","Center(C)","Less Than 8 ft.",5,1,56,1,0],["0029600170",439,4,0,6,"Missed Shot","Jump Shot","2PT Field Goal","Mid-Range","Right Side(R)","16-24 ft.",17,175,13,1,0],["0029600247",464,4,6,21,"Made Shot","Jump Shot","2PT Field Goal","Mid-Range","Left Side(L)","8-16 ft.",12,-99,78,1,1],["0029600247",468,4,5,35,"Made Shot","Slam Dunk Shot","2PT Field Goal","Restricted Area","Center(C)","Less Than 8 ft.",0,0,0,1,1],["0029600433",501,4,0,17,"Missed Shot","Tip Shot","2PT Field Goal","Restricted Area","Center(C)","Less Than 8 ft.",0,0,0,1,0]]}},"GameList":{"29600247":[176,"0029600247","12/05/1996","SEA","SuperSonics","MIN","Timberwolves",1,4,2,2,0,0,2,2,0,1,0],"29600433":[176,"0029600433","01/02/1997","SEA","SuperSonics","PHI","76ers",0,0,0,1,0,0,0,0,0,0,3],"29600170":[176,"0029600170","11/24/1996","SEA","SuperSonics","NYK","Knicks",0,0,0,2,0,0,1,1,0,0,1],"29600131":[176,"0029600131","11/19/1996","SEA","SuperSonics","TOR","Raptors",0,4,1,2,0,0,1,0,0,0,1],"29600273":[176,"0029600273","12/09/1996","SEA","SuperSonics","PHI","76ers",0,2,0,0,0,0,0,0,0,0,2],"29600155":[176,"0029600155","11/22/1996","SEA","SuperSonics","BOS","Celtics",0,5,2,4,0,0,4,1,0,0,3]},"data":[26.0,6,0,4.3,0.8,1.8,0.455,0.0,0.0,0.0,0.8,1.0,0.833,0.3,1.3,1.7,0.2,0.0,0.7,0.2,1.3,2.5],"rank":{"PerGame":[null,null,null,null,null,null,null,null,null,null,null,null,null,null,null,null,null,null,null],"Totals":[427,413,420,null,303,369,null,390,399,null,407,397,403,417,427,317,423,410,403]},"team":"SEA"},"1999":{"shotchart":{"Averages":{"header":["SHOT_ZONE_BASIC","SHOT_ZONE_AREA","SHOT_ZONE_RANGE","FGA","FGM","FG_PCT"],"row":[["Above the Break 3","Back Court(BC)","Back Court Shot",125,6,0.048],["Above the Break 3","Center(C)","24+ ft.",5382,1784,0.331],["Above the Break 3","Left Side Center(LC)","24+ ft.",9320,3273,0.351],["Above the Break 3","Right Side Center(RC)","24+ ft.",9595,3380,0.352],["Backcourt","Back Court(BC)","Back Court Shot",244,7,0.029],["In The Paint (Non-RA)","Center(C)","8-16 ft.",5074,2063,0.407],["In The Paint (Non-RA)","Center(C)","Less Than 8 ft.",20928,7588,0.363],["In The Paint (Non-RA)","Left Side(L)","8-16 ft.",1818,709,0.39],["In The Paint (Non-RA)","Right Side(R)","8-16 ft.",1839,700,0.381],["Left Corner 3","Left Side(L)","24+ ft.",3897,1509,0.387],["Mid-Range","Center(C)","16-24 ft.",6057,2561,0.423],["Mid-Range","Center(C)","8-16 ft.",2126,863,0.406],["Mid-Range","Left Side Center(LC)","16-24 ft.",8559,3511,0.41],["Mid-Range","Left Side(L)","16-24 ft.",10432,4260,0.408],["Mid-Range","Left Side(L)","8-16 ft.",15902,5949,0.374],["Mid-Range","Right Side Center(RC)","16-24 ft.",8614,3574,0.415],["Mid-Range","Right Side(R)","16-24 ft.",9445,3675,0.389],["Mid-Range","Right Side(R)","8-16 ft.",13513,5085,0.376],["Restricted Area","Center(C)","Less Than 8 ft.",58423,35587,0.609],["Right Corner 3","Right Side(R)","24+ ft.",3925,1506,0.384]]},"Details":{"header":["GAME_ID","GAME_EVENT_ID","PERIOD","MINUTES_REMAINING","SECONDS_REMAINING","EVENT_TYPE","ACTION_TYPE","SHOT_TYPE","SHOT_ZONE_BASIC","SHOT_ZONE_AREA","SHOT_ZONE_RANGE","SHOT_DISTANCE","LOC_X","LOC_Y","SHOT_ATTEMPTED_FLAG","SHOT_MADE_FLAG"],"row":[["0029900013",146,2,9,30,"Made Shot","Layup Shot","2PT Field Goal","Restricted Area","Center(C)","Less Than 8 ft.",1,-14,-3,1,1],["0029900013",159,2,8,6,"Made Shot","Dunk Shot","2PT Field Goal","Restricted Area","Center(C)","Less Than 8 ft.",0,5,1,1,1],["0029900013",174,2,5,57,"Made Shot","Jump Shot","2PT Field Goal","In The Paint (Non-RA)","Left Side(L)","8-16 ft.",10,-59,85,1,1],["0029900013",225,2,1,27,"Missed Shot","Jump Shot","2PT Field Goal","In The Paint (Non-RA)","Left Side(L)","8-16 ft.",8,-66,61,1,0],["0029900013",300,3,6,34,"Missed Shot","Jump Shot","2PT Field Goal","In The Paint (Non-RA)","Right Side(R)","8-16 ft.",9,55,72,1,0],["0029900013",307,3,5,34,"Missed Shot","Layup Shot","2PT Field Goal","Restricted Area","Center(C)","Less Than 8 ft.",1,12,12,1,0],["0029900013",340,3,1,23,"Made Shot","Layup Shot","2PT Field Goal","Restricted Area","Center(C)","Less Than 8 ft.",0,-1,-3,1,1],["0029900043",274,3,8,11,"Made Shot","Slam Dunk Shot","2PT Field Goal","Restricted Area","Center(C)","Less Than 8 ft.",0,0,0,1,1],["0029900043",476,4,0,56,"Missed Shot","Layup Shot","2PT Field Goal","Restricted Area","Center(C)","Less Than 8 ft.",0,0,0,1,0],["0029900090",83,1,3,0,"Made Shot","Dunk Shot","2PT Field Goal","Restricted Area","Center(C)","Less Than 8 ft.",0,0,0,1,1],["0029900090",127,2,10,5,"Made Shot","Driving Dunk Shot","2PT Field Goal","Restricted Area","Center(C)","Less Than 8 ft.",0,0,0,1,1],["0029900090",132,2,10,2,"Made Shot","Slam Dunk Shot","2PT Field Goal","Restricted Area","Center(C)","Less Than 8 ft.",0,0,0,1,1],["0029900090",416,4,6,18,"Made Shot","Driving Layup Shot","2PT Field Goal","Restricted Area","Center(C)","Less Than 8 ft.",0,0,0,1,1],["0029900090",452,4,2,16,"Missed Shot","Hook Shot","2PT Field Goal","In The Paint (Non-RA)","Center(C)","Less Than 8 ft.",4,-1,40,1,0],["0029900090",479,4,0,24,"Missed Shot","Jump Shot","2PT Field Goal","In The Paint (Non-RA)","Center(C)","Less Than 8 ft.",7,63,40,1,0],["0029900101",177,2,3,21,"Made Shot","Running Jump Shot","2PT Field Goal","In The Paint (Non-RA)","Center(C)","Less Than 8 ft.",4,33,33,1,1],["0029900215",157,2,7,55,"Missed Shot","Jump Shot","2PT Field Goal","In The Paint (Non-RA)","Center(C)","Less Than 8 ft.",6,-68,12,1,0],["0029900215",159,2,7,35,"Made Shot","Jump Shot","2PT Field Goal","Mid-Range","Left Side(L)","16-24 ft.",16,-162,1,1,1],["0029900215",173,2,5,29,"Missed Shot","Layup Shot","2PT Field Goal","Restricted Area","Center(C)","Less Than 8 ft.",0,0,0,1,0],["0029900215",191,2,3,34,"Made Shot","Jump Shot","2PT Field Goal","Mid-Range","Left Side(L)","8-16 ft.",9,-89,-14,1,1],["0029900230",157,2,7,19,"Missed Shot","Layup Shot","2PT Field Goal","Restricted Area","Center(C)","Less Than 8 ft.",1,10,14,1,0],["0029900271",119,2,9,39,"Made Shot","Dunk Shot","2PT Field Goal","Restricted Area","Center(C)","Less Than 8 ft.",0,0,0,1,1],["0029900271",123,2,9,15,"Missed Shot","Layup Shot","2PT Field Goal","Restricted Area","Center(C)","Less Than 8 ft.",0,0,0,1,0],["0029900271",138,2,7,49,"Missed Shot","Jump Shot","2PT Field Goal","Mid-Range","Center(C)","8-16 ft.",15,-72,141,1,0],["0029900271",328,4,11,34,"Made Shot","Driving Layup Shot","2PT Field Goal","Restricted Area","Center(C)","Less Than 8 ft.",0,0,0,1,1],["0029900376",457,4,2,8,"Made Shot","Driving Layup Shot","2PT Field Goal","Restricted Area","Center(C)","Less Than 8 ft.",0,0,0,1,1],["0029900428",446,4,3,5,"Missed Shot","Jump Shot","2PT Field Goal","Mid-Range","Left Side(L)","16-24 ft.",16,-162,1,1,0],["0029900991",86,1,2,36,"Made Shot","Tip Shot","2PT Field Goal","Restricted Area","Center(C)","Less Than 8 ft.",0,0,0,1,1],["0029901046",445,4,1,7,"Missed Shot","Layup Shot","2PT Field Goal","Restricted Area","Center(C)","Less Than 8 ft.",0,0,0,1,0],["0029901046",464,4,0,23,"Made Shot","Running Jump Shot","2PT Field Goal","Restricted Area","Center(C)","Less Than 8 ft.",3,-8,33,1,1]]}},"GameList":{"29900192":[176,"0029900192","11/27/1999","POR","Trail Blazers","LAC","Clippers",2,0,0,0,0,0,1,1,0,0,2],"29900330":[176,"0029900330","12/17/1999","POR","Trail Blazers","PHX","Suns",0,0,0,0,0,0,0,0,0,0,0],"29900058":[176,"0029900058","11/09/1999","POR","Trail Blazers","UTA","Jazz",0,0,0,0,0,0,0,0,0,0,0],"29900013":[176,"0029900013","11/02/1999","POR","Trail Blazers","VAN","Grizzlies",2,9,4,7,0,0,2,2,1,1,6],"29900928":[176,"0029900928","03/16/2000","POR","Trail Blazers","MIN","Timberwolves",0,0,0,0,0,0,0,0,0,0,0],"29900043":[176,"0029900043","11/06/1999","POR","Trail Blazers","LAL","Lakers",2,2,1,2,0,0,4,0,0,0,2],"29900215":[176,"0029900215","12/01/1999","POR","Trail Blazers","CHH","Hornets",0,4,2,4,0,0,0,0,0,1,1],"29900271":[176,"0029900271","12/09/1999","POR","Trail Blazers","MIN","Timberwolves",0,4,2,4,0,0,2,0,0,0,2],"29900090":[176,"0029900090","11/13/1999","POR","Trail Blazers","ATL","Hawks",2,9,4,6,0,0,2,1,0,0,8],"29900376":[176,"0029900376","12/23/1999","POR","Trail Blazers","GSW","Warriors",0,5,1,1,0,0,2,0,0,0,2],"29900035":[176,"0029900035","11/05/1999","POR","Trail Blazers","DEN","Nuggets",0,0,0,0,0,0,0,0,0,0,1],"29900230":[176,"0029900230","12/03/1999","POR","Trail Blazers","LAL","Lakers",1,0,0,1,0,0,2,0,0,0,0],"29900428":[176,"0029900428","01/03/2000","POR","Trail Blazers","CHI","Bulls",1,0,0,1,0,0,1,0,0,0,0],"29900019":[176,"0029900019","11/03/1999","POR","Trail Blazers","LAC","Clippers",0,0,0,0,0,0,0,0,0,0,2],"29900112":[176,"0029900112","11/17/1999","POR","Trail Blazers","ORL","Magic",1,1,0,0,0,0,1,1,0,0,0],"29900991":[176,"0029900991","03/24/2000","POR","Trail Blazers","GSW","Warriors",1,2,1,1,0,0,1,0,0,1,2],"29900101":[176,"0029900101","11/16/1999","POR","Trail Blazers","MIA","Heat",0,3,1,1,0,0,0,1,0,0,3],"29900868":[176,"0029900868","03/08/2000","POR","Trail Blazers","NJN","Nets",0,0,0,0,0,0,0,0,0,1,1],"29901046":[176,"0029901046","04/01/2000","POR","Trail Blazers","MIL","Bucks",0,2,1,2,0,0,2,0,0,1,1]},"data":[29.0,19,0,7.2,0.9,1.6,0.567,0.0,0.0,0.0,0.4,0.6,0.583,0.4,1.3,1.7,0.3,0.1,0.3,0.6,1.1,2.2],"rank":{"PerGame":[null,null,null,null,null,null,null,null,null,null,null,null,null,null,null,null,null,null,null],"Totals":[388,379,397,null,281,355,null,381,378,null,373,365,372,385,411,293,368,386,382]},"team":"POR"},"2002":{"shotchart":{"Averages":{"header":["SHOT_ZONE_BASIC","SHOT_ZONE_AREA","SHOT_ZONE_RANGE","FGA","FGM","FG_PCT"],"row":[["Above the Break 3","Back Court(BC)","Back Court Shot",111,5,0.045],["Above the Break 3","Center(C)","24+ ft.",5355,1865,0.348],["Above the Break 3","Left Side Center(LC)","24+ ft.",9882,3416,0.346],["Above the Break 3","Right Side Center(RC)","24+ ft.",9876,3465,0.351],["Backcourt","Back Court(BC)","Back Court Shot",347,6,0.017],["In The Paint (Non-RA)","Center(C)","8-16 ft.",5847,2317,0.396],["In The Paint (Non-RA)","Center(C)","Less Than 8 ft.",18195,7023,0.386],["In The Paint (Non-RA)","Left Side(L)","8-16 ft.",2245,898,0.4],["In The Paint (Non-RA)","Right Side(R)","8-16 ft.",2106,806,0.383],["Left Corner 3","Left Side(L)","24+ ft.",4716,1725,0.366],["Mid-Range","Center(C)","16-24 ft.",6243,2459,0.394],["Mid-Range","Center(C)","8-16 ft.",1977,843,0.426],["Mid-Range","Left Side Center(LC)","16-24 ft.",8973,3467,0.386],["Mid-Range","Left Side(L)","16-24 ft.",10655,4147,0.389],["Mid-Range","Left Side(L)","8-16 ft.",12525,4796,0.383],["Mid-Range","Right Side Center(RC)","16-24 ft.",9880,3878,0.393],["Mid-Range","Right Side(R)","16-24 ft.",9678,3744,0.387],["Mid-Range","Right Side(R)","8-16 ft.",11027,4121,0.374],["Restricted Area","Center(C)","Less Than 8 ft.",57911,34267,0.592],["Right Corner 3","Right Side(R)","24+ ft.",4560,1689,0.37]]},"Details":{"header":["GAME_ID","GAME_EVENT_ID","PERIOD","MINUTES_REMAINING","SECONDS_REMAINING","EVENT_TYPE","ACTION_TYPE","SHOT_TYPE","SHOT_ZONE_BASIC","SHOT_ZONE_AREA","SHOT_ZONE_RANGE","SHOT_DISTANCE","LOC_X","LOC_Y","SHOT_ATTEMPTED_FLAG","SHOT_MADE_FLAG"],"row":[["0020200008",252,3,8,8,"Made Shot","Layup Shot","2PT Field Goal","Restricted Area","Center(C)","Less Than 8 ft.",0,0,0,1,1],["0020200008",364,4,9,59,"Missed Shot","Jump Shot","2PT Field Goal","In The Paint (Non-RA)","Center(C)","8-16 ft.",8,-2,81,1,0],["0020200008",366,4,9,56,"Missed Shot","Jump Shot","2PT Field Goal","In The Paint (Non-RA)","Center(C)","8-16 ft.",9,13,91,1,0],["0020200019",83,1,1,29,"Missed Shot","Jump Shot","2PT Field Goal","In The Paint (Non-RA)","Center(C)","Less Than 8 ft.",5,43,31,1,0],["0020200019",203,2,2,29,"Made Shot","Dunk Shot","2PT Field Goal","Restricted Area","Center(C)","Less Than 8 ft.",0,0,0,1,1]]}},"GameList":{"20200008":[176,"0020200008","10/30/2002","ATL","Hawks","NJN","Nets",0,2,1,3,0,0,4,1,0,0,2],"20200019":[176,"0020200019","10/31/2002","ATL","Hawks","UTA","Jazz",1,2,1,2,0,0,1,2,1,0,2],"20200032":[176,"0020200032","11/02/2002","ATL","Hawks","CHI","Bulls",1,0,0,0,0,0,0,0,0,0,2],"20200058":[176,"0020200058","11/05/2002","ATL","Hawks","DEN","Nuggets",1,0,0,0,0,0,2,1,0,0,0]},"data":[32.0,4,0,8.0,0.5,1.3,0.4,0.0,0.0,0.0,0.0,0.0,0.0,0.3,1.3,1.5,0.0,0.3,1.0,0.8,1.8,1.0],"rank":{"PerGame":[null,null,null,null,null,null,null,null,null,null,null,null,null,null,null,null,null,null,null],"Totals":[411,410,412,null,275,348,null,412,414,null,403,401,405,418,398,319,400,415,405]},"team":"ATL"},"2000":{"shotchart":{"Averages":{"header":["SHOT_ZONE_BASIC","SHOT_ZONE_AREA","SHOT_ZONE_RANGE","FGA","FGM","FG_PCT"],"row":[["Above the Break 3","Back Court(BC)","Back Court Shot",116,5,0.043],["Above the Break 3","Center(C)","24+ ft.",5091,1727,0.339],["Above the Break 3","Left Side Center(LC)","24+ ft.",9506,3300,0.347],["Above the Break 3","Right Side Center(RC)","24+ ft.",9469,3381,0.357],["Backcourt","Back Court(BC)","Back Court Shot",298,13,0.044],["In The Paint (Non-RA)","Center(C)","8-16 ft.",5907,2353,0.398],["In The Paint (Non-RA)","Center(C)","Less Than 8 ft.",19915,7109,0.357],["In The Paint (Non-RA)","Left Side(L)","8-16 ft.",2160,855,0.396],["In The Paint (Non-RA)","Right Side(R)","8-16 ft.",2081,811,0.39],["Left Corner 3","Left Side(L)","24+ ft.",3993,1520,0.381],["Mid-Range","Center(C)","16-24 ft.",5774,2350,0.407],["Mid-Range","Center(C)","8-16 ft.",1667,673,0.404],["Mid-Range","Left Side Center(LC)","16-24 ft.",8627,3463,0.401],["Mid-Range","Left Side(L)","16-24 ft.",11007,4379,0.398],["Mid-Range","Left Side(L)","8-16 ft.",14611,5526,0.378],["Mid-Range","Right Side Center(RC)","16-24 ft.",9284,3743,0.403],["Mid-Range","Right Side(R)","16-24 ft.",9721,3849,0.396],["Mid-Range","Right Side(R)","8-16 ft.",11996,4434,0.37],["Restricted Area","Center(C)","Less Than 8 ft.",56347,33814,0.6],["Right Corner 3","Right Side(R)","24+ ft.",4092,1559,0.381]]},"Details":{"header":["GAME_ID","GAME_EVENT_ID","PERIOD","MINUTES_REMAINING","SECONDS_REMAINING","EVENT_TYPE","ACTION_TYPE","SHOT_TYPE","SHOT_ZONE_BASIC","SHOT_ZONE_AREA","SHOT_ZONE_RANGE","SHOT_DISTANCE","LOC_X","LOC_Y","SHOT_ATTEMPTED_FLAG","SHOT_MADE_FLAG"],"row":[["0020000012",220,2,0,0,"Missed Shot","Tip Shot","2PT Field Goal","Restricted Area","Center(C)","Less Than 8 ft.",0,0,0,1,0],["0020000026",454,4,0,52,"Missed Shot","Jump Shot","2PT Field Goal","Mid-Range","Left Side(L)","8-16 ft.",12,-124,28,1,0],["0020000078",444,4,0,59,"Made Shot","Jump Shot","2PT Field Goal","Mid-Range","Left Side(L)","16-24 ft.",18,-185,42,1,1],["0020000078",448,4,0,11,"Missed Shot","Layup Shot","2PT Field Goal","Restricted Area","Center(C)","Less Than 8 ft.",0,0,0,1,0],["0020001095",429,4,9,23,"Missed Shot","Jump Shot","2PT Field Goal","In The Paint (Non-RA)","Center(C)","Less Than 8 ft.",4,-25,32,1,0],["0020001095",448,4,7,56,"Made Shot","Slam Dunk Shot","2PT Field Goal","Restricted Area","Center(C)","Less Than 8 ft.",0,0,0,1,1],["0020001095",457,4,7,2,"Made Shot","Jump Shot","2PT Field Goal","Mid-Range","Right Side Center(RC)","16-24 ft.",17,102,146,1,1],["0020001095",465,4,6,7,"Made Shot","Jump Shot","2PT Field Goal","Mid-Range","Right Side Center(RC)","16-24 ft.",16,87,146,1,1],["0020001095",488,4,3,13,"Made Shot","Running Jump Shot","2PT Field Goal","In The Paint (Non-RA)","Center(C)","8-16 ft.",12,1,122,1,1],["0020001109",190,2,5,53,"Missed Shot","Jump Shot","2PT Field Goal","In The Paint (Non-RA)","Center(C)","Less Than 8 ft.",7,-67,26,1,0],["0020001109",207,2,4,1,"Missed Shot","Jump Shot","2PT Field Goal","Mid-Range","Right Side Center(RC)","16-24 ft.",20,91,179,1,0],["0020001123",437,4,3,36,"Missed Shot","Jump Shot","2PT Field Goal","Mid-Range","Right Side(R)","16-24 ft.",18,184,13,1,0],["0020001123",449,4,2,37,"Missed Shot","Layup Shot","2PT Field Goal","Restricted Area","Center(C)","Less Than 8 ft.",0,0,0,1,0],["0020001123",470,4,0,33,"Made Shot","Layup Shot","2PT Field Goal","Restricted Area","Center(C)","Less Than 8 ft.",0,0,0,1,1],["0020001137",410,4,1,27,"Made Shot","Jump Shot","2PT Field Goal","Mid-Range","Right Side(R)","8-16 ft.",10,102,0,1,1],["0020001178",85,1,3,10,"Missed Shot","Jump Shot","2PT Field Goal","Mid-Range","Left Side(L)","16-24 ft.",17,-172,-13,1,0],["0020001178",118,2,11,23,"Made Shot","Turnaround Jump Shot","2PT Field Goal","Mid-Range","Left Side(L)","8-16 ft.",12,-122,26,1,1],["0020001178",129,2,9,55,"Made Shot","Dunk Shot","2PT Field Goal","Restricted Area","Center(C)","Less Than 8 ft.",0,0,0,1,1],["0020001178",155,2,7,21,"Missed Shot","Jump Shot","2PT Field Goal","In The Paint (Non-RA)","Center(C)","Less Than 8 ft.",7,70,15,1,0],["0020001178",158,2,6,40,"Missed Shot","Jump Shot","2PT Field Goal","Mid-Range","Left Side Center(LC)","16-24 ft.",19,-107,167,1,0],["0020001178",201,2,2,17,"Made Shot","Turnaround Jump Shot","2PT Field Goal","In The Paint (Non-RA)","Center(C)","8-16 ft.",12,-25,127,1,1],["0020001178",204,2,1,45,"Missed Shot","Layup Shot","2PT Field Goal","Restricted Area","Center(C)","Less Than 8 ft.",0,0,0,1,0],["0020001178",208,2,1,12,"Made Shot","Tip Shot","2PT Field Goal","Restricted Area","Center(C)","Less Than 8 ft.",0,0,0,1,1],["0020001178",245,3,8,51,"Missed Shot","Jump Shot","2PT Field Goal","Mid-Range","Left Side(L)","16-24 ft.",17,-172,-6,1,0],["0020001178",248,3,8,24,"Made Shot","Slam Dunk Shot","2PT Field Goal","Restricted Area","Center(C)","Less Than 8 ft.",0,0,0,1,1],["0020001178",370,4,7,20,"Missed Shot","Jump Shot","2PT Field Goal","Restricted Area","Center(C)","Less Than 8 ft.",3,26,19,1,0],["0020001178",376,4,6,2,"Missed Shot","Jump Shot","2PT Field Goal","Mid-Range","Left Side(L)","16-24 ft.",20,-181,99,1,0],["0020001178",380,4,5,30,"Made Shot","Jump Shot","2PT Field Goal","In The Paint (Non-RA)","Right Side(R)","8-16 ft.",9,70,59,1,1]]}},"GameList":{"20001123":[176,"0020001123","04/10/2001","POR","Trail Blazers","GSW","Warriors",1,2,1,3,0,0,1,0,0,2,4],"20001109":[176,"0020001109","04/08/2001","POR","Trail Blazers","SAC","Kings",0,0,0,2,0,0,0,1,0,0,0],"20000624":[176,"0020000624","01/27/2001","POR","Trail Blazers","MIN","Timberwolves",0,0,0,0,0,0,0,0,0,0,0],"20001162":[176,"0020001162","04/15/2001","POR","Trail Blazers","LAL","Lakers",0,2,0,0,0,0,0,0,0,0,0],"20000012":[176,"0020000012","10/31/2000","POR","Trail Blazers","LAL","Lakers",0,0,0,1,0,0,3,0,0,0,2],"20000060":[176,"0020000060","11/07/2000","POR","Trail Blazers","ATL","Hawks",0,0,0,0,0,0,0,0,0,0,0],"20001137":[176,"0020001137","04/12/2001","POR","Trail Blazers","VAN","Grizzlies",0,2,1,1,0,0,0,1,0,0,0],"20000101":[176,"0020000101","11/13/2000","POR","Trail Blazers","NJN","Nets",0,0,0,0,0,0,1,0,0,0,0],"20001095":[176,"0020001095","04/06/2001","POR","Trail Blazers","GSW","Warriors",0,8,4,5,0,0,1,2,0,1,1],"20001178":[176,"0020001178","04/17/2001","POR","Trail Blazers","SAS","Spurs",2,15,6,13,0,0,4,2,0,1,6],"20000026":[176,"0020000026","11/02/2000","POR","Trail Blazers","PHX","Suns",0,0,0,1,0,0,0,0,0,0,0],"20000078":[176,"0020000078","11/09/2000","POR","Trail Blazers","DEN","Nuggets",0,2,1,2,0,0,0,0,1,0,1]},"data":[30.0,12,0,6.0,1.1,2.3,0.464,0.0,0.0,0.0,0.4,0.5,0.833,0.4,0.8,1.2,0.3,0.1,0.5,0.3,0.8,2.6],"rank":{"PerGame":[null,null,null,null,null,null,null,null,null,null,null,null,null,null,null,null,null,null,null],"Totals":[406,382,394,null,295,368,null,395,399,null,378,404,399,394,416,300,407,388,388]},"team":"POR"},"2001":{"shotchart":{"Averages":{"header":["SHOT_ZONE_BASIC","SHOT_ZONE_AREA","SHOT_ZONE_RANGE","FGA","FGM","FG_PCT"],"row":[["Above the Break 3","Back Court(BC)","Back Court Shot",104,5,0.048],["Above the Break 3","Center(C)","24+ ft.",5347,1807,0.338],["Above the Break 3","Left Side Center(LC)","24+ ft.",10200,3509,0.344],["Above the Break 3","Right Side Center(RC)","24+ ft.",10485,3765,0.359],["Backcourt","Back Court(BC)","Back Court Shot",311,8,0.026],["In The Paint (Non-RA)","Center(C)","8-16 ft.",6036,2392,0.396],["In The Paint (Non-RA)","Center(C)","Less Than 8 ft.",18055,6869,0.38],["In The Paint (Non-RA)","Left Side(L)","8-16 ft.",2020,819,0.405],["In The Paint (Non-RA)","Right Side(R)","8-16 ft.",2031,799,0.393],["Left Corner 3","Left Side(L)","24+ ft.",4303,1638,0.381],["Mid-Range","Center(C)","16-24 ft.",5892,2305,0.391],["Mid-Range","Center(C)","8-16 ft.",2077,869,0.418],["Mid-Range","Left Side Center(LC)","16-24 ft.",8894,3632,0.408],["Mid-Range","Left Side(L)","16-24 ft.",10332,4058,0.393],["Mid-Range","Left Side(L)","8-16 ft.",13299,5115,0.385],["Mid-Range","Right Side Center(RC)","16-24 ft.",9727,3859,0.397],["Mid-Range","Right Side(R)","16-24 ft.",9701,3834,0.395],["Mid-Range","Right Side(R)","8-16 ft.",11816,4419,0.374],["Restricted Area","Center(C)","Less Than 8 ft.",58361,34664,0.594],["Right Corner 3","Right Side(R)","24+ ft.",4259,1638,0.385]]},"Details":{"header":["GAME_ID","GAME_EVENT_ID","PERIOD","MINUTES_REMAINING","SECONDS_REMAINING","EVENT_TYPE","ACTION_TYPE","SHOT_TYPE","SHOT_ZONE_BASIC","SHOT_ZONE_AREA","SHOT_ZONE_RANGE","SHOT_DISTANCE","LOC_X","LOC_Y","SHOT_ATTEMPTED_FLAG","SHOT_MADE_FLAG"],"row":[["0020100129",28,1,9,0,"Missed Shot","Jump Shot","2PT Field Goal","Mid-Range","Left Side(L)","16-24 ft.",16,-162,7,1,0],["0020100129",203,2,4,27,"Made Shot","Tip Shot","2PT Field Goal","Restricted Area","Center(C)","Less Than 8 ft.",0,0,0,1,1],["0020100140",40,1,7,55,"Missed Shot","Jump Shot","2PT Field Goal","In The Paint (Non-RA)","Center(C)","Less Than 8 ft.",7,70,-13,1,0],["0020100140",63,1,4,35,"Missed Shot","Tip Shot","2PT Field Goal","Restricted Area","Center(C)","Less Than 8 ft.",0,0,0,1,0],["0020100140",65,1,4,33,"Made Shot","Tip Shot","2PT Field Goal","Restricted Area","Center(C)","Less Than 8 ft.",0,0,0,1,1],["0020100301",29,1,8,17,"Made Shot","Running Hook Shot","2PT Field Goal","In The Paint (Non-RA)","Center(C)","Less Than 8 ft.",4,7,47,1,1],["0020100301",36,1,6,41,"Missed Shot","Jump Shot","2PT Field Goal","Mid-Range","Left Side Center(LC)","16-24 ft.",16,-98,137,1,0],["0020100301",171,2,5,38,"Missed Shot","Jump Shot","2PT Field Goal","Mid-Range","Left Side(L)","8-16 ft.",14,-134,42,1,0],["0020100301",239,3,11,43,"Missed Shot","Layup Shot","2PT Field Goal","Restricted Area","Center(C)","Less Than 8 ft.",0,0,0,1,0],["0020100301",280,3,8,16,"Missed Shot","Jump Shot","2PT Field Goal","In The Paint (Non-RA)","Center(C)","Less Than 8 ft.",6,7,63,1,0],["0020100306",39,1,7,20,"Missed Shot","Jump Shot","2PT Field Goal","In The Paint (Non-RA)","Center(C)","Less Than 8 ft.",6,-46,47,1,0],["0020100380",427,4,0,32,"Made Shot","Jump Shot","2PT Field Goal","Mid-Range","Left Side(L)","16-24 ft.",19,-193,45,1,1]]}},"GameList":{"20100306":[176,"0020100306","12/12/2001","SEA","SuperSonics","LAC","Clippers",0,1,0,1,0,0,0,0,0,1,1],"20100380":[176,"0020100380","12/22/2001","SEA","SuperSonics","DET","Pistons",0,2,1,1,0,0,0,2,0,0,1],"20100301":[176,"0020100301","12/11/2001","SEA","SuperSonics","LAL","Lakers",3,2,1,5,0,0,4,0,1,4,2],"20100140":[176,"0020100140","11/17/2001","SEA","SuperSonics","DEN","Nuggets",0,2,1,3,0,0,2,1,0,0,4],"20100129":[176,"0020100129","11/16/2001","SEA","SuperSonics","GSW","Warriors",0,2,1,2,0,0,2,0,0,0,1]},"data":[31.0,5,3,9.4,0.8,2.4,0.333,0.0,0.0,0.0,0.2,0.4,0.5,1.0,0.8,1.8,1.0,0.2,0.6,0.6,1.6,1.8],"rank":{"PerGame":[null,null,null,null,null,null,null,null,null,null,null,null,null,null,null,null,null,null,null],"Totals":[417,421,421,null,288,361,null,419,420,null,386,418,408,388,412,348,410,423,418]},"team":"SEA"}},"headerData":["PLAYER_AGE","GP","GS","MIN","FGM","FGA","FG_PCT","FG3M","FG3A","FG3_PCT","FTM","FTA","FT_PCT","OREB","DREB","REB","AST","STL","BLK","TOV","PF","PTS"],"PostSeason":{"2000":{"shotchart":{"Averages":{"header":["SHOT_ZONE_BASIC","SHOT_ZONE_AREA","SHOT_ZONE_RANGE","FGA","FGM","FG_PCT"],"row":[["Above the Break 3","Back Court(BC)","Back Court Shot",2,0,0.0],["Above the Break 3","Center(C)","24+ ft.",332,122,0.367],["Above the Break 3","Left Side Center(LC)","24+ ft.",630,204,0.324],["Above the Break 3","Right Side Center(RC)","24+ ft.",628,211,0.336],["Backcourt","Back Court(BC)","Back Court Shot",24,0,0.0],["In The Paint (Non-RA)","Center(C)","8-16 ft.",424,148,0.349],["In The Paint (Non-RA)","Center(C)","Less Than 8 ft.",1129,388,0.344],["In The Paint (Non-RA)","Left Side(L)","8-16 ft.",165,68,0.412],["In The Paint (Non-RA)","Right Side(R)","8-16 ft.",146,59,0.404],["Left Corner 3","Left Side(L)","24+ ft.",255,118,0.463],["Mid-Range","Center(C)","8-16 ft.",111,43,0.387],["Mid-Range","Center(C)","16-24 ft.",315,121,0.384],["Mid-Range","Left Side Center(LC)","16-24 ft.",428,167,0.39],["Mid-Range","Left Side(L)","16-24 ft.",570,211,0.37],["Mid-Range","Left Side(L)","8-16 ft.",1046,398,0.38],["Mid-Range","Right Side Center(RC)","16-24 ft.",474,201,0.424],["Mid-Range","Right Side(R)","16-24 ft.",532,197,0.37],["Mid-Range","Right Side(R)","8-16 ft.",784,299,0.381],["Restricted Area","Center(C)","Less Than 8 ft.",3166,1832,0.579],["Right Corner 3","Right Side(R)","24+ ft.",233,96,0.412]]},"Details":{"header":["GAME_ID","GAME_EVENT_ID","PERIOD","MINUTES_REMAINING","SECONDS_REMAINING","EVENT_TYPE","ACTION_TYPE","SHOT_TYPE","SHOT_ZONE_BASIC","SHOT_ZONE_AREA","SHOT_ZONE_RANGE","SHOT_DISTANCE","LOC_X","LOC_Y","SHOT_ATTEMPTED_FLAG","SHOT_MADE_FLAG"],"row":[["0040000005",229,2,2,32,"Missed Shot","Jump Shot","2PT Field Goal","Mid-Range","Left Side Center(LC)","16-24 ft.",18,-130,125,1,0]]}},"GameList":{"40000022":[176,"0040000022","04/29/2001","POR","Trail Blazers","LAL","Lakers",1,0,0,0,0,0,4,0,0,0,2],"40000005":[176,"0040000005","04/22/2001","POR","Trail Blazers","LAL","Lakers",0,0,0,1,0,0,0,0,0,0,4]},"data":[30.0,2,0,7.0,0.0,0.5,0.0,0.0,0.0,0.0,0.0,0.0,0.0,0.5,2.5,3.0,0.0,0.0,0.0,0.5,2.0,0.0],"rank":{"PerGame":[null,null,null,null,null,null,null,null,null,null,null,null,null,null,null,null,null,null,null],"Totals":[169,175,179,null,97,127,null,153,156,null,140,135,141,163,147,130,145,180,166]},"team":"POR"},"1994":{"GameList":{"49400030":[176,"0049400030","05/06/1995","LAL","Lakers","SAN","Spurs",0,0,0,0,0,0,0,0,0,0,0],"49400002":[176,"0049400002","04/27/1995","LAL","Lakers","SEA","SuperSonics",0,0,0,0,0,0,0,0,0,0,1],"49400051":[176,"0049400051","05/18/1995","LAL","Lakers","SAN","Spurs",0,0,0,0,0,0,0,0,0,0,0]},"data":[24.0,3,0,1.3,0.0,0.0,0.0,0.0,0.0,0.0,0.0,0.0,0.0,0.0,0.3,0.3,0.0,0.0,0.0,0.0,0.0,0.0],"rank":{"PerGame":[null,null,null,null,null,null,null,null,null,null,null,null,null,null,null,null,null,null,null],"Totals":[179,174,184,null,101,131,null,155,161,null,166,157,167,163,145,125,158,175,170]},"team":"LAL"}}}}