{"info":{"FIRST_NAME":"Antonio","LAST_NAME":"Lang","WEIGHT":"","COUNTRY":"USA","SCHOOL":"Duke","BIRTHDATE":"1972-05-15T00:00:00","HEIGHT":"","TO_YEAR":1999,"DLEAGUE":"N","FROM_YEAR":1994,"TEAM":"","PERSON_ID":226,"SEASON_EXP":5,"POSITION":"","ROSTERSTATUS":"Inactive","ALL_STAR":0,"PIE":0,"JERSEY":""},"career":{"header":["MIN","FGM","FGA","FG_PCT","FG3M","FG3A","FG3_PCT","FTM","FTA","FT_PCT","OREB","DREB","REB","AST","STL","BLK","TOV","PF","PTS"],"RegularSeason":{"PerGame":[9.8,0.8,1.9,0.455,0.0,0.1,0.0,0.6,0.8,0.719,0.6,0.9,1.5,0.3,0.4,0.3,0.6,1.4,2.3],"GS":1,"GP":143},"PostSeason":{"PerGame":[2.0,0.0,0.0,0.0,0.0,0.0,0.0,0.0,0.0,0.0,0.0,0.0,0.0,0.0,0.0,0.0,0.0,0.0,0.0],"GS":0,"GP":1}},"season":{"headerRank":["RANK_PG_MIN","RANK_PG_FGM","RANK_PG_FGA","RANK_FG_PCT","RANK_PG_FG3M","RANK_PG_FG3A","RANK_FG3_PCT","RANK_PG_FTM","RANK_PG_FTA","RANK_FT_PCT","RANK_PG_OREB","RANK_PG_DREB","RANK_PG_REB","RANK_PG_AST","RANK_PG_STL","RANK_PG_BLK","RANK_PG_TOV","RANK_PG_PTS","RANK_PG_EFF"],"headerGame":["PLAYER_ID","GAME_ID","GAME_DATE","TEAM_ABBREVIATION","TEAM_NAME","VS_TEAM_ABBREVIATION","VS_TEAM_NAME","TOV","PTS","FGM","FGA","FG3M","FG3A","PF","BLK","STL","AST","REB"],"RegularSeason":{"1995":{"GameList":{"29501100":[226,"0029501100","04/10/1996","CLE","Cavaliers","ORL","Magic",1,6,2,4,0,0,0,0,1,0,3],"29500629":[226,"0029500629","02/02/1996","CLE","Cavaliers","PHX","Suns",2,8,4,5,0,0,1,1,0,1,2],"29501141":[226,"0029501141","04/16/1996","CLE","Cavaliers","ATL","Hawks",0,0,0,0,0,0,1,0,0,0,0],"29501018":[226,"0029501018","03/30/1996","CLE","Cavaliers","GOS","Warriors",0,6,3,5,0,0,4,1,1,2,2],"29500524":[226,"0029500524","01/18/1996","CLE","Cavaliers","VAN","Grizzlies",0,2,0,0,0,0,2,0,0,1,0],"29501050":[226,"0029501050","04/03/1996","CLE","Cavaliers","LAL","Lakers",3,0,0,1,0,0,2,0,0,0,3],"29501053":[226,"0029501053","04/04/1996","CLE","Cavaliers","TOR","Raptors",2,2,1,5,0,0,5,0,0,0,1],"29501183":[226,"0029501183","04/21/1996","CLE","Cavaliers","IND","Pacers",0,2,1,2,0,0,0,0,2,0,3],"29500561":[226,"0029500561","01/23/1996","CLE","Cavaliers","ATL","Hawks",1,9,3,5,0,0,2,2,1,0,3],"29500682":[226,"0029500682","02/13/1996","CLE","Cavaliers","CHH","Hornets",1,2,1,1,0,0,0,0,0,0,2],"29500940":[226,"0029500940","03/19/1996","CLE","Cavaliers","DAL","Mavericks",1,2,1,1,0,0,2,0,0,0,1],"29500865":[226,"0029500865","03/08/1996","CLE","Cavaliers","BOS","Celtics",0,0,0,2,0,0,3,0,0,0,0],"29500901":[226,"0029500901","03/14/1996","CLE","Cavaliers","BOS","Celtics",0,2,1,2,0,1,0,1,0,0,2],"29500965":[226,"0029500965","03/22/1996","CLE","Cavaliers","UTH","Jazz",3,4,1,3,0,0,4,1,2,1,5],"29500854":[226,"0029500854","03/07/1996","CLE","Cavaliers","ATL","Hawks",1,0,0,0,0,0,3,1,0,0,0],"29500596":[226,"0029500596","01/27/1996","CLE","Cavaliers","MIA","Heat",0,1,0,0,0,0,0,0,0,0,0],"29500550":[226,"0029500550","01/21/1996","CLE","Cavaliers","POR","Trail Blazers",1,4,1,1,0,0,1,1,0,0,0],"29500734":[226,"0029500734","02/20/1996","CLE","Cavaliers","CHI","Bulls",1,0,0,0,0,0,1,0,1,0,0],"29500498":[226,"0029500498","01/14/1996","CLE","Cavaliers","PHX","Suns",1,2,1,1,0,0,2,0,0,0,1],"29500922":[226,"0029500922","03/17/1996","CLE","Cavaliers","SAC","Kings",0,0,0,2,0,0,1,1,0,0,3],"29500802":[226,"0029500802","02/29/1996","CLE","Cavaliers","MIL","Bucks",0,6,2,4,0,0,1,0,0,2,2],"29500599":[226,"0029500599","01/29/1996","CLE","Cavaliers","CHH","Hornets",2,14,6,7,0,0,1,0,1,1,6],"29500822":[226,"0029500822","03/03/1996","CLE","Cavaliers","TOR","Raptors",0,0,0,0,0,0,1,0,0,0,0],"29500750":[226,"0029500750","02/22/1996","CLE","Cavaliers","HOU","Rockets",0,0,0,0,0,0,0,0,0,0,0],"29500837":[226,"0029500837","03/05/1996","CLE","Cavaliers","SEA","SuperSonics",0,6,2,6,0,0,2,1,1,0,1],"29500635":[226,"0029500635","02/03/1996","CLE","Cavaliers","MIL","Bucks",0,4,2,3,0,0,4,0,1,0,2],"29501134":[226,"0029501134","04/14/1996","CLE","Cavaliers","CHI","Bulls",0,0,0,1,0,0,0,0,0,0,1],"29500477":[226,"0029500477","01/12/1996","CLE","Cavaliers","DEN","Nuggets",0,2,0,0,0,0,2,1,0,0,1],"29501029":[226,"0029501029","03/31/1996","CLE","Cavaliers","SAC","Kings",1,2,0,1,0,1,1,0,1,0,0],"29500571":[226,"0029500571","01/24/1996","CLE","Cavaliers","PHL","76ers",0,4,2,2,0,0,2,1,0,0,1],"29500613":[226,"0029500613","01/31/1996","CLE","Cavaliers","MIL","Bucks",1,4,1,3,0,0,2,0,0,1,1],"29501005":[226,"0029501005","03/28/1996","CLE","Cavaliers","LAC","Clippers",0,0,0,1,0,0,0,0,0,0,1],"29501160":[226,"0029501160","04/18/1996","CLE","Cavaliers","NYK","Knicks",0,0,0,1,0,0,0,0,0,1,0],"29500993":[226,"0029500993","03/26/1996","CLE","Cavaliers","WAS","Bullets",0,3,1,1,0,0,0,0,0,0,0],"29500659":[226,"0029500659","02/06/1996","CLE","Cavaliers","BOS","Celtics",1,5,1,2,0,0,4,0,1,0,1],"29500954":[226,"0029500954","03/21/1996","CLE","Cavaliers","HOU","Rockets",0,0,0,0,0,0,0,0,0,0,0],"29500542":[226,"0029500542","01/20/1996","CLE","Cavaliers","LAL","Lakers",0,7,2,2,0,0,2,0,1,1,1],"29500972":[226,"0029500972","03/24/1996","CLE","Cavaliers","VAN","Grizzlies",1,0,0,0,0,0,3,0,0,0,1],"29500813":[226,"0029500813","03/01/1996","CLE","Cavaliers","ATL","Hawks",0,7,2,2,0,0,0,0,0,1,1],"29500765":[226,"0029500765","02/24/1996","CLE","Cavaliers","NJN","Nets",0,0,0,1,0,0,2,0,0,0,2],"29500701":[226,"0029500701","02/15/1996","CLE","Cavaliers","TOR","Raptors",0,0,0,0,0,0,0,0,0,0,0]},"data":[24.0,41,0,9.0,1.0,1.9,0.532,0.0,0.0,0.0,0.8,1.1,0.723,0.4,0.9,1.3,0.3,0.3,0.3,0.6,1.5,2.8],"rank":{"PerGame":[null,null,null,null,null,null,null,null,null,null,null,null,null,null,null,null,null,null,null],"Totals":[333,334,348,null,301,315,null,298,295,null,327,333,332,345,314,223,330,330,334]},"team":"CLE"},"1994":{"GameList":{"29400036":[226,"0029400036","11/09/1994","PHX","Suns","ATL","Hawks",1,0,0,1,0,0,1,0,0,0,0],"29400689":[226,"0029400689","02/21/1995","PHX","Suns","BOS","Celtics",1,2,1,2,0,0,2,0,0,1,0],"29400007":[226,"0029400007","11/04/1994","PHX","Suns","SAC","Kings",0,2,1,1,0,0,2,0,0,0,0],"29400877":[226,"0029400877","03/21/1995","PHX","Suns","ORL","Magic",0,0,0,2,0,0,0,0,0,0,1],"29400708":[226,"0029400708","02/24/1995","PHX","Suns","LAC","Clippers",3,6,2,3,0,0,2,2,0,0,1],"29400781":[226,"0029400781","03/07/1995","PHX","Suns","HOU","Rockets",0,0,0,1,0,0,1,0,0,0,1],"29400733":[226,"0029400733","02/28/1995","PHX","Suns","LAC","Clippers",0,0,0,0,0,0,3,0,0,0,1],"29400828":[226,"0029400828","03/14/1995","PHX","Suns","DET","Pistons",0,0,0,0,0,0,0,0,0,0,0],"29400061":[226,"0029400061","11/12/1994","PHX","Suns","LAC","Clippers",0,1,0,0,0,0,0,0,0,0,0],"29400801":[226,"0029400801","03/10/1995","PHX","Suns","IND","Pacers",0,0,0,0,0,0,0,0,0,0,0],"29400772":[226,"0029400772","03/05/1995","PHX","Suns","GOS","Warriors",0,0,0,0,0,0,0,0,0,0,0],"29400646":[226,"0029400646","02/15/1995","PHX","Suns","POR","Trail Blazers",0,0,0,0,0,0,0,0,0,0,0]},"data":[23.0,12,0,4.4,0.3,0.8,0.4,0.0,0.0,0.0,0.3,0.3,0.75,0.3,0.1,0.3,0.1,0.0,0.2,0.4,0.9,0.9],"rank":{"PerGame":[null,null,null,null,null,null,null,null,null,null,null,null,null,null,null,null,null,null,null],"Totals":[377,380,381,null,283,351,null,374,377,null,367,393,383,384,387,326,370,382,387]},"team":"PHX"},"1997":{"shotchart":{"Averages":{"header":["SHOT_ZONE_BASIC","SHOT_ZONE_AREA","SHOT_ZONE_RANGE","FGA","FGM","FG_PCT"],"row":[["Above the Break 3","Back Court(BC)","Back Court Shot",94,0,0.0],["Above the Break 3","Center(C)","24+ ft.",5071,1698,0.335],["Above the Break 3","Left Side Center(LC)","24+ ft.",9535,3233,0.339],["Above the Break 3","Right Side Center(RC)","24+ ft.",9405,3317,0.353],["Backcourt","Back Court(BC)","Back Court Shot",243,12,0.049],["In The Paint (Non-RA)","Center(C)","8-16 ft.",4742,1938,0.409],["In The Paint (Non-RA)","Center(C)","Less Than 8 ft.",18323,6635,0.362],["In The Paint (Non-RA)","Left Side(L)","8-16 ft.",1889,688,0.364],["In The Paint (Non-RA)","Right Side(R)","8-16 ft.",1702,601,0.353],["Left Corner 3","Left Side(L)","24+ ft.",2878,1053,0.366],["Mid-Range","Center(C)","16-24 ft.",5306,2083,0.393],["Mid-Range","Center(C)","8-16 ft.",2052,834,0.406],["Mid-Range","Left Side Center(LC)","16-24 ft.",7450,3099,0.416],["Mid-Range","Left Side(L)","16-24 ft.",9910,4035,0.407],["Mid-Range","Left Side(L)","8-16 ft.",15120,5550,0.367],["Mid-Range","Right Side Center(RC)","16-24 ft.",8144,3310,0.406],["Mid-Range","Right Side(R)","16-24 ft.",8405,3365,0.4],["Mid-Range","Right Side(R)","8-16 ft.",13451,4898,0.364],["Restricted Area","Center(C)","Less Than 8 ft.",63115,38010,0.602],["Right Corner 3","Right Side(R)","24+ ft.",2688,1018,0.379]]},"Details":{"header":["GAME_ID","GAME_EVENT_ID","PERIOD","MINUTES_REMAINING","SECONDS_REMAINING","EVENT_TYPE","ACTION_TYPE","SHOT_TYPE","SHOT_ZONE_BASIC","SHOT_ZONE_AREA","SHOT_ZONE_RANGE","SHOT_DISTANCE","LOC_X","LOC_Y","SHOT_ATTEMPTED_FLAG","SHOT_MADE_FLAG"],"row":[["0029701025",489,4,0,17,"Made Shot","Layup Shot","2PT Field Goal","Restricted Area","Center(C)","Less Than 8 ft.",0,0,0,1,1],["0029701038",345,3,0,28,"Made Shot","Layup Shot","2PT Field Goal","Restricted Area","Center(C)","Less Than 8 ft.",0,0,0,1,1],["0029701038",389,4,8,20,"Missed Shot","Jump Shot","2PT Field Goal","In The Paint (Non-RA)","Center(C)","Less Than 8 ft.",5,40,33,1,0],["0029701038",396,4,7,53,"Made Shot","Jump Shot","2PT Field Goal","In The Paint (Non-RA)","Center(C)","Less Than 8 ft.",5,-31,51,1,1],["0029701183",411,4,2,59,"Missed Shot","Driving Layup Shot","2PT Field Goal","Restricted Area","Center(C)","Less Than 8 ft.",0,0,0,1,0]]}},"GameList":{"29701058":[226,"0029701058","04/02/1998","MIA","Heat","SAS","Spurs",0,0,0,0,0,0,0,0,0,0,1],"29701183":[226,"0029701183","04/19/1998","MIA","Heat","ATL","Hawks",1,0,0,1,0,0,0,0,0,0,0],"29701038":[226,"0029701038","03/31/1998","MIA","Heat","BOS","Celtics",3,6,2,3,0,0,2,0,1,0,1],"29701072":[226,"0029701072","04/04/1998","MIA","Heat","CHH","Hornets",0,2,0,0,0,0,0,0,0,0,0],"29701012":[226,"0029701012","03/27/1998","MIA","Heat","MIL","Bucks",0,0,0,0,0,0,0,0,0,0,1],"29701025":[226,"0029701025","03/29/1998","MIA","Heat","HOU","Rockets",0,4,1,1,0,0,1,0,1,1,2]},"data":[26.0,6,0,4.8,0.5,0.8,0.6,0.0,0.0,0.0,1.0,1.3,0.75,0.3,0.5,0.8,0.2,0.3,0.0,0.7,0.5,2.0],"rank":{"PerGame":[null,null,null,null,null,null,null,null,null,null,null,null,null,null,null,null,null,null,null],"Totals":[423,417,429,null,274,366,null,380,383,null,405,412,417,412,392,400,397,411,409]},"team":"MIA"},"1996":{"shotchart":{"Averages":{"header":["SHOT_ZONE_BASIC","SHOT_ZONE_AREA","SHOT_ZONE_RANGE","FGA","FGM","FG_PCT"],"row":[["Above the Break 3","Back Court(BC)","Back Court Shot",85,2,0.024],["Above the Break 3","Center(C)","24+ ft.",2961,1004,0.339],["Above the Break 3","Left Side Center(LC)","24+ ft.",6391,2096,0.328],["Above the Break 3","Right Side Center(RC)","24+ ft.",4938,1713,0.347],["Backcourt","Back Court(BC)","Back Court Shot",207,9,0.043],["In The Paint (Non-RA)","Center(C)","8-16 ft.",4311,1896,0.44],["In The Paint (Non-RA)","Center(C)","Less Than 8 ft.",14430,6313,0.437],["In The Paint (Non-RA)","Left Side(L)","8-16 ft.",1893,781,0.413],["In The Paint (Non-RA)","Right Side(R)","8-16 ft.",1741,714,0.41],["Left Corner 3","Left Side(L)","24+ ft.",3068,1214,0.396],["Mid-Range","Center(C)","16-24 ft.",7169,2906,0.405],["Mid-Range","Center(C)","8-16 ft.",1668,710,0.426],["Mid-Range","Left Side Center(LC)","16-24 ft.",9900,4050,0.409],["Mid-Range","Left Side(L)","16-24 ft.",9842,4158,0.422],["Mid-Range","Left Side(L)","8-16 ft.",13794,5376,0.39],["Mid-Range","Right Side Center(RC)","16-24 ft.",11226,4357,0.388],["Mid-Range","Right Side(R)","16-24 ft.",9029,3715,0.411],["Mid-Range","Right Side(R)","8-16 ft.",12668,5036,0.398],["Restricted Area","Center(C)","Less Than 8 ft.",70575,38643,0.548],["Right Corner 3","Right Side(R)","24+ ft.",2689,1079,0.401]]},"Details":{"header":["GAME_ID","GAME_EVENT_ID","PERIOD","MINUTES_REMAINING","SECONDS_REMAINING","EVENT_TYPE","ACTION_TYPE","SHOT_TYPE","SHOT_ZONE_BASIC","SHOT_ZONE_AREA","SHOT_ZONE_RANGE","SHOT_DISTANCE","LOC_X","LOC_Y","SHOT_ATTEMPTED_FLAG","SHOT_MADE_FLAG"],"row":[["0029600002",363,3,0,0,"Missed Shot","Jump Shot","3PT Field Goal","Above the Break 3","Center(C)","24+ ft.",26,42,262,1,0],["0029600002",370,4,11,16,"Missed Shot","Hook Shot","2PT Field Goal","In The Paint (Non-RA)","Center(C)","8-16 ft.",9,23,95,1,0],["0029600034",94,1,1,32,"Missed Shot","Jump Shot","2PT Field Goal","Mid-Range","Left Side(L)","8-16 ft.",14,-109,99,1,0],["0029600034",151,2,7,56,"Made Shot","Jump Shot","2PT Field Goal","Mid-Range","Right Side(R)","8-16 ft.",9,84,43,1,1],["0029600058",125,2,9,49,"Missed Shot","Layup Shot","2PT Field Goal","Restricted Area","Center(C)","Less Than 8 ft.",0,0,0,1,0],["0029600058",134,2,9,15,"Made Shot","Layup Shot","2PT Field Goal","Restricted Area","Center(C)","Less Than 8 ft.",0,0,0,1,1],["0029600058",360,4,9,27,"Missed Shot","Jump Shot","2PT Field Goal","Mid-Range","Left Side(L)","16-24 ft.",17,-170,0,1,0],["0029600070",140,2,6,20,"Made Shot","Layup Shot","2PT Field Goal","Restricted Area","Center(C)","Less Than 8 ft.",0,0,0,1,1],["0029600070",156,2,4,56,"Missed Shot","Tip Shot","2PT Field Goal","Restricted Area","Center(C)","Less Than 8 ft.",0,0,0,1,0],["0029600070",312,3,0,1,"Missed Shot","Layup Shot","2PT Field Goal","Restricted Area","Center(C)","Less Than 8 ft.",0,0,0,1,0],["0029600070",342,4,8,28,"Made Shot","Driving Layup Shot","2PT Field Goal","Restricted Area","Center(C)","Less Than 8 ft.",0,0,0,1,1],["0029600082",361,4,8,8,"Made Shot","Layup Shot","2PT Field Goal","Restricted Area","Center(C)","Less Than 8 ft.",0,0,0,1,1],["0029600106",315,3,3,35,"Missed Shot","Layup Shot","2PT Field Goal","Restricted Area","Center(C)","Less Than 8 ft.",0,0,0,1,0],["0029600119",139,2,6,29,"Missed Shot","Jump Shot","2PT Field Goal","In The Paint (Non-RA)","Center(C)","Less Than 8 ft.",5,-55,23,1,0],["0029600119",202,2,1,52,"Made Shot","Jump Shot","2PT Field Goal","Mid-Range","Left Side(L)","8-16 ft.",12,-92,82,1,1],["0029600132",126,2,9,6,"Missed Shot","Jump Shot","2PT Field Goal","Mid-Range","Center(C)","8-16 ft.",15,36,155,1,0],["0029600132",291,3,0,39,"Missed Shot","Jump Shot","2PT Field Goal","Mid-Range","Right Side(R)","16-24 ft.",18,168,80,1,0],["0029600132",327,4,9,32,"Missed Shot","Jump Shot","2PT Field Goal","Mid-Range","Left Side(L)","8-16 ft.",14,-99,110,1,0],["0029600171",386,4,4,11,"Missed Shot","Layup Shot","2PT Field Goal","Restricted Area","Center(C)","Less Than 8 ft.",0,0,0,1,0],["0029600191",97,1,0,39,"Missed Shot","Layup Shot","2PT Field Goal","Restricted Area","Center(C)","Less Than 8 ft.",0,0,0,1,0],["0029600191",280,3,3,43,"Made Shot","Jump Shot","2PT Field Goal","Mid-Range","Right Side(R)","8-16 ft.",12,123,21,1,1],["0029600191",289,3,2,10,"Made Shot","Jump Shot","2PT Field Goal","Mid-Range","Right Side(R)","16-24 ft.",17,177,-1,1,1],["0029600191",348,4,7,42,"Missed Shot","Layup Shot","2PT Field Goal","Restricted Area","Center(C)","Less Than 8 ft.",0,0,0,1,0],["0029600213",154,2,6,13,"Made Shot","Jump Shot","2PT Field Goal","In The Paint (Non-RA)","Center(C)","Less Than 8 ft.",4,-38,23,1,1],["0029600213",355,4,8,13,"Made Shot","Jump Shot","2PT Field Goal","Mid-Range","Left Side(L)","8-16 ft.",14,-142,-5,1,1],["0029600227",130,1,0,0,"Missed Shot","Jump Shot","3PT Field Goal","Backcourt","Back Court(BC)","Back Court Shot",66,181,638,1,0],["0029600227",339,4,10,31,"Made Shot","Slam Dunk Shot","2PT Field Goal","Restricted Area","Center(C)","Less Than 8 ft.",0,0,0,1,1],["0029600227",352,4,8,31,"Missed Shot","Driving Layup Shot","2PT Field Goal","Restricted Area","Center(C)","Less Than 8 ft.",0,0,0,1,0],["0029600227",408,4,2,47,"Made Shot","Layup Shot","2PT Field Goal","Restricted Area","Center(C)","Less Than 8 ft.",0,0,0,1,1],["0029600227",416,4,2,10,"Missed Shot","Jump Shot","2PT Field Goal","In The Paint (Non-RA)","Left Side(L)","8-16 ft.",14,-77,127,1,0],["0029600235",354,4,3,6,"Missed Shot","Layup Shot","2PT Field Goal","Restricted Area","Center(C)","Less Than 8 ft.",0,0,0,1,0],["0029600250",115,2,10,23,"Made Shot","Driving Layup Shot","2PT Field Goal","Restricted Area","Center(C)","Less Than 8 ft.",0,0,0,1,1],["0029600250",159,2,5,24,"Made Shot","Jump Shot","2PT Field Goal","Mid-Range","Right Side(R)","16-24 ft.",17,168,32,1,1],["0029600250",161,2,4,39,"Made Shot","Jump Shot","2PT Field Goal","Mid-Range","Right Side(R)","16-24 ft.",16,146,80,1,1],["0029600250",189,2,1,35,"Made Shot","Layup Shot","2PT Field Goal","Restricted Area","Center(C)","Less Than 8 ft.",0,0,0,1,1],["0029600250",264,3,3,19,"Missed Shot","Layup Shot","2PT Field Goal","Restricted Area","Center(C)","Less Than 8 ft.",0,0,0,1,0],["0029600250",281,3,1,29,"Made Shot","Jump Shot","2PT Field Goal","Mid-Range","Right Side(R)","8-16 ft.",14,146,15,1,1],["0029600250",315,4,10,14,"Made Shot","Jump Shot","2PT Field Goal","Mid-Range","Right Side(R)","8-16 ft.",15,157,23,1,1],["0029600250",318,4,9,41,"Made Shot","Jump Shot","2PT Field Goal","Mid-Range","Right Side(R)","16-24 ft.",17,175,0,1,1],["0029600250",325,4,8,51,"Missed Shot","Jump Shot","2PT Field Goal","Mid-Range","Right Side(R)","16-24 ft.",17,170,-3,1,0],["0029600250",391,4,0,0,"Missed Shot","Layup Shot","2PT Field Goal","Restricted Area","Center(C)","Less Than 8 ft.",0,0,0,1,0],["0029600267",110,2,9,8,"Missed Shot","Layup Shot","2PT Field Goal","Restricted Area","Center(C)","Less Than 8 ft.",0,0,0,1,0],["0029600267",121,2,6,54,"Made Shot","Jump Shot","2PT Field Goal","Mid-Range","Left Side(L)","8-16 ft.",12,-109,60,1,1],["0029600267",148,2,4,3,"Missed Shot","Jump Shot","2PT Field Goal","Mid-Range","Right Side(R)","8-16 ft.",14,138,26,1,0],["0029600267",348,4,7,16,"Made Shot","Jump Shot","2PT Field Goal","Mid-Range","Right Side Center(RC)","16-24 ft.",17,97,145,1,1],["0029600267",409,4,0,23,"Made Shot","Layup Shot","2PT Field Goal","Restricted Area","Center(C)","Less Than 8 ft.",0,0,0,1,1],["0029600289",118,2,10,26,"Missed Shot","Jump Shot","2PT Field Goal","Mid-Range","Left Side(L)","16-24 ft.",17,-174,-20,1,0],["0029600289",179,2,4,8,"Made Shot","Slam Dunk Shot","2PT Field Goal","Restricted Area","Center(C)","Less Than 8 ft.",0,0,0,1,1],["0029600289",415,4,0,0,"Missed Shot","Jump Shot","2PT Field Goal","Mid-Range","Right Side(R)","8-16 ft.",14,123,73,1,0],["0029600303",100,1,0,47,"Missed Shot","Layup Shot","2PT Field Goal","Restricted Area","Center(C)","Less Than 8 ft.",0,0,0,1,0],["0029600303",125,2,9,52,"Made Shot","Jump Shot","2PT Field Goal","Mid-Range","Right Side(R)","16-24 ft.",16,162,10,1,1],["0029600303",325,3,1,20,"Missed Shot","Driving Layup Shot","2PT Field Goal","Restricted Area","Center(C)","Less Than 8 ft.",0,0,0,1,0],["0029600303",358,4,9,51,"Missed Shot","Jump Shot","2PT Field Goal","Mid-Range","Right Side(R)","8-16 ft.",14,125,73,1,0],["0029600303",362,4,8,45,"Missed Shot","Hook Shot","2PT Field Goal","In The Paint (Non-RA)","Center(C)","Less Than 8 ft.",7,58,47,1,0],["0029600303",366,4,8,8,"Made Shot","Jump Shot","2PT Field Goal","Mid-Range","Left Side(L)","16-24 ft.",19,-190,13,1,1],["0029600335",96,1,2,7,"Missed Shot","Jump Shot","2PT Field Goal","Mid-Range","Center(C)","16-24 ft.",18,1,181,1,0],["0029600335",153,2,8,59,"Made Shot","Driving Layup Shot","2PT Field Goal","Restricted Area","Center(C)","Less Than 8 ft.",0,0,0,1,1],["0029600335",335,3,0,31,"Made Shot","Layup Shot","2PT Field Goal","Restricted Area","Center(C)","Less Than 8 ft.",0,0,0,1,1],["0029600335",357,4,10,29,"Made Shot","Layup Shot","2PT Field Goal","Restricted Area","Center(C)","Less Than 8 ft.",0,0,0,1,1],["0029600335",396,4,6,27,"Made Shot","Layup Shot","2PT Field Goal","Restricted Area","Center(C)","Less Than 8 ft.",0,0,0,1,1],["0029600352",75,1,1,46,"Missed Shot","Driving Layup Shot","2PT Field Goal","Restricted Area","Center(C)","Less Than 8 ft.",0,0,0,1,0],["0029600352",98,2,11,35,"Missed Shot","Jump Shot","2PT Field Goal","Mid-Range","Left Side(L)","16-24 ft.",19,-192,2,1,0],["0029600352",296,3,0,9,"Made Shot","Slam Dunk Shot","2PT Field Goal","Restricted Area","Center(C)","Less Than 8 ft.",0,0,0,1,1],["0029600352",339,4,8,34,"Made Shot","Layup Shot","2PT Field Goal","Restricted Area","Center(C)","Less Than 8 ft.",0,0,0,1,1],["0029600352",363,4,6,39,"Missed Shot","Layup Shot","2PT Field Goal","Restricted Area","Center(C)","Less Than 8 ft.",0,0,0,1,0],["0029600352",373,4,5,15,"Missed Shot","Jump Shot","2PT Field Goal","Mid-Range","Right Side(R)","16-24 ft.",17,172,10,1,0],["0029600367",308,3,0,19,"Missed Shot","Jump Shot","2PT Field Goal","In The Paint (Non-RA)","Center(C)","Less Than 8 ft.",4,-16,43,1,0],["0029600367",334,4,8,6,"Missed Shot","Jump Shot","2PT Field Goal","Mid-Range","Left Side(L)","16-24 ft.",17,-146,99,1,0],["0029600367",345,4,6,53,"Missed Shot","Jump Shot","2PT Field Goal","Mid-Range","Center(C)","16-24 ft.",17,12,173,1,0],["0029600397",133,2,10,8,"Missed Shot","Layup Shot","2PT Field Goal","Restricted Area","Center(C)","Less Than 8 ft.",0,0,0,1,0],["0029600397",138,2,9,53,"Made Shot","Tip Shot","2PT Field Goal","Restricted Area","Center(C)","Less Than 8 ft.",0,0,0,1,1],["0029600397",302,4,11,18,"Missed Shot","Jump Shot","2PT Field Goal","Mid-Range","Right Side(R)","16-24 ft.",17,170,28,1,0],["0029600403",86,1,0,31,"Made Shot","Dunk Shot","2PT Field Goal","Restricted Area","Center(C)","Less Than 8 ft.",0,0,0,1,1],["0029600403",113,2,11,44,"Missed Shot","Jump Shot","2PT Field Goal","Restricted Area","Center(C)","Less Than 8 ft.",0,0,0,1,0],["0029600416",262,3,1,58,"Made Shot","Jump Shot","2PT Field Goal","Mid-Range","Right Side(R)","8-16 ft.",12,129,13,1,1],["0029600416",280,4,11,47,"Made Shot","Driving Layup Shot","2PT Field Goal","Restricted Area","Center(C)","Less Than 8 ft.",0,0,0,1,1],["0029600416",324,4,8,10,"Missed Shot","Jump Shot","2PT Field Goal","In The Paint (Non-RA)","Center(C)","Less Than 8 ft.",4,38,19,1,0],["0029600428",61,1,4,26,"Made Shot","Layup Shot","2PT Field Goal","Restricted Area","Center(C)","Less Than 8 ft.",0,0,0,1,1],["0029600428",93,1,0,0,"Missed Shot","Jump Shot","3PT Field Goal","Above the Break 3","Right Side Center(RC)","24+ ft.",26,146,216,1,0],["0029600428",167,2,5,38,"Made Shot","Jump Shot","2PT Field Goal","Mid-Range","Right Side(R)","16-24 ft.",19,185,56,1,1],["0029600428",325,3,1,9,"Missed Shot","Driving Layup Shot","2PT Field Goal","Restricted Area","Center(C)","Less Than 8 ft.",0,0,0,1,0],["0029600428",340,4,11,46,"Made Shot","Slam Dunk Shot","2PT Field Goal","Restricted Area","Center(C)","Less Than 8 ft.",0,0,0,1,1],["0029600428",356,4,9,44,"Made Shot","Layup Shot","2PT Field Goal","Restricted Area","Center(C)","Less Than 8 ft.",0,0,0,1,1],["0029600428",365,4,8,16,"Missed Shot","Jump Shot","2PT Field Goal","Mid-Range","Left Side Center(LC)","16-24 ft.",18,-60,171,1,0],["0029600444",121,2,8,33,"Missed Shot","Driving Layup Shot","2PT Field Goal","Restricted Area","Center(C)","Less Than 8 ft.",0,0,0,1,0],["0029600464",339,4,8,13,"Missed Shot","Jump Shot","2PT Field Goal","Mid-Range","Right Side(R)","8-16 ft.",14,144,4,1,0],["0029600492",325,3,0,3,"Made Shot","Tip Shot","2PT Field Goal","Restricted Area","Center(C)","Less Than 8 ft.",0,0,0,1,1],["0029600492",361,4,7,26,"Missed Shot","Jump Shot","2PT Field Goal","Mid-Range","Right Side(R)","16-24 ft.",18,164,75,1,0],["0029600527",86,2,11,42,"Made Shot","Jump Shot","2PT Field Goal","Mid-Range","Right Side(R)","16-24 ft.",18,172,71,1,1],["0029600527",99,2,9,45,"Missed Shot","Jump Shot","2PT Field Goal","Mid-Range","Right Side(R)","16-24 ft.",18,183,21,1,0],["0029600527",114,2,8,1,"Made Shot","Layup Shot","2PT Field Goal","Restricted Area","Center(C)","Less Than 8 ft.",0,0,0,1,1],["0029600527",216,3,5,27,"Made Shot","Jump Shot","2PT Field Goal","Mid-Range","Left Side(L)","8-16 ft.",14,-146,2,1,1],["0029600527",246,3,1,11,"Missed Shot","Tip Shot","2PT Field Goal","Restricted Area","Center(C)","Less Than 8 ft.",0,0,0,1,0],["0029600527",254,3,0,25,"Made Shot","Layup Shot","2PT Field Goal","Restricted Area","Center(C)","Less Than 8 ft.",0,0,0,1,1],["0029600527",317,4,4,25,"Missed Shot","Jump Shot","2PT Field Goal","Mid-Range","Left Side(L)","16-24 ft.",17,-172,43,1,0],["0029600527",379,5,1,55,"Missed Shot","Jump Shot","2PT Field Goal","Mid-Range","Right Side(R)","16-24 ft.",17,159,84,1,0],["0029600527",382,5,1,19,"Missed Shot","Jump Shot","3PT Field Goal","Above the Break 3","Left Side Center(LC)","24+ ft.",24,-168,184,1,0],["0029600537",94,2,10,26,"Made Shot","Tip Shot","2PT Field Goal","Restricted Area","Center(C)","Less Than 8 ft.",0,0,0,1,1],["0029600549",186,2,3,20,"Made Shot","Layup Shot","2PT Field Goal","Restricted Area","Center(C)","Less Than 8 ft.",0,0,0,1,1],["0029600557",143,2,8,19,"Missed Shot","Running Jump Shot","2PT Field Goal","In The Paint (Non-RA)","Right Side(R)","8-16 ft.",8,55,60,1,0],["0029600557",145,2,7,59,"Missed Shot","Jump Shot","2PT Field Goal","Mid-Range","Right Side(R)","16-24 ft.",19,179,71,1,0],["0029600557",313,3,1,22,"Missed Shot","Layup Shot","2PT Field Goal","Restricted Area","Center(C)","Less Than 8 ft.",0,0,0,1,0],["0029600557",337,4,10,56,"Made Shot","Slam Dunk Shot","2PT Field Goal","Restricted Area","Center(C)","Less Than 8 ft.",0,0,0,1,1],["0029600557",405,4,3,10,"Missed Shot","Jump Shot","3PT Field Goal","Above the Break 3","Left Side Center(LC)","24+ ft.",24,-118,212,1,0],["0029600782",188,2,0,40,"Made Shot","Dunk Shot","2PT Field Goal","Restricted Area","Center(C)","Less Than 8 ft.",0,0,0,1,1],["0029600821",106,2,10,23,"Made Shot","Slam Dunk Shot","2PT Field Goal","Restricted Area","Center(C)","Less Than 8 ft.",0,0,0,1,1],["0029600824",111,2,10,2,"Missed Shot","Layup Shot","2PT Field Goal","Restricted Area","Center(C)","Less Than 8 ft.",0,0,0,1,0],["0029600910",188,2,0,49,"Made Shot","Layup Shot","2PT Field Goal","Restricted Area","Center(C)","Less Than 8 ft.",0,0,0,1,1],["0029600921",147,2,6,57,"Missed Shot","Jump Shot","2PT Field Goal","Mid-Range","Left Side Center(LC)","16-24 ft.",19,-109,166,1,0],["0029600921",339,4,11,43,"Missed Shot","Hook Shot","2PT Field Goal","In The Paint (Non-RA)","Center(C)","Less Than 8 ft.",6,62,8,1,0],["0029600921",344,4,11,2,"Missed Shot","Jump Shot","2PT Field Goal","Mid-Range","Right Side(R)","8-16 ft.",13,133,4,1,0],["0029600921",437,4,1,59,"Missed Shot","Jump Shot","2PT Field Goal","In The Paint (Non-RA)","Right Side(R)","8-16 ft.",8,51,69,1,0],["0029600940",298,4,10,55,"Missed Shot","Layup Shot","2PT Field Goal","Restricted Area","Center(C)","Less Than 8 ft.",0,0,0,1,0],["0029600955",83,2,11,41,"Missed Shot","Jump Shot","2PT Field Goal","Mid-Range","Right Side Center(RC)","16-24 ft.",17,107,138,1,0],["0029600961",29,1,8,50,"Made Shot","Driving Dunk Shot","2PT Field Goal","Restricted Area","Center(C)","Less Than 8 ft.",0,0,0,1,1],["0029600961",198,3,11,40,"Missed Shot","Jump Shot","2PT Field Goal","Mid-Range","Right Side(R)","16-24 ft.",17,175,15,1,0],["0029600961",211,3,9,23,"Made Shot","Layup Shot","2PT Field Goal","Restricted Area","Center(C)","Less Than 8 ft.",0,0,0,1,1],["0029600961",231,3,6,55,"Made Shot","Driving Layup Shot","2PT Field Goal","Restricted Area","Center(C)","Less Than 8 ft.",0,0,0,1,1],["0029600961",321,4,9,48,"Missed Shot","Hook Shot","2PT Field Goal","In The Paint (Non-RA)","Center(C)","Less Than 8 ft.",6,-1,60,1,0],["0029600997",117,2,9,31,"Made Shot","Driving Dunk Shot","2PT Field Goal","Restricted Area","Center(C)","Less Than 8 ft.",0,0,0,1,1],["0029600997",315,4,9,42,"Missed Shot","Layup Shot","2PT Field Goal","Restricted Area","Center(C)","Less Than 8 ft.",0,0,0,1,0],["0029601012",67,1,3,23,"Made Shot","Dunk Shot","2PT Field Goal","Restricted Area","Center(C)","Less Than 8 ft.",0,0,0,1,1],["0029601012",77,1,2,7,"Missed Shot","Jump Shot","2PT Field Goal","Mid-Range","Left Side(L)","8-16 ft.",14,-142,43,1,0],["0029601012",103,2,11,38,"Made Shot","Hook Shot","2PT Field Goal","Restricted Area","Center(C)","Less Than 8 ft.",2,23,13,1,1],["0029601012",184,2,2,41,"Missed Shot","Jump Shot","2PT Field Goal","Restricted Area","Center(C)","Less Than 8 ft.",3,-12,34,1,0],["0029601012",452,4,0,19,"Missed Shot","Jump Shot","2PT Field Goal","Mid-Range","Left Side(L)","16-24 ft.",20,-205,-3,1,0],["0029601018",375,4,7,17,"Missed Shot","Dunk Shot","2PT Field Goal","Restricted Area","Center(C)","Less Than 8 ft.",0,0,0,1,0],["0029601032",88,1,0,14,"Missed Shot","Jump Shot","2PT Field Goal","Mid-Range","Left Side Center(LC)","16-24 ft.",18,-142,112,1,0],["0029601032",96,2,11,31,"Made Shot","Layup Shot","2PT Field Goal","Restricted Area","Center(C)","Less Than 8 ft.",0,0,0,1,1],["0029601032",111,2,9,56,"Made Shot","Jump Shot","2PT Field Goal","Mid-Range","Left Side(L)","16-24 ft.",19,-190,0,1,1],["0029601032",128,2,8,1,"Made Shot","Jump Shot","2PT Field Goal","Mid-Range","Right Side(R)","16-24 ft.",16,159,21,1,1],["0029601032",323,4,8,57,"Missed Shot","Jump Shot","2PT Field Goal","Mid-Range","Right Side(R)","8-16 ft.",12,120,47,1,0],["0029601032",342,4,7,20,"Missed Shot","Layup Shot","2PT Field Goal","Restricted Area","Center(C)","Less Than 8 ft.",0,0,0,1,0],["0029601040",98,2,7,46,"Made Shot","Jump Shot","2PT Field Goal","Mid-Range","Left Side(L)","16-24 ft.",16,-168,-3,1,1],["0029601040",110,2,6,43,"Missed Shot","Driving Layup Shot","2PT Field Goal","Restricted Area","Center(C)","Less Than 8 ft.",0,0,0,1,0],["0029601040",161,2,0,55,"Missed Shot","Jump Shot","2PT Field Goal","Mid-Range","Left Side(L)","8-16 ft.",15,-114,112,1,0],["0029601040",249,3,2,42,"Missed Shot","Layup Shot","2PT Field Goal","Restricted Area","Center(C)","Less Than 8 ft.",0,0,0,1,0],["0029601040",251,3,2,36,"Missed Shot","Jump Shot","3PT Field Goal","Left Corner 3","Left Side(L)","24+ ft.",22,-229,2,1,0],["0029601040",290,4,11,23,"Missed Shot","Layup Shot","2PT Field Goal","Restricted Area","Center(C)","Less Than 8 ft.",0,0,0,1,0],["0029601040",319,4,8,8,"Missed Shot","Jump Shot","2PT Field Goal","Mid-Range","Right Side(R)","16-24 ft.",18,177,34,1,0],["0029601048",126,2,8,0,"Missed Shot","Layup Shot","2PT Field Goal","Restricted Area","Center(C)","Less Than 8 ft.",0,0,0,1,0],["0029601048",297,3,0,34,"Missed Shot","Layup Shot","2PT Field Goal","Restricted Area","Center(C)","Less Than 8 ft.",0,0,0,1,0],["0029601066",78,1,1,0,"Made Shot","Jump Shot","2PT Field Goal","In The Paint (Non-RA)","Right Side(R)","8-16 ft.",8,68,47,1,1],["0029601066",142,2,6,14,"Made Shot","Layup Shot","2PT Field Goal","Restricted Area","Center(C)","Less Than 8 ft.",0,0,0,1,1],["0029601066",271,3,2,24,"Missed Shot","Layup Shot","2PT Field Goal","Restricted Area","Center(C)","Less Than 8 ft.",0,0,0,1,0],["0029601087",171,2,3,0,"Missed Shot","Hook Shot","2PT Field Goal","In The Paint (Non-RA)","Center(C)","Less Than 8 ft.",4,-38,28,1,0],["0029601087",327,4,10,31,"Missed Shot","Tip Shot","2PT Field Goal","Restricted Area","Center(C)","Less Than 8 ft.",0,0,0,1,0],["0029601087",336,4,9,52,"Made Shot","Layup Shot","2PT Field Goal","Restricted Area","Center(C)","Less Than 8 ft.",0,0,0,1,1],["0029601091",112,2,8,48,"Missed Shot","Jump Shot","2PT Field Goal","Mid-Range","Left Side(L)","16-24 ft.",20,-200,-46,1,0],["0029601091",135,2,6,2,"Missed Shot","Layup Shot","2PT Field Goal","Restricted Area","Center(C)","Less Than 8 ft.",0,0,0,1,0],["0029601091",142,2,5,4,"Missed Shot","Layup Shot","2PT Field Goal","Restricted Area","Center(C)","Less Than 8 ft.",0,0,0,1,0],["0029601091",147,2,4,34,"Missed Shot","Layup Shot","2PT Field Goal","Restricted Area","Center(C)","Less Than 8 ft.",0,0,0,1,0],["0029601115",74,1,3,35,"Missed Shot","Layup Shot","2PT Field Goal","Restricted Area","Center(C)","Less Than 8 ft.",0,0,0,1,0],["0029601115",219,3,8,58,"Missed Shot","Layup Shot","2PT Field Goal","Restricted Area","Center(C)","Less Than 8 ft.",0,0,0,1,0],["0029601115",325,4,9,58,"Missed Shot","Layup Shot","2PT Field Goal","Restricted Area","Center(C)","Less Than 8 ft.",0,0,0,1,0],["0029601127",62,1,5,58,"Made Shot","Jump Shot","2PT Field Goal","Mid-Range","Right Side(R)","16-24 ft.",17,146,101,1,1],["0029601127",99,1,1,15,"Made Shot","Driving Layup Shot","2PT Field Goal","Restricted Area","Center(C)","Less Than 8 ft.",0,0,0,1,1],["0029601127",106,1,0,7,"Made Shot","Slam Dunk Shot","2PT Field Goal","Restricted Area","Center(C)","Less Than 8 ft.",0,0,0,1,1],["0029601127",152,2,8,40,"Made Shot","Jump Shot","2PT Field Goal","Mid-Range","Right Side(R)","16-24 ft.",16,159,26,1,1],["0029601127",331,3,0,57,"Made Shot","Layup Shot","2PT Field Goal","Restricted Area","Center(C)","Less Than 8 ft.",0,0,0,1,1],["0029601127",367,4,10,5,"Missed Shot","Layup Shot","2PT Field Goal","Restricted Area","Center(C)","Less Than 8 ft.",0,0,0,1,0],["0029601127",368,4,10,3,"Missed Shot","Layup Shot","2PT Field Goal","Restricted Area","Center(C)","Less Than 8 ft.",0,0,0,1,0]]}},"GameList":{"29600955":[226,"0029600955","03/19/1997","CLE","Cavaliers","CHH","Hornets",0,1,0,1,0,0,2,1,1,0,4],"29600213":[226,"0029600213","11/30/1996","CLE","Cavaliers","ORL","Magic",1,4,2,2,0,0,0,1,0,0,3],"29600607":[226,"0029600607","01/28/1997","CLE","Cavaliers","NJN","Nets",0,0,0,0,0,0,0,0,0,0,0],"29600910":[226,"0029600910","03/13/1997","CLE","Cavaliers","GSW","Warriors",1,2,1,1,0,0,1,0,0,0,3],"29600527":[226,"0029600527","01/16/1997","CLE","Cavaliers","DEN","Nuggets",0,10,4,9,0,1,2,0,3,1,2],"29600641":[226,"0029600641","02/01/1997","CLE","Cavaliers","MIA","Heat",2,0,0,0,0,0,0,0,0,0,0],"29600171":[226,"0029600171","11/24/1996","CLE","Cavaliers","SAC","Kings",0,0,0,1,0,0,1,0,0,0,2],"29600313":[226,"0029600313","12/14/1996","CLE","Cavaliers","MIN","Timberwolves",0,0,0,0,0,0,1,0,0,0,1],"29600267":[226,"0029600267","12/08/1996","CLE","Cavaliers","LAC","Clippers",0,6,3,5,0,0,3,2,1,1,8],"29600352":[226,"0029600352","12/20/1996","CLE","Cavaliers","TOR","Raptors",2,4,2,6,0,0,3,0,1,0,2],"29600070":[226,"0029600070","11/10/1996","CLE","Cavaliers","DEN","Nuggets",1,6,2,4,0,0,2,2,0,1,2],"29600289":[226,"0029600289","12/11/1996","CLE","Cavaliers","WAS","Bullets",0,2,1,3,0,0,1,0,0,0,0],"29600403":[226,"0029600403","12/28/1996","CLE","Cavaliers","CHI","Bulls",0,3,1,2,0,0,1,0,0,1,0],"29600373":[226,"0029600373","12/23/1996","CLE","Cavaliers","ORL","Magic",0,0,0,0,0,0,1,2,1,0,2],"29600549":[226,"0029600549","01/19/1997","CLE","Cavaliers","LAC","Clippers",0,2,1,1,0,0,1,1,1,1,2],"29601048":[226,"0029601048","04/02/1997","CLE","Cavaliers","BOS","Celtics",2,0,0,2,0,0,1,1,0,0,2],"29600132":[226,"0029600132","11/19/1996","CLE","Cavaliers","ATL","Hawks",2,0,0,3,0,0,1,1,0,0,2],"29600034":[226,"0029600034","11/05/1996","CLE","Cavaliers","SAS","Spurs",0,3,1,2,0,0,1,0,0,0,1],"29600444":[226,"0029600444","01/04/1997","CLE","Cavaliers","IND","Pacers",2,0,0,1,0,0,2,1,0,0,1],"29600227":[226,"0029600227","12/03/1996","CLE","Cavaliers","TOR","Raptors",2,6,2,5,0,1,4,3,1,0,2],"29600789":[226,"0029600789","02/25/1997","CLE","Cavaliers","SEA","SuperSonics",0,0,0,0,0,0,2,0,0,0,0],"29601127":[226,"0029601127","04/12/1997","CLE","Cavaliers","PHI","76ers",0,12,5,7,0,0,2,0,1,3,8],"29600782":[226,"0029600782","02/23/1997","CLE","Cavaliers","VAN","Grizzlies",0,4,1,1,0,0,1,1,0,0,1],"29600464":[226,"0029600464","01/07/1997","CLE","Cavaliers","IND","Pacers",0,0,0,1,0,0,1,0,0,0,0],"29601066":[226,"0029601066","04/04/1997","CLE","Cavaliers","CHI","Bulls",2,4,2,3,0,0,2,1,0,1,2],"29600082":[226,"0029600082","11/12/1996","CLE","Cavaliers","ATL","Hawks",1,3,1,1,0,0,1,2,0,0,1],"29601169":[226,"0029601169","04/18/1997","CLE","Cavaliers","DET","Pistons",1,0,0,0,0,0,1,0,0,0,2],"29600979":[226,"0029600979","03/22/1997","CLE","Cavaliers","DAL","Mavericks",0,0,0,0,0,0,0,0,0,0,0],"29600058":[226,"0029600058","11/08/1996","CLE","Cavaliers","VAN","Grizzlies",0,3,1,3,0,0,5,0,2,0,1],"29600961":[226,"0029600961","03/20/1997","CLE","Cavaliers","LAL","Lakers",1,6,3,5,0,0,3,2,0,1,3],"29600092":[226,"0029600092","11/13/1996","CLE","Cavaliers","POR","Trail Blazers",0,0,0,0,0,0,1,1,0,0,0],"29600492":[226,"0029600492","01/11/1997","CLE","Cavaliers","WAS","Bullets",4,2,1,2,0,0,3,1,0,0,4],"29600940":[226,"0029600940","03/17/1997","CLE","Cavaliers","DET","Pistons",0,0,0,1,0,0,3,1,0,0,1],"29601087":[226,"0029601087","04/07/1997","CLE","Cavaliers","CHH","Hornets",0,2,1,3,0,0,5,0,0,2,3],"29600821":[226,"0029600821","03/01/1997","CLE","Cavaliers","BOS","Celtics",0,2,1,1,0,0,0,1,1,0,5],"29600593":[226,"0029600593","01/25/1997","CLE","Cavaliers","CHH","Hornets",0,0,0,0,0,0,1,0,0,1,0],"29600921":[226,"0029600921","03/14/1997","CLE","Cavaliers","POR","Trail Blazers",2,2,0,4,0,0,4,0,0,2,2],"29600119":[226,"0029600119","11/16/1996","CLE","Cavaliers","DET","Pistons",0,2,1,2,0,0,2,0,0,0,1],"29600428":[226,"0029600428","01/02/1997","CLE","Cavaliers","PHX","Suns",2,8,4,7,0,1,2,0,2,1,3],"29600278":[226,"0029600278","12/10/1996","CLE","Cavaliers","MIA","Heat",1,0,0,0,0,0,2,0,0,0,0],"29601032":[226,"0029601032","03/30/1997","CLE","Cavaliers","DAL","Mavericks",1,6,3,6,0,0,3,0,2,0,4],"29601091":[226,"0029601091","04/08/1997","CLE","Cavaliers","NYK","Knicks",1,0,0,4,0,0,0,0,0,0,1],"29600537":[226,"0029600537","01/17/1997","CLE","Cavaliers","SEA","SuperSonics",0,2,1,1,0,0,1,0,1,0,1],"29600002":[226,"0029600002","11/01/1996","CLE","Cavaliers","NJN","Nets",0,0,0,2,0,1,1,0,1,2,0],"29600416":[226,"0029600416","12/30/1996","CLE","Cavaliers","MIN","Timberwolves",1,5,2,3,0,0,1,0,1,0,3],"29600191":[226,"0029600191","11/27/1996","CLE","Cavaliers","MIL","Bucks",2,4,2,4,0,0,2,1,2,2,2],"29600335":[226,"0029600335","12/18/1996","CLE","Cavaliers","NJN","Nets",0,9,4,5,0,0,4,0,0,1,3],"29601140":[226,"0029601140","04/14/1997","CLE","Cavaliers","CHH","Hornets",2,0,0,0,0,0,1,0,0,1,1],"29600250":[226,"0029600250","12/06/1996","CLE","Cavaliers","DET","Pistons",1,14,7,10,0,0,1,0,0,1,3],"29600577":[226,"0029600577","01/23/1997","CLE","Cavaliers","CHI","Bulls",0,0,0,0,0,0,1,0,0,0,0],"29600106":[226,"0029600106","11/15/1996","CLE","Cavaliers","PHI","76ers",1,3,0,1,0,0,3,1,1,0,2],"29600303":[226,"0029600303","12/13/1996","CLE","Cavaliers","GSW","Warriors",3,7,2,6,0,0,1,0,0,4,3],"29600471":[226,"0029600471","01/08/1997","CLE","Cavaliers","HOU","Rockets",0,0,0,0,0,0,1,0,0,0,0],"29600235":[226,"0029600235","12/04/1996","CLE","Cavaliers","ORL","Magic",2,2,0,1,0,0,4,1,1,4,4],"29600557":[226,"0029600557","01/20/1997","CLE","Cavaliers","UTA","Jazz",2,2,1,5,0,1,4,0,1,0,4],"29601040":[226,"0029601040","04/01/1997","CLE","Cavaliers","NYK","Knicks",1,6,1,7,0,1,3,1,0,1,3],"29601115":[226,"0029601115","04/11/1997","CLE","Cavaliers","BOS","Celtics",0,0,0,3,0,0,0,0,0,0,2],"29601012":[226,"0029601012","03/27/1997","CLE","Cavaliers","HOU","Rockets",0,6,2,5,0,0,2,0,3,0,2],"29600997":[226,"0029600997","03/25/1997","CLE","Cavaliers","SAS","Spurs",1,2,1,2,0,0,3,0,0,0,4],"29600367":[226,"0029600367","12/22/1996","CLE","Cavaliers","UTA","Jazz",1,0,0,3,0,0,2,1,0,1,1],"29600824":[226,"0029600824","03/02/1997","CLE","Cavaliers","NYK","Knicks",0,0,0,1,0,0,1,0,0,0,0],"29601018":[226,"0029601018","03/28/1997","CLE","Cavaliers","MIA","Heat",0,2,0,1,0,0,0,0,3,0,4],"29600397":[226,"0029600397","12/27/1996","CLE","Cavaliers","MIL","Bucks",1,2,1,3,0,0,2,0,2,0,3],"29600147":[226,"0029600147","11/21/1996","CLE","Cavaliers","TOR","Raptors",1,0,0,0,0,0,1,0,0,0,1]},"data":[25.0,64,1,13.2,1.1,2.5,0.42,0.0,0.1,0.0,0.5,0.8,0.729,0.8,1.2,2.0,0.5,0.5,0.5,0.8,1.7,2.7],"rank":{"PerGame":[null,null,null,null,null,null,null,null,null,null,null,null,null,null,null,null,null,null,null],"Totals":[263,296,290,null,303,276,null,284,287,null,196,277,247,286,215,116,245,301,293]},"team":"CLE"},"1999":{"shotchart":{"Averages":{"header":["SHOT_ZONE_BASIC","SHOT_ZONE_AREA","SHOT_ZONE_RANGE","FGA","FGM","FG_PCT"],"row":[["Above the Break 3","Back Court(BC)","Back Court Shot",125,6,0.048],["Above the Break 3","Center(C)","24+ ft.",5382,1784,0.331],["Above the Break 3","Left Side Center(LC)","24+ ft.",9320,3273,0.351],["Above the Break 3","Right Side Center(RC)","24+ ft.",9595,3380,0.352],["Backcourt","Back Court(BC)","Back Court Shot",244,7,0.029],["In The Paint (Non-RA)","Center(C)","8-16 ft.",5074,2063,0.407],["In The Paint (Non-RA)","Center(C)","Less Than 8 ft.",20928,7588,0.363],["In The Paint (Non-RA)","Left Side(L)","8-16 ft.",1818,709,0.39],["In The Paint (Non-RA)","Right Side(R)","8-16 ft.",1839,700,0.381],["Left Corner 3","Left Side(L)","24+ ft.",3897,1509,0.387],["Mid-Range","Center(C)","16-24 ft.",6057,2561,0.423],["Mid-Range","Center(C)","8-16 ft.",2126,863,0.406],["Mid-Range","Left Side Center(LC)","16-24 ft.",8559,3511,0.41],["Mid-Range","Left Side(L)","16-24 ft.",10432,4260,0.408],["Mid-Range","Left Side(L)","8-16 ft.",15902,5949,0.374],["Mid-Range","Right Side Center(RC)","16-24 ft.",8614,3574,0.415],["Mid-Range","Right Side(R)","16-24 ft.",9445,3675,0.389],["Mid-Range","Right Side(R)","8-16 ft.",13513,5085,0.376],["Restricted Area","Center(C)","Less Than 8 ft.",58423,35587,0.609],["Right Corner 3","Right Side(R)","24+ ft.",3925,1506,0.384]]},"Details":{"header":["GAME_ID","GAME_EVENT_ID","PERIOD","MINUTES_REMAINING","SECONDS_REMAINING","EVENT_TYPE","ACTION_TYPE","SHOT_TYPE","SHOT_ZONE_BASIC","SHOT_ZONE_AREA","SHOT_ZONE_RANGE","SHOT_DISTANCE","LOC_X","LOC_Y","SHOT_ATTEMPTED_FLAG","SHOT_MADE_FLAG"],"row":[["0029900532",218,2,2,49,"Missed Shot","Jump Shot","2PT Field Goal","Mid-Range","Left Side(L)","16-24 ft.",16,-160,-8,1,0],["0029900532",243,2,1,0,"Missed Shot","Jump Shot","2PT Field Goal","In The Paint (Non-RA)","Center(C)","Less Than 8 ft.",5,-48,18,1,0],["0029900532",515,4,0,32,"Missed Shot","Driving Layup Shot","2PT Field Goal","Restricted Area","Center(C)","Less Than 8 ft.",0,0,0,1,0],["0029900617",431,4,1,32,"Missed Shot","Layup Shot","2PT Field Goal","Restricted Area","Center(C)","Less Than 8 ft.",0,0,0,1,0],["0029900650",488,4,2,57,"Missed Shot","Jump Shot","2PT Field Goal","In The Paint (Non-RA)","Center(C)","Less Than 8 ft.",5,16,53,1,0],["0029901054",431,4,2,24,"Made Shot","Layup Shot","2PT Field Goal","Restricted Area","Center(C)","Less Than 8 ft.",0,0,0,1,1]]}},"GameList":{"29901069":[226,"0029901069","04/05/2000","PHI","76ers","ATL","Hawks",0,0,0,0,0,0,1,0,0,0,0],"29900521":[226,"0029900521","01/15/2000","TOR","Raptors","MIL","Bucks",2,2,0,0,0,0,2,0,3,1,3],"29900532":[226,"0029900532","01/17/2000","TOR","Raptors","CHH","Hornets",0,0,0,3,0,0,3,0,0,0,1],"29901001":[226,"0029901001","03/26/2000","PHI","76ers","IND","Pacers",0,0,0,0,0,0,0,0,0,1,0],"29900617":[226,"0029900617","01/29/2000","TOR","Raptors","CHI","Bulls",0,1,0,1,0,0,0,0,0,0,1],"29901054":[226,"0029901054","04/02/2000","PHI","76ers","SAC","Kings",0,3,1,1,0,0,0,0,0,0,0],"29900574":[226,"0029900574","01/23/2000","TOR","Raptors","SEA","SuperSonics",0,0,0,0,0,0,0,0,0,0,0],"29900650":[226,"0029900650","02/03/2000","TOR","Raptors","SAS","Spurs",0,0,0,1,0,0,1,0,0,0,0],"29900608":[226,"0029900608","01/28/2000","TOR","Raptors","MIA","Heat",0,0,0,0,0,0,1,0,0,0,0],"29900595":[226,"0029900595","01/26/2000","TOR","Raptors","WAS","Wizards",0,0,0,0,0,0,0,1,1,0,0]},"data":[28.0,7,0,4.6,0.0,0.7,0.0,0.0,0.0,0.0,0.4,0.6,0.75,0.0,0.7,0.7,0.1,0.6,0.1,0.3,1.0,0.4],"rank":{"PerGame":[null,null,null,null,null,null,null,null,null,null,null,null,null,null,null,null,null,null,null],"Totals":[417,429,426,null,281,355,null,396,403,null,423,414,418,410,376,369,418,424,415]},"team":"TOT"},"1998":{"shotchart":{"Averages":{"header":["SHOT_ZONE_BASIC","SHOT_ZONE_AREA","SHOT_ZONE_RANGE","FGA","FGM","FG_PCT"],"row":[["Above the Break 3","Back Court(BC)","Back Court Shot",75,2,0.027],["Above the Break 3","Center(C)","24+ ft.",3050,962,0.315],["Above the Break 3","Left Side Center(LC)","24+ ft.",5658,1877,0.332],["Above the Break 3","Right Side Center(RC)","24+ ft.",5982,2051,0.343],["Backcourt","Back Court(BC)","Back Court Shot",144,4,0.028],["In The Paint (Non-RA)","Center(C)","8-16 ft.",2904,1157,0.398],["In The Paint (Non-RA)","Center(C)","Less Than 8 ft.",12080,4295,0.356],["In The Paint (Non-RA)","Left Side(L)","8-16 ft.",1130,400,0.354],["In The Paint (Non-RA)","Right Side(R)","8-16 ft.",1094,385,0.352],["Left Corner 3","Left Side(L)","24+ ft.",2119,812,0.383],["Mid-Range","Center(C)","16-24 ft.",3601,1425,0.396],["Mid-Range","Center(C)","8-16 ft.",1269,570,0.449],["Mid-Range","Left Side Center(LC)","16-24 ft.",4680,1830,0.391],["Mid-Range","Left Side(L)","16-24 ft.",5864,2295,0.391],["Mid-Range","Left Side(L)","8-16 ft.",9034,3276,0.363],["Mid-Range","Right Side Center(RC)","16-24 ft.",4827,1907,0.395],["Mid-Range","Right Side(R)","16-24 ft.",5416,2112,0.39],["Mid-Range","Right Side(R)","8-16 ft.",7334,2564,0.35],["Restricted Area","Center(C)","Less Than 8 ft.",35102,20893,0.595],["Right Corner 3","Right Side(R)","24+ ft.",2011,731,0.364]]},"Details":{"header":["GAME_ID","GAME_EVENT_ID","PERIOD","MINUTES_REMAINING","SECONDS_REMAINING","EVENT_TYPE","ACTION_TYPE","SHOT_TYPE","SHOT_ZONE_BASIC","SHOT_ZONE_AREA","SHOT_ZONE_RANGE","SHOT_DISTANCE","LOC_X","LOC_Y","SHOT_ATTEMPTED_FLAG","SHOT_MADE_FLAG"],"row":[["0029800083",112,2,11,38,"Made Shot","Slam Dunk Shot","2PT Field Goal","Restricted Area","Center(C)","Less Than 8 ft.",0,-1,3,1,1],["0029800188",378,4,8,31,"Missed Shot","Layup Shot","2PT Field Goal","Restricted Area","Center(C)","Less Than 8 ft.",0,0,0,1,0],["0029800197",254,2,0,16,"Made Shot","Slam Dunk Shot","2PT Field Goal","Restricted Area","Center(C)","Less Than 8 ft.",1,1,-10,1,1],["0029800215",302,3,0,59,"Made Shot","Layup Shot","2PT Field Goal","Restricted Area","Center(C)","Less Than 8 ft.",0,8,1,1,1],["0029800215",330,4,10,47,"Made Shot","Driving Layup Shot","2PT Field Goal","Restricted Area","Center(C)","Less Than 8 ft.",0,8,-3,1,1],["0029800230",164,2,6,58,"Missed Shot","Jump Shot","2PT Field Goal","Restricted Area","Center(C)","Less Than 8 ft.",3,-31,5,1,0]]}},"GameList":{"29800215":[226,"0029800215","03/04/1999","CLE","Cavaliers","DET","Pistons",2,4,2,2,0,0,5,0,1,0,6],"29800156":[226,"0029800156","02/25/1999","CLE","Cavaliers","IND","Pacers",0,2,0,0,0,0,1,0,0,0,3],"29800230":[226,"0029800230","03/06/1999","CLE","Cavaliers","GSW","Warriors",0,0,0,1,0,0,1,0,0,0,0],"29800150":[226,"0029800150","02/24/1999","CLE","Cavaliers","DET","Pistons",1,0,0,0,0,0,1,0,1,1,0],"29800188":[226,"0029800188","03/01/1999","CLE","Cavaliers","NYK","Knicks",0,0,0,1,0,0,0,0,0,0,2],"29800254":[226,"0029800254","03/09/1999","CLE","Cavaliers","UTA","Jazz",0,2,0,0,0,0,0,0,0,0,1],"29800118":[226,"0029800118","02/20/1999","CLE","Cavaliers","NJN","Nets",0,0,0,0,0,0,2,0,0,0,1],"29800083":[226,"0029800083","02/16/1999","CLE","Cavaliers","ORL","Magic",1,2,1,1,0,0,2,0,0,0,2],"29800103":[226,"0029800103","02/18/1999","CLE","Cavaliers","NYK","Knicks",0,1,0,0,0,0,1,1,0,0,1],"29800197":[226,"0029800197","03/02/1999","CLE","Cavaliers","BOS","Celtics",0,2,1,1,0,0,0,0,0,0,0]},"data":[27.0,10,0,6.5,0.4,0.6,0.667,0.0,0.0,0.0,0.5,0.9,0.556,0.6,1.0,1.6,0.1,0.2,0.1,0.4,1.3,1.3],"rank":{"PerGame":[null,null,null,null,null,null,null,null,null,null,null,null,null,null,null,null,null,null,null],"Totals":[379,390,410,null,255,339,null,362,361,null,348,368,364,385,370,339,382,384,367]},"team":"CLE"}},"headerData":["PLAYER_AGE","GP","GS","MIN","FGM","FGA","FG_PCT","FG3M","FG3A","FG3_PCT","FTM","FTA","FT_PCT","OREB","DREB","REB","AST","STL","BLK","TOV","PF","PTS"],"PostSeason":{"1995":{"GameList":{"49500003":[226,"0049500003","04/25/1996","CLE","Cavaliers","NYK","Knicks",0,0,0,0,0,0,0,0,0,0,0]},"data":[24.0,1,0,2.0,0.0,0.0,0.0,0.0,0.0,0.0,0.0,0.0,0.0,0.0,0.0,0.0,0.0,0.0,0.0,0.0,0.0,0.0],"rank":{"PerGame":[null,null,null,null,null,null,null,null,null,null,null,null,null,null,null,null,null,null,null],"Totals":[182,167,181,null,100,121,null,153,159,null,157,171,176,160,146,112,166,172,171]},"team":"CLE"}}}}