{"info":{"FIRST_NAME":"Antonio","LAST_NAME":"Anderson","WEIGHT":"","COUNTRY":"USA","SCHOOL":"Memphis","BIRTHDATE":"1985-06-05T00:00:00","HEIGHT":"","TO_YEAR":2009,"DLEAGUE":"Y","FROM_YEAR":2009,"TEAM":"","PERSON_ID":202079,"SEASON_EXP":1,"POSITION":"","ROSTERSTATUS":"Inactive","ALL_STAR":0,"PIE":0,"JERSEY":""},"career":{"header":["MIN","FGM","FGA","FG_PCT","FG3M","FG3A","FG3_PCT","FTM","FTA","FT_PCT","OREB","DREB","REB","AST","STL","BLK","TOV","PF","PTS"],"RegularSeason":{"PerGame":[15.0,1.0,3.0,0.333,0.0,0.0,0.0,0.0,0.0,0.0,1.0,0.0,1.0,0.0,0.0,0.0,1.0,1.0,2.0],"GS":0,"GP":1},"PostSeason":{}},"season":{"headerRank":["RANK_PG_MIN","RANK_PG_FGM","RANK_PG_FGA","RANK_FG_PCT","RANK_PG_FG3M","RANK_PG_FG3A","RANK_FG3_PCT","RANK_PG_FTM","RANK_PG_FTA","RANK_FT_PCT","RANK_PG_OREB","RANK_PG_DREB","RANK_PG_REB","RANK_PG_AST","RANK_PG_STL","RANK_PG_BLK","RANK_PG_TOV","RANK_PG_PTS","RANK_PG_EFF"],"headerGame":["PLAYER_ID","GAME_ID","GAME_DATE","TEAM_ABBREVIATION","TEAM_NAME","VS_TEAM_ABBREVIATION","VS_TEAM_NAME","TOV","PTS","FGM","FGA","FG3M","FG3A","PF","BLK","STL","AST","REB"],"RegularSeason":{"2009":{"shotchart":{"Averages":{"header":["SHOT_ZONE_BASIC","SHOT_ZONE_AREA","SHOT_ZONE_RANGE","FGA","FGM","FG_PCT"],"row":[["Above the Break 3","Back Court(BC)","Back Court Shot",91,1,0.011],["Above the Break 3","Center(C)","24+ ft.",7037,2377,0.338],["Above the Break 3","Left Side Center(LC)","24+ ft.",12433,4262,0.343],["Above the Break 3","Right Side Center(RC)","24+ ft.",12677,4505,0.355],["Backcourt","Back Court(BC)","Back Court Shot",475,17,0.036],["In The Paint (Non-RA)","Center(C)","8-16 ft.",6149,2509,0.408],["In The Paint (Non-RA)","Center(C)","Less Than 8 ft.",15889,6864,0.432],["In The Paint (Non-RA)","Left Side(L)","8-16 ft.",2090,848,0.406],["In The Paint (Non-RA)","Right Side(R)","8-16 ft.",2298,959,0.417],["Left Corner 3","Left Side(L)","24+ ft.",6263,2452,0.392],["Mid-Range","Center(C)","16-24 ft.",7729,3104,0.402],["Mid-Range","Center(C)","8-16 ft.",1727,734,0.425],["Mid-Range","Left Side Center(LC)","16-24 ft.",9400,3651,0.388],["Mid-Range","Left Side(L)","16-24 ft.",8682,3595,0.414],["Mid-Range","Left Side(L)","8-16 ft.",8944,3457,0.387],["Mid-Range","Right Side Center(RC)","16-24 ft.",10166,4007,0.394],["Mid-Range","Right Side(R)","16-24 ft.",7762,3234,0.417],["Mid-Range","Right Side(R)","8-16 ft.",8759,3495,0.399],["Restricted Area","Center(C)","Less Than 8 ft.",66762,40450,0.606],["Right Corner 3","Right Side(R)","24+ ft.",5633,2199,0.39]]},"Details":{"header":["GAME_ID","GAME_EVENT_ID","PERIOD","MINUTES_REMAINING","SECONDS_REMAINING","EVENT_TYPE","ACTION_TYPE","SHOT_TYPE","SHOT_ZONE_BASIC","SHOT_ZONE_AREA","SHOT_ZONE_RANGE","SHOT_DISTANCE","LOC_X","LOC_Y","SHOT_ATTEMPTED_FLAG","SHOT_MADE_FLAG"],"row":[["0020900908",439,4,10,59,"Made Shot","Jump Shot","2PT Field Goal","Mid-Range","Left Side(L)","8-16 ft.",15,-152,12,1,1],["0020900908",466,4,8,30,"Missed Shot","Jump Shot","2PT Field Goal","Mid-Range","Left Side(L)","16-24 ft.",20,-207,14,1,0],["0020900908",542,4,2,0,"Missed Shot","Jump Shot","2PT Field Goal","Mid-Range","Left Side Center(LC)","16-24 ft.",19,-96,173,1,0]]}},"GameList":{"20900908":[202079,"0020900908","03/03/2010","OKC","Thunder","DEN","Nuggets",1,2,1,3,0,0,1,0,0,0,1]},"data":[25.0,1,0,15.0,1.0,3.0,0.333,0.0,0.0,0.0,0.0,0.0,0.0,1.0,0.0,1.0,0.0,0.0,0.0,1.0,1.0,2.0],"rank":{"PerGame":[null,null,null,null,null,null,null,null,null,null,null,null,null,null,null,null,null,null,null],"Totals":[437,436,437,null,314,380,null,430,434,null,420,440,439,430,428,419,432,438,441]},"team":"OKC"}},"headerData":["PLAYER_AGE","GP","GS","MIN","FGM","FGA","FG_PCT","FG3M","FG3A","FG3_PCT","FTM","FTA","FT_PCT","OREB","DREB","REB","AST","STL","BLK","TOV","PF","PTS"],"PostSeason":{}}}