{"info":{"FIRST_NAME":"Arinze","LAST_NAME":"Onuaku","WEIGHT":"255","COUNTRY":" ","SCHOOL":"Syracuse","BIRTHDATE":"1987-07-13T00:00:00","HEIGHT":"6-9","TO_YEAR":2016,"DLEAGUE":"Y","FROM_YEAR":2013,"TEAM":"ORL","PERSON_ID":202620,"SEASON_EXP":2,"POSITION":"Forward-Center","ROSTERSTATUS":"Active","ALL_STAR":0,"PIE":0.0,"JERSEY":"21"},"career":{"header":["MIN","FGM","FGA","FG_PCT","FG3M","FG3A","FG3_PCT","FTM","FTA","FT_PCT","OREB","DREB","REB","AST","STL","BLK","TOV","PF","PTS"],"RegularSeason":{"PerGame":[8.8,1.1,1.6,0.684,0.0,0.0,0.0,0.3,0.8,0.4,0.8,1.8,2.5,0.6,0.1,0.3,0.3,0.8,2.5],"GS":1,"GP":12},"PostSeason":{}},"season":{"headerRank":["RANK_PG_MIN","RANK_PG_FGM","RANK_PG_FGA","RANK_FG_PCT","RANK_PG_FG3M","RANK_PG_FG3A","RANK_FG3_PCT","RANK_PG_FTM","RANK_PG_FTA","RANK_FT_PCT","RANK_PG_OREB","RANK_PG_DREB","RANK_PG_REB","RANK_PG_AST","RANK_PG_STL","RANK_PG_BLK","RANK_PG_TOV","RANK_PG_PTS","RANK_PG_EFF"],"headerGame":["PLAYER_ID","GAME_ID","GAME_DATE","TEAM_ABBREVIATION","TEAM_NAME","VS_TEAM_ABBREVIATION","VS_TEAM_NAME","TOV","PTS","FGM","FGA","FG3M","FG3A","PF","BLK","STL","AST","REB"],"RegularSeason":{"2014":{"shotchart":{"Averages":{"header":["SHOT_ZONE_BASIC","SHOT_ZONE_AREA","SHOT_ZONE_RANGE","FGA","FGM","FG_PCT"],"row":[["Above the Break 3","Back Court(BC)","Back Court Shot",55,2,0.036],["Above the Break 3","Center(C)","24+ ft.",9724,3289,0.338],["Above the Break 3","Left Side Center(LC)","24+ ft.",15408,5259,0.341],["Above the Break 3","Right Side Center(RC)","24+ ft.",15148,5194,0.343],["Backcourt","Back Court(BC)","Back Court Shot",427,11,0.026],["In The Paint (Non-RA)","Center(C)","8-16 ft.",6599,2771,0.42],["In The Paint (Non-RA)","Center(C)","Less Than 8 ft.",20196,7693,0.381],["In The Paint (Non-RA)","Left Side(L)","8-16 ft.",1706,711,0.417],["In The Paint (Non-RA)","Right Side(R)","8-16 ft.",2016,801,0.397],["Left Corner 3","Left Side(L)","24+ ft.",7374,2801,0.38],["Mid-Range","Center(C)","16-24 ft.",7850,3130,0.399],["Mid-Range","Center(C)","8-16 ft.",1963,847,0.431],["Mid-Range","Left Side Center(LC)","16-24 ft.",8034,3153,0.392],["Mid-Range","Left Side(L)","16-24 ft.",5818,2282,0.392],["Mid-Range","Left Side(L)","8-16 ft.",8257,3239,0.392],["Mid-Range","Right Side Center(RC)","16-24 ft.",8914,3454,0.387],["Mid-Range","Right Side(R)","16-24 ft.",5345,2162,0.404],["Mid-Range","Right Side(R)","8-16 ft.",7595,3007,0.396],["Restricted Area","Center(C)","Less Than 8 ft.",66134,39735,0.601],["Right Corner 3","Right Side(R)","24+ ft.",6987,2738,0.392]]},"Details":{"header":["GAME_ID","GAME_EVENT_ID","PERIOD","MINUTES_REMAINING","SECONDS_REMAINING","EVENT_TYPE","ACTION_TYPE","SHOT_TYPE","SHOT_ZONE_BASIC","SHOT_ZONE_AREA","SHOT_ZONE_RANGE","SHOT_DISTANCE","LOC_X","LOC_Y","SHOT_ATTEMPTED_FLAG","SHOT_MADE_FLAG"],"row":[["0021401158",355,3,1,5,"Made Shot","Jump Hook Shot","2PT Field Goal","Restricted Area","Center(C)","Less Than 8 ft.",3,-23,20,1,1],["0021401158",502,4,1,40,"Made Shot","Jump Hook Shot","2PT Field Goal","In The Paint (Non-RA)","Center(C)","Less Than 8 ft.",6,24,55,1,1],["0021401158",518,4,0,51,"Made Shot","Tip Shot","2PT Field Goal","Restricted Area","Center(C)","Less Than 8 ft.",1,-2,12,1,1],["0021401172",418,4,10,1,"Missed Shot","Hook Shot","2PT Field Goal","In The Paint (Non-RA)","Center(C)","Less Than 8 ft.",6,-34,55,1,0],["0021401208",129,2,9,9,"Made Shot","Jump Hook Shot","2PT Field Goal","In The Paint (Non-RA)","Center(C)","Less Than 8 ft.",6,47,45,1,1],["0021401208",417,4,8,54,"Made Shot","Layup Shot","2PT Field Goal","Restricted Area","Center(C)","Less Than 8 ft.",0,0,9,1,1],["0021401208",442,4,6,13,"Made Shot","Jump Hook Shot","2PT Field Goal","In The Paint (Non-RA)","Center(C)","Less Than 8 ft.",5,-26,50,1,1],["0021401208",507,4,0,56,"Made Shot","Slam Dunk Shot","2PT Field Goal","Restricted Area","Center(C)","Less Than 8 ft.",0,0,1,1,1],["0021401222",128,1,1,52,"Made Shot","Tip Shot","2PT Field Goal","Restricted Area","Center(C)","Less Than 8 ft.",0,0,-6,1,1],["0021401222",324,3,10,36,"Made Shot","Dunk Shot","2PT Field Goal","Restricted Area","Center(C)","Less Than 8 ft.",0,0,1,1,1],["0021401222",514,4,6,57,"Made Shot","Slam Dunk Shot","2PT Field Goal","Restricted Area","Center(C)","Less Than 8 ft.",0,0,1,1,1],["0021401222",527,4,5,33,"Missed Shot","Layup Shot","2PT Field Goal","Restricted Area","Center(C)","Less Than 8 ft.",1,-5,14,1,0],["0021401222",561,4,2,0,"Made Shot","Layup Shot","2PT Field Goal","Restricted Area","Center(C)","Less Than 8 ft.",0,6,-5,1,1],["0021401222",566,4,1,38,"Made Shot","Dunk Shot","2PT Field Goal","Restricted Area","Center(C)","Less Than 8 ft.",0,0,1,1,1]]}},"GameList":{"21401222":[202620,"0021401222","04/15/2015","MIN","Timberwolves","OKC","Thunder",0,12,5,6,0,0,1,0,1,2,6],"21401186":[202620,"0021401186","04/10/2015","MIN","Timberwolves","LAL","Lakers",0,0,0,0,0,0,0,0,0,0,0],"21401208":[202620,"0021401208","04/13/2015","MIN","Timberwolves","NOP","Pelicans",1,9,4,4,0,0,3,2,0,0,8],"21401192":[202620,"0021401192","04/11/2015","MIN","Timberwolves","GSW","Warriors",0,0,0,0,0,0,0,0,0,1,0],"21401158":[202620,"0021401158","04/07/2015","MIN","Timberwolves","SAC","Kings",1,6,3,3,0,0,2,1,0,1,5],"21401172":[202620,"0021401172","04/08/2015","MIN","Timberwolves","POR","Trail Blazers",0,0,0,1,0,0,0,0,0,0,2]},"data":[27.0,6,1,11.3,2.0,2.3,0.857,0.0,0.0,0.0,0.5,1.3,0.375,1.2,2.3,3.5,0.7,0.2,0.5,0.3,1.0,4.5],"rank":{"PerGame":[null,null,null,null,null,null,null,null,null,null,null,null,null,null,null,null,null,null,null],"Totals":[462,441,465,null,381,426,null,444,433,null,404,439,435,447,464,386,469,448,431]},"team":"MIN"},"2016":{"shotchart":{"Averages":{"header":["SHOT_ZONE_BASIC","SHOT_ZONE_AREA","SHOT_ZONE_RANGE","FGA","FGM","FG_PCT"],"row":[["Above the Break 3","Back Court(BC)","Back Court Shot",8,0,0.0],["Above the Break 3","Center(C)","24+ ft.",1230,416,0.338],["Above the Break 3","Left Side Center(LC)","24+ ft.",1711,572,0.334],["Above the Break 3","Right Side Center(RC)","24+ ft.",1571,554,0.353],["Backcourt","Back Court(BC)","Back Court Shot",54,0,0.0],["In The Paint (Non-RA)","Center(C)","8-16 ft.",666,276,0.414],["In The Paint (Non-RA)","Center(C)","Less Than 8 ft.",1821,743,0.408],["In The Paint (Non-RA)","Left Side(L)","8-16 ft.",177,70,0.395],["In The Paint (Non-RA)","Right Side(R)","8-16 ft.",209,69,0.33],["Left Corner 3","Left Side(L)","24+ ft.",730,285,0.39],["Mid-Range","Center(C)","8-16 ft.",196,85,0.434],["Mid-Range","Center(C)","16-24 ft.",640,234,0.366],["Mid-Range","Left Side Center(LC)","16-24 ft.",685,262,0.382],["Mid-Range","Left Side(L)","16-24 ft.",461,195,0.423],["Mid-Range","Left Side(L)","8-16 ft.",705,300,0.426],["Mid-Range","Right Side Center(RC)","16-24 ft.",720,281,0.39],["Mid-Range","Right Side(R)","16-24 ft.",450,183,0.407],["Mid-Range","Right Side(R)","8-16 ft.",669,249,0.372],["Restricted Area","Center(C)","Less Than 8 ft.",6400,3865,0.604],["Right Corner 3","Right Side(R)","24+ ft.",662,222,0.335]]},"Details":{"header":["GAME_ID","GAME_EVENT_ID","PERIOD","MINUTES_REMAINING","SECONDS_REMAINING","EVENT_TYPE","ACTION_TYPE","SHOT_TYPE","SHOT_ZONE_BASIC","SHOT_ZONE_AREA","SHOT_ZONE_RANGE","SHOT_DISTANCE","LOC_X","LOC_Y","SHOT_ATTEMPTED_FLAG","SHOT_MADE_FLAG"],"row":[]}},"GameList":{},"data":[29.0,1,0,6.0,0.0,0.0,0.0,0.0,0.0,0.0,0.0,0.0,0.0,0.0,1.0,1.0,0.0,0.0,0.0,0.0,1.0,0.0],"rank":{"PerGame":[null,null,null,null,null,null,null,null,null,null,null,null,null,null,null,null,null,null,null],"Totals":[397,389,408,null,286,335,null,348,356,null,346,373,379,378,345,284,368,395,386]},"team":"ORL"},"2013":{"shotchart":{"Averages":{"header":["SHOT_ZONE_BASIC","SHOT_ZONE_AREA","SHOT_ZONE_RANGE","FGA","FGM","FG_PCT"],"row":[["Above the Break 3","Back Court(BC)","Back Court Shot",64,4,0.063],["Above the Break 3","Center(C)","24+ ft.",9202,3274,0.356],["Above the Break 3","Left Side Center(LC)","24+ ft.",14858,5288,0.356],["Above the Break 3","Right Side Center(RC)","24+ ft.",14855,5184,0.349],["Backcourt","Back Court(BC)","Back Court Shot",444,16,0.036],["In The Paint (Non-RA)","Center(C)","8-16 ft.",6461,2650,0.41],["In The Paint (Non-RA)","Center(C)","Less Than 8 ft.",20149,7810,0.388],["In The Paint (Non-RA)","Left Side(L)","8-16 ft.",1820,704,0.387],["In The Paint (Non-RA)","Right Side(R)","8-16 ft.",2021,809,0.4],["Left Corner 3","Left Side(L)","24+ ft.",7136,2792,0.391],["Mid-Range","Center(C)","16-24 ft.",7643,2969,0.388],["Mid-Range","Center(C)","8-16 ft.",2021,857,0.424],["Mid-Range","Left Side Center(LC)","16-24 ft.",8385,3326,0.397],["Mid-Range","Left Side(L)","16-24 ft.",5994,2431,0.406],["Mid-Range","Left Side(L)","8-16 ft.",8566,3341,0.39],["Mid-Range","Right Side Center(RC)","16-24 ft.",9057,3563,0.393],["Mid-Range","Right Side(R)","16-24 ft.",5700,2223,0.39],["Mid-Range","Right Side(R)","8-16 ft.",7354,2883,0.392],["Restricted Area","Center(C)","Less Than 8 ft.",66016,40159,0.608],["Right Corner 3","Right Side(R)","24+ ft.",6380,2483,0.389]]},"Details":{"header":["GAME_ID","GAME_EVENT_ID","PERIOD","MINUTES_REMAINING","SECONDS_REMAINING","EVENT_TYPE","ACTION_TYPE","SHOT_TYPE","SHOT_ZONE_BASIC","SHOT_ZONE_AREA","SHOT_ZONE_RANGE","SHOT_DISTANCE","LOC_X","LOC_Y","SHOT_ATTEMPTED_FLAG","SHOT_MADE_FLAG"],"row":[["0021300011",392,3,2,34,"Missed Shot","Layup Shot","2PT Field Goal","Restricted Area","Center(C)","Less Than 8 ft.",2,18,23,1,0],["0021300011",394,3,2,28,"Missed Shot","Tip Shot","2PT Field Goal","Restricted Area","Center(C)","Less Than 8 ft.",2,20,4,1,0],["0021300011",398,3,1,42,"Made Shot","Layup Shot","2PT Field Goal","Restricted Area","Center(C)","Less Than 8 ft.",0,9,1,1,1],["0021300021",222,2,3,26,"Missed Shot","Layup Shot","2PT Field Goal","Restricted Area","Center(C)","Less Than 8 ft.",0,4,-8,1,0],["0021300867",476,4,0,33,"Missed Shot","Jump Shot","2PT Field Goal","Restricted Area","Center(C)","Less Than 8 ft.",3,-23,26,1,0]]}},"GameList":{"21300867":[202620,"0021300867","02/28/2014","CLE","Cavaliers","UTA","Jazz",0,0,0,1,0,0,0,0,0,0,0],"21300081":[202620,"0021300081","11/08/2013","NOP","Pelicans","LAL","Lakers",0,0,0,0,0,0,0,0,0,0,0],"21300011":[202620,"0021300011","10/30/2013","NOP","Pelicans","IND","Pacers",1,2,1,3,0,0,3,0,0,3,5],"21300898":[202620,"0021300898","03/04/2014","CLE","Cavaliers","SAS","Spurs",0,0,0,0,0,0,0,0,0,0,1],"21300021":[202620,"0021300021","11/01/2013","NOP","Pelicans","ORL","Magic",0,1,0,1,0,0,0,0,0,0,2]},"data":[26.0,3,0,8.3,0.3,1.3,0.25,0.0,0.0,0.0,0.3,0.7,0.5,0.7,1.7,2.3,1.0,0.0,0.0,0.3,1.0,1.0],"rank":{"PerGame":[null,null,null,null,null,null,null,null,null,null,null,null,null,null,null,null,null,null,null],"Totals":[460,467,465,null,349,416,null,445,446,null,432,450,448,435,458,436,459,467,458]},"team":"TOT"}},"headerData":["PLAYER_AGE","GP","GS","MIN","FGM","FGA","FG_PCT","FG3M","FG3A","FG3_PCT","FTM","FTA","FT_PCT","OREB","DREB","REB","AST","STL","BLK","TOV","PF","PTS"],"PostSeason":{}}}