{"info":{"FIRST_NAME":"Arnett","LAST_NAME":"Moultrie","WEIGHT":"240","COUNTRY":"USA","SCHOOL":"Mississippi State","BIRTHDATE":"1990-11-18T00:00:00","HEIGHT":"6-10","TO_YEAR":2013,"DLEAGUE":"Y","FROM_YEAR":2012,"TEAM":"PHI","PERSON_ID":203102,"SEASON_EXP":1,"POSITION":"Forward","ROSTERSTATUS":"Active","ALL_STAR":0,"PIE":0,"JERSEY":"5"},"career":{"header":["MIN","FGM","FGA","FG_PCT","FG3M","FG3A","FG3_PCT","FTM","FTA","FT_PCT","OREB","DREB","REB","AST","STL","BLK","TOV","PF","PTS"],"RegularSeason":{"PerGame":[12.4,1.6,2.9,0.547,0.0,0.0,0.0,0.4,0.6,0.667,1.5,1.6,3.1,0.2,0.4,0.2,0.4,1.1,3.6],"GS":2,"GP":59},"PostSeason":{}},"season":{"headerRank":["RANK_PG_MIN","RANK_PG_FGM","RANK_PG_FGA","RANK_FG_PCT","RANK_PG_FG3M","RANK_PG_FG3A","RANK_FG3_PCT","RANK_PG_FTM","RANK_PG_FTA","RANK_FT_PCT","RANK_PG_OREB","RANK_PG_DREB","RANK_PG_REB","RANK_PG_AST","RANK_PG_STL","RANK_PG_BLK","RANK_PG_TOV","RANK_PG_PTS","RANK_PG_EFF"],"headerGame":["PLAYER_ID","GAME_ID","GAME_DATE","TEAM_ABBREVIATION","TEAM_NAME","VS_TEAM_ABBREVIATION","VS_TEAM_NAME","TOV","PTS","FGM","FGA","FG3M","FG3A","PF","BLK","STL","AST","REB"],"RegularSeason":{"2013":{"shotchart":{"Averages":{"header":["SHOT_ZONE_BASIC","SHOT_ZONE_AREA","SHOT_ZONE_RANGE","FGA","FGM","FG_PCT"],"row":[["Above the Break 3","Back Court(BC)","Back Court Shot",64,4,0.063],["Above the Break 3","Center(C)","24+ ft.",9202,3274,0.356],["Above the Break 3","Left Side Center(LC)","24+ ft.",14858,5288,0.356],["Above the Break 3","Right Side Center(RC)","24+ ft.",14855,5184,0.349],["Backcourt","Back Court(BC)","Back Court Shot",444,16,0.036],["In The Paint (Non-RA)","Center(C)","8-16 ft.",6461,2650,0.41],["In The Paint (Non-RA)","Center(C)","Less Than 8 ft.",20149,7810,0.388],["In The Paint (Non-RA)","Left Side(L)","8-16 ft.",1820,704,0.387],["In The Paint (Non-RA)","Right Side(R)","8-16 ft.",2021,809,0.4],["Left Corner 3","Left Side(L)","24+ ft.",7136,2792,0.391],["Mid-Range","Center(C)","16-24 ft.",7643,2969,0.388],["Mid-Range","Center(C)","8-16 ft.",2021,857,0.424],["Mid-Range","Left Side Center(LC)","16-24 ft.",8385,3326,0.397],["Mid-Range","Left Side(L)","16-24 ft.",5994,2431,0.406],["Mid-Range","Left Side(L)","8-16 ft.",8566,3341,0.39],["Mid-Range","Right Side Center(RC)","16-24 ft.",9057,3563,0.393],["Mid-Range","Right Side(R)","16-24 ft.",5700,2223,0.39],["Mid-Range","Right Side(R)","8-16 ft.",7354,2883,0.392],["Restricted Area","Center(C)","Less Than 8 ft.",66016,40159,0.608],["Right Corner 3","Right Side(R)","24+ ft.",6380,2483,0.389]]},"Details":{"header":["GAME_ID","GAME_EVENT_ID","PERIOD","MINUTES_REMAINING","SECONDS_REMAINING","EVENT_TYPE","ACTION_TYPE","SHOT_TYPE","SHOT_ZONE_BASIC","SHOT_ZONE_AREA","SHOT_ZONE_RANGE","SHOT_DISTANCE","LOC_X","LOC_Y","SHOT_ATTEMPTED_FLAG","SHOT_MADE_FLAG"],"row":[["0021300763",427,3,2,12,"Missed Shot","Jump Shot","2PT Field Goal","Mid-Range","Right Side Center(RC)","16-24 ft.",19,129,143,1,0],["0021300763",455,3,0,0,"Missed Shot","Tip Shot","2PT Field Goal","Restricted Area","Center(C)","Less Than 8 ft.",0,1,0,1,0],["0021300763",473,4,10,22,"Missed Shot","Jump Shot","2PT Field Goal","Mid-Range","Right Side Center(RC)","16-24 ft.",17,84,159,1,0],["0021300769",95,1,1,55,"Missed Shot","Jump Hook Shot","2PT Field Goal","In The Paint (Non-RA)","Center(C)","Less Than 8 ft.",6,-35,60,1,0],["0021300769",368,3,2,23,"Made Shot","Pullup Jump shot","2PT Field Goal","Mid-Range","Center(C)","16-24 ft.",18,-15,184,1,1],["0021300769",526,4,2,27,"Missed Shot","Jump Shot","2PT Field Goal","Mid-Range","Right Side(R)","8-16 ft.",15,95,123,1,0],["0021300787",146,2,10,9,"Made Shot","Jump Shot","2PT Field Goal","Mid-Range","Center(C)","16-24 ft.",17,-46,173,1,1],["0021300787",161,2,8,36,"Missed Shot","Jump Shot","2PT Field Goal","Mid-Range","Center(C)","16-24 ft.",17,-54,170,1,0],["0021300787",409,3,0,2,"Missed Shot","Layup Shot","2PT Field Goal","Restricted Area","Center(C)","Less Than 8 ft.",1,0,14,1,0],["0021300793",103,1,1,17,"Missed Shot","Jump Shot","2PT Field Goal","Mid-Range","Right Side Center(RC)","16-24 ft.",17,92,149,1,0],["0021300793",594,4,1,1,"Made Shot","Layup Shot","2PT Field Goal","Restricted Area","Center(C)","Less Than 8 ft.",2,15,-16,1,1],["0021300817",25,1,8,57,"Made Shot","Jump Shot","2PT Field Goal","Mid-Range","Center(C)","16-24 ft.",18,9,186,1,1],["0021300817",159,2,9,56,"Made Shot","Layup Shot","2PT Field Goal","Restricted Area","Center(C)","Less Than 8 ft.",1,-2,12,1,1],["0021300817",322,3,10,32,"Missed Shot","Jump Shot","2PT Field Goal","Mid-Range","Left Side(L)","8-16 ft.",10,-100,22,1,0],["0021300817",342,3,7,38,"Made Shot","Layup Shot","2PT Field Goal","Restricted Area","Center(C)","Less Than 8 ft.",2,13,17,1,1],["0021300817",489,4,7,14,"Missed Shot","Jump Shot","2PT Field Goal","Mid-Range","Left Side(L)","8-16 ft.",14,-123,80,1,0],["0021300841",2,1,11,49,"Made Shot","Dunk Shot","2PT Field Goal","Restricted Area","Center(C)","Less Than 8 ft.",0,-5,4,1,1],["0021300841",5,1,11,13,"Missed Shot","Jump Shot","2PT Field Goal","Mid-Range","Left Side(L)","8-16 ft.",13,-133,-2,1,0],["0021300841",214,2,4,40,"Made Shot","Dunk Shot","2PT Field Goal","Restricted Area","Center(C)","Less Than 8 ft.",0,0,6,1,1],["0021300841",419,3,0,34,"Missed Shot","Tip Shot","2PT Field Goal","Restricted Area","Center(C)","Less Than 8 ft.",1,2,14,1,0],["0021300841",422,3,0,20,"Missed Shot","Layup Shot","2PT Field Goal","Restricted Area","Center(C)","Less Than 8 ft.",1,2,15,1,0],["0021300841",459,4,8,51,"Missed Shot","Tip Shot","2PT Field Goal","Restricted Area","Center(C)","Less Than 8 ft.",0,-7,4,1,0],["0021300853",156,2,11,22,"Missed Shot","Jump Shot","2PT Field Goal","Restricted Area","Center(C)","Less Than 8 ft.",3,-7,31,1,0],["0021300853",372,3,1,56,"Missed Shot","Jump Shot","2PT Field Goal","In The Paint (Non-RA)","Center(C)","Less Than 8 ft.",5,4,55,1,0],["0021300875",128,1,0,7,"Made Shot","Layup Shot","2PT Field Goal","Restricted Area","Center(C)","Less Than 8 ft.",0,-4,9,1,1],["0021300875",390,3,2,30,"Missed Shot","Jump Shot","2PT Field Goal","Mid-Range","Right Side(R)","8-16 ft.",14,133,48,1,0],["0021300901",570,4,4,59,"Missed Shot","Jump Shot","2PT Field Goal","Mid-Range","Right Side(R)","16-24 ft.",19,190,45,1,0],["0021300901",603,4,2,11,"Missed Shot","Jump Shot","2PT Field Goal","Mid-Range","Right Side Center(RC)","16-24 ft.",19,84,172,1,0],["0021300929",140,2,10,11,"Made Shot","Jump Shot","2PT Field Goal","Mid-Range","Right Side Center(RC)","16-24 ft.",18,84,162,1,1],["0021300946",345,3,5,52,"Made Shot","Jump Shot","2PT Field Goal","Mid-Range","Left Side(L)","8-16 ft.",10,-87,66,1,1],["0021300946",351,3,4,37,"Made Shot","Tip Shot","2PT Field Goal","Restricted Area","Center(C)","Less Than 8 ft.",1,1,17,1,1],["0021300946",356,3,3,9,"Missed Shot","Jump Shot","2PT Field Goal","In The Paint (Non-RA)","Center(C)","8-16 ft.",8,36,78,1,0],["0021300946",393,3,0,50,"Made Shot","Jump Shot","2PT Field Goal","Mid-Range","Right Side Center(RC)","16-24 ft.",21,111,189,1,1],["0021300946",534,4,1,57,"Made Shot","Putback Dunk Shot","2PT Field Goal","Restricted Area","Center(C)","Less Than 8 ft.",1,4,15,1,1],["0021300959",477,3,1,19,"Missed Shot","Jump Shot","2PT Field Goal","Mid-Range","Left Side Center(LC)","16-24 ft.",17,-116,137,1,0],["0021300959",586,4,3,37,"Made Shot","Jump Shot","2PT Field Goal","Mid-Range","Right Side(R)","8-16 ft.",14,143,-3,1,1],["0021300959",600,4,2,19,"Made Shot","Jump Shot","2PT Field Goal","Mid-Range","Left Side Center(LC)","16-24 ft.",17,-116,129,1,1],["0021300959",602,4,1,38,"Missed Shot","Jump Shot","2PT Field Goal","Mid-Range","Right Side(R)","8-16 ft.",15,111,101,1,0]]}},"GameList":{"21300763":[203102,"0021300763","02/09/2014","PHI","76ers","LAC","Clippers",1,0,0,3,0,0,0,1,3,0,2],"21300817":[203102,"0021300817","02/21/2014","PHI","76ers","DAL","Mavericks",0,6,3,5,0,0,4,0,2,2,5],"21300787":[203102,"0021300787","02/12/2014","PHI","76ers","UTA","Jazz",1,2,1,3,0,0,2,0,0,0,3],"21300793":[203102,"0021300793","02/18/2014","PHI","76ers","CLE","Cavaliers",0,4,1,2,0,0,1,0,0,0,3],"21300769":[203102,"0021300769","02/10/2014","PHI","76ers","GSW","Warriors",0,2,1,3,0,0,2,1,0,0,4],"21300946":[203102,"0021300946","03/10/2014","PHI","76ers","NYK","Knicks",0,8,4,5,0,0,2,0,1,0,4],"21300875":[203102,"0021300875","03/01/2014","PHI","76ers","WAS","Wizards",1,2,1,2,0,0,3,0,1,0,3],"21300841":[203102,"0021300841","02/24/2014","PHI","76ers","MIL","Bucks",0,6,2,6,0,0,3,1,1,0,8],"21300929":[203102,"0021300929","03/08/2014","PHI","76ers","UTA","Jazz",2,2,1,1,0,0,2,0,0,0,1],"21300901":[203102,"0021300901","03/04/2014","PHI","76ers","OKC","Thunder",0,0,0,2,0,0,0,0,0,0,0],"21300959":[203102,"0021300959","03/12/2014","PHI","76ers","SAC","Kings",1,4,2,4,0,0,2,0,0,0,2],"21300853":[203102,"0021300853","02/26/2014","PHI","76ers","ORL","Magic",1,0,0,2,0,0,1,1,0,0,0]},"data":[23.0,12,2,15.6,1.3,3.2,0.421,0.0,0.0,0.0,0.3,0.4,0.8,0.9,2.0,2.9,0.2,0.7,0.3,0.6,1.8,3.0],"rank":{"PerGame":[null,null,null,null,null,null,null,null,null,null,null,null,null,null,null,null,null,null,null],"Totals":[406,416,418,null,349,416,null,425,428,null,364,396,393,443,369,348,420,422,413]},"team":"PHI"},"2012":{"shotchart":{"Averages":{"header":["SHOT_ZONE_BASIC","SHOT_ZONE_AREA","SHOT_ZONE_RANGE","FGA","FGM","FG_PCT"],"row":[["Above the Break 3","Back Court(BC)","Back Court Shot",66,2,0.03],["Above the Break 3","Center(C)","24+ ft.",7645,2636,0.345],["Above the Break 3","Left Side Center(LC)","24+ ft.",13465,4683,0.348],["Above the Break 3","Right Side Center(RC)","24+ ft.",13923,4998,0.359],["Backcourt","Back Court(BC)","Back Court Shot",420,8,0.019],["In The Paint (Non-RA)","Center(C)","8-16 ft.",6463,2594,0.401],["In The Paint (Non-RA)","Center(C)","Less Than 8 ft.",19058,7165,0.376],["In The Paint (Non-RA)","Left Side(L)","8-16 ft.",1800,767,0.426],["In The Paint (Non-RA)","Right Side(R)","8-16 ft.",1991,745,0.374],["Left Corner 3","Left Side(L)","24+ ft.",7056,2726,0.386],["Mid-Range","Center(C)","16-24 ft.",7525,2951,0.392],["Mid-Range","Center(C)","8-16 ft.",1940,815,0.42],["Mid-Range","Left Side Center(LC)","16-24 ft.",8495,3305,0.389],["Mid-Range","Left Side(L)","16-24 ft.",6992,2823,0.404],["Mid-Range","Left Side(L)","8-16 ft.",8359,3212,0.384],["Mid-Range","Right Side Center(RC)","16-24 ft.",9371,3688,0.394],["Mid-Range","Right Side(R)","16-24 ft.",6506,2517,0.387],["Mid-Range","Right Side(R)","8-16 ft.",7895,3105,0.393],["Restricted Area","Center(C)","Less Than 8 ft.",66135,39988,0.605],["Right Corner 3","Right Side(R)","24+ ft.",6474,2547,0.393]]},"Details":{"header":["GAME_ID","GAME_EVENT_ID","PERIOD","MINUTES_REMAINING","SECONDS_REMAINING","EVENT_TYPE","ACTION_TYPE","SHOT_TYPE","SHOT_ZONE_BASIC","SHOT_ZONE_AREA","SHOT_ZONE_RANGE","SHOT_DISTANCE","LOC_X","LOC_Y","SHOT_ATTEMPTED_FLAG","SHOT_MADE_FLAG"],"row":[["0021200042",524,4,0,11,"Made Shot","Putback Dunk Shot","2PT Field Goal","Restricted Area","Center(C)","Less Than 8 ft.",0,-4,-5,1,1],["0021200109",540,4,1,20,"Missed Shot","Layup Shot","2PT Field Goal","Restricted Area","Center(C)","Less Than 8 ft.",3,-30,8,1,0],["0021200194",113,2,11,27,"Missed Shot","Jump Shot","2PT Field Goal","In The Paint (Non-RA)","Center(C)","8-16 ft.",12,-2,123,1,0],["0021200194",119,2,10,14,"Missed Shot","Jump Shot","2PT Field Goal","In The Paint (Non-RA)","Center(C)","Less Than 8 ft.",6,-13,60,1,0],["0021200251",375,4,10,9,"Made Shot","Layup Shot","2PT Field Goal","Restricted Area","Center(C)","Less Than 8 ft.",1,-16,9,1,1],["0021200251",398,4,7,4,"Missed Shot","Jump Shot","2PT Field Goal","Mid-Range","Right Side(R)","8-16 ft.",15,94,118,1,0],["0021200251",430,4,3,55,"Missed Shot","Layup Shot","2PT Field Goal","Restricted Area","Center(C)","Less Than 8 ft.",2,9,26,1,0],["0021200270",69,1,5,10,"Missed Shot","Jump Shot","2PT Field Goal","In The Paint (Non-RA)","Center(C)","8-16 ft.",12,-62,108,1,0],["0021200270",80,1,4,15,"Missed Shot","Layup Shot","2PT Field Goal","Restricted Area","Center(C)","Less Than 8 ft.",2,17,23,1,0],["0021200270",98,1,2,49,"Missed Shot","Layup Shot","2PT Field Goal","Restricted Area","Center(C)","Less Than 8 ft.",1,-10,7,1,0],["0021200285",85,1,1,27,"Missed Shot","Layup Shot","2PT Field Goal","Restricted Area","Center(C)","Less Than 8 ft.",2,-26,9,1,0],["0021200285",439,4,1,30,"Made Shot","Dunk Shot","2PT Field Goal","Restricted Area","Center(C)","Less Than 8 ft.",1,-10,0,1,1],["0021200312",132,2,10,40,"Made Shot","Jump Shot","2PT Field Goal","In The Paint (Non-RA)","Center(C)","Less Than 8 ft.",4,-13,42,1,1],["0021200643",478,4,1,41,"Missed Shot","Jump Shot","2PT Field Goal","In The Paint (Non-RA)","Center(C)","Less Than 8 ft.",4,10,48,1,0],["0021200708",307,3,2,11,"Made Shot","Jump Shot","2PT Field Goal","Mid-Range","Center(C)","16-24 ft.",18,-16,181,1,1],["0021200708",319,3,0,10,"Missed Shot","Jump Shot","2PT Field Goal","Mid-Range","Center(C)","16-24 ft.",18,-7,186,1,0],["0021200708",348,4,7,50,"Made Shot","Turnaround Hook Shot","2PT Field Goal","In The Paint (Non-RA)","Center(C)","Less Than 8 ft.",7,-57,56,1,1],["0021200721",129,2,11,25,"Made Shot","Dunk Shot","2PT Field Goal","Restricted Area","Center(C)","Less Than 8 ft.",0,4,-5,1,1],["0021200721",154,2,8,33,"Made Shot","Layup Shot","2PT Field Goal","Restricted Area","Center(C)","Less Than 8 ft.",1,18,7,1,1],["0021200721",176,2,7,22,"Made Shot","Alley Oop Dunk Shot","2PT Field Goal","Restricted Area","Center(C)","Less Than 8 ft.",0,0,-8,1,1],["0021200721",191,2,5,48,"Missed Shot","Layup Shot","2PT Field Goal","Restricted Area","Center(C)","Less Than 8 ft.",2,20,4,1,0],["0021200721",330,3,2,49,"Made Shot","Jump Shot","2PT Field Goal","In The Paint (Non-RA)","Center(C)","8-16 ft.",11,7,116,1,1],["0021200721",345,3,1,10,"Made Shot","Slam Dunk Shot","2PT Field Goal","Restricted Area","Center(C)","Less Than 8 ft.",1,-5,-13,1,1],["0021200721",373,4,11,35,"Made Shot","Putback Layup Shot","2PT Field Goal","Restricted Area","Center(C)","Less Than 8 ft.",2,-21,3,1,1],["0021200721",375,4,11,1,"Missed Shot","Jump Shot","2PT Field Goal","Mid-Range","Center(C)","16-24 ft.",16,15,167,1,0],["0021200721",471,4,1,41,"Missed Shot","Layup Shot","2PT Field Goal","Restricted Area","Center(C)","Less Than 8 ft.",2,0,28,1,0],["0021200748",131,2,11,19,"Missed Shot","Tip Shot","2PT Field Goal","Restricted Area","Center(C)","Less Than 8 ft.",2,-15,15,1,0],["0021200748",149,2,9,1,"Missed Shot","Jump Shot","2PT Field Goal","Mid-Range","Center(C)","8-16 ft.",15,-19,154,1,0],["0021200748",324,3,4,29,"Made Shot","Running Finger Roll Layup Shot","2PT Field Goal","Restricted Area","Center(C)","Less Than 8 ft.",1,15,4,1,1],["0021200761",85,1,3,44,"Made Shot","Putback Layup Shot","2PT Field Goal","Restricted Area","Center(C)","Less Than 8 ft.",2,-23,-3,1,1],["0021200761",98,1,2,41,"Made Shot","Reverse Layup Shot","2PT Field Goal","Restricted Area","Center(C)","Less Than 8 ft.",1,-11,3,1,1],["0021200761",100,1,2,13,"Made Shot","Layup Shot","2PT Field Goal","Restricted Area","Center(C)","Less Than 8 ft.",1,-18,7,1,1],["0021200761",338,3,1,8,"Made Shot","Layup Shot","2PT Field Goal","Restricted Area","Center(C)","Less Than 8 ft.",1,-7,11,1,1],["0021200761",342,3,0,11,"Missed Shot","Jump Shot","2PT Field Goal","Mid-Range","Right Side(R)","16-24 ft.",16,151,61,1,0],["0021200782",60,1,4,31,"Made Shot","Alley Oop Dunk Shot","2PT Field Goal","Restricted Area","Center(C)","Less Than 8 ft.",0,-4,6,1,1],["0021200782",76,1,3,23,"Made Shot","Layup Shot","2PT Field Goal","Restricted Area","Center(C)","Less Than 8 ft.",0,7,1,1,1],["0021200782",378,4,11,23,"Missed Shot","Layup Shot","2PT Field Goal","Restricted Area","Center(C)","Less Than 8 ft.",0,-2,0,1,0],["0021200782",376,4,11,23,"Missed Shot","Layup Shot","2PT Field Goal","Restricted Area","Center(C)","Less Than 8 ft.",1,10,9,1,0],["0021200782",420,4,7,23,"Missed Shot","Hook Shot","2PT Field Goal","Restricted Area","Center(C)","Less Than 8 ft.",3,-24,19,1,0],["0021200826",417,4,0,4,"Missed Shot","Jump Shot","2PT Field Goal","In The Paint (Non-RA)","Center(C)","8-16 ft.",9,10,91,1,0],["0021200843",460,4,0,54,"Made Shot","Jump Shot","2PT Field Goal","Mid-Range","Left Side(L)","8-16 ft.",15,-108,113,1,1],["0021200843",462,4,0,25,"Missed Shot","Jump Shot","2PT Field Goal","Mid-Range","Left Side Center(LC)","16-24 ft.",16,-117,121,1,0],["0021200862",154,2,6,48,"Made Shot","Jump Shot","2PT Field Goal","Mid-Range","Center(C)","16-24 ft.",18,-18,184,1,1],["0021200862",173,2,5,12,"Made Shot","Alley Oop Dunk Shot","2PT Field Goal","Restricted Area","Center(C)","Less Than 8 ft.",1,6,12,1,1],["0021200876",333,3,3,59,"Made Shot","Dunk Shot","2PT Field Goal","Restricted Area","Center(C)","Less Than 8 ft.",0,1,1,1,1],["0021200876",360,3,1,48,"Made Shot","Alley Oop Dunk Shot","2PT Field Goal","Restricted Area","Center(C)","Less Than 8 ft.",0,1,0,1,1],["0021200882",372,3,2,12,"Made Shot","Layup Shot","2PT Field Goal","Restricted Area","Center(C)","Less Than 8 ft.",0,1,-8,1,1],["0021200882",383,3,0,30,"Made Shot","Jump Shot","2PT Field Goal","Restricted Area","Center(C)","Less Than 8 ft.",3,32,7,1,1],["0021200882",401,4,10,53,"Made Shot","Layup Shot","2PT Field Goal","Restricted Area","Center(C)","Less Than 8 ft.",1,7,-14,1,1],["0021200896",35,1,6,36,"Made Shot","Layup Shot","2PT Field Goal","Restricted Area","Center(C)","Less Than 8 ft.",2,23,-16,1,1],["0021200896",47,1,5,26,"Made Shot","Alley Oop Dunk Shot","2PT Field Goal","Restricted Area","Center(C)","Less Than 8 ft.",0,-4,0,1,1],["0021200896",181,2,5,18,"Made Shot","Putback Layup Shot","2PT Field Goal","Restricted Area","Center(C)","Less Than 8 ft.",0,-4,-3,1,1],["0021200896",353,3,3,35,"Made Shot","Putback Dunk Shot","2PT Field Goal","Restricted Area","Center(C)","Less Than 8 ft.",0,-6,-3,1,1],["0021200896",399,3,0,4,"Made Shot","Dunk Shot","2PT Field Goal","Restricted Area","Center(C)","Less Than 8 ft.",0,1,4,1,1],["0021200902",111,1,0,0,"Missed Shot","Jump Shot","2PT Field Goal","Restricted Area","Center(C)","Less Than 8 ft.",3,26,30,1,0],["0021200902",211,2,2,38,"Made Shot","Putback Layup Shot","2PT Field Goal","Restricted Area","Center(C)","Less Than 8 ft.",0,4,-2,1,1],["0021200902",218,2,1,27,"Made Shot","Hook Shot","2PT Field Goal","In The Paint (Non-RA)","Center(C)","Less Than 8 ft.",5,0,58,1,1],["0021200902",231,2,0,0,"Missed Shot","Tip Shot","2PT Field Goal","Restricted Area","Center(C)","Less Than 8 ft.",0,6,7,1,0],["0021200902",384,4,9,50,"Made Shot","Jump Shot","2PT Field Goal","Mid-Range","Left Side Center(LC)","16-24 ft.",18,-141,118,1,1],["0021200902",395,4,8,46,"Made Shot","Jump Shot","2PT Field Goal","In The Paint (Non-RA)","Center(C)","Less Than 8 ft.",5,24,50,1,1],["0021200902",424,4,5,36,"Missed Shot","Layup Shot","2PT Field Goal","Restricted Area","Center(C)","Less Than 8 ft.",2,24,3,1,0],["0021200902",495,4,0,6,"Missed Shot","Alley Oop Dunk Shot","2PT Field Goal","Restricted Area","Center(C)","Less Than 8 ft.",1,10,3,1,0],["0021200921",310,3,3,10,"Made Shot","Jump Shot","2PT Field Goal","Mid-Range","Right Side Center(RC)","16-24 ft.",17,86,149,1,1],["0021200921",337,3,2,22,"Missed Shot","Layup Shot","2PT Field Goal","Restricted Area","Center(C)","Less Than 8 ft.",2,27,11,1,0],["0021200937",74,1,3,22,"Missed Shot","Jump Hook Shot","2PT Field Goal","In The Paint (Non-RA)","Center(C)","Less Than 8 ft.",6,-52,37,1,0],["0021200937",101,1,0,24,"Missed Shot","Jump Shot","2PT Field Goal","Mid-Range","Center(C)","16-24 ft.",16,-45,156,1,0],["0021200937",343,4,10,6,"Missed Shot","Layup Shot","2PT Field Goal","Restricted Area","Center(C)","Less Than 8 ft.",2,26,12,1,0],["0021200943",85,1,0,48,"Missed Shot","Layup Shot","2PT Field Goal","Restricted Area","Center(C)","Less Than 8 ft.",1,-19,-6,1,0],["0021200943",93,1,0,1,"Missed Shot","Jump Shot","2PT Field Goal","Mid-Range","Center(C)","16-24 ft.",19,-8,198,1,0],["0021200943",101,2,11,13,"Made Shot","Layup Shot","2PT Field Goal","Restricted Area","Center(C)","Less Than 8 ft.",1,-11,-11,1,1],["0021200993",131,2,9,20,"Missed Shot","Jump Shot","2PT Field Goal","Mid-Range","Left Side(L)","8-16 ft.",15,-155,-22,1,0],["0021201018",105,1,2,21,"Missed Shot","Jump Shot","2PT Field Goal","In The Paint (Non-RA)","Center(C)","8-16 ft.",11,2,113,1,0],["0021201018",123,1,0,18,"Missed Shot","Jump Shot","2PT Field Goal","Mid-Range","Center(C)","16-24 ft.",18,-11,189,1,0],["0021201018",431,4,5,10,"Missed Shot","Running Jump Shot","2PT Field Goal","Mid-Range","Right Side(R)","8-16 ft.",12,89,83,1,0],["0021201020",98,1,1,35,"Missed Shot","Layup Shot","2PT Field Goal","Restricted Area","Center(C)","Less Than 8 ft.",1,-19,3,1,0],["0021201020",179,2,6,4,"Missed Shot","Jump Shot","2PT Field Goal","In The Paint (Non-RA)","Center(C)","Less Than 8 ft.",6,9,63,1,0],["0021201020",301,3,4,25,"Made Shot","Alley Oop Dunk Shot","2PT Field Goal","Restricted Area","Center(C)","Less Than 8 ft.",2,20,0,1,1],["0021201020",322,3,2,3,"Missed Shot","Jump Shot","2PT Field Goal","Mid-Range","Right Side(R)","8-16 ft.",13,127,55,1,0],["0021201020",363,4,11,25,"Made Shot","Jump Shot","2PT Field Goal","Mid-Range","Left Side(L)","16-24 ft.",16,-166,15,1,1],["0021201020",384,4,9,3,"Made Shot","Jump Shot","2PT Field Goal","In The Paint (Non-RA)","Center(C)","8-16 ft.",12,24,127,1,1],["0021201047",153,2,7,26,"Made Shot","Layup Shot","2PT Field Goal","Restricted Area","Center(C)","Less Than 8 ft.",2,-21,7,1,1],["0021201052",43,1,7,17,"Made Shot","Layup Shot","2PT Field Goal","Restricted Area","Center(C)","Less Than 8 ft.",1,17,6,1,1],["0021201052",57,1,5,52,"Made Shot","Alley Oop Layup shot","2PT Field Goal","Restricted Area","Center(C)","Less Than 8 ft.",2,-26,6,1,1],["0021201052",90,1,2,15,"Missed Shot","Jump Shot","2PT Field Goal","In The Paint (Non-RA)","Center(C)","Less Than 8 ft.",7,-5,72,1,0],["0021201052",346,3,3,57,"Missed Shot","Layup Shot","2PT Field Goal","Restricted Area","Center(C)","Less Than 8 ft.",2,15,15,1,0],["0021201052",381,3,1,0,"Made Shot","Reverse Layup Shot","2PT Field Goal","Restricted Area","Center(C)","Less Than 8 ft.",1,-15,-2,1,1],["0021201052",397,4,11,36,"Missed Shot","Jump Shot","2PT Field Goal","Mid-Range","Center(C)","16-24 ft.",18,6,183,1,0],["0021201052",406,4,10,27,"Made Shot","Jump Hook Shot","2PT Field Goal","In The Paint (Non-RA)","Center(C)","Less Than 8 ft.",7,-4,72,1,1],["0021201052",447,4,7,24,"Made Shot","Alley Oop Dunk Shot","2PT Field Goal","Restricted Area","Center(C)","Less Than 8 ft.",1,6,9,1,1],["0021201052",456,4,5,59,"Made Shot","Jump Shot","2PT Field Goal","Mid-Range","Center(C)","16-24 ft.",18,42,178,1,1],["0021201052",467,4,5,13,"Missed Shot","Tip Shot","2PT Field Goal","Restricted Area","Center(C)","Less Than 8 ft.",2,6,20,1,0],["0021201052",521,4,1,9,"Missed Shot","Jump Shot","2PT Field Goal","Mid-Range","Right Side Center(RC)","16-24 ft.",21,72,198,1,0],["0021201058",136,2,10,12,"Missed Shot","Jump Shot","2PT Field Goal","Mid-Range","Right Side(R)","8-16 ft.",12,127,-13,1,0],["0021201058",144,2,9,7,"Made Shot","Jump Shot","2PT Field Goal","Mid-Range","Center(C)","16-24 ft.",18,-54,175,1,1],["0021201058",151,2,7,52,"Made Shot","Reverse Layup Shot","2PT Field Goal","Restricted Area","Center(C)","Less Than 8 ft.",2,-24,-5,1,1],["0021201078",154,2,7,50,"Made Shot","Layup Shot","2PT Field Goal","Restricted Area","Center(C)","Less Than 8 ft.",0,-2,0,1,1],["0021201112",119,1,1,12,"Made Shot","Putback Dunk Shot","2PT Field Goal","Restricted Area","Center(C)","Less Than 8 ft.",0,1,1,1,1],["0021201112",172,2,7,23,"Made Shot","Putback Layup Shot","2PT Field Goal","Restricted Area","Center(C)","Less Than 8 ft.",0,0,3,1,1],["0021201140",151,2,9,12,"Made Shot","Jump Shot","2PT Field Goal","Mid-Range","Left Side Center(LC)","16-24 ft.",19,-142,138,1,1],["0021201155",432,4,6,5,"Missed Shot","Putback Layup Shot","2PT Field Goal","Restricted Area","Center(C)","Less Than 8 ft.",2,2,23,1,0],["0021201155",461,4,2,57,"Made Shot","Jump Shot","2PT Field Goal","Mid-Range","Left Side(L)","16-24 ft.",19,-172,97,1,1],["0021201155",463,4,2,26,"Made Shot","Jump Shot","2PT Field Goal","Mid-Range","Right Side(R)","8-16 ft.",11,116,15,1,1],["0021201164",123,2,11,34,"Made Shot","Step Back Jump shot","2PT Field Goal","Mid-Range","Left Side(L)","8-16 ft.",9,-98,15,1,1],["0021201164",141,2,10,18,"Made Shot","Putback Layup Shot","2PT Field Goal","Restricted Area","Center(C)","Less Than 8 ft.",2,-21,3,1,1],["0021201164",321,3,5,26,"Missed Shot","Jump Shot","2PT Field Goal","Mid-Range","Right Side(R)","8-16 ft.",14,140,37,1,0],["0021201164",408,4,8,36,"Missed Shot","Jump Shot","2PT Field Goal","Restricted Area","Center(C)","Less Than 8 ft.",3,0,36,1,0],["0021201164",464,4,3,4,"Made Shot","Alley Oop Dunk Shot","2PT Field Goal","Restricted Area","Center(C)","Less Than 8 ft.",0,1,-6,1,1],["0021201177",127,1,0,22,"Made Shot","Tip Shot","2PT Field Goal","Restricted Area","Center(C)","Less Than 8 ft.",2,9,23,1,1],["0021201177",139,2,10,56,"Missed Shot","Jump Shot","2PT Field Goal","Mid-Range","Right Side(R)","8-16 ft.",12,89,94,1,0],["0021201177",142,2,10,43,"Made Shot","Jump Shot","2PT Field Goal","Mid-Range","Left Side Center(LC)","16-24 ft.",18,-65,173,1,1],["0021201177",399,3,0,6,"Missed Shot","Layup Shot","2PT Field Goal","Restricted Area","Center(C)","Less Than 8 ft.",0,4,7,1,0],["0021201177",407,4,11,39,"Made Shot","Putback Dunk Shot","2PT Field Goal","Restricted Area","Center(C)","Less Than 8 ft.",2,20,6,1,1],["0021201197",77,1,3,4,"Made Shot","Alley Oop Layup shot","2PT Field Goal","Restricted Area","Center(C)","Less Than 8 ft.",1,-10,4,1,1],["0021201197",232,2,1,1,"Made Shot","Layup Shot","2PT Field Goal","Restricted Area","Center(C)","Less Than 8 ft.",1,-8,12,1,1],["0021201197",235,2,0,21,"Made Shot","Tip Shot","2PT Field Goal","Restricted Area","Center(C)","Less Than 8 ft.",0,4,1,1,1],["0021201197",332,3,1,57,"Made Shot","Putback Dunk Shot","2PT Field Goal","Restricted Area","Center(C)","Less Than 8 ft.",0,7,-3,1,1],["0021201197",354,4,11,41,"Made Shot","Reverse Dunk Shot","2PT Field Goal","Restricted Area","Center(C)","Less Than 8 ft.",0,0,3,1,1],["0021201197",356,4,10,55,"Missed Shot","Jump Shot","2PT Field Goal","In The Paint (Non-RA)","Center(C)","Less Than 8 ft.",4,9,41,1,0],["0021201206",116,2,10,28,"Made Shot","Hook Shot","2PT Field Goal","In The Paint (Non-RA)","Center(C)","Less Than 8 ft.",6,-59,23,1,1],["0021201206",126,2,9,6,"Made Shot","Layup Shot","2PT Field Goal","Restricted Area","Center(C)","Less Than 8 ft.",0,7,0,1,1],["0021201206",362,4,10,24,"Missed Shot","Layup Shot","2PT Field Goal","Restricted Area","Center(C)","Less Than 8 ft.",0,1,1,1,0],["0021201206",369,4,9,56,"Made Shot","Layup Shot","2PT Field Goal","Restricted Area","Center(C)","Less Than 8 ft.",0,2,1,1,1],["0021201206",442,4,3,19,"Made Shot","Jump Shot","2PT Field Goal","Mid-Range","Left Side Center(LC)","16-24 ft.",21,-75,203,1,1],["0021201221",102,1,1,52,"Made Shot","Jump Shot","2PT Field Goal","Mid-Range","Right Side Center(RC)","16-24 ft.",19,89,172,1,1],["0021201221",104,1,1,13,"Missed Shot","Layup Shot","2PT Field Goal","Restricted Area","Center(C)","Less Than 8 ft.",2,-24,-11,1,0],["0021201221",129,2,11,0,"Missed Shot","Jump Shot","2PT Field Goal","Mid-Range","Right Side Center(RC)","16-24 ft.",18,105,148,1,0],["0021201221",143,2,9,2,"Made Shot","Tip Shot","2PT Field Goal","Restricted Area","Center(C)","Less Than 8 ft.",0,1,1,1,1],["0021201221",158,2,7,36,"Made Shot","Layup Shot","2PT Field Goal","Restricted Area","Center(C)","Less Than 8 ft.",0,-8,-2,1,1],["0021201221",215,2,1,37,"Made Shot","Tip Shot","2PT Field Goal","Restricted Area","Center(C)","Less Than 8 ft.",1,-16,-3,1,1],["0021201221",427,4,3,57,"Missed Shot","Layup Shot","2PT Field Goal","Restricted Area","Center(C)","Less Than 8 ft.",0,4,1,1,0],["0021201221",450,4,2,20,"Made Shot","Jump Shot","2PT Field Goal","Mid-Range","Right Side Center(RC)","16-24 ft.",18,100,151,1,1],["0021201221",464,4,1,16,"Missed Shot","Jump Shot","2PT Field Goal","Mid-Range","Right Side Center(RC)","16-24 ft.",20,80,187,1,0],["0021201221",474,4,0,15,"Made Shot","Alley Oop Dunk Shot","2PT Field Goal","Restricted Area","Center(C)","Less Than 8 ft.",0,6,-5,1,1],["0021201221",477,4,0,0,"Made Shot","Jump Shot","2PT Field Goal","Mid-Range","Right Side Center(RC)","16-24 ft.",22,152,164,1,1]]}},"GameList":{"21200981":[203102,"0021200981","03/16/2013","PHI","76ers","IND","Pacers",0,0,0,0,0,0,2,2,0,0,2],"21200194":[203102,"0021200194","11/25/2012","PHI","76ers","PHX","Suns",0,0,0,2,0,0,0,0,0,0,0],"21200372":[203102,"0021200372","12/19/2012","PHI","76ers","HOU","Rockets",0,0,0,0,0,0,0,0,0,0,1],"21201058":[203102,"0021201058","03/27/2013","PHI","76ers","MIL","Bucks",0,4,2,3,0,0,0,0,0,0,3],"21200270":[203102,"0021200270","12/07/2012","PHI","76ers","BOS","Celtics",0,0,0,3,0,0,1,1,0,0,2],"21201164":[203102,"0021201164","04/10/2013","PHI","76ers","ATL","Hawks",1,7,3,5,0,0,1,0,0,0,7],"21200708":[203102,"0021200708","02/04/2013","PHI","76ers","ORL","Magic",1,4,2,3,0,0,0,1,0,0,2],"21201052":[203102,"0021201052","03/25/2013","PHI","76ers","UTA","Jazz",0,14,6,11,0,0,1,0,1,0,8],"21200721":[203102,"0021200721","02/06/2013","PHI","76ers","IND","Pacers",0,12,6,9,0,0,2,1,2,0,3],"21200761":[203102,"0021200761","02/11/2013","PHI","76ers","LAC","Clippers",0,8,4,5,0,0,1,0,2,0,6],"21200937":[203102,"0021200937","03/10/2013","PHI","76ers","ORL","Magic",1,0,0,3,0,0,1,1,0,0,1],"21200058":[203102,"0021200058","11/07/2012","PHI","76ers","NOH","Hornets",0,0,0,0,0,0,2,0,0,0,1],"21201140":[203102,"0021201140","04/06/2013","PHI","76ers","MIA","Heat",0,2,1,1,0,0,0,1,0,0,1],"21201129":[203102,"0021201129","04/05/2013","PHI","76ers","ATL","Hawks",0,0,0,0,0,0,1,0,0,0,0],"21201078":[203102,"0021201078","03/29/2013","PHI","76ers","CLE","Cavaliers",1,2,1,1,0,0,1,0,0,1,0],"21200298":[203102,"0021200298","12/10/2012","PHI","76ers","DET","Pistons",0,0,0,0,0,0,0,0,0,0,0],"21200748":[203102,"0021200748","02/09/2013","PHI","76ers","CHA","Bobcats",0,3,1,3,0,0,1,0,1,0,7],"21201018":[203102,"0021201018","03/20/2013","PHI","76ers","LAC","Clippers",2,0,0,3,0,0,0,0,1,0,5],"21200956":[203102,"0021200956","03/13/2013","PHI","76ers","MIA","Heat",0,0,0,0,0,0,0,0,1,0,1],"21200876":[203102,"0021200876","03/02/2013","PHI","76ers","GSW","Warriors",0,4,2,2,0,0,1,0,0,0,0],"21200896":[203102,"0021200896","03/05/2013","PHI","76ers","BOS","Celtics",0,10,5,5,0,0,2,0,1,0,4],"21200312":[203102,"0021200312","12/12/2012","PHI","76ers","CHI","Bulls",0,2,1,1,0,0,0,0,0,0,1],"21200993":[203102,"0021200993","03/18/2013","PHI","76ers","POR","Trail Blazers",0,3,0,1,0,0,0,0,1,1,3],"21201155":[203102,"0021201155","04/09/2013","PHI","76ers","BKN","Nets",1,4,2,3,0,0,5,1,1,1,4],"21200285":[203102,"0021200285","12/08/2012","PHI","76ers","BOS","Celtics",0,4,1,2,0,0,0,0,0,0,3],"21200670":[203102,"0021200670","01/30/2013","PHI","76ers","WAS","Wizards",0,0,0,0,0,0,0,0,0,0,0],"21200921":[203102,"0021200921","03/08/2013","PHI","76ers","MIA","Heat",0,2,1,2,0,0,1,1,0,0,6],"21201197":[203102,"0021201197","04/14/2013","PHI","76ers","CLE","Cavaliers",3,10,5,6,0,0,2,0,0,0,6],"21201020":[203102,"0021201020","03/21/2013","PHI","76ers","DEN","Nuggets",1,8,3,6,0,0,2,0,0,2,8],"21201177":[203102,"0021201177","04/12/2013","PHI","76ers","WAS","Wizards",0,7,3,5,0,0,1,0,2,1,5],"21201047":[203102,"0021201047","03/24/2013","PHI","76ers","SAC","Kings",1,2,1,1,0,0,0,0,0,0,2],"21200511":[203102,"0021200511","01/08/2013","PHI","76ers","BKN","Nets",0,0,0,0,0,0,1,0,0,1,1],"21200042":[203102,"0021200042","11/05/2012","PHI","76ers","NYK","Knicks",0,2,1,1,0,0,0,0,0,0,1],"21200643":[203102,"0021200643","01/26/2013","PHI","76ers","NYK","Knicks",0,0,0,1,0,0,0,0,0,0,1],"21201206":[203102,"0021201206","04/15/2013","PHI","76ers","DET","Pistons",1,9,4,5,0,0,4,1,1,0,5],"21200251":[203102,"0021200251","12/04/2012","PHI","76ers","MIN","Timberwolves",0,4,1,3,0,0,0,0,1,1,4],"21200826":[203102,"0021200826","02/23/2013","PHI","76ers","MIA","Heat",0,0,0,1,0,0,0,0,0,0,3],"21200843":[203102,"0021200843","02/26/2013","PHI","76ers","ORL","Magic",0,2,1,2,0,0,0,0,0,0,1],"21201221":[203102,"0021201221","04/17/2013","PHI","76ers","IND","Pacers",1,14,7,11,0,0,3,0,0,1,12],"21200109":[203102,"0021200109","11/14/2012","PHI","76ers","DET","Pistons",0,2,0,1,0,0,0,0,0,0,2],"21200902":[203102,"0021200902","03/06/2013","PHI","76ers","ATL","Hawks",1,8,4,8,0,0,1,0,0,1,7],"21200862":[203102,"0021200862","02/28/2013","PHI","76ers","CHI","Bulls",0,4,2,2,0,0,1,0,0,0,0],"21200943":[203102,"0021200943","03/11/2013","PHI","76ers","BKN","Nets",0,2,1,3,0,0,2,0,0,0,2],"21200070":[203102,"0021200070","11/09/2012","PHI","76ers","BOS","Celtics",1,0,0,0,0,0,1,0,1,0,2],"21200782":[203102,"0021200782","02/13/2013","PHI","76ers","MIL","Bucks",0,5,2,5,0,0,1,0,1,0,8],"21201112":[203102,"0021201112","04/03/2013","PHI","76ers","CHA","Bobcats",2,4,2,2,0,0,0,0,0,0,3],"21200882":[203102,"0021200882","03/03/2013","PHI","76ers","WAS","Wizards",1,6,3,3,0,0,1,0,0,0,1]},"data":[22.0,47,0,11.5,1.7,2.9,0.582,0.0,0.0,0.0,0.4,0.6,0.643,1.6,1.5,3.1,0.2,0.4,0.2,0.4,0.9,3.7],"rank":{"PerGame":[null,null,null,null,null,null,null,null,null,null,null,null,null,null,null,null,null,null,null],"Totals":[335,311,345,null,333,406,null,348,343,null,121,323,251,398,314,275,361,333,307]},"team":"PHI"}},"headerData":["PLAYER_AGE","GP","GS","MIN","FGM","FGA","FG_PCT","FG3M","FG3A","FG3_PCT","FTM","FTA","FT_PCT","OREB","DREB","REB","AST","STL","BLK","TOV","PF","PTS"],"PostSeason":{}}}