{"info":{"FIRST_NAME":"Art","LAST_NAME":"Burris","WEIGHT":"220","COUNTRY":"USA","SCHOOL":"Tennessee","BIRTHDATE":"1924-04-07T00:00:00","HEIGHT":"6-5","TO_YEAR":1951,"DLEAGUE":"N","FROM_YEAR":1950,"TEAM":"MIH","PERSON_ID":76311,"SEASON_EXP":1,"POSITION":"Forward","ROSTERSTATUS":"Active","ALL_STAR":0,"PIE":0,"JERSEY":"15"},"career":{"header":["MIN","FGM","FGA","FG_PCT","FG3M","FG3A","FG3_PCT","FTM","FTA","FT_PCT","OREB","DREB","REB","AST","STL","BLK","TOV","PF","PTS"],"RegularSeason":{"PerGame":[6.9,0.9,3.6,0.26,null,null,null,0.6,1.0,0.627,null,null,2.8,0.7,null,null,null,1.4,2.5],"GS":null,"GP":74},"PostSeason":{}},"season":{"headerRank":["RANK_PG_MIN","RANK_PG_FGM","RANK_PG_FGA","RANK_FG_PCT","RANK_PG_FG3M","RANK_PG_FG3A","RANK_FG3_PCT","RANK_PG_FTM","RANK_PG_FTA","RANK_FT_PCT","RANK_PG_OREB","RANK_PG_DREB","RANK_PG_REB","RANK_PG_AST","RANK_PG_STL","RANK_PG_BLK","RANK_PG_TOV","RANK_PG_PTS","RANK_PG_EFF"],"headerGame":["PLAYER_ID","SEASON_YEAR","TOV","PTS","FGM","FG3M","FG3A","PF","BLK","STL","AST","REB"],"RegularSeason":{"1951":{"GameList":{"25100084":[76311,"0025100084","12/05/1951","FTW","Pistons","BOS","Celtics",0,0,0,0,0,0,0,0,0,0,0],"25100173":[76311,"0025100173","01/12/1952","FTW","Pistons","ROC","Royals",0,0,0,0,0,0,0,0,0,0,0],"25100259":[76311,"0025100259","02/17/1952","MIH","Hawks","BOS","Celtics",0,0,0,0,0,0,0,0,0,0,0],"25100216":[76311,"0025100216","01/31/1952","FTW","Pistons","MNL","Lakers",0,0,0,0,0,0,0,0,0,0,0],"25100179":[76311,"0025100179","01/15/1952","FTW","Pistons","MIH","Hawks",0,0,0,0,0,0,0,0,0,0,0],"25100213":[76311,"0025100213","01/30/1952","FTW","Pistons","INO","Olympians",0,0,0,0,0,0,0,0,0,0,0],"25100012":[76311,"0025100012","11/03/1951","FTW","Pistons","PHW","Warriors",0,7,0,0,0,0,0,0,0,0,0],"25100176":[76311,"0025100176","01/13/1952","FTW","Pistons","BAL","Bullets",0,0,0,0,0,0,0,0,0,0,0],"25100233":[76311,"0025100233","02/07/1952","FTW","Pistons","PHW","Warriors",0,0,0,0,0,0,0,0,0,0,0],"25100034":[76311,"0025100034","11/14/1951","FTW","Pistons","BOS","Celtics",0,0,0,0,0,0,0,0,0,0,0],"25100051":[76311,"0025100051","11/22/1951","FTW","Pistons","SYR","Nationals",0,0,0,0,0,0,0,0,0,0,0],"25100230":[76311,"0025100230","02/05/1952","FTW","Pistons","MIH","Hawks",0,0,0,0,0,0,0,0,0,0,0],"25100273":[76311,"0025100273","02/22/1952","MIH","Hawks","INO","Olympians",0,13,0,0,0,0,0,0,0,0,0],"25100117":[76311,"0025100117","12/20/1951","FTW","Pistons","ROC","Royals",0,0,0,0,0,0,0,0,0,0,0],"25100308":[76311,"0025100308","03/06/1952","MIH","Hawks","ROC","Royals",0,4,0,0,0,0,0,0,0,0,0],"25100277":[76311,"0025100277","02/23/1952","MIH","Hawks","INO","Olympians",0,2,0,0,0,0,0,0,0,0,0],"25100298":[76311,"0025100298","03/02/1952","MIH","Hawks","MNL","Lakers",0,7,0,0,0,0,0,0,0,0,0],"25100137":[76311,"0025100137","12/29/1951","FTW","Pistons","ROC","Royals",0,4,0,0,0,0,0,0,0,0,0],"25100295":[76311,"0025100295","03/01/1952","MIH","Hawks","FTW","Pistons",0,6,0,0,0,0,0,0,0,0,0],"25100019":[76311,"0025100019","11/06/1951","FTW","Pistons","MIH","Hawks",0,2,0,0,0,0,0,0,0,0,0],"25100014":[76311,"0025100014","11/04/1951","FTW","Pistons","NYK","Knicks",0,0,0,0,0,0,0,0,0,0,0],"25100310":[76311,"0025100310","03/07/1952","MIH","Hawks","FTW","Pistons",0,2,0,0,0,0,0,0,0,0,0],"25100129":[76311,"0025100129","12/25/1951","FTW","Pistons","NYK","Knicks",0,0,0,0,0,0,0,0,0,0,0],"25100147":[76311,"0025100147","01/01/1952","FTW","Pistons","PHW","Warriors",0,0,0,0,0,0,0,0,0,0,0],"25100141":[76311,"0025100141","12/30/1951","FTW","Pistons","MIH","Hawks",0,2,0,0,0,0,0,0,0,0,0],"25100064":[76311,"0025100064","11/25/1951","FTW","Pistons","BAL","Bullets",0,0,0,0,0,0,0,0,0,0,0],"25100143":[76311,"0025100143","12/31/1951","FTW","Pistons","BAL","Bullets",0,2,0,0,0,0,0,0,0,0,0],"25100205":[76311,"0025100205","01/26/1952","FTW","Pistons","ROC","Royals",0,3,0,0,0,0,0,0,0,0,0],"25100166":[76311,"0025100166","01/10/1952","FTW","Pistons","BOS","Celtics",0,2,0,0,0,0,0,0,0,0,0],"25100068":[76311,"0025100068","11/29/1951","FTW","Pistons","SYR","Nationals",0,0,0,0,0,0,0,0,0,0,0],"25100227":[76311,"0025100227","02/03/1952","FTW","Pistons","INO","Olympians",0,0,0,0,0,0,0,0,0,0,0],"25100105":[76311,"0025100105","12/14/1951","FTW","Pistons","PHW","Warriors",0,3,0,0,0,0,0,0,0,0,0],"25100041":[76311,"0025100041","11/17/1951","FTW","Pistons","MNL","Lakers",0,0,0,0,0,0,0,0,0,0,0],"25100222":[76311,"0025100222","02/02/1952","FTW","Pistons","BAL","Bullets",0,1,0,0,0,0,0,0,0,0,0],"25100264":[76311,"0025100264","02/18/1952","MIH","Hawks","BOS","Celtics",0,10,0,0,0,0,0,0,0,0,0],"25100021":[76311,"0025100021","11/09/1951","FTW","Pistons","INO","Olympians",0,7,0,0,0,0,0,0,0,0,0],"25100268":[76311,"0025100268","02/20/1952","MIH","Hawks","INO","Olympians",0,7,0,0,0,0,0,0,0,0,0],"25100009":[76311,"0025100009","11/01/1951","FTW","Pistons","SYR","Nationals",0,5,0,0,0,0,0,0,0,0,0],"25100280":[76311,"0025100280","02/24/1952","MIH","Hawks","PHW","Warriors",0,4,0,0,0,0,0,0,0,0,0],"25100285":[76311,"0025100285","02/26/1952","MIH","Hawks","ROC","Royals",0,3,0,0,0,0,0,0,0,0,0],"25100253":[76311,"0025100253","02/14/1952","MIH","Hawks","MNL","Lakers",0,9,0,0,0,0,0,0,0,0,0],"25100029":[76311,"0025100029","11/11/1951","FTW","Pistons","MIH","Hawks",0,5,0,0,0,0,0,0,0,0,0]},"data":[28.0,41,null,12.5,1.0,3.8,0.269,null,null,null,0.6,1.0,0.667,null,null,2.4,0.7,null,null,null,1.2,2.7],"rank":{"PerGame":[null,null,null,null,null,null,null,null,null,null,null,null,null,null,null,null,null,null,null],"Totals":[92,96,95,null,null,null,null,95,95,null,null,null,88,99,null,null,null,98,10]},"team":"MIH"},"1950":{"GameList":{"25000012":[76311,"0025000012","11/04/1950","FTW","Pistons","ROC","Royals",0,4,0,0,0,0,0,0,0,0,0],"25000118":[76311,"0025000118","12/14/1950","FTW","Pistons","PHW","Warriors",0,0,0,0,0,0,0,0,0,0,0],"25000031":[76311,"0025000031","11/12/1950","FTW","Pistons","WAS","Capitols",0,3,0,0,0,0,0,0,0,0,0],"25000274":[76311,"0025000274","02/14/1951","FTW","Pistons","SYR","Nationals",0,0,0,0,0,0,0,0,0,0,0],"25000136":[76311,"0025000136","12/21/1950","FTW","Pistons","SYR","Nationals",0,4,0,0,0,0,0,0,0,0,0],"25000272":[76311,"0025000272","02/13/1951","FTW","Pistons","INO","Olympians",0,3,0,0,0,0,0,0,0,0,0],"25000093":[76311,"0025000093","12/03/1950","FTW","Pistons","ROC","Royals",0,6,0,0,0,0,0,0,0,0,0],"25000212":[76311,"0025000212","01/21/1951","FTW","Pistons","BOS","Celtics",0,0,0,0,0,0,0,0,0,0,0],"25000210":[76311,"0025000210","01/20/1951","FTW","Pistons","MNL","Lakers",0,1,0,0,0,0,0,0,0,0,0],"25000096":[76311,"0025000096","12/06/1950","FTW","Pistons","PHW","Warriors",0,11,0,0,0,0,0,0,0,0,0],"25000048":[76311,"0025000048","11/18/1950","FTW","Pistons","WAS","Capitols",0,4,0,0,0,0,0,0,0,0,0],"25000020":[76311,"0025000020","11/08/1950","FTW","Pistons","TCB","Blackhawks",0,1,0,0,0,0,0,0,0,0,0],"25000026":[76311,"0025000026","11/11/1950","FTW","Pistons","BAL","Bullets",0,2,0,0,0,0,0,0,0,0,0],"25000109":[76311,"0025000109","12/10/1950","FTW","Pistons","WAS","Capitols",0,7,0,0,0,0,0,0,0,0,0],"25000007":[76311,"0025000007","11/02/1950","FTW","Pistons","SYR","Nationals",0,1,0,0,0,0,0,0,0,0,0],"25000247":[76311,"0025000247","02/04/1951","FTW","Pistons","BAL","Bullets",0,0,0,0,0,0,0,0,0,0,0],"25000240":[76311,"0025000240","02/01/1951","FTW","Pistons","TCB","Blackhawks",0,2,0,0,0,0,0,0,0,0,0],"25000266":[76311,"0025000266","02/11/1951","FTW","Pistons","NYK","Knicks",0,9,0,0,0,0,0,0,0,0,0],"25000265":[76311,"0025000265","02/10/1951","FTW","Pistons","NYK","Knicks",0,1,0,0,0,0,0,0,0,0,0],"25000123":[76311,"0025000123","12/16/1950","FTW","Pistons","NYK","Knicks",0,0,0,0,0,0,0,0,0,0,0],"25000222":[76311,"0025000222","01/25/1951","FTW","Pistons","BOS","Celtics",0,0,0,0,0,0,0,0,0,0,0],"25000226":[76311,"0025000226","01/27/1951","FTW","Pistons","BAL","Bullets",0,0,0,0,0,0,0,0,0,0,0],"25000140":[76311,"0025000140","12/23/1950","FTW","Pistons","ROC","Royals",0,0,0,0,0,0,0,0,0,0,0],"25000195":[76311,"0025000195","01/13/1951","FTW","Pistons","ROC","Royals",0,11,0,0,0,0,0,0,0,0,0],"25000197":[76311,"0025000197","01/14/1951","FTW","Pistons","TCB","Blackhawks",0,3,0,0,0,0,0,0,0,0,0],"25000074":[76311,"0025000074","11/26/1950","FTW","Pistons","INO","Olympians",0,0,0,0,0,0,0,0,0,0,0],"25000192":[76311,"0025000192","01/12/1951","FTW","Pistons","INO","Olympians",0,0,0,0,0,0,0,0,0,0,0]},"data":[27.0,33,null,null,0.8,3.4,0.248,null,null,null,0.6,1.1,0.583,null,null,3.2,0.8,null,null,null,1.5,2.3],"rank":{},"team":"FTW"}},"headerData":["PLAYER_AGE","GP","GS","MIN","FGM","FGA","FG_PCT","FG3M","FG3A","FG3_PCT","FTM","FTA","FT_PCT","OREB","DREB","REB","AST","STL","BLK","TOV","PF","PTS"],"PostSeason":{}}}