{"info":{"FIRST_NAME":"Art","LAST_NAME":"Stolkey","WEIGHT":"180","COUNTRY":"USA","SCHOOL":"Detroit Mercy","BIRTHDATE":"1920-10-23T00:00:00","HEIGHT":"6-1","TO_YEAR":1946,"DLEAGUE":"N","FROM_YEAR":1946,"TEAM":"DEF","PERSON_ID":78266,"SEASON_EXP":0,"POSITION":"Guard","ROSTERSTATUS":"Active","ALL_STAR":0,"PIE":0,"JERSEY":""},"career":{"header":["MIN","FGM","FGA","FG_PCT","FG3M","FG3A","FG3_PCT","FTM","FTA","FT_PCT","OREB","DREB","REB","AST","STL","BLK","TOV","PF","PTS"],"RegularSeason":{"PerGame":[null,1.6,7.1,0.22,null,null,null,1.3,1.9,0.682,null,null,null,1.7,null,null,null,3.1,4.4],"GS":null,"GP":23},"PostSeason":{}},"season":{"headerRank":["RANK_PG_MIN","RANK_PG_FGM","RANK_PG_FGA","RANK_FG_PCT","RANK_PG_FG3M","RANK_PG_FG3A","RANK_FG3_PCT","RANK_PG_FTM","RANK_PG_FTA","RANK_FT_PCT","RANK_PG_OREB","RANK_PG_DREB","RANK_PG_REB","RANK_PG_AST","RANK_PG_STL","RANK_PG_BLK","RANK_PG_TOV","RANK_PG_PTS","RANK_PG_EFF"],"headerGame":["PLAYER_ID","SEASON_YEAR","TOV","PTS","FGM","FG3M","FG3A","PF","BLK","STL","AST","REB"],"RegularSeason":{"1946":{"GameList":{"24600223":[78266,"0024600223","02/12/1947","DEF","Falcons","PRO","Steamrollers",0,10,0,0,0,0,0,0,0,0,0],"24600265":[78266,"0024600265","03/01/1947","DEF","Falcons","PRO","Steamrollers",0,8,0,0,0,0,0,0,0,0,0],"24600240":[78266,"0024600240","02/19/1947","DEF","Falcons","BOS","Celtics",0,0,0,0,0,0,0,0,0,0,0],"24600241":[78266,"0024600241","02/20/1947","DEF","Falcons","CHS","Stags",0,0,0,0,0,0,0,0,0,0,0],"24600299":[78266,"0024600299","03/16/1947","DEF","Falcons","PHW","Warriors",0,5,0,0,0,0,0,0,0,0,0],"24600311":[78266,"0024600311","03/22/1947","DEF","Falcons","PIT","Ironmen",0,0,0,0,0,0,0,0,0,0,0],"24600314":[78266,"0024600314","03/23/1947","DEF","Falcons","CLR","Rebels",0,2,0,0,0,0,0,0,0,0,0],"24600216":[78266,"0024600216","02/09/1947","DEF","Falcons","CLR","Rebels",0,8,0,0,0,0,0,0,0,0,0],"24600213":[78266,"0024600213","02/08/1947","DEF","Falcons","PIT","Ironmen",0,3,0,0,0,0,0,0,0,0,0],"24600235":[78266,"0024600235","02/17/1947","DEF","Falcons","PIT","Ironmen",0,1,0,0,0,0,0,0,0,0,0],"24600234":[78266,"0024600234","02/16/1947","DEF","Falcons","NYK","Knicks",0,5,0,0,0,0,0,0,0,0,0],"24600258":[78266,"0024600258","02/26/1947","DEF","Falcons","CHS","Stags",0,12,0,0,0,0,0,0,0,0,0],"24600277":[78266,"0024600277","03/06/1947","DEF","Falcons","BOS","Celtics",0,3,0,0,0,0,0,0,0,0,0],"24600274":[78266,"0024600274","03/05/1947","DEF","Falcons","WAS","Capitols",0,2,0,0,0,0,0,0,0,0,0],"24600253":[78266,"0024600253","02/23/1947","DEF","Falcons","HUS","Huskies",0,5,0,0,0,0,0,0,0,0,0],"24600283":[78266,"0024600283","03/08/1947","DEF","Falcons","NYK","Knicks",0,9,0,0,0,0,0,0,0,0,0],"24600321":[78266,"0024600321","03/26/1947","DEF","Falcons","BOM","Bombers",0,4,0,0,0,0,0,0,0,0,0],"24600289":[78266,"0024600289","03/12/1947","DEF","Falcons","CLR","Rebels",0,6,0,0,0,0,0,0,0,0,0],"24600327":[78266,"0024600327","03/29/1947","DEF","Falcons","HUS","Huskies",0,3,0,0,0,0,0,0,0,0,0],"24600301":[78266,"0024600301","03/18/1947","DEF","Falcons","BOM","Bombers",0,3,0,0,0,0,0,0,0,0,0],"24600306":[78266,"0024600306","03/20/1947","DEF","Falcons","PHW","Warriors",0,7,0,0,0,0,0,0,0,0,0],"24600201":[78266,"0024600201","02/02/1947","DEF","Falcons","NYK","Knicks",0,2,0,0,0,0,0,0,0,0,0],"24600206":[78266,"0024600206","02/05/1947","DEF","Falcons","WAS","Capitols",0,6,0,0,0,0,0,0,0,0,0]},"data":[26.0,23,null,null,1.6,7.1,0.22,null,null,null,1.3,1.9,0.682,null,null,null,1.7,null,null,null,3.1,4.4],"rank":{},"team":"DEF"}},"headerData":["PLAYER_AGE","GP","GS","MIN","FGM","FGA","FG_PCT","FG3M","FG3A","FG3_PCT","FTM","FTA","FT_PCT","OREB","DREB","REB","AST","STL","BLK","TOV","PF","PTS"],"PostSeason":{}}}