{"info":{"FIRST_NAME":"Arvid","LAST_NAME":"Kramer","WEIGHT":"220","COUNTRY":"USA","SCHOOL":"Augustana (SD)","BIRTHDATE":"1956-10-02T00:00:00","HEIGHT":"6-9","TO_YEAR":1979,"DLEAGUE":"N","FROM_YEAR":1979,"TEAM":"DEN","PERSON_ID":77306,"SEASON_EXP":0,"POSITION":"Center","ROSTERSTATUS":"Active","ALL_STAR":0,"PIE":0,"JERSEY":"41"},"career":{"header":["MIN","FGM","FGA","FG_PCT","FG3M","FG3A","FG3_PCT","FTM","FTA","FT_PCT","OREB","DREB","REB","AST","STL","BLK","TOV","PF","PTS"],"RegularSeason":{"PerGame":[5.6,0.9,2.8,0.318,0.0,0.0,0.0,0.3,0.3,1.0,0.8,0.8,1.5,0.4,0.0,0.6,0.6,1.0,2.0],"GS":null,"GP":8},"PostSeason":{}},"season":{"headerRank":["RANK_PG_MIN","RANK_PG_FGM","RANK_PG_FGA","RANK_FG_PCT","RANK_PG_FG3M","RANK_PG_FG3A","RANK_FG3_PCT","RANK_PG_FTM","RANK_PG_FTA","RANK_FT_PCT","RANK_PG_OREB","RANK_PG_DREB","RANK_PG_REB","RANK_PG_AST","RANK_PG_STL","RANK_PG_BLK","RANK_PG_TOV","RANK_PG_PTS","RANK_PG_EFF"],"headerGame":["PLAYER_ID","SEASON_YEAR","TOV","PTS","FGM","FG3M","FG3A","PF","BLK","STL","AST","REB"],"RegularSeason":{"1979":{"GameList":{"27900734":[77306,"0027900734","03/02/1980","DEN","Nuggets","ATL","Hawks",0,0,0,0,0,0,0,0,0,0,0],"27900844":[77306,"0027900844","03/21/1980","DEN","Nuggets","CHI","Bulls",0,0,0,0,0,0,0,0,0,0,0],"27900811":[77306,"0027900811","03/16/1980","DEN","Nuggets","SDC","Clippers",0,10,0,0,0,0,0,0,0,0,0],"27900798":[77306,"0027900798","03/14/1980","DEN","Nuggets","LAL","Lakers",0,4,0,0,0,0,0,0,0,0,0],"27900788":[77306,"0027900788","03/11/1980","DEN","Nuggets","GOS","Warriors",0,0,0,0,0,0,0,0,0,0,0],"27900797":[77306,"0027900797","03/13/1980","DEN","Nuggets","SDC","Clippers",0,0,0,0,0,0,0,0,0,0,0],"27900837":[77306,"0027900837","03/20/1980","DEN","Nuggets","KCK","Kings",0,2,0,0,0,0,0,0,0,0,0],"27900771":[77306,"0027900771","03/08/1980","DEN","Nuggets","SEA","SuperSonics",0,0,0,0,0,0,0,0,0,0,0]},"data":[23.0,8,null,5.6,0.9,2.8,0.318,0.0,0.0,null,0.3,0.3,1.0,0.8,0.8,1.5,0.4,0.0,0.6,0.6,1.0,2.0],"rank":{"PerGame":[null,null,null,null,null,null,null,null,null,null,null,null,null,null,null,null,null,null,null],"Totals":[279,273,274,null,151,229,null,277,278,null,260,274,271,273,280,216,273,275,273]},"team":"DEN"}},"headerData":["PLAYER_AGE","GP","GS","MIN","FGM","FGA","FG_PCT","FG3M","FG3A","FG3_PCT","FTM","FTA","FT_PCT","OREB","DREB","REB","AST","STL","BLK","TOV","PF","PTS"],"PostSeason":{}}}