{"info":{"FIRST_NAME":"Arvydas","LAST_NAME":"Macijauskas","WEIGHT":"214","COUNTRY":"Lithuania","SCHOOL":"Lithuania","BIRTHDATE":"1980-01-19T00:00:00","HEIGHT":"6-4","TO_YEAR":2005,"DLEAGUE":"N","FROM_YEAR":2005,"TEAM":"NOK","PERSON_ID":101178,"SEASON_EXP":0,"POSITION":"Guard","ROSTERSTATUS":"Active","ALL_STAR":0,"PIE":0,"JERSEY":"6"},"career":{"header":["MIN","FGM","FGA","FG_PCT","FG3M","FG3A","FG3_PCT","FTM","FTA","FT_PCT","OREB","DREB","REB","AST","STL","BLK","TOV","PF","PTS"],"RegularSeason":{"PerGame":[7.1,0.7,2.2,0.341,0.2,0.6,0.25,0.7,0.8,0.867,0.2,0.4,0.5,0.3,0.4,0.0,0.4,0.5,2.3],"GS":0,"GP":19},"PostSeason":{}},"season":{"headerRank":["RANK_PG_MIN","RANK_PG_FGM","RANK_PG_FGA","RANK_FG_PCT","RANK_PG_FG3M","RANK_PG_FG3A","RANK_FG3_PCT","RANK_PG_FTM","RANK_PG_FTA","RANK_FT_PCT","RANK_PG_OREB","RANK_PG_DREB","RANK_PG_REB","RANK_PG_AST","RANK_PG_STL","RANK_PG_BLK","RANK_PG_TOV","RANK_PG_PTS","RANK_PG_EFF"],"headerGame":["PLAYER_ID","GAME_ID","GAME_DATE","TEAM_ABBREVIATION","TEAM_NAME","VS_TEAM_ABBREVIATION","VS_TEAM_NAME","TOV","PTS","FGM","FGA","FG3M","FG3A","PF","BLK","STL","AST","REB"],"RegularSeason":{"2005":{"shotchart":{"Averages":{"header":["SHOT_ZONE_BASIC","SHOT_ZONE_AREA","SHOT_ZONE_RANGE","FGA","FGM","FG_PCT"],"row":[["Above the Break 3","Back Court(BC)","Back Court Shot",110,3,0.027],["Above the Break 3","Center(C)","24+ ft.",6026,2107,0.35],["Above the Break 3","Left Side Center(LC)","24+ ft.",10936,3868,0.354],["Above the Break 3","Right Side Center(RC)","24+ ft.",10744,3774,0.351],["Backcourt","Back Court(BC)","Back Court Shot",371,9,0.024],["In The Paint (Non-RA)","Center(C)","8-16 ft.",5007,2063,0.412],["In The Paint (Non-RA)","Center(C)","Less Than 8 ft.",16599,6703,0.404],["In The Paint (Non-RA)","Left Side(L)","8-16 ft.",1802,737,0.409],["In The Paint (Non-RA)","Right Side(R)","8-16 ft.",1699,664,0.391],["Left Corner 3","Left Side(L)","24+ ft.",5668,2184,0.385],["Mid-Range","Center(C)","16-24 ft.",6981,2746,0.393],["Mid-Range","Center(C)","8-16 ft.",1767,756,0.428],["Mid-Range","Left Side Center(LC)","16-24 ft.",9926,4102,0.413],["Mid-Range","Left Side(L)","16-24 ft.",9829,3960,0.403],["Mid-Range","Left Side(L)","8-16 ft.",10072,3876,0.385],["Mid-Range","Right Side Center(RC)","16-24 ft.",10594,4246,0.401],["Mid-Range","Right Side(R)","16-24 ft.",8627,3536,0.41],["Mid-Range","Right Side(R)","8-16 ft.",9130,3405,0.373],["Restricted Area","Center(C)","Less Than 8 ft.",63017,37304,0.592],["Right Corner 3","Right Side(R)","24+ ft.",5409,2123,0.392]]},"Details":{"header":["GAME_ID","GAME_EVENT_ID","PERIOD","MINUTES_REMAINING","SECONDS_REMAINING","EVENT_TYPE","ACTION_TYPE","SHOT_TYPE","SHOT_ZONE_BASIC","SHOT_ZONE_AREA","SHOT_ZONE_RANGE","SHOT_DISTANCE","LOC_X","LOC_Y","SHOT_ATTEMPTED_FLAG","SHOT_MADE_FLAG"],"row":[["0020500006",417,4,5,24,"Missed Shot","Jump Shot","3PT Field Goal","Above the Break 3","Left Side Center(LC)","24+ ft.",24,-87,229,1,0],["0020500006",431,4,4,12,"Missed Shot","Running Jump Shot","2PT Field Goal","In The Paint (Non-RA)","Center(C)","Less Than 8 ft.",6,20,59,1,0],["0020500124",124,2,10,4,"Missed Shot","Jump Shot","3PT Field Goal","Above the Break 3","Right Side Center(RC)","24+ ft.",24,158,184,1,0],["0020500124",129,2,9,28,"Made Shot","Driving Layup Shot","2PT Field Goal","Restricted Area","Center(C)","Less Than 8 ft.",0,0,0,1,1],["0020500124",132,2,8,49,"Made Shot","Driving Layup Shot","2PT Field Goal","Restricted Area","Center(C)","Less Than 8 ft.",0,0,0,1,1],["0020500124",147,2,8,3,"Missed Shot","Jump Shot","2PT Field Goal","Mid-Range","Right Side(R)","8-16 ft.",12,85,95,1,0],["0020500235",460,4,0,44,"Made Shot","Jump Bank Shot","2PT Field Goal","Mid-Range","Right Side(R)","8-16 ft.",14,125,82,1,1],["0020500252",430,4,2,46,"Missed Shot","Jump Shot","2PT Field Goal","Mid-Range","Right Side Center(RC)","16-24 ft.",22,118,186,1,0],["0020500252",439,4,1,24,"Missed Shot","Jump Shot","3PT Field Goal","Above the Break 3","Left Side Center(LC)","24+ ft.",24,-120,214,1,0],["0020500366",378,4,7,6,"Made Shot","Running Jump Shot","2PT Field Goal","In The Paint (Non-RA)","Center(C)","8-16 ft.",8,29,81,1,1],["0020500366",401,4,4,58,"Made Shot","Driving Layup Shot","2PT Field Goal","Restricted Area","Center(C)","Less Than 8 ft.",0,0,0,1,1],["0020500366",403,4,4,15,"Missed Shot","Jump Shot","2PT Field Goal","Mid-Range","Right Side Center(RC)","16-24 ft.",18,74,169,1,0],["0020500415",352,4,7,46,"Missed Shot","Jump Shot","3PT Field Goal","Right Corner 3","Right Side(R)","24+ ft.",22,228,10,1,0],["0020500415",393,4,2,26,"Made Shot","Jump Shot","3PT Field Goal","Left Corner 3","Left Side(L)","24+ ft.",22,-228,2,1,1],["0020500415",399,4,0,47,"Missed Shot","Jump Shot","2PT Field Goal","Mid-Range","Right Side Center(RC)","16-24 ft.",18,140,115,1,0],["0020500415",401,4,0,43,"Made Shot","Jump Shot","2PT Field Goal","Mid-Range","Right Side(R)","16-24 ft.",21,212,3,1,1],["0020500473",154,2,7,46,"Missed Shot","Jump Shot","2PT Field Goal","Mid-Range","Right Side(R)","8-16 ft.",10,105,0,1,0],["0020500473",171,2,6,7,"Missed Shot","Layup Shot","2PT Field Goal","Restricted Area","Center(C)","Less Than 8 ft.",0,0,0,1,0],["0020500473",275,3,5,54,"Missed Shot","Jump Shot","2PT Field Goal","Mid-Range","Right Side(R)","8-16 ft.",14,148,2,1,0],["0020500473",294,3,4,29,"Made Shot","Jump Shot","3PT Field Goal","Right Corner 3","Right Side(R)","24+ ft.",24,233,87,1,1],["0020500473",297,3,3,59,"Missed Shot","Jump Shot","3PT Field Goal","Above the Break 3","Center(C)","24+ ft.",25,54,250,1,0],["0020500473",375,4,8,52,"Missed Shot","Jump Shot","2PT Field Goal","Mid-Range","Right Side(R)","8-16 ft.",15,158,18,1,0],["0020500473",442,4,1,58,"Missed Shot","Jump Shot","2PT Field Goal","In The Paint (Non-RA)","Center(C)","Less Than 8 ft.",6,-57,22,1,0],["0020500593",425,4,4,5,"Made Shot","Layup Shot","2PT Field Goal","Restricted Area","Center(C)","Less Than 8 ft.",0,-3,-3,1,1],["0020500609",476,4,0,30,"Missed Shot","Jump Shot","3PT Field Goal","Above the Break 3","Center(C)","24+ ft.",24,72,229,1,0],["0020500781",411,4,4,59,"Missed Shot","Jump Shot","2PT Field Goal","Mid-Range","Left Side(L)","16-24 ft.",21,-204,53,1,0],["0020500781",422,4,3,36,"Made Shot","Jump Shot","2PT Field Goal","Mid-Range","Center(C)","16-24 ft.",18,-46,184,1,1],["0020500781",425,4,3,7,"Missed Shot","Jump Shot","2PT Field Goal","Mid-Range","Left Side(L)","16-24 ft.",18,-187,7,1,0],["0020500781",452,4,0,25,"Made Shot","Reverse Layup Shot","2PT Field Goal","Restricted Area","Center(C)","Less Than 8 ft.",2,0,22,1,1],["0020500853",416,4,2,35,"Missed Shot","Jump Shot","2PT Field Goal","Mid-Range","Left Side(L)","16-24 ft.",21,-189,99,1,0],["0020501045",433,4,3,25,"Missed Shot","Jump Shot","2PT Field Goal","Mid-Range","Left Side(L)","16-24 ft.",16,-169,7,1,0],["0020501045",460,4,0,33,"Missed Shot","Jump Shot","2PT Field Goal","Mid-Range","Right Side Center(RC)","16-24 ft.",21,140,164,1,0],["0020501210",167,2,4,44,"Made Shot","Jump Shot","3PT Field Goal","Above the Break 3","Right Side Center(RC)","24+ ft.",27,181,201,1,1],["0020501210",196,2,1,17,"Missed Shot","Jump Shot","2PT Field Goal","Mid-Range","Left Side(L)","16-24 ft.",17,-156,74,1,0],["0020501210",390,4,3,14,"Missed Shot","Jump Shot","2PT Field Goal","Mid-Range","Right Side Center(RC)","16-24 ft.",20,103,174,1,0],["0020501210",408,4,1,44,"Made Shot","Jump Shot","2PT Field Goal","Mid-Range","Right Side Center(RC)","16-24 ft.",21,115,187,1,1],["0020501210",412,4,0,50,"Missed Shot","Jump Shot","3PT Field Goal","Above the Break 3","Center(C)","24+ ft.",27,-80,260,1,0],["0020501229",362,4,11,5,"Missed Shot","Jump Shot","3PT Field Goal","Above the Break 3","Right Side Center(RC)","24+ ft.",26,184,186,1,0],["0020501229",371,4,10,21,"Missed Shot","Jump Shot","3PT Field Goal","Above the Break 3","Left Side Center(LC)","24+ ft.",25,-171,183,1,0],["0020501229",400,4,6,59,"Missed Shot","Jump Shot","2PT Field Goal","Mid-Range","Left Side(L)","16-24 ft.",16,-159,46,1,0],["0020501229",432,4,2,59,"Made Shot","Layup Shot","2PT Field Goal","Restricted Area","Center(C)","Less Than 8 ft.",0,0,0,1,1]]}},"GameList":{"20500609":[101178,"0020500609","01/25/2006","NOK","Hornets","SAS","Spurs",0,0,0,1,0,1,1,0,1,0,0],"20500518":[101178,"0020500518","01/13/2006","NOK","Hornets","SAC","Kings",1,0,0,0,0,0,1,0,0,0,0],"20500112":[101178,"0020500112","11/16/2005","NOK","Hornets","DEN","Nuggets",0,0,0,0,0,0,0,0,0,0,0],"20500235":[101178,"0020500235","12/03/2005","NOK","Hornets","DAL","Mavericks",0,2,1,1,0,0,0,0,0,0,0],"20500366":[101178,"0020500366","12/21/2005","NOK","Hornets","MIN","Timberwolves",1,6,2,3,0,0,1,0,0,0,0],"20500781":[101178,"0020500781","02/21/2006","NOK","Hornets","IND","Pacers",1,4,2,4,0,0,0,0,1,0,0],"20500025":[101178,"0020500025","11/01/2005","NOK","Hornets","SAC","Kings",0,2,0,0,0,0,0,0,0,0,0],"20501229":[101178,"0020501229","04/19/2006","NOK","Hornets","LAL","Lakers",0,4,1,4,0,2,0,0,0,2,1],"20500538":[101178,"0020500538","01/16/2006","NOK","Hornets","CHA","Bobcats",0,0,0,0,0,0,0,0,0,0,0],"20500252":[101178,"0020500252","12/06/2005","NOK","Hornets","MEM","Grizzlies",0,0,0,2,0,1,1,0,0,0,0],"20500451":[101178,"0020500451","01/04/2006","NOK","Hornets","MIA","Heat",0,0,0,0,0,0,0,0,0,0,0],"20500853":[101178,"0020500853","03/01/2006","NOK","Hornets","LAC","Clippers",0,0,0,1,0,0,1,0,0,0,1],"20501045":[101178,"0020501045","03/27/2006","NOK","Hornets","UTA","Jazz",0,0,0,2,0,0,0,0,0,0,0],"20500593":[101178,"0020500593","01/23/2006","NOK","Hornets","BOS","Celtics",0,2,1,1,0,0,1,0,1,0,1],"20501210":[101178,"0020501210","04/17/2006","NOK","Hornets","PHX","Suns",1,7,2,5,1,2,0,0,1,1,0],"20500006":[101178,"0020500006","11/02/2005","NOK","Hornets","CLE","Cavaliers",0,0,0,2,0,1,0,0,0,0,1],"20500415":[101178,"0020500415","12/29/2005","NOK","Hornets","SAS","Spurs",3,5,2,4,1,2,0,0,2,1,2],"20500124":[101178,"0020500124","11/18/2005","NOK","Hornets","ATL","Hawks",0,4,2,4,0,1,2,0,0,0,1],"20500473":[101178,"0020500473","01/07/2006","NOK","Hornets","ATL","Hawks",1,8,1,7,1,2,2,0,1,1,3]},"data":[26.0,19,0,7.1,0.7,2.2,0.341,0.2,0.6,0.25,0.7,0.8,0.867,0.2,0.4,0.5,0.3,0.4,0.0,0.4,0.5,2.3],"rank":{"PerGame":[null,null,null,null,null,null,null,null,null,null,null,null,null,null,null,null,null,null,null],"Totals":[407,409,401,null,239,254,null,363,379,null,411,431,430,405,361,415,398,403,420]},"team":"NOK"}},"headerData":["PLAYER_AGE","GP","GS","MIN","FGM","FGA","FG_PCT","FG3M","FG3A","FG3_PCT","FTM","FTA","FT_PCT","OREB","DREB","REB","AST","STL","BLK","TOV","PF","PTS"],"PostSeason":{}}}