{"info":{"FIRST_NAME":"Audley","LAST_NAME":"Brindley","WEIGHT":"175","COUNTRY":"USA","SCHOOL":"Dartmouth","BIRTHDATE":"1923-12-31T00:00:00","HEIGHT":"6-4","TO_YEAR":1946,"DLEAGUE":"N","FROM_YEAR":1946,"TEAM":"NYK","PERSON_ID":76255,"SEASON_EXP":0,"POSITION":"Forward","ROSTERSTATUS":"Active","ALL_STAR":0,"PIE":0,"JERSEY":"12-15"},"career":{"header":["MIN","FGM","FGA","FG_PCT","FG3M","FG3A","FG3_PCT","FTM","FTA","FT_PCT","OREB","DREB","REB","AST","STL","BLK","TOV","PF","PTS"],"RegularSeason":{"PerGame":[null,1.2,4.1,0.286,null,null,null,0.5,0.6,0.857,null,null,null,0.1,null,null,null,1.3,2.8],"GS":null,"GP":12},"PostSeason":{"PerGame":[null,1.0,2.0,0.5,null,null,null,1.3,2.0,0.667,null,null,null,0.0,null,null,null,1.3,3.3],"GS":null,"GP":3}},"season":{"headerRank":["RANK_PG_MIN","RANK_PG_FGM","RANK_PG_FGA","RANK_FG_PCT","RANK_PG_FG3M","RANK_PG_FG3A","RANK_FG3_PCT","RANK_PG_FTM","RANK_PG_FTA","RANK_FT_PCT","RANK_PG_OREB","RANK_PG_DREB","RANK_PG_REB","RANK_PG_AST","RANK_PG_STL","RANK_PG_BLK","RANK_PG_TOV","RANK_PG_PTS","RANK_PG_EFF"],"headerGame":["PLAYER_ID","SEASON_YEAR","TOV","PTS","FGM","FG3M","FG3A","PF","BLK","STL","AST","REB"],"RegularSeason":{"1946":{"GameList":{"24600329":[76255,"0024600329","03/30/1947","NYK","Knicks","PHW","Warriors",0,1,0,0,0,0,0,0,0,0,0],"24600250":[76255,"0024600250","02/23/1947","NYK","Knicks","CHS","Stags",0,1,0,0,0,0,0,0,0,0,0],"24600296":[76255,"0024600296","03/14/1947","NYK","Knicks","WAS","Capitols",0,6,0,0,0,0,0,0,0,0,0],"24600260":[76255,"0024600260","02/26/1947","NYK","Knicks","WAS","Capitols",0,6,0,0,0,0,0,0,0,0,0],"24600324":[76255,"0024600324","03/28/1947","NYK","Knicks","HUS","Huskies",0,12,0,0,0,0,0,0,0,0,0],"24600238":[76255,"0024600238","02/19/1947","NYK","Knicks","PRO","Steamrollers",0,0,0,0,0,0,0,0,0,0,0],"24600278":[76255,"0024600278","03/06/1947","NYK","Knicks","PHW","Warriors",0,0,0,0,0,0,0,0,0,0,0],"24600308":[76255,"0024600308","03/20/1947","NYK","Knicks","BOM","Bombers",0,4,0,0,0,0,0,0,0,0,0],"24600267":[76255,"0024600267","03/01/1947","NYK","Knicks","HUS","Huskies",0,4,0,0,0,0,0,0,0,0,0]},"data":[23.0,12,null,null,1.2,4.1,0.286,null,null,null,0.5,0.6,0.857,null,null,null,0.1,null,null,null,1.3,2.8],"rank":{},"team":"NYK"}},"headerData":["PLAYER_AGE","GP","GS","MIN","FGM","FGA","FG_PCT","FG3M","FG3A","FG3_PCT","FTM","FTA","FT_PCT","OREB","DREB","REB","AST","STL","BLK","TOV","PF","PTS"],"PostSeason":{"1946":{"GameList":{"44600212":[76255,"0044600212","04/14/1947","NYK","Knicks","PHW","Warriors",0,5,0,0,0,0,0,0,0,0,0],"44601023":[76255,"0044601023","04/09/1947","NYK","Knicks","CLR","Rebels",0,3,0,0,0,0,0,0,0,0,0],"44601021":[76255,"0044601021","04/02/1947","NYK","Knicks","CLR","Rebels",0,2,0,0,0,0,0,0,0,0,0]},"data":[23.0,3,null,null,1.0,2.0,0.5,null,null,null,1.3,2.0,0.667,null,null,null,0.0,null,null,null,1.3,3.3],"rank":{},"team":"NYK"}}}}