{"info":{"FIRST_NAME":"Alvin","LAST_NAME":"Holt","WEIGHT":"210","COUNTRY":"USA","SCHOOL":"Jackson State","BIRTHDATE":"1946-08-26T00:00:00","HEIGHT":"6-7","TO_YEAR":1970,"DLEAGUE":"N","FROM_YEAR":1970,"TEAM":"CHI","PERSON_ID":77046,"SEASON_EXP":0,"POSITION":"Forward","ROSTERSTATUS":"Active","ALL_STAR":0,"PIE":0,"JERSEY":"6"},"career":{"header":["MIN","FGM","FGA","FG_PCT","FG3M","FG3A","FG3_PCT","FTM","FTA","FT_PCT","OREB","DREB","REB","AST","STL","BLK","TOV","PF","PTS"],"RegularSeason":{"PerGame":[2.3,0.2,1.3,0.125,null,null,null,0.3,0.5,0.667,null,null,0.7,0.0,null,null,null,0.2,0.7],"GS":null,"GP":6},"PostSeason":{}},"season":{"headerRank":["RANK_PG_MIN","RANK_PG_FGM","RANK_PG_FGA","RANK_FG_PCT","RANK_PG_FG3M","RANK_PG_FG3A","RANK_FG3_PCT","RANK_PG_FTM","RANK_PG_FTA","RANK_FT_PCT","RANK_PG_OREB","RANK_PG_DREB","RANK_PG_REB","RANK_PG_AST","RANK_PG_STL","RANK_PG_BLK","RANK_PG_TOV","RANK_PG_PTS","RANK_PG_EFF"],"headerGame":["PLAYER_ID","SEASON_YEAR","TOV","PTS","FGM","FG3M","FG3A","PF","BLK","STL","AST","REB"],"RegularSeason":{"1970":{"GameList":{"27000189":[77046,"0027000189","11/27/1970","CHI","Bulls","BUF","Braves",0,0,0,0,0,0,0,0,0,0,0],"27000050":[77046,"0027000050","10/25/1970","CHI","Bulls","POR","Trail Blazers",0,0,0,0,0,0,0,0,0,0,0],"27000131":[77046,"0027000131","11/14/1970","CHI","Bulls","ATL","Hawks",0,0,0,0,0,0,0,0,0,0,0],"27000147":[77046,"0027000147","11/18/1970","CHI","Bulls","CIN","Royals",0,2,0,0,0,0,0,0,0,0,0],"27000718":[77046,"0027000718","11/13/1970","CHI","Bulls","NYK","Knicks",0,2,0,0,0,0,0,0,0,0,0],"27000101":[77046,"0027000101","11/07/1970","CHI","Bulls","DET","Pistons",0,0,0,0,0,0,0,0,0,0,0]},"data":[24.0,6,null,2.3,0.2,1.3,0.125,null,null,null,0.3,0.5,0.667,null,null,0.7,0.0,null,null,null,0.2,0.7],"rank":{"PerGame":[null,null,null,null,null,null,null,null,null,null,null,null,null,null,null,null,null,null,null],"Totals":[211,212,210,null,null,null,null,211,210,null,null,null,211,213,null,null,null,213,1]},"team":"CHI"}},"headerData":["PLAYER_AGE","GP","GS","MIN","FGM","FGA","FG_PCT","FG3M","FG3A","FG3_PCT","FTM","FTA","FT_PCT","OREB","DREB","REB","AST","STL","BLK","TOV","PF","PTS"],"PostSeason":{}}}