{"info":{"FIRST_NAME":"Axel","LAST_NAME":"Toupane","WEIGHT":"210","COUNTRY":"France","SCHOOL":null,"BIRTHDATE":"1992-07-23T00:00:00","HEIGHT":"6-7","TO_YEAR":2015,"DLEAGUE":"Y","FROM_YEAR":2015,"TEAM":"DEN","PERSON_ID":1626253,"SEASON_EXP":1,"POSITION":"Guard-Forward","ROSTERSTATUS":"Active","ALL_STAR":0,"PIE":0,"JERSEY":"6"},"career":{"header":["MIN","FGM","FGA","FG_PCT","FG3M","FG3A","FG3_PCT","FTM","FTA","FT_PCT","OREB","DREB","REB","AST","STL","BLK","TOV","PF","PTS"],"RegularSeason":{"PerGame":[14.5,1.2,3.3,0.357,0.6,1.9,0.325,0.6,0.8,0.765,0.4,1.1,1.5,0.7,0.3,0.3,0.3,1.9,3.6],"GS":0,"GP":21},"PostSeason":{}},"season":{"headerRank":["RANK_PG_MIN","RANK_PG_FGM","RANK_PG_FGA","RANK_FG_PCT","RANK_PG_FG3M","RANK_PG_FG3A","RANK_FG3_PCT","RANK_PG_FTM","RANK_PG_FTA","RANK_FT_PCT","RANK_PG_OREB","RANK_PG_DREB","RANK_PG_REB","RANK_PG_AST","RANK_PG_STL","RANK_PG_BLK","RANK_PG_TOV","RANK_PG_PTS","RANK_PG_EFF"],"headerGame":["PLAYER_ID","GAME_ID","GAME_DATE","TEAM_ABBREVIATION","TEAM_NAME","VS_TEAM_ABBREVIATION","VS_TEAM_NAME","TOV","PTS","FGM","FGA","FG3M","FG3A","PF","BLK","STL","AST","REB"],"RegularSeason":{"2015":{"shotchart":{"Averages":{"header":["SHOT_ZONE_BASIC","SHOT_ZONE_AREA","SHOT_ZONE_RANGE","FGA","FGM","FG_PCT"],"row":[["Above the Break 3","Back Court(BC)","Back Court Shot",59,4,0.068],["Above the Break 3","Center(C)","24+ ft.",10884,3746,0.344],["Above the Break 3","Left Side Center(LC)","24+ ft.",16648,5802,0.349],["Above the Break 3","Right Side Center(RC)","24+ ft.",15837,5597,0.353],["Backcourt","Back Court(BC)","Back Court Shot",440,17,0.039],["In The Paint (Non-RA)","Center(C)","8-16 ft.",6851,2889,0.422],["In The Paint (Non-RA)","Center(C)","Less Than 8 ft.",19352,7561,0.391],["In The Paint (Non-RA)","Left Side(L)","8-16 ft.",2089,842,0.403],["In The Paint (Non-RA)","Right Side(R)","8-16 ft.",1932,799,0.414],["Left Corner 3","Left Side(L)","24+ ft.",7865,2940,0.374],["Mid-Range","Center(C)","16-24 ft.",7324,2897,0.396],["Mid-Range","Center(C)","8-16 ft.",2265,987,0.436],["Mid-Range","Left Side Center(LC)","16-24 ft.",7754,3066,0.395],["Mid-Range","Left Side(L)","16-24 ft.",5452,2173,0.399],["Mid-Range","Left Side(L)","8-16 ft.",7639,3005,0.393],["Mid-Range","Right Side Center(RC)","16-24 ft.",8145,3249,0.399],["Mid-Range","Right Side(R)","16-24 ft.",4924,1996,0.405],["Mid-Range","Right Side(R)","8-16 ft.",7630,3011,0.395],["Restricted Area","Center(C)","Less Than 8 ft.",67444,40634,0.602],["Right Corner 3","Right Side(R)","24+ ft.",7361,2803,0.381]]},"Details":{"header":["GAME_ID","GAME_EVENT_ID","PERIOD","MINUTES_REMAINING","SECONDS_REMAINING","EVENT_TYPE","ACTION_TYPE","SHOT_TYPE","SHOT_ZONE_BASIC","SHOT_ZONE_AREA","SHOT_ZONE_RANGE","SHOT_DISTANCE","LOC_X","LOC_Y","SHOT_ATTEMPTED_FLAG","SHOT_MADE_FLAG"],"row":[["0021500933",149,2,10,46,"Missed Shot","Jump Shot","3PT Field Goal","Left Corner 3","Left Side(L)","24+ ft.",23,-238,-1,1,0],["0021500933",151,2,10,41,"Missed Shot","Cutting Layup Shot","2PT Field Goal","Restricted Area","Center(C)","Less Than 8 ft.",1,10,-1,1,0],["0021500933",441,4,10,14,"Missed Shot","Jump Shot","3PT Field Goal","Right Corner 3","Right Side(R)","24+ ft.",23,235,0,1,0],["0021500933",454,4,9,3,"Missed Shot","Jump Shot","2PT Field Goal","Mid-Range","Right Side(R)","8-16 ft.",14,143,16,1,0],["0021500946",124,2,11,7,"Missed Shot","Jump Shot","3PT Field Goal","Right Corner 3","Right Side(R)","24+ ft.",23,232,11,1,0],["0021500946",133,2,10,0,"Missed Shot","Jump Shot","3PT Field Goal","Left Corner 3","Left Side(L)","24+ ft.",24,-246,11,1,0],["0021500946",373,3,0,29,"Missed Shot","Jump Shot","3PT Field Goal","Left Corner 3","Left Side(L)","24+ ft.",23,-233,23,1,0],["0021500946",376,3,0,18,"Made Shot","Dunk Shot","2PT Field Goal","Restricted Area","Center(C)","Less Than 8 ft.",0,0,1,1,1],["0021500946",412,4,9,25,"Made Shot","Layup Shot","2PT Field Goal","Restricted Area","Center(C)","Less Than 8 ft.",0,9,-1,1,1],["0021500961",165,2,11,45,"Missed Shot","Floating Jump shot","2PT Field Goal","Mid-Range","Right Side(R)","8-16 ft.",9,97,21,1,0],["0021500961",167,2,11,41,"Missed Shot","Putback Layup Shot","2PT Field Goal","Restricted Area","Center(C)","Less Than 8 ft.",1,10,13,1,0],["0021500961",181,2,9,51,"Missed Shot","Jump Shot","3PT Field Goal","Right Corner 3","Right Side(R)","24+ ft.",23,236,21,1,0],["0021500961",189,2,9,27,"Made Shot","Jump Shot","3PT Field Goal","Right Corner 3","Right Side(R)","24+ ft.",23,230,21,1,1],["0021500961",428,3,3,7,"Made Shot","Jump Shot","3PT Field Goal","Right Corner 3","Right Side(R)","24+ ft.",24,238,31,1,1],["0021500961",505,4,7,52,"Missed Shot","Jump Shot","3PT Field Goal","Right Corner 3","Right Side(R)","24+ ft.",24,243,13,1,0],["0021500961",579,4,0,26,"Made Shot","Jump Shot","2PT Field Goal","Mid-Range","Right Side(R)","16-24 ft.",20,168,111,1,1],["0021500980",503,4,5,32,"Made Shot","Jump Shot","3PT Field Goal","Left Corner 3","Left Side(L)","24+ ft.",23,-235,-1,1,1],["0021500980",526,4,4,22,"Missed Shot","Jump Shot","3PT Field Goal","Right Corner 3","Right Side(R)","24+ ft.",23,233,16,1,0],["0021500980",571,4,1,55,"Made Shot","Jump Shot","3PT Field Goal","Right Corner 3","Right Side(R)","24+ ft.",22,228,7,1,1],["0021500980",585,4,1,0,"Missed Shot","Jump Shot","2PT Field Goal","Mid-Range","Right Side(R)","16-24 ft.",21,194,87,1,0],["0021500980",587,4,0,41,"Missed Shot","Jump Shot","3PT Field Goal","Right Corner 3","Right Side(R)","24+ ft.",23,238,16,1,0],["0021500990",126,2,11,44,"Missed Shot","Reverse Layup Shot","2PT Field Goal","Restricted Area","Center(C)","Less Than 8 ft.",2,-20,7,1,0],["0021500990",134,2,10,24,"Made Shot","Jump Shot","3PT Field Goal","Right Corner 3","Right Side(R)","24+ ft.",23,236,13,1,1],["0021500998",72,1,3,56,"Made Shot","Jump Shot","3PT Field Goal","Right Corner 3","Right Side(R)","24+ ft.",23,230,38,1,1],["0021500998",88,1,1,15,"Missed Shot","Jump Shot","3PT Field Goal","Left Corner 3","Left Side(L)","24+ ft.",23,-230,31,1,0],["0021500998",97,1,0,50,"Missed Shot","Jump Bank Shot","2PT Field Goal","Mid-Range","Right Side(R)","8-16 ft.",11,99,61,1,0],["0021500998",120,2,10,16,"Missed Shot","Jump Shot","2PT Field Goal","Mid-Range","Left Side(L)","16-24 ft.",19,-191,36,1,0],["0021501015",151,2,9,41,"Missed Shot","Running Layup Shot","2PT Field Goal","Restricted Area","Center(C)","Less Than 8 ft.",0,-1,7,1,0],["0021501015",171,2,7,27,"Missed Shot","Jump Shot","3PT Field Goal","Left Corner 3","Left Side(L)","24+ ft.",22,-223,16,1,0],["0021501015",186,2,6,16,"Missed Shot","Jump Shot","3PT Field Goal","Left Corner 3","Left Side(L)","24+ ft.",22,-227,7,1,0],["0021501015",427,4,7,33,"Missed Shot","Jump Shot","3PT Field Goal","Right Corner 3","Right Side(R)","24+ ft.",23,232,2,1,0],["0021501028",170,2,8,3,"Missed Shot","Jump Shot","3PT Field Goal","Right Corner 3","Right Side(R)","24+ ft.",23,238,16,1,0],["0021501028",399,4,10,16,"Missed Shot","Jump Shot","2PT Field Goal","Mid-Range","Left Side(L)","8-16 ft.",14,-142,28,1,0],["0021501044",151,2,10,57,"Missed Shot","Jump Shot","3PT Field Goal","Right Corner 3","Right Side(R)","24+ ft.",24,246,7,1,0],["0021501064",439,4,11,43,"Missed Shot","Jump Shot","2PT Field Goal","Mid-Range","Left Side(L)","16-24 ft.",21,-189,110,1,0],["0021501064",442,4,11,3,"Made Shot","Jump Shot","3PT Field Goal","Left Corner 3","Left Side(L)","24+ ft.",23,-230,-5,1,1],["0021501064",460,4,8,54,"Missed Shot","Jump Shot","3PT Field Goal","Right Corner 3","Right Side(R)","24+ ft.",23,233,11,1,0],["0021501064",468,4,7,52,"Missed Shot","Jump Shot","3PT Field Goal","Right Corner 3","Right Side(R)","24+ ft.",24,240,0,1,0],["0021501081",148,2,10,44,"Missed Shot","Jump Shot","3PT Field Goal","Right Corner 3","Right Side(R)","24+ ft.",23,233,41,1,0],["0021501081",243,2,3,14,"Made Shot","Jump Shot","3PT Field Goal","Right Corner 3","Right Side(R)","24+ ft.",22,223,11,1,1],["0021501081",436,4,11,20,"Made Shot","Alley Oop Layup shot","2PT Field Goal","Restricted Area","Center(C)","Less Than 8 ft.",1,17,-5,1,1],["0021501081",504,4,5,22,"Made Shot","Jump Shot","3PT Field Goal","Left Corner 3","Left Side(L)","24+ ft.",24,-240,46,1,1],["0021501081",516,4,4,21,"Missed Shot","Jump Shot","3PT Field Goal","Left Corner 3","Left Side(L)","24+ ft.",23,-233,2,1,0],["0021501092",428,4,8,51,"Made Shot","Jump Shot","2PT Field Goal","Mid-Range","Left Side Center(LC)","16-24 ft.",21,-158,149,1,1],["0021501103",118,1,1,3,"Made Shot","Step Back Jump shot","2PT Field Goal","Mid-Range","Right Side(R)","16-24 ft.",16,163,21,1,1],["0021501114",407,4,10,58,"Missed Shot","Jump Shot","3PT Field Goal","Right Corner 3","Right Side(R)","24+ ft.",22,223,-1,1,0],["0021501125",143,2,9,53,"Made Shot","Cutting Layup Shot","2PT Field Goal","Restricted Area","Center(C)","Less Than 8 ft.",1,15,7,1,1],["0021501125",382,4,9,47,"Missed Shot","Jump Shot","3PT Field Goal","Left Corner 3","Left Side(L)","24+ ft.",24,-241,31,1,0],["0021501141",156,2,7,32,"Made Shot","Driving Layup Shot","2PT Field Goal","Restricted Area","Center(C)","Less Than 8 ft.",1,13,14,1,1],["0021501141",162,2,7,14,"Made Shot","Layup Shot","2PT Field Goal","Restricted Area","Center(C)","Less Than 8 ft.",1,-12,13,1,1],["0021501141",430,4,10,39,"Made Shot","Jump Shot","3PT Field Goal","Right Corner 3","Right Side(R)","24+ ft.",23,238,13,1,1],["0021501141",463,4,6,54,"Missed Shot","Floating Jump shot","2PT Field Goal","In The Paint (Non-RA)","Left Side(L)","8-16 ft.",8,-71,46,1,0],["0021501141",486,4,5,21,"Made Shot","Running Layup Shot","2PT Field Goal","Restricted Area","Center(C)","Less Than 8 ft.",1,-4,16,1,1],["0021501141",488,4,4,44,"Missed Shot","Jump Shot","3PT Field Goal","Right Corner 3","Right Side(R)","24+ ft.",23,232,41,1,0],["0021501160",369,3,4,56,"Made Shot","Reverse Layup Shot","2PT Field Goal","Restricted Area","Center(C)","Less Than 8 ft.",2,-25,11,1,1],["0021501160",402,3,1,47,"Missed Shot","Jump Shot","2PT Field Goal","Mid-Range","Right Side(R)","16-24 ft.",21,210,23,1,0],["0021501160",428,4,10,52,"Missed Shot","Cutting Layup Shot","2PT Field Goal","Restricted Area","Center(C)","Less Than 8 ft.",1,9,11,1,0],["0021501160",438,4,10,2,"Made Shot","Jump Shot","3PT Field Goal","Right Corner 3","Right Side(R)","24+ ft.",24,243,3,1,1],["0021501160",473,4,6,57,"Made Shot","Jump Shot","3PT Field Goal","Right Corner 3","Right Side(R)","24+ ft.",23,230,56,1,1],["0021501160",488,4,5,46,"Missed Shot","Jump Shot","3PT Field Goal","Left Corner 3","Left Side(L)","24+ ft.",23,-238,2,1,0],["0021501160",497,4,4,52,"Missed Shot","Running Layup Shot","2PT Field Goal","Restricted Area","Center(C)","Less Than 8 ft.",2,12,16,1,0],["0021501160",555,4,0,47,"Made Shot","Running Layup Shot","2PT Field Goal","Restricted Area","Center(C)","Less Than 8 ft.",1,15,11,1,1],["0021501186",174,2,6,43,"Missed Shot","Jump Shot","2PT Field Goal","Mid-Range","Left Side Center(LC)","16-24 ft.",18,-133,131,1,0],["0021501186",382,4,10,55,"Made Shot","Jump Shot","3PT Field Goal","Left Corner 3","Left Side(L)","24+ ft.",23,-228,51,1,1],["0021501186",387,4,10,34,"Missed Shot","Alley Oop Layup shot","2PT Field Goal","Restricted Area","Center(C)","Less Than 8 ft.",1,-6,11,1,0],["0021501186",397,4,10,13,"Missed Shot","Hook Shot","2PT Field Goal","In The Paint (Non-RA)","Center(C)","Less Than 8 ft.",4,-42,0,1,0],["0021501198",196,2,5,16,"Missed Shot","Jump Shot","3PT Field Goal","Left Corner 3","Left Side(L)","24+ ft.",23,-235,-6,1,0],["0021501198",469,4,2,30,"Missed Shot","Jump Shot","3PT Field Goal","Left Corner 3","Left Side(L)","24+ ft.",23,-230,2,1,0],["0021501230",406,3,2,2,"Missed Shot","Jump Shot","3PT Field Goal","Left Corner 3","Left Side(L)","24+ ft.",24,-240,-16,1,0],["0021501230",442,4,10,27,"Missed Shot","Jump Shot","3PT Field Goal","Left Corner 3","Left Side(L)","24+ ft.",23,-232,0,1,0]]}},"GameList":{"21500980":[1626253,"0021500980","03/12/2016","DEN","Nuggets","WAS","Wizards",0,8,2,5,2,4,4,2,3,1,0],"21501230":[1626253,"0021501230","04/13/2016","DEN","Nuggets","POR","Trail Blazers",0,0,0,2,0,2,1,0,0,0,1],"21500946":[1626253,"0021500946","03/08/2016","DEN","Nuggets","NYK","Knicks",0,5,2,5,0,3,3,0,1,1,0],"21501015":[1626253,"0021501015","03/17/2016","DEN","Nuggets","ATL","Hawks",1,0,0,4,0,3,2,0,1,0,2],"21500998":[1626253,"0021500998","03/15/2016","DEN","Nuggets","ORL","Magic",0,3,1,4,1,2,0,0,0,0,1],"21501028":[1626253,"0021501028","03/19/2016","DEN","Nuggets","CHA","Hornets",0,0,0,2,0,1,1,0,0,1,1],"21501103":[1626253,"0021501103","03/28/2016","DEN","Nuggets","DAL","Mavericks",0,2,1,1,0,0,2,0,0,0,0],"21500933":[1626253,"0021500933","03/06/2016","DEN","Nuggets","DAL","Mavericks",0,0,0,4,0,2,2,0,0,1,1],"21501081":[1626253,"0021501081","03/25/2016","DEN","Nuggets","LAL","Lakers",0,8,3,5,2,4,4,1,0,1,2],"21500961":[1626253,"0021500961","03/10/2016","DEN","Nuggets","PHX","Suns",0,10,3,7,2,4,3,0,0,2,2],"21501114":[1626253,"0021501114","03/30/2016","DEN","Nuggets","MEM","Grizzlies",0,0,0,1,0,1,1,0,0,2,0],"21501064":[1626253,"0021501064","03/23/2016","DEN","Nuggets","PHI","76ers",1,3,1,4,1,3,2,0,0,1,2],"21500920":[1626253,"0021500920","03/04/2016","DEN","Nuggets","BKN","Nets",0,0,0,0,0,0,2,0,0,0,1],"21501186":[1626253,"0021501186","04/08/2016","DEN","Nuggets","SAS","Spurs",0,5,1,4,1,1,1,1,0,0,1],"21500990":[1626253,"0021500990","03/14/2016","DEN","Nuggets","MIA","Heat",0,4,1,2,1,1,0,0,0,1,1],"21501125":[1626253,"0021501125","03/31/2016","DEN","Nuggets","NOP","Pelicans",1,2,1,2,0,1,2,0,1,0,3],"21501160":[1626253,"0021501160","04/05/2016","DEN","Nuggets","OKC","Thunder",0,10,4,8,2,3,2,0,1,2,2],"21501092":[1626253,"0021501092","03/27/2016","DEN","Nuggets","LAC","Clippers",1,2,1,1,0,0,3,0,0,1,2],"21501044":[1626253,"0021501044","03/21/2016","DEN","Nuggets","CLE","Cavaliers",0,0,0,1,0,1,2,1,0,0,3],"21501198":[1626253,"0021501198","04/10/2016","DEN","Nuggets","UTA","Jazz",1,0,0,2,0,2,0,1,0,1,3],"21501141":[1626253,"0021501141","04/02/2016","DEN","Nuggets","SAC","Kings",1,14,4,6,1,2,3,0,0,0,3]},"data":[23.0,21,0,14.5,1.2,3.3,0.357,0.6,1.9,0.325,0.6,0.8,0.765,0.4,1.1,1.5,0.7,0.3,0.3,0.3,1.9,3.6],"rank":{"PerGame":[null,null,null,null,null,null,null,null,null,null,null,null,null,null,null,null,null,null,null],"Totals":[389,407,400,null,278,287,null,387,395,null,385,415,410,390,398,340,426,400,407]},"team":"DEN"}},"headerData":["PLAYER_AGE","GP","GS","MIN","FGM","FGA","FG_PCT","FG3M","FG3A","FG3_PCT","FTM","FTA","FT_PCT","OREB","DREB","REB","AST","STL","BLK","TOV","PF","PTS"],"PostSeason":{}}}