{"info":{"FIRST_NAME":"Barry","LAST_NAME":"Yates","WEIGHT":"215","COUNTRY":"USA","SCHOOL":"Maryland","BIRTHDATE":"1946-01-30T00:00:00","HEIGHT":"6-7","TO_YEAR":1971,"DLEAGUE":"N","FROM_YEAR":1971,"TEAM":"PHL","PERSON_ID":78629,"SEASON_EXP":0,"POSITION":"Forward","ROSTERSTATUS":"Active","ALL_STAR":0,"PIE":0,"JERSEY":"35"},"career":{"header":["MIN","FGM","FGA","FG_PCT","FG3M","FG3A","FG3_PCT","FTM","FTA","FT_PCT","OREB","DREB","REB","AST","STL","BLK","TOV","PF","PTS"],"RegularSeason":{"PerGame":[6.0,1.3,3.5,0.373,null,null,null,0.3,0.5,0.636,null,null,1.7,0.3,null,null,null,0.6,2.9],"GS":null,"GP":24},"PostSeason":{}},"season":{"headerRank":["RANK_PG_MIN","RANK_PG_FGM","RANK_PG_FGA","RANK_FG_PCT","RANK_PG_FG3M","RANK_PG_FG3A","RANK_FG3_PCT","RANK_PG_FTM","RANK_PG_FTA","RANK_FT_PCT","RANK_PG_OREB","RANK_PG_DREB","RANK_PG_REB","RANK_PG_AST","RANK_PG_STL","RANK_PG_BLK","RANK_PG_TOV","RANK_PG_PTS","RANK_PG_EFF"],"headerGame":["PLAYER_ID","SEASON_YEAR","TOV","PTS","FGM","FG3M","FG3A","PF","BLK","STL","AST","REB"],"RegularSeason":{"1971":{"GameList":{"27100040":[78629,"0027100040","10/23/1971","PHL","76ers","MIL","Bucks",0,2,0,0,0,0,0,0,0,0,0],"27100108":[78629,"0027100108","11/10/1971","PHL","76ers","LAL","Lakers",0,4,0,0,0,0,0,0,0,0,0],"27100046":[78629,"0027100046","10/24/1971","PHL","76ers","CLE","Cavaliers",0,0,0,0,0,0,0,0,0,0,0],"27100331":[78629,"0027100331","01/02/1972","PHL","76ers","CLE","Cavaliers",0,4,0,0,0,0,0,0,0,0,0],"27100598":[78629,"0027100598","03/03/1972","PHL","76ers","MIL","Bucks",0,2,0,0,0,0,0,0,0,0,0],"27100163":[78629,"0027100163","11/23/1971","PHL","76ers","PHX","Suns",0,4,0,0,0,0,0,0,0,0,0],"27100557":[78629,"0027100557","02/22/1972","PHL","76ers","CHI","Bulls",0,2,0,0,0,0,0,0,0,0,0],"27100518":[78629,"0027100518","02/14/1972","PHL","76ers","HOU","Rockets",0,9,0,0,0,0,0,0,0,0,0],"27100213":[78629,"0027100213","12/04/1971","PHL","76ers","ATL","Hawks",0,4,0,0,0,0,0,0,0,0,0],"27100673":[78629,"0027100673","03/22/1972","PHL","76ers","BOS","Celtics",0,0,0,0,0,0,0,0,0,0,0],"27100144":[78629,"0027100144","11/19/1971","PHL","76ers","CHI","Bulls",0,2,0,0,0,0,0,0,0,0,0],"27100631":[78629,"0027100631","03/12/1972","PHL","76ers","HOU","Rockets",0,6,0,0,0,0,0,0,0,0,0],"27100613":[78629,"0027100613","03/07/1972","PHL","76ers","LAL","Lakers",0,6,0,0,0,0,0,0,0,0,0],"27100638":[78629,"0027100638","03/14/1972","PHL","76ers","BUF","Braves",0,2,0,0,0,0,0,0,0,0,0],"27100343":[78629,"0027100343","01/05/1972","PHL","76ers","CHI","Bulls",0,3,0,0,0,0,0,0,0,0,0],"27100525":[78629,"0027100525","02/16/1972","PHL","76ers","CLE","Cavaliers",0,3,0,0,0,0,0,0,0,0,0],"27100541":[78629,"0027100541","02/19/1972","PHL","76ers","BLT","Bullets",0,0,0,0,0,0,0,0,0,0,0],"27100668":[78629,"0027100668","03/21/1972","PHL","76ers","ATL","Hawks",0,2,0,0,0,0,0,0,0,0,0],"27100684":[78629,"0027100684","03/24/1972","PHL","76ers","CHI","Bulls",0,4,0,0,0,0,0,0,0,0,0],"27100078":[78629,"0027100078","11/03/1971","PHL","76ers","CIN","Royals",0,2,0,0,0,0,0,0,0,0,0],"27100762":[78629,"0027100762","02/10/1972","PHL","76ers","GOS","Warriors",0,2,0,0,0,0,0,0,0,0,0],"27100461":[78629,"0027100461","02/02/1972","PHL","76ers","BUF","Braves",0,2,0,0,0,0,0,0,0,0,0],"27100727":[78629,"0027100727","12/16/1971","PHL","76ers","GOS","Warriors",0,2,0,0,0,0,0,0,0,0,0],"27100649":[78629,"0027100649","03/17/1972","PHL","76ers","BOS","Celtics",0,2,0,0,0,0,0,0,0,0,0]},"data":[26.0,24,null,6.0,1.3,3.5,0.373,null,null,null,0.3,0.5,0.636,null,null,1.7,0.3,null,null,null,0.6,2.9],"rank":{"PerGame":[null,null,null,null,null,null,null,null,null,null,null,null,null,null,null,null,null,null,null],"Totals":[202,192,190,null,null,null,null,207,207,null,null,null,187,206,null,null,null,196,1]},"team":"PHL"}},"headerData":["PLAYER_AGE","GP","GS","MIN","FGM","FGA","FG_PCT","FG3M","FG3A","FG3_PCT","FTM","FTA","FT_PCT","OREB","DREB","REB","AST","STL","BLK","TOV","PF","PTS"],"PostSeason":{}}}