{"info":{"FIRST_NAME":"John","LAST_NAME":"Clemens","WEIGHT":"210","COUNTRY":"USA","SCHOOL":"Ohio Wesleyan","BIRTHDATE":"1943-05-01T00:00:00","HEIGHT":"6-6","TO_YEAR":1975,"DLEAGUE":"N","FROM_YEAR":1965,"TEAM":"POR","PERSON_ID":76403,"SEASON_EXP":10,"POSITION":"Forward","ROSTERSTATUS":"Active","ALL_STAR":0,"PIE":0,"JERSEY":"40"},"career":{"header":["MIN","FGM","FGA","FG_PCT","FG3M","FG3A","FG3_PCT","FTM","FTA","FT_PCT","OREB","DREB","REB","AST","STL","BLK","TOV","PF","PTS"],"RegularSeason":{"PerGame":[15.9,2.9,6.3,0.453,null,null,null,1.0,1.3,0.755,0.1,0.4,3.2,1.1,0.2,0.0,null,2.1,6.7],"GS":null,"GP":790},"PostSeason":{"PerGame":[9.3,1.1,2.9,0.4,null,null,null,1.4,1.6,0.909,null,null,0.7,1.0,null,null,null,1.3,3.7],"GS":null,"GP":7}},"season":{"headerRank":["RANK_PG_MIN","RANK_PG_FGM","RANK_PG_FGA","RANK_FG_PCT","RANK_PG_FG3M","RANK_PG_FG3A","RANK_FG3_PCT","RANK_PG_FTM","RANK_PG_FTA","RANK_FT_PCT","RANK_PG_OREB","RANK_PG_DREB","RANK_PG_REB","RANK_PG_AST","RANK_PG_STL","RANK_PG_BLK","RANK_PG_TOV","RANK_PG_PTS","RANK_PG_EFF"],"headerGame":["PLAYER_ID","SEASON_YEAR","TOV","PTS","FGM","FG3M","FG3A","PF","BLK","STL","AST","REB"],"RegularSeason":{"1974":{"GameList":{"27400483":[76403,"0027400483","02/14/1975","POR","Trail Blazers","SEA","SuperSonics",0,3,0,0,0,0,0,0,0,0,0],"27400554":[76403,"0027400554","03/02/1975","POR","Trail Blazers","GOS","Warriors",0,12,0,0,0,0,0,0,0,0,0],"27400012":[76403,"0027400012","10/19/1974","POR","Trail Blazers","DET","Pistons",0,0,0,0,0,0,0,0,0,0,0],"27400488":[76403,"0027400488","02/15/1975","POR","Trail Blazers","BOS","Celtics",0,6,0,0,0,0,0,0,0,0,0],"27400170":[76403,"0027400170","11/27/1974","POR","Trail Blazers","HOU","Rockets",0,2,0,0,0,0,0,0,0,0,0],"27400338":[76403,"0027400338","01/10/1975","POR","Trail Blazers","PHX","Suns",0,14,0,0,0,0,0,0,0,0,0],"27400500":[76403,"0027400500","02/18/1975","POR","Trail Blazers","HOU","Rockets",0,6,0,0,0,0,0,0,0,0,0],"27400197":[76403,"0027400197","12/04/1974","POR","Trail Blazers","WAS","Bullets",0,2,0,0,0,0,0,0,0,0,0],"27400579":[76403,"0027400579","03/08/1975","POR","Trail Blazers","CHI","Bulls",0,0,0,0,0,0,0,0,0,0,0],"27400308":[76403,"0027400308","01/03/1975","POR","Trail Blazers","SEA","SuperSonics",0,8,0,0,0,0,0,0,0,0,0],"27400223":[76403,"0027400223","12/11/1974","POR","Trail Blazers","PHX","Suns",0,10,0,0,0,0,0,0,0,0,0],"27400184":[76403,"0027400184","11/30/1974","POR","Trail Blazers","NOJ","Jazz",0,10,0,0,0,0,0,0,0,0,0],"27400279":[76403,"0027400279","12/26/1974","POR","Trail Blazers","GOS","Warriors",0,19,0,0,0,0,0,0,0,0,0],"27400202":[76403,"0027400202","12/06/1974","POR","Trail Blazers","BUF","Braves",0,6,0,0,0,0,0,0,0,0,0],"27400242":[76403,"0027400242","12/15/1974","POR","Trail Blazers","LAL","Lakers",0,24,0,0,0,0,0,0,0,0,0],"27400098":[76403,"0027400098","11/10/1974","POR","Trail Blazers","NOJ","Jazz",0,0,0,0,0,0,0,0,0,0,0],"27400650":[76403,"0027400650","03/25/1975","POR","Trail Blazers","ATL","Hawks",0,4,0,0,0,0,0,0,0,0,0],"27400247":[76403,"0027400247","12/17/1974","POR","Trail Blazers","MIL","Bucks",0,6,0,0,0,0,0,0,0,0,0],"27400570":[76403,"0027400570","03/07/1975","POR","Trail Blazers","PHX","Suns",0,7,0,0,0,0,0,0,0,0,0],"27400527":[76403,"0027400527","02/25/1975","POR","Trail Blazers","PHL","76ers",0,0,0,0,0,0,0,0,0,0,0],"27400328":[76403,"0027400328","01/07/1975","POR","Trail Blazers","NYK","Knicks",0,10,0,0,0,0,0,0,0,0,0],"27400689":[76403,"0027400689","04/04/1975","POR","Trail Blazers","KCK","Kings",0,4,0,0,0,0,0,0,0,0,0],"27400459":[76403,"0027400459","02/08/1975","POR","Trail Blazers","WAS","Bullets",0,0,0,0,0,0,0,0,0,0,0],"27400661":[76403,"0027400661","03/28/1975","POR","Trail Blazers","MIL","Bucks",0,2,0,0,0,0,0,0,0,0,0],"27400036":[76403,"0027400036","10/25/1974","POR","Trail Blazers","GOS","Warriors",0,5,0,0,0,0,0,0,0,0,0],"27400003":[76403,"0027400003","10/18/1974","POR","Trail Blazers","CLE","Cavaliers",0,0,0,0,0,0,0,0,0,0,0],"27400264":[76403,"0027400264","12/21/1974","POR","Trail Blazers","DET","Pistons",0,7,0,0,0,0,0,0,0,0,0],"27400621":[76403,"0027400621","03/18/1975","POR","Trail Blazers","MIL","Bucks",0,8,0,0,0,0,0,0,0,0,0],"27400609":[76403,"0027400609","03/16/1975","POR","Trail Blazers","BUF","Braves",0,0,0,0,0,0,0,0,0,0,0],"27400114":[76403,"0027400114","11/14/1974","POR","Trail Blazers","ATL","Hawks",0,0,0,0,0,0,0,0,0,0,0],"27400022":[76403,"0027400022","10/22/1974","POR","Trail Blazers","GOS","Warriors",0,4,0,0,0,0,0,0,0,0,0],"27400047":[76403,"0027400047","10/27/1974","POR","Trail Blazers","SEA","SuperSonics",0,4,0,0,0,0,0,0,0,0,0],"27400103":[76403,"0027400103","11/12/1974","POR","Trail Blazers","NYK","Knicks",0,7,0,0,0,0,0,0,0,0,0],"27403016":[76403,"0027403016","01/16/1975","POR","Trail Blazers","CLE","Cavaliers",0,9,0,0,0,0,0,0,0,0,0],"27400601":[76403,"0027400601","03/14/1975","POR","Trail Blazers","BOS","Celtics",0,2,0,0,0,0,0,0,0,0,0],"27400446":[76403,"0027400446","02/05/1975","POR","Trail Blazers","KCK","Kings",0,7,0,0,0,0,0,0,0,0,0],"27400383":[76403,"0027400383","01/22/1975","POR","Trail Blazers","DET","Pistons",0,7,0,0,0,0,0,0,0,0,0],"27400146":[76403,"0027400146","11/22/1974","POR","Trail Blazers","WAS","Bullets",0,0,0,0,0,0,0,0,0,0,0],"27400028":[76403,"0027400028","10/23/1974","POR","Trail Blazers","SEA","SuperSonics",0,2,0,0,0,0,0,0,0,0,0],"27400135":[76403,"0027400135","11/19/1974","POR","Trail Blazers","CHI","Bulls",0,0,0,0,0,0,0,0,0,0,0],"27400301":[76403,"0027400301","01/01/1975","POR","Trail Blazers","BOS","Celtics",0,2,0,0,0,0,0,0,0,0,0],"27400408":[76403,"0027400408","01/28/1975","POR","Trail Blazers","PHX","Suns",0,2,0,0,0,0,0,0,0,0,0],"27400592":[76403,"0027400592","03/12/1975","POR","Trail Blazers","PHL","76ers",0,0,0,0,0,0,0,0,0,0,0],"27400626":[76403,"0027400626","03/20/1975","POR","Trail Blazers","GOS","Warriors",0,0,0,0,0,0,0,0,0,0,0],"27400596":[76403,"0027400596","03/13/1975","POR","Trail Blazers","NYK","Knicks",0,0,0,0,0,0,0,0,0,0,0],"27400319":[76403,"0027400319","01/05/1975","POR","Trail Blazers","NOJ","Jazz",0,13,0,0,0,0,0,0,0,0,0],"27400292":[76403,"0027400292","12/29/1974","POR","Trail Blazers","KCK","Kings",0,9,0,0,0,0,0,0,0,0,0],"27400090":[76403,"0027400090","11/08/1974","POR","Trail Blazers","PHL","76ers",0,0,0,0,0,0,0,0,0,0,0],"27400395":[76403,"0027400395","01/25/1975","POR","Trail Blazers","GOS","Warriors",0,2,0,0,0,0,0,0,0,0,0],"27400391":[76403,"0027400391","01/24/1975","POR","Trail Blazers","PHL","76ers",0,10,0,0,0,0,0,0,0,0,0],"27400377":[76403,"0027400377","01/21/1975","POR","Trail Blazers","KCK","Kings",0,0,0,0,0,0,0,0,0,0,0],"27400558":[76403,"0027400558","03/04/1975","POR","Trail Blazers","CLE","Cavaliers",0,6,0,0,0,0,0,0,0,0,0],"27400216":[76403,"0027400216","12/10/1974","POR","Trail Blazers","ATL","Hawks",0,6,0,0,0,0,0,0,0,0,0],"27400061":[76403,"0027400061","11/01/1974","POR","Trail Blazers","BUF","Braves",0,0,0,0,0,0,0,0,0,0,0],"27400191":[76403,"0027400191","12/03/1974","POR","Trail Blazers","CHI","Bulls",0,6,0,0,0,0,0,0,0,0,0],"27400703":[76403,"0027400703","04/06/1975","POR","Trail Blazers","LAL","Lakers",0,16,0,0,0,0,0,0,0,0,0],"27400124":[76403,"0027400124","11/16/1974","POR","Trail Blazers","LAL","Lakers",0,18,0,0,0,0,0,0,0,0,0],"27400440":[76403,"0027400440","02/04/1975","POR","Trail Blazers","CHI","Bulls",0,5,0,0,0,0,0,0,0,0,0],"27400268":[76403,"0027400268","12/22/1974","POR","Trail Blazers","LAL","Lakers",0,10,0,0,0,0,0,0,0,0,0],"27400401":[76403,"0027400401","01/26/1975","POR","Trail Blazers","GOS","Warriors",0,7,0,0,0,0,0,0,0,0,0],"27400464":[76403,"0027400464","02/09/1975","POR","Trail Blazers","HOU","Rockets",0,0,0,0,0,0,0,0,0,0,0],"27400371":[76403,"0027400371","01/19/1975","POR","Trail Blazers","MIL","Bucks",0,0,0,0,0,0,0,0,0,0,0],"27400677":[76403,"0027400677","04/01/1975","POR","Trail Blazers","LAL","Lakers",0,13,0,0,0,0,0,0,0,0,0],"27400675":[76403,"0027400675","03/30/1975","POR","Trail Blazers","SEA","SuperSonics",0,0,0,0,0,0,0,0,0,0,0],"27403022":[76403,"0027403022","02/06/1975","POR","Trail Blazers","CLE","Cavaliers",0,6,0,0,0,0,0,0,0,0,0],"27400079":[76403,"0027400079","11/06/1974","POR","Trail Blazers","BOS","Celtics",0,0,0,0,0,0,0,0,0,0,0],"27400358":[76403,"0027400358","01/17/1975","POR","Trail Blazers","HOU","Rockets",0,7,0,0,0,0,0,0,0,0,0],"27400172":[76403,"0027400172","11/28/1974","POR","Trail Blazers","PHX","Suns",0,2,0,0,0,0,0,0,0,0,0],"27400427":[76403,"0027400427","02/01/1975","POR","Trail Blazers","SEA","SuperSonics",0,2,0,0,0,0,0,0,0,0,0],"27400506":[76403,"0027400506","02/20/1975","POR","Trail Blazers","NOJ","Jazz",0,4,0,0,0,0,0,0,0,0,0],"27400519":[76403,"0027400519","02/23/1975","POR","Trail Blazers","WAS","Bullets",0,8,0,0,0,0,0,0,0,0,0],"27400508":[76403,"0027400508","02/21/1975","POR","Trail Blazers","BUF","Braves",0,2,0,0,0,0,0,0,0,0,0],"27400652":[76403,"0027400652","03/26/1975","POR","Trail Blazers","DET","Pistons",0,6,0,0,0,0,0,0,0,0,0],"27400151":[76403,"0027400151","11/23/1974","POR","Trail Blazers","SEA","SuperSonics",0,2,0,0,0,0,0,0,0,0,0],"27400074":[76403,"0027400074","11/03/1974","POR","Trail Blazers","GOS","Warriors",0,0,0,0,0,0,0,0,0,0,0],"27400528":[76403,"0027400528","02/26/1975","POR","Trail Blazers","LAL","Lakers",0,0,0,0,0,0,0,0,0,0,0],"27400631":[76403,"0027400631","03/21/1975","POR","Trail Blazers","PHX","Suns",0,0,0,0,0,0,0,0,0,0,0]},"data":[32.0,77,null,12.4,2.2,4.6,0.473,null,null,null,0.6,0.8,0.75,0.4,1.7,2.1,1.0,0.9,0.0,null,1.8,4.9],"rank":{"PerGame":[133,115,118,null,null,null,null,125,126,null,123,105,115,118,68,130,null,118,1],"Totals":[156,138,142,null,null,null,null,170,171,null,174,122,143,155,79,202,null,142,1]},"team":"POR"},"1968":{"GameList":{"26800308":[76403,"0026800308","01/11/1969","CHI","Bulls","SEA","SuperSonics",0,11,0,0,0,0,0,0,0,0,0],"26800047":[76403,"0026800047","10/31/1968","CHI","Bulls","PHX","Suns",0,11,0,0,0,0,0,0,0,0,0],"26800431":[76403,"0026800431","02/15/1969","CHI","Bulls","CIN","Royals",0,0,0,0,0,0,0,0,0,0,0],"26800056":[76403,"0026800056","11/02/1968","CHI","Bulls","SEA","SuperSonics",0,0,0,0,0,0,0,0,0,0,0],"26800192":[76403,"0026800192","12/10/1968","CHI","Bulls","DET","Pistons",0,8,0,0,0,0,0,0,0,0,0],"26800528":[76403,"0026800528","03/12/1969","CHI","Bulls","ATL","Hawks",0,2,0,0,0,0,0,0,0,0,0],"26800374":[76403,"0026800374","01/31/1969","CHI","Bulls","DET","Pistons",0,9,0,0,0,0,0,0,0,0,0],"26800471":[76403,"0026800471","02/25/1969","CHI","Bulls","SFW","Warriors",0,4,0,0,0,0,0,0,0,0,0],"26800496":[76403,"0026800496","03/04/1969","CHI","Bulls","PHL","76ers",0,6,0,0,0,0,0,0,0,0,0],"26800256":[76403,"0026800256","12/28/1968","CHI","Bulls","LAL","Lakers",0,9,0,0,0,0,0,0,0,0,0],"26800501":[76403,"0026800501","03/05/1969","CHI","Bulls","MIL","Bucks",0,0,0,0,0,0,0,0,0,0,0],"26800490":[76403,"0026800490","03/02/1969","CHI","Bulls","BOS","Celtics",0,4,0,0,0,0,0,0,0,0,0],"26800203":[76403,"0026800203","12/13/1968","CHI","Bulls","NYK","Knicks",0,13,0,0,0,0,0,0,0,0,0],"26800393":[76403,"0026800393","02/04/1969","CHI","Bulls","MIL","Bucks",0,4,0,0,0,0,0,0,0,0,0],"26800397":[76403,"0026800397","02/05/1969","CHI","Bulls","DET","Pistons",0,13,0,0,0,0,0,0,0,0,0],"26800225":[76403,"0026800225","12/20/1968","CHI","Bulls","BLT","Bullets",0,12,0,0,0,0,0,0,0,0,0],"26800370":[76403,"0026800370","01/30/1969","CHI","Bulls","SFW","Warriors",0,14,0,0,0,0,0,0,0,0,0],"26800102":[76403,"0026800102","11/16/1968","CHI","Bulls","NYK","Knicks",0,4,0,0,0,0,0,0,0,0,0],"26800040":[76403,"0026800040","10/29/1968","CHI","Bulls","BOS","Celtics",0,2,0,0,0,0,0,0,0,0,0],"26800132":[76403,"0026800132","11/24/1968","CHI","Bulls","LAL","Lakers",0,16,0,0,0,0,0,0,0,0,0],"26800107":[76403,"0026800107","11/19/1968","CHI","Bulls","SFW","Warriors",0,10,0,0,0,0,0,0,0,0,0],"26800223":[76403,"0026800223","12/19/1968","CHI","Bulls","MIL","Bucks",0,19,0,0,0,0,0,0,0,0,0],"26800246":[76403,"0026800246","12/26/1968","CHI","Bulls","CIN","Royals",0,9,0,0,0,0,0,0,0,0,0],"26800416":[76403,"0026800416","02/11/1969","CHI","Bulls","BLT","Bullets",0,4,0,0,0,0,0,0,0,0,0],"26800002":[76403,"0026800002","10/15/1968","CHI","Bulls","NYK","Knicks",0,9,0,0,0,0,0,0,0,0,0],"26800263":[76403,"0026800263","12/30/1968","CHI","Bulls","SFW","Warriors",0,6,0,0,0,0,0,0,0,0,0],"26800242":[76403,"0026800242","12/25/1968","CHI","Bulls","CIN","Royals",0,8,0,0,0,0,0,0,0,0,0],"26800164":[76403,"0026800164","12/03/1968","CHI","Bulls","SDR","Rockets",0,15,0,0,0,0,0,0,0,0,0],"26800410":[76403,"0026800410","02/08/1969","CHI","Bulls","ATL","Hawks",0,8,0,0,0,0,0,0,0,0,0],"26800282":[76403,"0026800282","01/04/1969","CHI","Bulls","PHX","Suns",0,3,0,0,0,0,0,0,0,0,0],"26800025":[76403,"0026800025","10/23/1968","CHI","Bulls","ATL","Hawks",0,16,0,0,0,0,0,0,0,0,0],"26800554":[76403,"0026800554","03/19/1969","CHI","Bulls","BOS","Celtics",0,7,0,0,0,0,0,0,0,0,0],"26800128":[76403,"0026800128","11/23/1968","CHI","Bulls","ATL","Hawks",0,2,0,0,0,0,0,0,0,0,0],"26800286":[76403,"0026800286","01/06/1969","CHI","Bulls","CIN","Royals",0,11,0,0,0,0,0,0,0,0,0],"26800315":[76403,"0026800315","01/16/1969","CHI","Bulls","SFW","Warriors",0,10,0,0,0,0,0,0,0,0,0],"26800005":[76403,"0026800005","10/16/1968","CHI","Bulls","MIL","Bucks",0,2,0,0,0,0,0,0,0,0,0],"26800182":[76403,"0026800182","12/07/1968","CHI","Bulls","LAL","Lakers",0,2,0,0,0,0,0,0,0,0,0],"26800014":[76403,"0026800014","10/19/1968","CHI","Bulls","BOS","Celtics",0,4,0,0,0,0,0,0,0,0,0],"26800353":[76403,"0026800353","01/26/1969","CHI","Bulls","SDR","Rockets",0,8,0,0,0,0,0,0,0,0,0],"26800085":[76403,"0026800085","11/12/1968","CHI","Bulls","SDR","Rockets",0,4,0,0,0,0,0,0,0,0,0],"26800336":[76403,"0026800336","01/21/1969","CHI","Bulls","BLT","Bullets",0,2,0,0,0,0,0,0,0,0,0],"26800076":[76403,"0026800076","11/09/1968","CHI","Bulls","CIN","Royals",0,4,0,0,0,0,0,0,0,0,0],"26800272":[76403,"0026800272","01/02/1969","CHI","Bulls","ATL","Hawks",0,8,0,0,0,0,0,0,0,0,0],"26800260":[76403,"0026800260","12/29/1968","CHI","Bulls","MIL","Bucks",0,8,0,0,0,0,0,0,0,0,0],"26800120":[76403,"0026800120","11/22/1968","CHI","Bulls","NYK","Knicks",0,6,0,0,0,0,0,0,0,0,0],"26800453":[76403,"0026800453","02/21/1969","CHI","Bulls","PHX","Suns",0,0,0,0,0,0,0,0,0,0,0],"26800138":[76403,"0026800138","11/26/1968","CHI","Bulls","SEA","SuperSonics",0,1,0,0,0,0,0,0,0,0,0],"26800150":[76403,"0026800150","11/29/1968","CHI","Bulls","SDR","Rockets",0,11,0,0,0,0,0,0,0,0,0],"26800216":[76403,"0026800216","12/17/1968","CHI","Bulls","ATL","Hawks",0,4,0,0,0,0,0,0,0,0,0],"26800387":[76403,"0026800387","02/03/1969","CHI","Bulls","BLT","Bullets",0,11,0,0,0,0,0,0,0,0,0],"26800508":[76403,"0026800508","03/07/1969","CHI","Bulls","PHL","76ers",0,0,0,0,0,0,0,0,0,0,0],"26800059":[76403,"0026800059","11/03/1968","CHI","Bulls","SDR","Rockets",0,0,0,0,0,0,0,0,0,0,0],"26800155":[76403,"0026800155","11/30/1968","CHI","Bulls","PHX","Suns",0,8,0,0,0,0,0,0,0,0,0],"26800031":[76403,"0026800031","10/26/1968","CHI","Bulls","PHL","76ers",0,19,0,0,0,0,0,0,0,0,0],"26800358":[76403,"0026800358","01/28/1969","CHI","Bulls","LAL","Lakers",0,12,0,0,0,0,0,0,0,0,0],"26800158":[76403,"0026800158","12/01/1968","CHI","Bulls","BLT","Bullets",0,15,0,0,0,0,0,0,0,0,0],"26800142":[76403,"0026800142","11/27/1968","CHI","Bulls","SFW","Warriors",0,11,0,0,0,0,0,0,0,0,0],"26800233":[76403,"0026800233","12/21/1968","CHI","Bulls","BOS","Celtics",0,4,0,0,0,0,0,0,0,0,0],"26800171":[76403,"0026800171","12/05/1968","CHI","Bulls","PHL","76ers",0,9,0,0,0,0,0,0,0,0,0],"26800051":[76403,"0026800051","11/01/1968","CHI","Bulls","LAL","Lakers",0,8,0,0,0,0,0,0,0,0,0],"26800425":[76403,"0026800425","02/13/1969","CHI","Bulls","DET","Pistons",0,13,0,0,0,0,0,0,0,0,0],"26800541":[76403,"0026800541","03/15/1969","CHI","Bulls","SEA","SuperSonics",0,0,0,0,0,0,0,0,0,0,0],"26800405":[76403,"0026800405","02/07/1969","CHI","Bulls","NYK","Knicks",0,12,0,0,0,0,0,0,0,0,0],"26800323":[76403,"0026800323","01/18/1969","CHI","Bulls","SDR","Rockets",0,6,0,0,0,0,0,0,0,0,0],"26800568":[76403,"0026800568","03/23/1969","CHI","Bulls","DET","Pistons",0,2,0,0,0,0,0,0,0,0,0],"26800466":[76403,"0026800466","02/24/1969","CHI","Bulls","SFW","Warriors",0,2,0,0,0,0,0,0,0,0,0],"26800327":[76403,"0026800327","01/19/1969","CHI","Bulls","DET","Pistons",0,11,0,0,0,0,0,0,0,0,0],"26800340":[76403,"0026800340","01/22/1969","CHI","Bulls","BOS","Celtics",0,15,0,0,0,0,0,0,0,0,0],"26800549":[76403,"0026800549","03/18/1969","CHI","Bulls","LAL","Lakers",0,2,0,0,0,0,0,0,0,0,0],"26800346":[76403,"0026800346","01/24/1969","CHI","Bulls","PHX","Suns",0,6,0,0,0,0,0,0,0,0,0],"26800442":[76403,"0026800442","02/18/1969","CHI","Bulls","SEA","SuperSonics",0,7,0,0,0,0,0,0,0,0,0],"26800473":[76403,"0026800473","02/26/1969","CHI","Bulls","SEA","SuperSonics",0,0,0,0,0,0,0,0,0,0,0],"26800291":[76403,"0026800291","01/07/1969","CHI","Bulls","NYK","Knicks",0,6,0,0,0,0,0,0,0,0,0],"26800384":[76403,"0026800384","02/02/1969","CHI","Bulls","PHL","76ers",0,17,0,0,0,0,0,0,0,0,0],"26800117":[76403,"0026800117","11/21/1968","CHI","Bulls","MIL","Bucks",0,13,0,0,0,0,0,0,0,0,0]},"data":[26.0,75,null,19.3,3.1,8.4,0.374,null,null,null,1.1,1.7,0.656,null,null,4.2,1.7,null,null,null,2.2,7.4],"rank":{"PerGame":[91,83,72,null,null,null,null,95,99,null,null,null,75,76,null,null,null,90,1],"Totals":[98,92,79,null,null,null,null,110,110,null,null,null,79,81,null,null,null,97,1]},"team":"CHI"},"1969":{"GameList":{"26900458":[76403,"0026900458","02/21/1970","SEA","SuperSonics","MIL","Bucks",0,10,0,0,0,0,0,0,0,0,0],"26900036":[76403,"0026900036","10/28/1969","SEA","SuperSonics","CHI","Bulls",0,14,0,0,0,0,0,0,0,0,0],"26900001":[76403,"0026900001","10/15/1969","SEA","SuperSonics","ATL","Hawks",0,1,0,0,0,0,0,0,0,0,0],"26900383":[76403,"0026900383","02/01/1970","SEA","SuperSonics","MIL","Bucks",0,13,0,0,0,0,0,0,0,0,0],"26900514":[76403,"0026900514","03/08/1970","SEA","SuperSonics","BLT","Bullets",0,6,0,0,0,0,0,0,0,0,0],"26900412":[76403,"0026900412","02/08/1970","SEA","SuperSonics","PHL","76ers",0,15,0,0,0,0,0,0,0,0,0],"26900516":[76403,"0026900516","03/09/1970","SEA","SuperSonics","MIL","Bucks",0,4,0,0,0,0,0,0,0,0,0],"26900533":[76403,"0026900533","03/15/1970","SEA","SuperSonics","CIN","Royals",0,15,0,0,0,0,0,0,0,0,0],"26900363":[76403,"0026900363","01/28/1970","SEA","SuperSonics","ATL","Hawks",0,15,0,0,0,0,0,0,0,0,0],"26900008":[76403,"0026900008","10/18/1969","SEA","SuperSonics","CHI","Bulls",0,8,0,0,0,0,0,0,0,0,0],"26900463":[76403,"0026900463","02/22/1970","SEA","SuperSonics","SFW","Warriors",0,10,0,0,0,0,0,0,0,0,0],"26900470":[76403,"0026900470","02/24/1970","SEA","SuperSonics","SFW","Warriors",0,12,0,0,0,0,0,0,0,0,0],"26900242":[76403,"0026900242","12/26/1969","SEA","SuperSonics","BOS","Celtics",0,8,0,0,0,0,0,0,0,0,0],"26900267":[76403,"0026900267","01/01/1970","SEA","SuperSonics","CHI","Bulls",0,7,0,0,0,0,0,0,0,0,0],"26900345":[76403,"0026900345","01/23/1970","SEA","SuperSonics","LAL","Lakers",0,8,0,0,0,0,0,0,0,0,0],"26900127":[76403,"0026900127","11/23/1969","SEA","SuperSonics","BOS","Celtics",0,0,0,0,0,0,0,0,0,0,0],"26900147":[76403,"0026900147","11/29/1969","SEA","SuperSonics","PHX","Suns",0,3,0,0,0,0,0,0,0,0,0],"26900161":[76403,"0026900161","12/03/1969","SEA","SuperSonics","CIN","Royals",0,0,0,0,0,0,0,0,0,0,0],"26900324":[76403,"0026900324","01/16/1970","SEA","SuperSonics","CHI","Bulls",0,10,0,0,0,0,0,0,0,0,0],"26900164":[76403,"0026900164","12/04/1969","SEA","SuperSonics","ATL","Hawks",0,0,0,0,0,0,0,0,0,0,0],"26900129":[76403,"0026900129","11/24/1969","SEA","SuperSonics","SDR","Rockets",0,2,0,0,0,0,0,0,0,0,0],"26900084":[76403,"0026900084","11/11/1969","SEA","SuperSonics","CHI","Bulls",0,6,0,0,0,0,0,0,0,0,0],"26900313":[76403,"0026900313","01/13/1970","SEA","SuperSonics","BOS","Celtics",0,8,0,0,0,0,0,0,0,0,0],"26900289":[76403,"0026900289","01/06/1970","SEA","SuperSonics","ATL","Hawks",0,19,0,0,0,0,0,0,0,0,0],"26900071":[76403,"0026900071","11/08/1969","SEA","SuperSonics","PHL","76ers",0,0,0,0,0,0,0,0,0,0,0],"26900094":[76403,"0026900094","11/15/1969","SEA","SuperSonics","PHL","76ers",0,0,0,0,0,0,0,0,0,0,0],"26900087":[76403,"0026900087","11/13/1969","SEA","SuperSonics","DET","Pistons",0,6,0,0,0,0,0,0,0,0,0],"26900485":[76403,"0026900485","02/28/1970","SEA","SuperSonics","CHI","Bulls",0,10,0,0,0,0,0,0,0,0,0],"26900484":[76403,"0026900484","02/27/1970","SEA","SuperSonics","SFW","Warriors",0,11,0,0,0,0,0,0,0,0,0],"26900301":[76403,"0026900301","01/10/1970","SEA","SuperSonics","DET","Pistons",0,4,0,0,0,0,0,0,0,0,0],"26900476":[76403,"0026900476","02/25/1970","SEA","SuperSonics","ATL","Hawks",0,15,0,0,0,0,0,0,0,0,0],"26900549":[76403,"0026900549","03/20/1970","SEA","SuperSonics","BOS","Celtics",0,12,0,0,0,0,0,0,0,0,0],"26900058":[76403,"0026900058","11/04/1969","SEA","SuperSonics","DET","Pistons",0,4,0,0,0,0,0,0,0,0,0],"26900193":[76403,"0026900193","12/11/1969","SEA","SuperSonics","NYK","Knicks",0,2,0,0,0,0,0,0,0,0,0],"26900425":[76403,"0026900425","02/11/1970","SEA","SuperSonics","BLT","Bullets",0,12,0,0,0,0,0,0,0,0,0],"26900152":[76403,"0026900152","11/30/1969","SEA","SuperSonics","PHX","Suns",0,18,0,0,0,0,0,0,0,0,0],"26900246":[76403,"0026900246","12/27/1969","SEA","SuperSonics","NYK","Knicks",0,2,0,0,0,0,0,0,0,0,0],"26900296":[76403,"0026900296","01/09/1970","SEA","SuperSonics","PHL","76ers",0,14,0,0,0,0,0,0,0,0,0],"26900529":[76403,"0026900529","03/13/1970","SEA","SuperSonics","NYK","Knicks",0,13,0,0,0,0,0,0,0,0,0],"26900391":[76403,"0026900391","02/03/1970","SEA","SuperSonics","BLT","Bullets",0,20,0,0,0,0,0,0,0,0,0],"26900259":[76403,"0026900259","12/30/1969","SEA","SuperSonics","PHX","Suns",0,8,0,0,0,0,0,0,0,0,0],"26900015":[76403,"0026900015","10/19/1969","SEA","SuperSonics","MIL","Bucks",0,1,0,0,0,0,0,0,0,0,0],"26900219":[76403,"0026900219","12/19/1969","SEA","SuperSonics","PHL","76ers",0,2,0,0,0,0,0,0,0,0,0],"26903019":[76403,"0026903019","03/10/1970","SEA","SuperSonics","NYK","Knicks",0,2,0,0,0,0,0,0,0,0,0],"26900504":[76403,"0026900504","03/06/1970","SEA","SuperSonics","CIN","Royals",0,8,0,0,0,0,0,0,0,0,0],"26900371":[76403,"0026900371","01/30/1970","SEA","SuperSonics","SDR","Rockets",0,15,0,0,0,0,0,0,0,0,0],"26900370":[76403,"0026900370","01/29/1970","SEA","SuperSonics","SFW","Warriors",0,9,0,0,0,0,0,0,0,0,0],"26900445":[76403,"0026900445","02/17/1970","SEA","SuperSonics","PHX","Suns",0,12,0,0,0,0,0,0,0,0,0],"26900327":[76403,"0026900327","01/17/1970","SEA","SuperSonics","PHX","Suns",0,12,0,0,0,0,0,0,0,0,0],"26900054":[76403,"0026900054","11/02/1969","SEA","SuperSonics","ATL","Hawks",0,6,0,0,0,0,0,0,0,0,0],"26900318":[76403,"0026900318","01/14/1970","SEA","SuperSonics","PHL","76ers",0,14,0,0,0,0,0,0,0,0,0],"26900448":[76403,"0026900448","02/18/1970","SEA","SuperSonics","SDR","Rockets",0,10,0,0,0,0,0,0,0,0,0],"26903010":[76403,"0026903010","10/14/1969","SEA","SuperSonics","NYK","Knicks",0,6,0,0,0,0,0,0,0,0,0],"26900336":[76403,"0026900336","01/22/1970","SEA","SuperSonics","PHX","Suns",0,6,0,0,0,0,0,0,0,0,0],"26900090":[76403,"0026900090","11/14/1969","SEA","SuperSonics","SDR","Rockets",0,8,0,0,0,0,0,0,0,0,0],"26900172":[76403,"0026900172","12/05/1969","SEA","SuperSonics","MIL","Bucks",0,9,0,0,0,0,0,0,0,0,0],"26900233":[76403,"0026900233","12/21/1969","SEA","SuperSonics","SDR","Rockets",0,10,0,0,0,0,0,0,0,0,0],"26900234":[76403,"0026900234","12/23/1969","SEA","SuperSonics","SFW","Warriors",0,2,0,0,0,0,0,0,0,0,0],"26900210":[76403,"0026900210","12/16/1969","SEA","SuperSonics","SFW","Warriors",0,10,0,0,0,0,0,0,0,0,0],"26900542":[76403,"0026900542","03/17/1970","SEA","SuperSonics","CHI","Bulls",0,4,0,0,0,0,0,0,0,0,0],"26900453":[76403,"0026900453","02/20/1970","SEA","SuperSonics","BOS","Celtics",0,19,0,0,0,0,0,0,0,0,0],"26900275":[76403,"0026900275","01/03/1970","SEA","SuperSonics","LAL","Lakers",0,4,0,0,0,0,0,0,0,0,0],"26900495":[76403,"0026900495","03/03/1970","SEA","SuperSonics","SDR","Rockets",0,11,0,0,0,0,0,0,0,0,0],"26900158":[76403,"0026900158","12/02/1969","SEA","SuperSonics","NYK","Knicks",0,2,0,0,0,0,0,0,0,0,0],"26900029":[76403,"0026900029","10/25/1969","SEA","SuperSonics","LAL","Lakers",0,4,0,0,0,0,0,0,0,0,0],"26900183":[76403,"0026900183","12/09/1969","SEA","SuperSonics","DET","Pistons",0,8,0,0,0,0,0,0,0,0,0],"26900067":[76403,"0026900067","11/07/1969","SEA","SuperSonics","BLT","Bullets",0,9,0,0,0,0,0,0,0,0,0],"26900347":[76403,"0026900347","01/24/1970","SEA","SuperSonics","LAL","Lakers",0,20,0,0,0,0,0,0,0,0,0],"26900411":[76403,"0026900411","02/07/1970","SEA","SuperSonics","DET","Pistons",0,20,0,0,0,0,0,0,0,0,0],"26900558":[76403,"0026900558","03/22/1970","SEA","SuperSonics","LAL","Lakers",0,10,0,0,0,0,0,0,0,0,0],"26900396":[76403,"0026900396","02/04/1970","SEA","SuperSonics","CIN","Royals",0,15,0,0,0,0,0,0,0,0,0],"26900133":[76403,"0026900133","11/25/1969","SEA","SuperSonics","SFW","Warriors",0,2,0,0,0,0,0,0,0,0,0],"26900430":[76403,"0026900430","02/13/1970","SEA","SuperSonics","BLT","Bullets",0,10,0,0,0,0,0,0,0,0,0],"26900046":[76403,"0026900046","10/31/1969","SEA","SuperSonics","CIN","Royals",0,8,0,0,0,0,0,0,0,0,0],"26900206":[76403,"0026900206","12/14/1969","SEA","SuperSonics","LAL","Lakers",0,2,0,0,0,0,0,0,0,0,0],"26900404":[76403,"0026900404","02/06/1970","SEA","SuperSonics","BOS","Celtics",0,10,0,0,0,0,0,0,0,0,0],"26900217":[76403,"0026900217","12/17/1969","SEA","SuperSonics","CIN","Royals",0,6,0,0,0,0,0,0,0,0,0]},"data":[27.0,78,null,19.1,3.5,7.6,0.454,null,null,null,1.4,1.8,0.793,null,null,4.1,1.5,null,null,null,2.4,8.3],"rank":{"PerGame":[89,76,77,null,null,null,null,84,89,null,null,null,67,76,null,null,null,75,1],"Totals":[92,83,86,null,null,null,null,100,105,null,null,null,75,87,null,null,null,89,1]},"team":"SEA"},"1965":{"GameList":{"26500360":[76403,"0026500360","03/22/1966","NYK","Knicks","STL","Hawks",0,2,0,0,0,0,0,0,0,0,0],"26500050":[76403,"0026500050","11/10/1965","NYK","Knicks","CIN","Royals",0,0,0,0,0,0,0,0,0,0,0],"26500115":[76403,"0026500115","12/08/1965","NYK","Knicks","STL","Hawks",0,3,0,0,0,0,0,0,0,0,0],"26500131":[76403,"0026500131","12/15/1965","NYK","Knicks","BLT","Bullets",0,0,0,0,0,0,0,0,0,0,0],"26500083":[76403,"0026500083","11/24/1965","NYK","Knicks","BOS","Celtics",0,8,0,0,0,0,0,0,0,0,0],"26500058":[76403,"0026500058","11/13/1965","NYK","Knicks","PHL","76ers",0,1,0,0,0,0,0,0,0,0,0],"26500335":[76403,"0026500335","03/11/1966","NYK","Knicks","BLT","Bullets",0,12,0,0,0,0,0,0,0,0,0],"26500187":[76403,"0026500187","01/09/1966","NYK","Knicks","BLT","Bullets",0,0,0,0,0,0,0,0,0,0,0],"26500337":[76403,"0026500337","03/12/1966","NYK","Knicks","PHL","76ers",0,13,0,0,0,0,0,0,0,0,0],"26500029":[76403,"0026500029","10/31/1965","NYK","Knicks","SFW","Warriors",0,2,0,0,0,0,0,0,0,0,0],"26500183":[76403,"0026500183","01/08/1966","NYK","Knicks","LAL","Lakers",0,6,0,0,0,0,0,0,0,0,0],"26500215":[76403,"0026500215","01/22/1966","NYK","Knicks","STL","Hawks",0,4,0,0,0,0,0,0,0,0,0],"26500142":[76403,"0026500142","12/22/1965","NYK","Knicks","BOS","Celtics",0,4,0,0,0,0,0,0,0,0,0],"26500235":[76403,"0026500235","01/30/1966","NYK","Knicks","BOS","Celtics",0,0,0,0,0,0,0,0,0,0,0],"26500314":[76403,"0026500314","03/02/1966","NYK","Knicks","BOS","Celtics",0,10,0,0,0,0,0,0,0,0,0],"26500146":[76403,"0026500146","12/25/1965","NYK","Knicks","STL","Hawks",0,2,0,0,0,0,0,0,0,0,0],"26500020":[76403,"0026500020","10/28/1965","NYK","Knicks","LAL","Lakers",0,15,0,0,0,0,0,0,0,0,0],"26500232":[76403,"0026500232","01/29/1966","NYK","Knicks","BOS","Celtics",0,0,0,0,0,0,0,0,0,0,0],"26500164":[76403,"0026500164","01/01/1966","NYK","Knicks","CIN","Royals",0,11,0,0,0,0,0,0,0,0,0],"26500299":[76403,"0026500299","02/25/1966","NYK","Knicks","PHL","76ers",0,4,0,0,0,0,0,0,0,0,0],"26500274":[76403,"0026500274","02/14/1966","NYK","Knicks","SFW","Warriors",0,5,0,0,0,0,0,0,0,0,0],"26500354":[76403,"0026500354","03/19/1966","NYK","Knicks","BOS","Celtics",0,6,0,0,0,0,0,0,0,0,0],"26500120":[76403,"0026500120","12/10/1965","NYK","Knicks","STL","Hawks",0,4,0,0,0,0,0,0,0,0,0],"26500065":[76403,"0026500065","11/16/1965","NYK","Knicks","DET","Pistons",0,0,0,0,0,0,0,0,0,0,0],"26500122":[76403,"0026500122","12/11/1965","NYK","Knicks","BLT","Bullets",0,0,0,0,0,0,0,0,0,0,0],"26500110":[76403,"0026500110","12/07/1965","NYK","Knicks","LAL","Lakers",0,1,0,0,0,0,0,0,0,0,0],"26500297":[76403,"0026500297","02/23/1966","NYK","Knicks","DET","Pistons",0,2,0,0,0,0,0,0,0,0,0],"26500126":[76403,"0026500126","12/14/1965","NYK","Knicks","SFW","Warriors",0,2,0,0,0,0,0,0,0,0,0],"26500345":[76403,"0026500345","03/15/1966","NYK","Knicks","CIN","Royals",0,8,0,0,0,0,0,0,0,0,0],"26500265":[76403,"0026500265","02/11/1966","NYK","Knicks","DET","Pistons",0,10,0,0,0,0,0,0,0,0,0],"26500024":[76403,"0026500024","10/29/1965","NYK","Knicks","SFW","Warriors",0,4,0,0,0,0,0,0,0,0,0],"26500004":[76403,"0026500004","10/16/1965","NYK","Knicks","DET","Pistons",0,0,0,0,0,0,0,0,0,0,0],"26500099":[76403,"0026500099","12/01/1965","NYK","Knicks","BLT","Bullets",0,2,0,0,0,0,0,0,0,0,0],"26500293":[76403,"0026500293","02/22/1966","NYK","Knicks","STL","Hawks",0,2,0,0,0,0,0,0,0,0,0],"26500190":[76403,"0026500190","01/12/1966","NYK","Knicks","SFW","Warriors",0,10,0,0,0,0,0,0,0,0,0],"26500097":[76403,"0026500097","11/30/1965","NYK","Knicks","STL","Hawks",0,6,0,0,0,0,0,0,0,0,0],"26500041":[76403,"0026500041","11/06/1965","NYK","Knicks","CIN","Royals",0,1,0,0,0,0,0,0,0,0,0],"26500197":[76403,"0026500197","01/15/1966","NYK","Knicks","LAL","Lakers",0,14,0,0,0,0,0,0,0,0,0],"26500258":[76403,"0026500258","02/08/1966","NYK","Knicks","PHL","76ers",0,6,0,0,0,0,0,0,0,0,0],"26500249":[76403,"0026500249","02/05/1966","NYK","Knicks","PHL","76ers",0,4,0,0,0,0,0,0,0,0,0],"26500068":[76403,"0026500068","11/18/1965","NYK","Knicks","BLT","Bullets",0,2,0,0,0,0,0,0,0,0,0],"26500320":[76403,"0026500320","03/05/1966","NYK","Knicks","CIN","Royals",0,23,0,0,0,0,0,0,0,0,0],"26500206":[76403,"0026500206","01/18/1966","NYK","Knicks","STL","Hawks",0,7,0,0,0,0,0,0,0,0,0],"26500308":[76403,"0026500308","03/01/1966","NYK","Knicks","SFW","Warriors",0,4,0,0,0,0,0,0,0,0,0],"26500325":[76403,"0026500325","03/06/1966","NYK","Knicks","STL","Hawks",0,16,0,0,0,0,0,0,0,0,0],"26500032":[76403,"0026500032","11/03/1965","NYK","Knicks","BLT","Bullets",0,6,0,0,0,0,0,0,0,0,0],"26500240":[76403,"0026500240","02/01/1966","NYK","Knicks","BLT","Bullets",0,2,0,0,0,0,0,0,0,0,0],"26500225":[76403,"0026500225","01/26/1966","NYK","Knicks","SFW","Warriors",0,14,0,0,0,0,0,0,0,0,0],"26500202":[76403,"0026500202","01/17/1966","NYK","Knicks","STL","Hawks",0,10,0,0,0,0,0,0,0,0,0],"26500223":[76403,"0026500223","01/25/1966","NYK","Knicks","DET","Pistons",0,6,0,0,0,0,0,0,0,0,0],"26500247":[76403,"0026500247","02/04/1966","NYK","Knicks","DET","Pistons",0,7,0,0,0,0,0,0,0,0,0],"26500152":[76403,"0026500152","12/27/1965","NYK","Knicks","CIN","Royals",0,8,0,0,0,0,0,0,0,0,0],"26500340":[76403,"0026500340","03/13/1966","NYK","Knicks","PHL","76ers",0,10,0,0,0,0,0,0,0,0,0],"26500304":[76403,"0026500304","02/26/1966","NYK","Knicks","BOS","Celtics",0,11,0,0,0,0,0,0,0,0,0],"26500261":[76403,"0026500261","02/09/1966","NYK","Knicks","BOS","Celtics",0,1,0,0,0,0,0,0,0,0,0],"26500174":[76403,"0026500174","01/05/1966","NYK","Knicks","SFW","Warriors",0,2,0,0,0,0,0,0,0,0,0],"26500010":[76403,"0026500010","10/20/1965","NYK","Knicks","DET","Pistons",0,2,0,0,0,0,0,0,0,0,0],"26500172":[76403,"0026500172","01/04/1966","NYK","Knicks","PHL","76ers",0,0,0,0,0,0,0,0,0,0,0],"26500346":[76403,"0026500346","03/16/1966","NYK","Knicks","BLT","Bullets",0,4,0,0,0,0,0,0,0,0,0],"26500316":[76403,"0026500316","03/04/1966","NYK","Knicks","DET","Pistons",0,17,0,0,0,0,0,0,0,0,0],"26500348":[76403,"0026500348","03/17/1966","NYK","Knicks","PHL","76ers",0,2,0,0,0,0,0,0,0,0,0],"26500074":[76403,"0026500074","11/20/1965","NYK","Knicks","BOS","Celtics",0,4,0,0,0,0,0,0,0,0,0],"26500286":[76403,"0026500286","02/19/1966","NYK","Knicks","CIN","Royals",0,3,0,0,0,0,0,0,0,0,0],"26500137":[76403,"0026500137","12/18/1965","NYK","Knicks","CIN","Royals",0,6,0,0,0,0,0,0,0,0,0],"26500328":[76403,"0026500328","03/08/1966","NYK","Knicks","LAL","Lakers",0,10,0,0,0,0,0,0,0,0,0],"26500282":[76403,"0026500282","02/18/1966","NYK","Knicks","DET","Pistons",0,11,0,0,0,0,0,0,0,0,0]},"data":[23.0,70,null,12.5,2.3,5.6,0.412,null,null,null,0.8,1.1,0.692,null,null,2.6,1.0,null,null,null,1.6,5.4],"rank":{"PerGame":[66,58,58,null,null,null,null,61,61,null,null,null,60,61,null,null,null,63,1],"Totals":[77,73,75,null,null,null,null,81,85,null,null,null,78,74,null,null,null,76,1]},"team":"NYK"},"1966":{"GameList":{"26600173":[76403,"0026600173","12/26/1966","CHI","Bulls","BLT","Bullets",0,0,0,0,0,0,0,0,0,0,0],"26600096":[76403,"0026600096","11/25/1966","CHI","Bulls","LAL","Lakers",0,12,0,0,0,0,0,0,0,0,0],"26600083":[76403,"0026600083","11/19/1966","CHI","Bulls","NYK","Knicks",0,6,0,0,0,0,0,0,0,0,0],"26600194":[76403,"0026600194","01/04/1967","CHI","Bulls","PHL","76ers",0,1,0,0,0,0,0,0,0,0,0],"26600156":[76403,"0026600156","12/19/1966","CHI","Bulls","STL","Hawks",0,1,0,0,0,0,0,0,0,0,0],"26600152":[76403,"0026600152","12/17/1966","CHI","Bulls","BLT","Bullets",0,1,0,0,0,0,0,0,0,0,0],"26600137":[76403,"0026600137","12/10/1966","CHI","Bulls","BOS","Celtics",0,3,0,0,0,0,0,0,0,0,0],"26600358":[76403,"0026600358","03/04/1967","CHI","Bulls","STL","Hawks",0,14,0,0,0,0,0,0,0,0,0],"26600392":[76403,"0026600392","03/15/1967","CHI","Bulls","DET","Pistons",0,3,0,0,0,0,0,0,0,0,0],"26600015":[76403,"0026600015","10/21/1966","CHI","Bulls","LAL","Lakers",0,2,0,0,0,0,0,0,0,0,0],"26600119":[76403,"0026600119","12/03/1966","CHI","Bulls","DET","Pistons",0,14,0,0,0,0,0,0,0,0,0],"26600299":[76403,"0026600299","02/10/1967","CHI","Bulls","NYK","Knicks",0,10,0,0,0,0,0,0,0,0,0],"26600067":[76403,"0026600067","11/13/1966","CHI","Bulls","PHL","76ers",0,12,0,0,0,0,0,0,0,0,0],"26600011":[76403,"0026600011","10/20/1966","CHI","Bulls","SFW","Warriors",0,4,0,0,0,0,0,0,0,0,0],"26600228":[76403,"0026600228","01/17/1967","CHI","Bulls","BOS","Celtics",0,2,0,0,0,0,0,0,0,0,0],"26600354":[76403,"0026600354","03/02/1967","CHI","Bulls","BOS","Celtics",0,8,0,0,0,0,0,0,0,0,0],"26600374":[76403,"0026600374","03/10/1967","CHI","Bulls","BLT","Bullets",0,7,0,0,0,0,0,0,0,0,0],"26600050":[76403,"0026600050","11/06/1966","CHI","Bulls","STL","Hawks",0,8,0,0,0,0,0,0,0,0,0],"26600035":[76403,"0026600035","11/01/1966","CHI","Bulls","SFW","Warriors",0,19,0,0,0,0,0,0,0,0,0],"26600254":[76403,"0026600254","01/25/1967","CHI","Bulls","STL","Hawks",0,7,0,0,0,0,0,0,0,0,0],"26600235":[76403,"0026600235","01/19/1967","CHI","Bulls","PHL","76ers",0,10,0,0,0,0,0,0,0,0,0],"26600236":[76403,"0026600236","01/20/1967","CHI","Bulls","DET","Pistons",0,6,0,0,0,0,0,0,0,0,0],"26600059":[76403,"0026600059","11/11/1966","CHI","Bulls","PHL","76ers",0,21,0,0,0,0,0,0,0,0,0],"26600071":[76403,"0026600071","11/15/1966","CHI","Bulls","STL","Hawks",0,16,0,0,0,0,0,0,0,0,0],"26600315":[76403,"0026600315","02/16/1967","CHI","Bulls","SFW","Warriors",0,16,0,0,0,0,0,0,0,0,0],"26600378":[76403,"0026600378","03/11/1967","CHI","Bulls","CIN","Royals",0,9,0,0,0,0,0,0,0,0,0],"26600076":[76403,"0026600076","11/17/1966","CHI","Bulls","BLT","Bullets",0,5,0,0,0,0,0,0,0,0,0],"26600038":[76403,"0026600038","11/02/1966","CHI","Bulls","BLT","Bullets",0,9,0,0,0,0,0,0,0,0,0],"26600121":[76403,"0026600121","12/06/1966","CHI","Bulls","PHL","76ers",0,8,0,0,0,0,0,0,0,0,0],"26600217":[76403,"0026600217","01/13/1967","CHI","Bulls","BOS","Celtics",0,3,0,0,0,0,0,0,0,0,0],"26600129":[76403,"0026600129","12/08/1966","CHI","Bulls","BLT","Bullets",0,8,0,0,0,0,0,0,0,0,0],"26600388":[76403,"0026600388","03/14/1967","CHI","Bulls","STL","Hawks",0,2,0,0,0,0,0,0,0,0,0],"26600147":[76403,"0026600147","12/16/1966","CHI","Bulls","CIN","Royals",0,0,0,0,0,0,0,0,0,0,0],"26600145":[76403,"0026600145","12/14/1966","CHI","Bulls","DET","Pistons",0,3,0,0,0,0,0,0,0,0,0],"26600089":[76403,"0026600089","11/23/1966","CHI","Bulls","LAL","Lakers",0,2,0,0,0,0,0,0,0,0,0],"26600385":[76403,"0026600385","03/13/1967","CHI","Bulls","CIN","Royals",0,7,0,0,0,0,0,0,0,0,0],"26600142":[76403,"0026600142","12/13/1966","CHI","Bulls","BLT","Bullets",0,9,0,0,0,0,0,0,0,0,0],"26600127":[76403,"0026600127","12/07/1966","CHI","Bulls","PHL","76ers",0,8,0,0,0,0,0,0,0,0,0],"26600280":[76403,"0026600280","02/04/1967","CHI","Bulls","STL","Hawks",0,1,0,0,0,0,0,0,0,0,0],"26600100":[76403,"0026600100","11/26/1966","CHI","Bulls","SFW","Warriors",0,18,0,0,0,0,0,0,0,0,0],"26600107":[76403,"0026600107","11/29/1966","CHI","Bulls","SFW","Warriors",0,9,0,0,0,0,0,0,0,0,0],"26600053":[76403,"0026600053","11/08/1966","CHI","Bulls","BOS","Celtics",0,5,0,0,0,0,0,0,0,0,0],"26600262":[76403,"0026600262","01/29/1967","CHI","Bulls","LAL","Lakers",0,9,0,0,0,0,0,0,0,0,0],"26600370":[76403,"0026600370","03/07/1967","CHI","Bulls","BOS","Celtics",0,10,0,0,0,0,0,0,0,0,0],"26600077":[76403,"0026600077","11/18/1966","CHI","Bulls","PHL","76ers",0,16,0,0,0,0,0,0,0,0,0],"26600007":[76403,"0026600007","10/18/1966","CHI","Bulls","SFW","Warriors",0,7,0,0,0,0,0,0,0,0,0],"26600244":[76403,"0026600244","01/22/1967","CHI","Bulls","BLT","Bullets",0,10,0,0,0,0,0,0,0,0,0],"26600026":[76403,"0026600026","10/27/1966","CHI","Bulls","BOS","Celtics",0,2,0,0,0,0,0,0,0,0,0],"26600021":[76403,"0026600021","10/23/1966","CHI","Bulls","NYK","Knicks",0,4,0,0,0,0,0,0,0,0,0],"26600361":[76403,"0026600361","03/05/1967","CHI","Bulls","CIN","Royals",0,0,0,0,0,0,0,0,0,0,0],"26600292":[76403,"0026600292","02/07/1967","CHI","Bulls","DET","Pistons",0,3,0,0,0,0,0,0,0,0,0],"26600047":[76403,"0026600047","11/05/1966","CHI","Bulls","CIN","Royals",0,17,0,0,0,0,0,0,0,0,0],"26600056":[76403,"0026600056","11/09/1966","CHI","Bulls","NYK","Knicks",0,1,0,0,0,0,0,0,0,0,0],"26600397":[76403,"0026600397","03/17/1967","CHI","Bulls","SFW","Warriors",0,6,0,0,0,0,0,0,0,0,0],"26600325":[76403,"0026600325","02/19/1967","CHI","Bulls","LAL","Lakers",0,12,0,0,0,0,0,0,0,0,0],"26600041":[76403,"0026600041","11/03/1966","CHI","Bulls","BOS","Celtics",0,7,0,0,0,0,0,0,0,0,0],"26600250":[76403,"0026600250","01/24/1967","CHI","Bulls","DET","Pistons",0,11,0,0,0,0,0,0,0,0,0],"26600009":[76403,"0026600009","10/19/1966","CHI","Bulls","LAL","Lakers",0,2,0,0,0,0,0,0,0,0,0],"26600405":[76403,"0026600405","03/19/1967","CHI","Bulls","LAL","Lakers",0,10,0,0,0,0,0,0,0,0,0],"26600332":[76403,"0026600332","02/22/1967","CHI","Bulls","NYK","Knicks",0,4,0,0,0,0,0,0,0,0,0]},"data":[24.0,60,null,16.4,3.1,7.4,0.419,null,null,null,1.1,1.5,0.756,null,null,3.4,0.7,null,null,null,2.4,7.3],"rank":{"PerGame":[null,null,null,null,null,null,null,null,null,null,null,null,null,null,null,null,null,null,null],"Totals":[87,81,81,null,null,null,null,88,92,null,null,null,83,99,null,null,null,81,1]},"team":"CHI"},"1967":{"GameList":{"26700248":[76403,"0026700248","01/05/1968","CHI","Bulls","NYK","Knicks",0,4,0,0,0,0,0,0,0,0,0],"26700083":[76403,"0026700083","11/12/1967","CHI","Bulls","LAL","Lakers",0,22,0,0,0,0,0,0,0,0,0],"26700454":[76403,"0026700454","03/09/1968","CHI","Bulls","STL","Hawks",0,14,0,0,0,0,0,0,0,0,0],"26700352":[76403,"0026700352","02/08/1968","CHI","Bulls","DET","Pistons",0,16,0,0,0,0,0,0,0,0,0],"26700492":[76403,"0026700492","03/20/1968","CHI","Bulls","SDR","Rockets",0,8,0,0,0,0,0,0,0,0,0],"26700355":[76403,"0026700355","02/09/1968","CHI","Bulls","PHL","76ers",0,3,0,0,0,0,0,0,0,0,0],"26700093":[76403,"0026700093","11/16/1967","CHI","Bulls","SDR","Rockets",0,0,0,0,0,0,0,0,0,0,0],"26700090":[76403,"0026700090","11/15/1967","CHI","Bulls","LAL","Lakers",0,0,0,0,0,0,0,0,0,0,0],"26700097":[76403,"0026700097","11/17/1967","CHI","Bulls","SFW","Warriors",0,21,0,0,0,0,0,0,0,0,0],"26700234":[76403,"0026700234","01/01/1968","CHI","Bulls","BLT","Bullets",0,0,0,0,0,0,0,0,0,0,0],"26700378":[76403,"0026700378","02/15/1968","CHI","Bulls","LAL","Lakers",0,5,0,0,0,0,0,0,0,0,0],"26700392":[76403,"0026700392","02/20/1968","CHI","Bulls","DET","Pistons",0,3,0,0,0,0,0,0,0,0,0],"26700099":[76403,"0026700099","11/18/1967","CHI","Bulls","DET","Pistons",0,13,0,0,0,0,0,0,0,0,0],"26700372":[76403,"0026700372","02/13/1968","CHI","Bulls","SDR","Rockets",0,0,0,0,0,0,0,0,0,0,0],"26700317":[76403,"0026700317","01/30/1968","CHI","Bulls","SFW","Warriors",0,2,0,0,0,0,0,0,0,0,0],"26700153":[76403,"0026700153","12/05/1967","CHI","Bulls","CIN","Royals",0,11,0,0,0,0,0,0,0,0,0],"26700250":[76403,"0026700250","01/06/1968","CHI","Bulls","CIN","Royals",0,14,0,0,0,0,0,0,0,0,0],"26700034":[76403,"0026700034","10/27/1967","CHI","Bulls","LAL","Lakers",0,5,0,0,0,0,0,0,0,0,0],"26700446":[76403,"0026700446","03/07/1968","CHI","Bulls","BOS","Celtics",0,6,0,0,0,0,0,0,0,0,0],"26700273":[76403,"0026700273","01/13/1968","CHI","Bulls","BLT","Bullets",0,7,0,0,0,0,0,0,0,0,0],"26700064":[76403,"0026700064","11/07/1967","CHI","Bulls","STL","Hawks",0,23,0,0,0,0,0,0,0,0,0],"26700258":[76403,"0026700258","01/09/1968","CHI","Bulls","STL","Hawks",0,5,0,0,0,0,0,0,0,0,0],"26700013":[76403,"0026700013","10/19/1967","CHI","Bulls","SFW","Warriors",0,2,0,0,0,0,0,0,0,0,0],"26700464":[76403,"0026700464","03/12/1968","CHI","Bulls","PHL","76ers",0,7,0,0,0,0,0,0,0,0,0],"26700016":[76403,"0026700016","10/20/1967","CHI","Bulls","STL","Hawks",0,8,0,0,0,0,0,0,0,0,0],"26700159":[76403,"0026700159","12/08/1967","CHI","Bulls","SEA","SuperSonics",0,5,0,0,0,0,0,0,0,0,0],"26700461":[76403,"0026700461","03/11/1968","CHI","Bulls","CIN","Royals",0,14,0,0,0,0,0,0,0,0,0],"26700181":[76403,"0026700181","12/15/1967","CHI","Bulls","SEA","SuperSonics",0,25,0,0,0,0,0,0,0,0,0],"26700117":[76403,"0026700117","11/23/1967","CHI","Bulls","NYK","Knicks",0,11,0,0,0,0,0,0,0,0,0],"26700295":[76403,"0026700295","01/20/1968","CHI","Bulls","PHL","76ers",0,7,0,0,0,0,0,0,0,0,0],"26700421":[76403,"0026700421","02/29/1968","CHI","Bulls","LAL","Lakers",0,0,0,0,0,0,0,0,0,0,0],"26700158":[76403,"0026700158","12/07/1967","CHI","Bulls","SDR","Rockets",0,18,0,0,0,0,0,0,0,0,0],"26700113":[76403,"0026700113","11/22/1967","CHI","Bulls","BLT","Bullets",0,17,0,0,0,0,0,0,0,0,0],"26700426":[76403,"0026700426","03/01/1968","CHI","Bulls","BOS","Celtics",0,17,0,0,0,0,0,0,0,0,0],"26700177":[76403,"0026700177","12/13/1967","CHI","Bulls","SFW","Warriors",0,11,0,0,0,0,0,0,0,0,0],"26700033":[76403,"0026700033","10/25/1967","CHI","Bulls","DET","Pistons",0,7,0,0,0,0,0,0,0,0,0],"26700399":[76403,"0026700399","02/21/1968","CHI","Bulls","SEA","SuperSonics",0,11,0,0,0,0,0,0,0,0,0],"26700073":[76403,"0026700073","11/09/1967","CHI","Bulls","BOS","Celtics",0,4,0,0,0,0,0,0,0,0,0],"26700299":[76403,"0026700299","01/21/1968","CHI","Bulls","STL","Hawks",0,0,0,0,0,0,0,0,0,0,0],"26700155":[76403,"0026700155","12/06/1967","CHI","Bulls","DET","Pistons",0,9,0,0,0,0,0,0,0,0,0],"26700174":[76403,"0026700174","12/12/1967","CHI","Bulls","SDR","Rockets",0,8,0,0,0,0,0,0,0,0,0],"26700481":[76403,"0026700481","03/17/1968","CHI","Bulls","SDR","Rockets",0,25,0,0,0,0,0,0,0,0,0],"26700239":[76403,"0026700239","01/02/1968","CHI","Bulls","BOS","Celtics",0,9,0,0,0,0,0,0,0,0,0],"26700436":[76403,"0026700436","03/05/1968","CHI","Bulls","DET","Pistons",0,10,0,0,0,0,0,0,0,0,0],"26700475":[76403,"0026700475","03/15/1968","CHI","Bulls","SEA","SuperSonics",0,10,0,0,0,0,0,0,0,0,0],"26700489":[76403,"0026700489","03/19/1968","CHI","Bulls","SEA","SuperSonics",0,11,0,0,0,0,0,0,0,0,0],"26700179":[76403,"0026700179","12/14/1967","CHI","Bulls","LAL","Lakers",0,7,0,0,0,0,0,0,0,0,0],"26700275":[76403,"0026700275","01/14/1968","CHI","Bulls","STL","Hawks",0,19,0,0,0,0,0,0,0,0,0],"26700344":[76403,"0026700344","02/06/1968","CHI","Bulls","SFW","Warriors",0,2,0,0,0,0,0,0,0,0,0],"26700185":[76403,"0026700185","12/16/1967","CHI","Bulls","PHL","76ers",0,13,0,0,0,0,0,0,0,0,0],"26700367":[76403,"0026700367","02/12/1968","CHI","Bulls","CIN","Royals",0,4,0,0,0,0,0,0,0,0,0],"26700202":[76403,"0026700202","12/21/1967","CHI","Bulls","BLT","Bullets",0,2,0,0,0,0,0,0,0,0,0],"26700133":[76403,"0026700133","11/28/1967","CHI","Bulls","SEA","SuperSonics",0,20,0,0,0,0,0,0,0,0,0],"26700243":[76403,"0026700243","01/03/1968","CHI","Bulls","BLT","Bullets",0,0,0,0,0,0,0,0,0,0,0],"26700388":[76403,"0026700388","02/18/1968","CHI","Bulls","STL","Hawks",0,0,0,0,0,0,0,0,0,0,0],"26700322":[76403,"0026700322","01/31/1968","CHI","Bulls","BOS","Celtics",0,2,0,0,0,0,0,0,0,0,0],"26700008":[76403,"0026700008","10/17/1967","CHI","Bulls","LAL","Lakers",0,2,0,0,0,0,0,0,0,0,0],"26700300":[76403,"0026700300","01/25/1968","CHI","Bulls","NYK","Knicks",0,4,0,0,0,0,0,0,0,0,0],"26700327":[76403,"0026700327","02/01/1968","CHI","Bulls","NYK","Knicks",0,4,0,0,0,0,0,0,0,0,0],"26700004":[76403,"0026700004","10/14/1967","CHI","Bulls","BOS","Celtics",0,0,0,0,0,0,0,0,0,0,0],"26700476":[76403,"0026700476","03/16/1968","CHI","Bulls","PHL","76ers",0,14,0,0,0,0,0,0,0,0,0],"26700121":[76403,"0026700121","11/24/1967","CHI","Bulls","PHL","76ers",0,16,0,0,0,0,0,0,0,0,0],"26700470":[76403,"0026700470","03/13/1968","CHI","Bulls","BLT","Bullets",0,15,0,0,0,0,0,0,0,0,0],"26700204":[76403,"0026700204","12/22/1967","CHI","Bulls","BLT","Bullets",0,7,0,0,0,0,0,0,0,0,0],"26700124":[76403,"0026700124","11/25/1967","CHI","Bulls","PHL","76ers",0,10,0,0,0,0,0,0,0,0,0],"26700053":[76403,"0026700053","11/02/1967","CHI","Bulls","SEA","SuperSonics",0,19,0,0,0,0,0,0,0,0,0],"26700330":[76403,"0026700330","02/02/1968","CHI","Bulls","CIN","Royals",0,4,0,0,0,0,0,0,0,0,0],"26700043":[76403,"0026700043","10/29/1967","CHI","Bulls","SFW","Warriors",0,8,0,0,0,0,0,0,0,0,0],"26700107":[76403,"0026700107","11/21/1967","CHI","Bulls","NYK","Knicks",0,21,0,0,0,0,0,0,0,0,0],"26700045":[76403,"0026700045","10/31/1967","CHI","Bulls","SEA","SuperSonics",0,29,0,0,0,0,0,0,0,0,0],"26700410":[76403,"0026700410","02/24/1968","CHI","Bulls","NYK","Knicks",0,9,0,0,0,0,0,0,0,0,0],"26700280":[76403,"0026700280","01/16/1968","CHI","Bulls","SDR","Rockets",0,3,0,0,0,0,0,0,0,0,0],"26700284":[76403,"0026700284","01/17/1968","CHI","Bulls","SDR","Rockets",0,10,0,0,0,0,0,0,0,0,0],"26700142":[76403,"0026700142","12/01/1967","CHI","Bulls","NYK","Knicks",0,0,0,0,0,0,0,0,0,0,0],"26700165":[76403,"0026700165","12/09/1967","CHI","Bulls","SFW","Warriors",0,25,0,0,0,0,0,0,0,0,0],"26700144":[76403,"0026700144","12/02/1967","CHI","Bulls","CIN","Royals",0,10,0,0,0,0,0,0,0,0,0],"26700432":[76403,"0026700432","03/03/1968","CHI","Bulls","DET","Pistons",0,7,0,0,0,0,0,0,0,0,0],"26700381":[76403,"0026700381","02/16/1968","CHI","Bulls","BOS","Celtics",0,8,0,0,0,0,0,0,0,0,0]},"data":[25.0,78,null,20.9,3.9,8.6,0.449,null,null,null,1.6,2.2,0.724,null,null,4.8,1.3,null,null,null,2.9,9.3],"rank":{"PerGame":[71,56,60,38,null,null,null,70,70,null,null,null,55,74,null,null,null,65,1],"Totals":[76,68,73,38,null,null,null,88,90,null,null,null,57,89,null,null,null,74,1]},"team":"CHI"},"1973":{"GameList":{"27300495":[76403,"0027300495","02/10/1974","CLE","Cavaliers","BUF","Braves",0,6,0,0,0,0,0,0,0,0,0],"27300032":[76403,"0027300032","10/19/1973","CLE","Cavaliers","NYK","Knicks",0,2,0,0,0,0,0,0,0,0,0],"27300118":[76403,"0027300118","11/10/1973","CLE","Cavaliers","NYK","Knicks",0,0,0,0,0,0,0,0,0,0,0],"27300490":[76403,"0027300490","02/09/1974","CLE","Cavaliers","ATL","Hawks",0,10,0,0,0,0,0,0,0,0,0],"27300131":[76403,"0027300131","11/13/1973","CLE","Cavaliers","GOS","Warriors",0,10,0,0,0,0,0,0,0,0,0],"27300392":[76403,"0027300392","01/17/1974","CLE","Cavaliers","CAP","Bullets",0,5,0,0,0,0,0,0,0,0,0],"27300270":[76403,"0027300270","12/18/1973","CLE","Cavaliers","BUF","Braves",0,4,0,0,0,0,0,0,0,0,0],"27300253":[76403,"0027300253","12/14/1973","CLE","Cavaliers","BUF","Braves",0,4,0,0,0,0,0,0,0,0,0],"27300059":[76403,"0027300059","10/26/1973","CLE","Cavaliers","BUF","Braves",0,6,0,0,0,0,0,0,0,0,0],"27300342":[76403,"0027300342","01/04/1974","CLE","Cavaliers","CAP","Bullets",0,2,0,0,0,0,0,0,0,0,0],"27300195":[76403,"0027300195","11/30/1973","CLE","Cavaliers","PHL","76ers",0,6,0,0,0,0,0,0,0,0,0],"27300209":[76403,"0027300209","12/02/1973","CLE","Cavaliers","HOU","Rockets",0,11,0,0,0,0,0,0,0,0,0],"27300279":[76403,"0027300279","12/19/1973","CLE","Cavaliers","KCK","Kings",0,2,0,0,0,0,0,0,0,0,0],"27300692":[76403,"0027300692","03/26/1974","CLE","Cavaliers","CHI","Bulls",0,2,0,0,0,0,0,0,0,0,0],"27300283":[76403,"0027300283","12/21/1973","CLE","Cavaliers","SEA","SuperSonics",0,7,0,0,0,0,0,0,0,0,0],"27300507":[76403,"0027300507","02/12/1974","CLE","Cavaliers","CAP","Bullets",0,4,0,0,0,0,0,0,0,0,0],"27300366":[76403,"0027300366","01/09/1974","CLE","Cavaliers","PHL","76ers",0,0,0,0,0,0,0,0,0,0,0],"27300655":[76403,"0027300655","03/19/1974","CLE","Cavaliers","POR","Trail Blazers",0,0,0,0,0,0,0,0,0,0,0],"27300182":[76403,"0027300182","11/27/1973","CLE","Cavaliers","SEA","SuperSonics",0,6,0,0,0,0,0,0,0,0,0],"27300414":[76403,"0027300414","01/22/1974","CLE","Cavaliers","LAL","Lakers",0,8,0,0,0,0,0,0,0,0,0],"27300324":[76403,"0027300324","12/30/1973","CLE","Cavaliers","ATL","Hawks",0,2,0,0,0,0,0,0,0,0,0],"27300440":[76403,"0027300440","01/29/1974","CLE","Cavaliers","ATL","Hawks",0,0,0,0,0,0,0,0,0,0,0],"27300081":[76403,"0027300081","10/31/1973","CLE","Cavaliers","BOS","Celtics",0,7,0,0,0,0,0,0,0,0,0],"27300464":[76403,"0027300464","02/03/1974","CLE","Cavaliers","CHI","Bulls",0,14,0,0,0,0,0,0,0,0,0],"27300443":[76403,"0027300443","01/30/1974","CLE","Cavaliers","BOS","Celtics",0,4,0,0,0,0,0,0,0,0,0],"27300305":[76403,"0027300305","12/26/1973","CLE","Cavaliers","MIL","Bucks",0,6,0,0,0,0,0,0,0,0,0],"27300616":[76403,"0027300616","03/09/1974","CLE","Cavaliers","PHX","Suns",0,8,0,0,0,0,0,0,0,0,0],"27300202":[76403,"0027300202","12/01/1973","CLE","Cavaliers","NYK","Knicks",0,6,0,0,0,0,0,0,0,0,0],"27300089":[76403,"0027300089","11/02/1973","CLE","Cavaliers","MIL","Bucks",0,12,0,0,0,0,0,0,0,0,0],"27300643":[76403,"0027300643","03/16/1974","CLE","Cavaliers","BUF","Braves",0,4,0,0,0,0,0,0,0,0,0],"27300141":[76403,"0027300141","11/16/1973","CLE","Cavaliers","SEA","SuperSonics",0,8,0,0,0,0,0,0,0,0,0],"27300636":[76403,"0027300636","03/15/1974","CLE","Cavaliers","BOS","Celtics",0,4,0,0,0,0,0,0,0,0,0],"27300583":[76403,"0027300583","03/01/1974","CLE","Cavaliers","PHL","76ers",0,18,0,0,0,0,0,0,0,0,0],"27300661":[76403,"0027300661","03/20/1974","CLE","Cavaliers","CAP","Bullets",0,2,0,0,0,0,0,0,0,0,0],"27300485":[76403,"0027300485","02/08/1974","CLE","Cavaliers","HOU","Rockets",0,4,0,0,0,0,0,0,0,0,0],"27300103":[76403,"0027300103","11/06/1973","CLE","Cavaliers","LAL","Lakers",0,10,0,0,0,0,0,0,0,0,0],"27300164":[76403,"0027300164","11/22/1973","CLE","Cavaliers","HOU","Rockets",0,0,0,0,0,0,0,0,0,0,0],"27300558":[76403,"0027300558","02/24/1974","CLE","Cavaliers","PHX","Suns",0,4,0,0,0,0,0,0,0,0,0],"27300626":[76403,"0027300626","03/12/1974","CLE","Cavaliers","ATL","Hawks",0,6,0,0,0,0,0,0,0,0,0],"27300024":[76403,"0027300024","10/14/1973","CLE","Cavaliers","DET","Pistons",0,6,0,0,0,0,0,0,0,0,0],"27300242":[76403,"0027300242","12/11/1973","CLE","Cavaliers","LAL","Lakers",0,0,0,0,0,0,0,0,0,0,0],"27300648":[76403,"0027300648","03/17/1974","CLE","Cavaliers","PHL","76ers",0,8,0,0,0,0,0,0,0,0,0],"27300385":[76403,"0027300385","01/13/1974","CLE","Cavaliers","PHL","76ers",0,0,0,0,0,0,0,0,0,0,0],"27300113":[76403,"0027300113","11/09/1973","CLE","Cavaliers","HOU","Rockets",0,11,0,0,0,0,0,0,0,0,0],"27300099":[76403,"0027300099","11/04/1973","CLE","Cavaliers","ATL","Hawks",0,10,0,0,0,0,0,0,0,0,0],"27300289":[76403,"0027300289","12/22/1973","CLE","Cavaliers","ATL","Hawks",0,12,0,0,0,0,0,0,0,0,0],"27300296":[76403,"0027300296","12/23/1973","CLE","Cavaliers","HOU","Rockets",0,8,0,0,0,0,0,0,0,0,0],"27300401":[76403,"0027300401","01/19/1974","CLE","Cavaliers","KCK","Kings",0,2,0,0,0,0,0,0,0,0,0],"27300682":[76403,"0027300682","03/24/1974","CLE","Cavaliers","NYK","Knicks",0,6,0,0,0,0,0,0,0,0,0],"27300168":[76403,"0027300168","11/23/1973","CLE","Cavaliers","HOU","Rockets",0,6,0,0,0,0,0,0,0,0,0],"27300150":[76403,"0027300150","11/18/1973","CLE","Cavaliers","LAL","Lakers",0,0,0,0,0,0,0,0,0,0,0],"27300179":[76403,"0027300179","11/25/1973","CLE","Cavaliers","BOS","Celtics",0,9,0,0,0,0,0,0,0,0,0],"27303014":[76403,"0027303014","11/11/1973","CLE","Cavaliers","KCK","Kings",0,3,0,0,0,0,0,0,0,0,0],"27303015":[76403,"0027303015","12/27/1973","CLE","Cavaliers","KCK","Kings",0,16,0,0,0,0,0,0,0,0,0],"27303012":[76403,"0027303012","10/27/1973","CLE","Cavaliers","BUF","Braves",0,6,0,0,0,0,0,0,0,0,0],"27303013":[76403,"0027303013","10/20/1973","CLE","Cavaliers","MIL","Bucks",0,12,0,0,0,0,0,0,0,0,0],"27300419":[76403,"0027300419","01/23/1974","CLE","Cavaliers","PHX","Suns",0,16,0,0,0,0,0,0,0,0,0],"27300375":[76403,"0027300375","01/11/1974","CLE","Cavaliers","DET","Pistons",0,4,0,0,0,0,0,0,0,0,0],"27300470":[76403,"0027300470","02/05/1974","CLE","Cavaliers","MIL","Bucks",0,4,0,0,0,0,0,0,0,0,0],"27303011":[76403,"0027303011","10/23/1973","CLE","Cavaliers","POR","Trail Blazers",0,0,0,0,0,0,0,0,0,0,0],"27300350":[76403,"0027300350","01/05/1974","CLE","Cavaliers","ATL","Hawks",0,2,0,0,0,0,0,0,0,0,0],"27300531":[76403,"0027300531","02/17/1974","CLE","Cavaliers","SEA","SuperSonics",0,0,0,0,0,0,0,0,0,0,0],"27300704":[76403,"0027300704","12/29/1973","CLE","Cavaliers","BOS","Celtics",0,7,0,0,0,0,0,0,0,0,0],"27300552":[76403,"0027300552","02/23/1974","CLE","Cavaliers","CAP","Bullets",0,12,0,0,0,0,0,0,0,0,0],"27300456":[76403,"0027300456","02/02/1974","CLE","Cavaliers","NYK","Knicks",0,10,0,0,0,0,0,0,0,0,0],"27300190":[76403,"0027300190","11/28/1973","CLE","Cavaliers","DET","Pistons",0,2,0,0,0,0,0,0,0,0,0],"27300094":[76403,"0027300094","11/03/1973","CLE","Cavaliers","CHI","Bulls",0,0,0,0,0,0,0,0,0,0,0],"27300590":[76403,"0027300590","03/03/1974","CLE","Cavaliers","CAP","Bullets",0,4,0,0,0,0,0,0,0,0,0],"27300012":[76403,"0027300012","10/12/1973","CLE","Cavaliers","HOU","Rockets",0,8,0,0,0,0,0,0,0,0,0],"27300073":[76403,"0027300073","10/28/1973","CLE","Cavaliers","BOS","Celtics",0,6,0,0,0,0,0,0,0,0,0],"27300708":[76403,"0027300708","01/25/1974","CLE","Cavaliers","POR","Trail Blazers",0,4,0,0,0,0,0,0,0,0,0]},"data":[31.0,71,null,12.9,2.3,4.9,0.471,null,null,null,0.9,1.0,0.849,0.6,1.7,2.3,1.1,0.5,0.0,null,1.9,5.5],"rank":{"PerGame":[121,108,107,null,null,null,null,108,107,null,109,101,106,104,103,117,null,111,1],"Totals":[144,131,133,null,null,null,null,132,144,null,154,122,137,136,128,185,null,134,1]},"team":"CLE"},"1972":{"GameList":{"27203006":[76403,"0027203006","10/22/1972","CLE","Cavaliers","MIL","Bucks",0,0,0,0,0,0,0,0,0,0,0],"27203007":[76403,"0027203007","10/29/1972","CLE","Cavaliers","KCK","Kings",0,4,0,0,0,0,0,0,0,0,0],"27203004":[76403,"0027203004","10/15/1972","CLE","Cavaliers","LAL","Lakers",0,2,0,0,0,0,0,0,0,0,0],"27203023":[76403,"0027203023","01/30/1973","CLE","Cavaliers","MIL","Bucks",0,8,0,0,0,0,0,0,0,0,0],"27200128":[76403,"0027200128","11/17/1972","CLE","Cavaliers","KCK","Kings",0,0,0,0,0,0,0,0,0,0,0],"27203025":[76403,"0027203025","02/09/1973","CLE","Cavaliers","CHI","Bulls",0,4,0,0,0,0,0,0,0,0,0],"27203026":[76403,"0027203026","02/11/1973","CLE","Cavaliers","ATL","Hawks",0,8,0,0,0,0,0,0,0,0,0],"27200365":[76403,"0027200365","01/16/1973","CLE","Cavaliers","GOS","Warriors",0,1,0,0,0,0,0,0,0,0,0],"27200344":[76403,"0027200344","01/12/1973","CLE","Cavaliers","PHL","76ers",0,4,0,0,0,0,0,0,0,0,0],"27203029":[76403,"0027203029","03/13/1973","CLE","Cavaliers","ATL","Hawks",0,2,0,0,0,0,0,0,0,0,0],"27200493":[76403,"0027200493","02/17/1973","CLE","Cavaliers","DET","Pistons",0,6,0,0,0,0,0,0,0,0,0],"27200103":[76403,"0027200103","11/10/1972","CLE","Cavaliers","LAL","Lakers",0,6,0,0,0,0,0,0,0,0,0],"27203022":[76403,"0027203022","01/26/1973","CLE","Cavaliers","PHL","76ers",0,6,0,0,0,0,0,0,0,0,0],"27200161":[76403,"0027200161","11/25/1972","CLE","Cavaliers","BUF","Braves",0,0,0,0,0,0,0,0,0,0,0],"27200324":[76403,"0027200324","01/06/1973","CLE","Cavaliers","LAL","Lakers",0,2,0,0,0,0,0,0,0,0,0],"27203030":[76403,"0027203030","03/16/1973","CLE","Cavaliers","KCK","Kings",0,10,0,0,0,0,0,0,0,0,0],"27200490":[76403,"0027200490","02/16/1973","CLE","Cavaliers","CHI","Bulls",0,5,0,0,0,0,0,0,0,0,0],"27200631":[76403,"0027200631","03/23/1973","CLE","Cavaliers","BLT","Bullets",0,4,0,0,0,0,0,0,0,0,0],"27200648":[76403,"0027200648","03/27/1973","CLE","Cavaliers","CHI","Bulls",0,8,0,0,0,0,0,0,0,0,0],"27200224":[76403,"0027200224","12/12/1972","CLE","Cavaliers","KCK","Kings",0,8,0,0,0,0,0,0,0,0,0],"27200036":[76403,"0027200036","10/21/1972","CLE","Cavaliers","DET","Pistons",0,6,0,0,0,0,0,0,0,0,0],"27203024":[76403,"0027203024","02/04/1973","CLE","Cavaliers","NYK","Knicks",0,2,0,0,0,0,0,0,0,0,0],"27203003":[76403,"0027203003","10/13/1972","CLE","Cavaliers","HOU","Rockets",0,5,0,0,0,0,0,0,0,0,0],"27200283":[76403,"0027200283","12/28/1972","CLE","Cavaliers","GOS","Warriors",0,2,0,0,0,0,0,0,0,0,0],"27200085":[76403,"0027200085","11/04/1972","CLE","Cavaliers","BLT","Bullets",0,2,0,0,0,0,0,0,0,0,0],"27200534":[76403,"0027200534","02/27/1973","CLE","Cavaliers","BLT","Bullets",0,6,0,0,0,0,0,0,0,0,0],"27203027":[76403,"0027203027","02/13/1973","CLE","Cavaliers","GOS","Warriors",0,14,0,0,0,0,0,0,0,0,0],"27200386":[76403,"0027200386","01/20/1973","CLE","Cavaliers","ATL","Hawks",0,10,0,0,0,0,0,0,0,0,0],"27203019":[76403,"0027203019","12/26/1972","CLE","Cavaliers","ATL","Hawks",0,2,0,0,0,0,0,0,0,0,0],"27203018":[76403,"0027203018","12/22/1972","CLE","Cavaliers","NYK","Knicks",0,3,0,0,0,0,0,0,0,0,0],"27200545":[76403,"0027200545","03/02/1973","CLE","Cavaliers","POR","Trail Blazers",0,11,0,0,0,0,0,0,0,0,0],"27203011":[76403,"0027203011","11/19/1972","CLE","Cavaliers","ATL","Hawks",0,0,0,0,0,0,0,0,0,0,0],"27203010":[76403,"0027203010","11/05/1972","CLE","Cavaliers","PHX","Suns",0,0,0,0,0,0,0,0,0,0,0],"27203015":[76403,"0027203015","12/03/1972","CLE","Cavaliers","SEA","SuperSonics",0,12,0,0,0,0,0,0,0,0,0],"27203017":[76403,"0027203017","12/17/1972","CLE","Cavaliers","HOU","Rockets",0,8,0,0,0,0,0,0,0,0,0],"27200563":[76403,"0027200563","03/07/1973","CLE","Cavaliers","HOU","Rockets",0,12,0,0,0,0,0,0,0,0,0],"27203033":[76403,"0027203033","02/25/1973","CLE","Cavaliers","BOS","Celtics",0,14,0,0,0,0,0,0,0,0,0],"27203032":[76403,"0027203032","02/23/1973","CLE","Cavaliers","POR","Trail Blazers",0,4,0,0,0,0,0,0,0,0,0],"27203031":[76403,"0027203031","03/18/1973","CLE","Cavaliers","BUF","Braves",0,15,0,0,0,0,0,0,0,0,0],"27200376":[76403,"0027200376","01/19/1973","CLE","Cavaliers","HOU","Rockets",0,4,0,0,0,0,0,0,0,0,0],"27203036":[76403,"0027203036","03/28/1973","CLE","Cavaliers","DET","Pistons",0,10,0,0,0,0,0,0,0,0,0],"27203035":[76403,"0027203035","03/25/1973","CLE","Cavaliers","CHI","Bulls",0,6,0,0,0,0,0,0,0,0,0],"27203034":[76403,"0027203034","03/20/1973","CLE","Cavaliers","PHL","76ers",0,20,0,0,0,0,0,0,0,0,0],"27200604":[76403,"0027200604","03/17/1973","CLE","Cavaliers","BUF","Braves",0,16,0,0,0,0,0,0,0,0,0],"27203028":[76403,"0027203028","02/18/1973","CLE","Cavaliers","BUF","Braves",0,6,0,0,0,0,0,0,0,0,0],"27200448":[76403,"0027200448","02/06/1973","CLE","Cavaliers","BOS","Celtics",0,6,0,0,0,0,0,0,0,0,0],"27200334":[76403,"0027200334","01/09/1973","CLE","Cavaliers","BUF","Braves",0,0,0,0,0,0,0,0,0,0,0],"27200351":[76403,"0027200351","01/13/1973","CLE","Cavaliers","HOU","Rockets",0,3,0,0,0,0,0,0,0,0,0],"27200047":[76403,"0027200047","10/25/1972","CLE","Cavaliers","PHL","76ers",0,0,0,0,0,0,0,0,0,0,0],"27200045":[76403,"0027200045","10/24/1972","CLE","Cavaliers","NYK","Knicks",0,2,0,0,0,0,0,0,0,0,0],"27200170":[76403,"0027200170","11/28/1972","CLE","Cavaliers","NYK","Knicks",0,2,0,0,0,0,0,0,0,0,0],"27200212":[76403,"0027200212","12/08/1972","CLE","Cavaliers","BOS","Celtics",0,8,0,0,0,0,0,0,0,0,0],"27200622":[76403,"0027200622","03/21/1973","CLE","Cavaliers","PHL","76ers",0,14,0,0,0,0,0,0,0,0,0],"27200239":[76403,"0027200239","12/15/1972","CLE","Cavaliers","MIL","Bucks",0,7,0,0,0,0,0,0,0,0,0],"27203020":[76403,"0027203020","01/02/1973","CLE","Cavaliers","PHX","Suns",0,10,0,0,0,0,0,0,0,0,0],"27200196":[76403,"0027200196","12/05/1972","CLE","Cavaliers","BLT","Bullets",0,10,0,0,0,0,0,0,0,0,0],"27200218":[76403,"0027200218","12/09/1972","CLE","Cavaliers","BOS","Celtics",0,10,0,0,0,0,0,0,0,0,0],"27200422":[76403,"0027200422","01/31/1973","CLE","Cavaliers","BOS","Celtics",0,10,0,0,0,0,0,0,0,0,0],"27200109":[76403,"0027200109","11/12/1972","CLE","Cavaliers","SEA","SuperSonics",0,0,0,0,0,0,0,0,0,0,0],"27200454":[76403,"0027200454","02/08/1973","CLE","Cavaliers","ATL","Hawks",0,11,0,0,0,0,0,0,0,0,0],"27200055":[76403,"0027200055","10/27/1972","CLE","Cavaliers","BOS","Celtics",0,8,0,0,0,0,0,0,0,0,0],"27200244":[76403,"0027200244","12/16/1972","CLE","Cavaliers","ATL","Hawks",0,10,0,0,0,0,0,0,0,0,0],"27200633":[76403,"0027200633","03/24/1973","CLE","Cavaliers","BLT","Bullets",0,8,0,0,0,0,0,0,0,0,0],"27200311":[76403,"0027200311","01/03/1973","CLE","Cavaliers","BLT","Bullets",0,4,0,0,0,0,0,0,0,0,0],"27200556":[76403,"0027200556","03/04/1973","CLE","Cavaliers","LAL","Lakers",0,6,0,0,0,0,0,0,0,0,0],"27200436":[76403,"0027200436","02/03/1973","CLE","Cavaliers","NYK","Knicks",0,6,0,0,0,0,0,0,0,0,0],"27203021":[76403,"0027203021","01/07/1973","CLE","Cavaliers","HOU","Rockets",0,8,0,0,0,0,0,0,0,0,0],"27200507":[76403,"0027200507","02/20/1973","CLE","Cavaliers","MIL","Bucks",0,9,0,0,0,0,0,0,0,0,0],"27203016":[76403,"0027203016","12/10/1972","CLE","Cavaliers","GOS","Warriors",0,24,0,0,0,0,0,0,0,0,0],"27200573":[76403,"0027200573","03/10/1973","CLE","Cavaliers","HOU","Rockets",0,2,0,0,0,0,0,0,0,0,0],"27200558":[76403,"0027200558","03/06/1973","CLE","Cavaliers","PHX","Suns",0,10,0,0,0,0,0,0,0,0,0],"27200412":[76403,"0027200412","01/28/1973","CLE","Cavaliers","BLT","Bullets",0,8,0,0,0,0,0,0,0,0,0],"27200292":[76403,"0027200292","12/29/1972","CLE","Cavaliers","SEA","SuperSonics",0,6,0,0,0,0,0,0,0,0,0]},"data":[30.0,72,null,15.4,2.9,5.7,0.514,null,null,null,0.8,1.0,0.77,null,null,2.8,1.6,null,null,null,1.8,6.6],"rank":{"PerGame":[112,95,106,null,null,null,null,114,115,null,null,null,99,93,null,null,null,100,1],"Totals":[123,106,124,null,null,null,null,145,146,null,null,null,122,110,null,null,null,111,1]},"team":"CLE"},"1971":{"GameList":{"27100023":[76403,"0027100023","10/19/1971","SEA","SuperSonics","CIN","Royals",0,3,0,0,0,0,0,0,0,0,0],"27100219":[76403,"0027100219","12/07/1971","SEA","SuperSonics","MIL","Bucks",0,7,0,0,0,0,0,0,0,0,0],"27100017":[76403,"0027100017","10/16/1971","SEA","SuperSonics","MIL","Bucks",0,10,0,0,0,0,0,0,0,0,0],"27100185":[76403,"0027100185","11/28/1971","SEA","SuperSonics","LAL","Lakers",0,6,0,0,0,0,0,0,0,0,0],"27100183":[76403,"0027100183","11/27/1971","SEA","SuperSonics","DET","Pistons",0,9,0,0,0,0,0,0,0,0,0],"27100757":[76403,"0027100757","02/02/1972","SEA","SuperSonics","HOU","Rockets",0,2,0,0,0,0,0,0,0,0,0],"27100279":[76403,"0027100279","12/19/1971","SEA","SuperSonics","PHX","Suns",0,2,0,0,0,0,0,0,0,0,0],"27100087":[76403,"0027100087","11/05/1971","SEA","SuperSonics","NYK","Knicks",0,8,0,0,0,0,0,0,0,0,0],"27100338":[76403,"0027100338","01/04/1972","SEA","SuperSonics","HOU","Rockets",0,18,0,0,0,0,0,0,0,0,0],"27100490":[76403,"0027100490","02/08/1972","SEA","SuperSonics","HOU","Rockets",0,4,0,0,0,0,0,0,0,0,0],"27100574":[76403,"0027100574","02/26/1972","SEA","SuperSonics","CIN","Royals",0,4,0,0,0,0,0,0,0,0,0],"27100217":[76403,"0027100217","12/05/1971","SEA","SuperSonics","CLE","Cavaliers",0,4,0,0,0,0,0,0,0,0,0],"27100273":[76403,"0027100273","12/18/1971","SEA","SuperSonics","POR","Trail Blazers",0,6,0,0,0,0,0,0,0,0,0],"27100498":[76403,"0027100498","02/10/1972","SEA","SuperSonics","CIN","Royals",0,4,0,0,0,0,0,0,0,0,0],"27100123":[76403,"0027100123","11/13/1971","SEA","SuperSonics","BOS","Celtics",0,10,0,0,0,0,0,0,0,0,0],"27100045":[76403,"0027100045","10/24/1971","SEA","SuperSonics","CIN","Royals",0,10,0,0,0,0,0,0,0,0,0],"27100693":[76403,"0027100693","03/26/1972","SEA","SuperSonics","LAL","Lakers",0,11,0,0,0,0,0,0,0,0,0],"27100510":[76403,"0027100510","02/12/1972","SEA","SuperSonics","POR","Trail Blazers",0,12,0,0,0,0,0,0,0,0,0],"27100374":[76403,"0027100374","01/11/1972","SEA","SuperSonics","HOU","Rockets",0,12,0,0,0,0,0,0,0,0,0],"27100725":[76403,"0027100725","12/10/1971","SEA","SuperSonics","GOS","Warriors",0,8,0,0,0,0,0,0,0,0,0],"27100255":[76403,"0027100255","12/15/1971","SEA","SuperSonics","BOS","Celtics",0,10,0,0,0,0,0,0,0,0,0],"27100517":[76403,"0027100517","02/13/1972","SEA","SuperSonics","POR","Trail Blazers",0,2,0,0,0,0,0,0,0,0,0],"27100379":[76403,"0027100379","01/13/1972","SEA","SuperSonics","BLT","Bullets",0,12,0,0,0,0,0,0,0,0,0],"27100417":[76403,"0027100417","01/23/1972","SEA","SuperSonics","NYK","Knicks",0,6,0,0,0,0,0,0,0,0,0],"27100391":[76403,"0027100391","01/15/1972","SEA","SuperSonics","PHX","Suns",0,2,0,0,0,0,0,0,0,0,0],"27100146":[76403,"0027100146","11/19/1971","SEA","SuperSonics","MIL","Bucks",0,4,0,0,0,0,0,0,0,0,0],"27100775":[76403,"0027100775","03/04/1972","SEA","SuperSonics","GOS","Warriors",0,6,0,0,0,0,0,0,0,0,0],"27100453":[76403,"0027100453","02/01/1972","SEA","SuperSonics","CHI","Bulls",0,6,0,0,0,0,0,0,0,0,0],"27100632":[76403,"0027100632","03/12/1972","SEA","SuperSonics","MIL","Bucks",0,10,0,0,0,0,0,0,0,0,0],"27100291":[76403,"0027100291","12/22/1971","SEA","SuperSonics","NYK","Knicks",0,6,0,0,0,0,0,0,0,0,0],"27100716":[76403,"0027100716","11/25/1971","SEA","SuperSonics","LAL","Lakers",0,14,0,0,0,0,0,0,0,0,0],"27100588":[76403,"0027100588","03/01/1972","SEA","SuperSonics","DET","Pistons",0,8,0,0,0,0,0,0,0,0,0],"27100210":[76403,"0027100210","12/04/1971","SEA","SuperSonics","CIN","Royals",0,12,0,0,0,0,0,0,0,0,0],"27100595":[76403,"0027100595","03/03/1972","SEA","SuperSonics","CHI","Bulls",0,0,0,0,0,0,0,0,0,0,0],"27100615":[76403,"0027100615","03/07/1972","SEA","SuperSonics","BLT","Bullets",0,12,0,0,0,0,0,0,0,0,0],"27100438":[76403,"0027100438","01/28/1972","SEA","SuperSonics","BUF","Braves",0,2,0,0,0,0,0,0,0,0,0],"27100028":[76403,"0027100028","10/20/1971","SEA","SuperSonics","PHL","76ers",0,2,0,0,0,0,0,0,0,0,0],"27100198":[76403,"0027100198","12/01/1971","SEA","SuperSonics","PHL","76ers",0,0,0,0,0,0,0,0,0,0,0],"27100637":[76403,"0027100637","03/14/1972","SEA","SuperSonics","CHI","Bulls",0,10,0,0,0,0,0,0,0,0,0],"27100706":[76403,"0027100706","11/07/1971","SEA","SuperSonics","GOS","Warriors",0,6,0,0,0,0,0,0,0,0,0],"27100249":[76403,"0027100249","12/14/1971","SEA","SuperSonics","DET","Pistons",0,2,0,0,0,0,0,0,0,0,0],"27100191":[76403,"0027100191","11/30/1971","SEA","SuperSonics","NYK","Knicks",0,6,0,0,0,0,0,0,0,0,0],"27100304":[76403,"0027100304","12/26/1971","SEA","SuperSonics","CHI","Bulls",0,10,0,0,0,0,0,0,0,0,0],"27100138":[76403,"0027100138","11/17/1971","SEA","SuperSonics","ATL","Hawks",0,14,0,0,0,0,0,0,0,0,0],"27100561":[76403,"0027100561","02/23/1972","SEA","SuperSonics","DET","Pistons",0,0,0,0,0,0,0,0,0,0,0],"27100300":[76403,"0027100300","12/25/1971","SEA","SuperSonics","PHX","Suns",0,10,0,0,0,0,0,0,0,0,0],"27100549":[76403,"0027100549","02/20/1972","SEA","SuperSonics","POR","Trail Blazers",0,8,0,0,0,0,0,0,0,0,0],"27100768":[76403,"0027100768","02/22/1972","SEA","SuperSonics","GOS","Warriors",0,2,0,0,0,0,0,0,0,0,0],"27100132":[76403,"0027100132","11/16/1971","SEA","SuperSonics","CHI","Bulls",0,4,0,0,0,0,0,0,0,0,0],"27100419":[76403,"0027100419","01/25/1972","SEA","SuperSonics","MIL","Bucks",0,8,0,0,0,0,0,0,0,0,0],"27100469":[76403,"0027100469","02/04/1972","SEA","SuperSonics","CLE","Cavaliers",0,6,0,0,0,0,0,0,0,0,0],"27100323":[76403,"0027100323","12/30/1971","SEA","SuperSonics","LAL","Lakers",0,2,0,0,0,0,0,0,0,0,0],"27100344":[76403,"0027100344","01/05/1972","SEA","SuperSonics","ATL","Hawks",0,4,0,0,0,0,0,0,0,0,0],"27100202":[76403,"0027100202","12/03/1971","SEA","SuperSonics","BLT","Bullets",0,11,0,0,0,0,0,0,0,0,0],"27100060":[76403,"0027100060","10/28/1971","SEA","SuperSonics","BUF","Braves",0,26,0,0,0,0,0,0,0,0,0],"27100352":[76403,"0027100352","01/07/1972","SEA","SuperSonics","CLE","Cavaliers",0,0,0,0,0,0,0,0,0,0,0],"27100010":[76403,"0027100010","10/15/1971","SEA","SuperSonics","POR","Trail Blazers",0,10,0,0,0,0,0,0,0,0,0],"27100116":[76403,"0027100116","11/12/1971","SEA","SuperSonics","LAL","Lakers",0,8,0,0,0,0,0,0,0,0,0],"27100262":[76403,"0027100262","12/17/1971","SEA","SuperSonics","MIL","Bucks",0,4,0,0,0,0,0,0,0,0,0],"27100366":[76403,"0027100366","01/09/1972","SEA","SuperSonics","BOS","Celtics",0,4,0,0,0,0,0,0,0,0,0],"27100246":[76403,"0027100246","12/12/1971","SEA","SuperSonics","HOU","Rockets",0,8,0,0,0,0,0,0,0,0,0],"27100528":[76403,"0027100528","02/16/1972","SEA","SuperSonics","BOS","Celtics",0,2,0,0,0,0,0,0,0,0,0],"27100688":[76403,"0027100688","03/25/1972","SEA","SuperSonics","PHX","Suns",0,10,0,0,0,0,0,0,0,0,0],"27100151":[76403,"0027100151","11/20/1971","SEA","SuperSonics","POR","Trail Blazers",0,4,0,0,0,0,0,0,0,0,0],"27100663":[76403,"0027100663","03/19/1972","SEA","SuperSonics","PHL","76ers",0,7,0,0,0,0,0,0,0,0,0],"27100037":[76403,"0027100037","10/22/1971","SEA","SuperSonics","HOU","Rockets",0,7,0,0,0,0,0,0,0,0,0],"27100155":[76403,"0027100155","11/21/1971","SEA","SuperSonics","PHL","76ers",0,10,0,0,0,0,0,0,0,0,0],"27100404":[76403,"0027100404","01/21/1972","SEA","SuperSonics","PHX","Suns",0,4,0,0,0,0,0,0,0,0,0],"27100429":[76403,"0027100429","01/26/1972","SEA","SuperSonics","ATL","Hawks",0,6,0,0,0,0,0,0,0,0,0],"27100608":[76403,"0027100608","03/05/1972","SEA","SuperSonics","ATL","Hawks",0,12,0,0,0,0,0,0,0,0,0],"27100766":[76403,"0027100766","02/18/1972","SEA","SuperSonics","GOS","Warriors",0,8,0,0,0,0,0,0,0,0,0],"27100647":[76403,"0027100647","03/17/1972","SEA","SuperSonics","BLT","Bullets",0,16,0,0,0,0,0,0,0,0,0],"27100704":[76403,"0027100704","11/04/1971","SEA","SuperSonics","GOS","Warriors",0,10,0,0,0,0,0,0,0,0,0],"27100642":[76403,"0027100642","03/15/1972","SEA","SuperSonics","ATL","Hawks",0,10,0,0,0,0,0,0,0,0,0],"27100478":[76403,"0027100478","02/06/1972","SEA","SuperSonics","BOS","Celtics",0,6,0,0,0,0,0,0,0,0,0],"27100327":[76403,"0027100327","01/01/1972","SEA","SuperSonics","BUF","Braves",0,8,0,0,0,0,0,0,0,0,0],"27100581":[76403,"0027100581","02/29/1972","SEA","SuperSonics","BLT","Bullets",0,2,0,0,0,0,0,0,0,0,0],"27100072":[76403,"0027100072","10/30/1971","SEA","SuperSonics","LAL","Lakers",0,0,0,0,0,0,0,0,0,0,0],"27100112":[76403,"0027100112","11/11/1971","SEA","SuperSonics","CLE","Cavaliers",0,6,0,0,0,0,0,0,0,0,0],"27100004":[76403,"0027100004","10/12/1971","SEA","SuperSonics","BUF","Braves",0,8,0,0,0,0,0,0,0,0,0],"27100620":[76403,"0027100620","03/09/1972","SEA","SuperSonics","PHL","76ers",0,13,0,0,0,0,0,0,0,0,0],"27100441":[76403,"0027100441","01/29/1972","SEA","SuperSonics","NYK","Knicks",0,4,0,0,0,0,0,0,0,0,0]},"data":[29.0,82,null,17.6,3.1,5.9,0.521,null,null,null,0.9,1.1,0.844,null,null,3.5,0.8,null,null,null,2.4,7.1],"rank":{"PerGame":[107,91,96,null,null,null,null,106,107,null,null,null,84,111,null,null,null,99,1],"Totals":[108,104,114,null,null,null,null,130,135,null,null,null,89,133,null,null,null,110,1]},"team":"SEA"},"1970":{"GameList":{"27000203":[76403,"0027000203","11/29/1970","SEA","SuperSonics","ATL","Hawks",0,16,0,0,0,0,0,0,0,0,0],"27003001":[76403,"0027003001","10/27/1970","SEA","SuperSonics","NYK","Knicks",0,0,0,0,0,0,0,0,0,0,0],"27000461":[76403,"0027000461","01/29/1971","SEA","SuperSonics","LAL","Lakers",0,10,0,0,0,0,0,0,0,0,0],"27000774":[76403,"0027000774","02/07/1971","SEA","SuperSonics","SDR","Rockets",0,4,0,0,0,0,0,0,0,0,0],"27000467":[76403,"0027000467","01/30/1971","SEA","SuperSonics","PHX","Suns",0,4,0,0,0,0,0,0,0,0,0],"27000185":[76403,"0027000185","11/26/1970","SEA","SuperSonics","PHX","Suns",0,17,0,0,0,0,0,0,0,0,0],"27003012":[76403,"0027003012","11/08/1970","SEA","SuperSonics","CLE","Cavaliers",0,6,0,0,0,0,0,0,0,0,0],"27000485":[76403,"0027000485","02/03/1971","SEA","SuperSonics","CLE","Cavaliers",0,4,0,0,0,0,0,0,0,0,0],"27000047":[76403,"0027000047","10/25/1970","SEA","SuperSonics","MIL","Bucks",0,13,0,0,0,0,0,0,0,0,0],"27000208":[76403,"0027000208","12/01/1970","SEA","SuperSonics","NYK","Knicks",0,10,0,0,0,0,0,0,0,0,0],"27000775":[76403,"0027000775","02/09/1971","SEA","SuperSonics","SDR","Rockets",0,0,0,0,0,0,0,0,0,0,0],"27000304":[76403,"0027000304","12/22/1970","SEA","SuperSonics","NYK","Knicks",0,8,0,0,0,0,0,0,0,0,0],"27000482":[76403,"0027000482","02/02/1971","SEA","SuperSonics","CHI","Bulls",0,6,0,0,0,0,0,0,0,0,0],"27000099":[76403,"0027000099","11/07/1970","SEA","SuperSonics","PHL","76ers",0,20,0,0,0,0,0,0,0,0,0],"27000169":[76403,"0027000169","11/22/1970","SEA","SuperSonics","LAL","Lakers",0,4,0,0,0,0,0,0,0,0,0],"27000005":[76403,"0027000005","10/14/1970","SEA","SuperSonics","DET","Pistons",0,6,0,0,0,0,0,0,0,0,0],"27000073":[76403,"0027000073","10/31/1970","SEA","SuperSonics","CHI","Bulls",0,19,0,0,0,0,0,0,0,0,0],"27000583":[76403,"0027000583","02/24/1971","SEA","SuperSonics","CLE","Cavaliers",0,9,0,0,0,0,0,0,0,0,0],"27000239":[76403,"0027000239","12/08/1970","SEA","SuperSonics","PHL","76ers",0,9,0,0,0,0,0,0,0,0,0],"27000127":[76403,"0027000127","11/13/1970","SEA","SuperSonics","CLE","Cavaliers",0,12,0,0,0,0,0,0,0,0,0],"27000362":[76403,"0027000362","01/06/1971","SEA","SuperSonics","BOS","Celtics",0,7,0,0,0,0,0,0,0,0,0],"27000342":[76403,"0027000342","01/01/1971","SEA","SuperSonics","POR","Trail Blazers",0,6,0,0,0,0,0,0,0,0,0],"27000032":[76403,"0027000032","10/21/1970","SEA","SuperSonics","PHX","Suns",0,6,0,0,0,0,0,0,0,0,0],"27000068":[76403,"0027000068","10/30/1970","SEA","SuperSonics","POR","Trail Blazers",0,17,0,0,0,0,0,0,0,0,0],"27000319":[76403,"0027000319","12/26/1970","SEA","SuperSonics","BOS","Celtics",0,16,0,0,0,0,0,0,0,0,0],"27000687":[76403,"0027000687","03/20/1971","SEA","SuperSonics","PHX","Suns",0,6,0,0,0,0,0,0,0,0,0],"27000684":[76403,"0027000684","03/19/1971","SEA","SuperSonics","POR","Trail Blazers",0,4,0,0,0,0,0,0,0,0,0],"27000552":[76403,"0027000552","02/17/1971","SEA","SuperSonics","POR","Trail Blazers",0,8,0,0,0,0,0,0,0,0,0],"27000412":[76403,"0027000412","01/19/1971","SEA","SuperSonics","DET","Pistons",0,5,0,0,0,0,0,0,0,0,0],"27000676":[76403,"0027000676","03/18/1971","SEA","SuperSonics","MIL","Bucks",0,0,0,0,0,0,0,0,0,0,0],"27000276":[76403,"0027000276","12/16/1970","SEA","SuperSonics","SFW","Warriors",0,10,0,0,0,0,0,0,0,0,0],"27000519":[76403,"0027000519","02/10/1971","SEA","SuperSonics","SFW","Warriors",0,4,0,0,0,0,0,0,0,0,0],"27000392":[76403,"0027000392","01/14/1971","SEA","SuperSonics","BLT","Bullets",0,4,0,0,0,0,0,0,0,0,0],"27000279":[76403,"0027000279","12/17/1970","SEA","SuperSonics","PHL","76ers",0,15,0,0,0,0,0,0,0,0,0],"27000538":[76403,"0027000538","02/14/1971","SEA","SuperSonics","SFW","Warriors",0,2,0,0,0,0,0,0,0,0,0],"27000744":[76403,"0027000744","12/20/1970","SEA","SuperSonics","SDR","Rockets",0,8,0,0,0,0,0,0,0,0,0],"27000253":[76403,"0027000253","12/11/1970","SEA","SuperSonics","LAL","Lakers",0,5,0,0,0,0,0,0,0,0,0],"27000456":[76403,"0027000456","01/28/1971","SEA","SuperSonics","BUF","Braves",0,12,0,0,0,0,0,0,0,0,0],"27000192":[76403,"0027000192","11/27/1970","SEA","SuperSonics","SFW","Warriors",0,11,0,0,0,0,0,0,0,0,0],"27000058":[76403,"0027000058","10/28/1970","SEA","SuperSonics","CIN","Royals",0,0,0,0,0,0,0,0,0,0,0],"27000662":[76403,"0027000662","03/14/1971","SEA","SuperSonics","BLT","Bullets",0,0,0,0,0,0,0,0,0,0,0],"27000214":[76403,"0027000214","12/02/1970","SEA","SuperSonics","CIN","Royals",0,1,0,0,0,0,0,0,0,0,0],"27000263":[76403,"0027000263","12/13/1970","SEA","SuperSonics","MIL","Bucks",0,2,0,0,0,0,0,0,0,0,0],"27000218":[76403,"0027000218","12/04/1970","SEA","SuperSonics","BLT","Bullets",0,0,0,0,0,0,0,0,0,0,0],"27000721":[76403,"0027000721","11/16/1970","SEA","SuperSonics","BUF","Braves",0,10,0,0,0,0,0,0,0,0,0],"27000590":[76403,"0027000590","02/26/1971","SEA","SuperSonics","LAL","Lakers",0,8,0,0,0,0,0,0,0,0,0],"27000558":[76403,"0027000558","02/19/1971","SEA","SuperSonics","MIL","Bucks",0,2,0,0,0,0,0,0,0,0,0],"27000092":[76403,"0027000092","11/06/1970","SEA","SuperSonics","BOS","Celtics",0,15,0,0,0,0,0,0,0,0,0],"27000645":[76403,"0027000645","03/11/1971","SEA","SuperSonics","DET","Pistons",0,2,0,0,0,0,0,0,0,0,0],"27000040":[76403,"0027000040","10/23/1970","SEA","SuperSonics","POR","Trail Blazers",0,14,0,0,0,0,0,0,0,0,0],"27000723":[76403,"0027000723","11/21/1970","SEA","SuperSonics","SDR","Rockets",0,11,0,0,0,0,0,0,0,0,0],"27000594":[76403,"0027000594","02/27/1971","SEA","SuperSonics","CHI","Bulls",0,5,0,0,0,0,0,0,0,0,0],"27000354":[76403,"0027000354","01/04/1971","SEA","SuperSonics","MIL","Bucks",0,7,0,0,0,0,0,0,0,0,0],"27000018":[76403,"0027000018","10/17/1970","SEA","SuperSonics","BOS","Celtics",0,11,0,0,0,0,0,0,0,0,0],"27000356":[76403,"0027000356","01/05/1971","SEA","SuperSonics","BLT","Bullets",0,4,0,0,0,0,0,0,0,0,0],"27000292":[76403,"0027000292","12/19/1970","SEA","SuperSonics","PHX","Suns",0,10,0,0,0,0,0,0,0,0,0],"27000495":[76403,"0027000495","02/05/1971","SEA","SuperSonics","ATL","Hawks",0,10,0,0,0,0,0,0,0,0,0],"27000376":[76403,"0027000376","01/08/1971","SEA","SuperSonics","BUF","Braves",0,9,0,0,0,0,0,0,0,0,0],"27000159":[76403,"0027000159","11/20/1970","SEA","SuperSonics","SDR","Rockets",0,17,0,0,0,0,0,0,0,0,0],"27000338":[76403,"0027000338","12/30/1970","SEA","SuperSonics","CHI","Bulls",0,4,0,0,0,0,0,0,0,0,0],"27000626":[76403,"0027000626","03/06/1971","SEA","SuperSonics","LAL","Lakers",0,0,0,0,0,0,0,0,0,0,0],"27000051":[76403,"0027000051","10/26/1970","SEA","SuperSonics","DET","Pistons",0,5,0,0,0,0,0,0,0,0,0],"27000606":[76403,"0027000606","03/02/1971","SEA","SuperSonics","ATL","Hawks",0,8,0,0,0,0,0,0,0,0,0],"27000522":[76403,"0027000522","02/11/1971","SEA","SuperSonics","CIN","Royals",0,2,0,0,0,0,0,0,0,0,0],"27000572":[76403,"0027000572","02/21/1971","SEA","SuperSonics","PHL","76ers",0,4,0,0,0,0,0,0,0,0,0],"27000378":[76403,"0027000378","01/09/1971","SEA","SuperSonics","CIN","Royals",0,0,0,0,0,0,0,0,0,0,0],"27000087":[76403,"0027000087","11/04/1970","SEA","SuperSonics","BUF","Braves",0,4,0,0,0,0,0,0,0,0,0],"27000429":[76403,"0027000429","01/22/1971","SEA","SuperSonics","CIN","Royals",0,8,0,0,0,0,0,0,0,0,0],"27000695":[76403,"0027000695","03/21/1971","SEA","SuperSonics","SFW","Warriors",0,6,0,0,0,0,0,0,0,0,0],"27000081":[76403,"0027000081","11/03/1970","SEA","SuperSonics","CHI","Bulls",0,13,0,0,0,0,0,0,0,0,0],"27000440":[76403,"0027000440","01/24/1971","SEA","SuperSonics","PHL","76ers",0,0,0,0,0,0,0,0,0,0,0],"27000154":[76403,"0027000154","11/19/1970","SEA","SuperSonics","LAL","Lakers",0,6,0,0,0,0,0,0,0,0,0],"27000529":[76403,"0027000529","02/12/1971","SEA","SuperSonics","POR","Trail Blazers",0,9,0,0,0,0,0,0,0,0,0],"27000409":[76403,"0027000409","01/17/1971","SEA","SuperSonics","BLT","Bullets",0,13,0,0,0,0,0,0,0,0,0],"27000243":[76403,"0027000243","12/09/1970","SEA","SuperSonics","BOS","Celtics",0,14,0,0,0,0,0,0,0,0,0],"27000227":[76403,"0027000227","12/05/1970","SEA","SuperSonics","ATL","Hawks",0,8,0,0,0,0,0,0,0,0,0],"27000420":[76403,"0027000420","01/20/1971","SEA","SuperSonics","ATL","Hawks",0,12,0,0,0,0,0,0,0,0,0]},"data":[28.0,78,null,16.5,3.2,6.7,0.47,null,null,null,1.1,1.5,0.728,null,null,3.1,1.2,null,null,null,2.2,7.4],"rank":{"PerGame":[112,98,99,null,null,null,null,108,107,null,null,null,100,108,null,null,null,101,1],"Totals":[120,104,109,null,null,null,null,123,127,null,null,null,116,120,null,null,null,108,1]},"team":"SEA"},"1975":{"GameList":{"27500165":[76403,"0027500165","12/03/1975","POR","Trail Blazers","MIL","Bucks",0,2,0,0,0,0,0,0,0,0,0],"27500623":[76403,"0027500623","03/19/1976","POR","Trail Blazers","HOU","Rockets",0,2,0,0,0,0,0,0,0,0,0],"27500388":[76403,"0027500388","01/23/1976","POR","Trail Blazers","LAL","Lakers",0,2,0,0,0,0,0,0,0,0,0],"27500146":[76403,"0027500146","11/29/1975","POR","Trail Blazers","BUF","Braves",0,0,0,0,0,0,0,0,0,0,0],"27500144":[76403,"0027500144","11/28/1975","POR","Trail Blazers","PHX","Suns",0,6,0,0,0,0,0,0,0,0,0],"27500709":[76403,"0027500709","04/06/1976","POR","Trail Blazers","LAL","Lakers",0,6,0,0,0,0,0,0,0,0,0],"27500601":[76403,"0027500601","03/14/1976","POR","Trail Blazers","DET","Pistons",0,0,0,0,0,0,0,0,0,0,0],"27500413":[76403,"0027500413","01/28/1976","POR","Trail Blazers","SEA","SuperSonics",0,0,0,0,0,0,0,0,0,0,0],"27500720":[76403,"0027500720","04/08/1976","POR","Trail Blazers","GOS","Warriors",0,20,0,0,0,0,0,0,0,0,0],"27500514":[76403,"0027500514","02/21/1976","POR","Trail Blazers","KCK","Kings",0,10,0,0,0,0,0,0,0,0,0],"27500576":[76403,"0027500576","03/07/1976","POR","Trail Blazers","PHX","Suns",0,0,0,0,0,0,0,0,0,0,0],"27500664":[76403,"0027500664","03/27/1976","POR","Trail Blazers","DET","Pistons",0,4,0,0,0,0,0,0,0,0,0],"27500723":[76403,"0027500723","04/09/1976","POR","Trail Blazers","CHI","Bulls",0,4,0,0,0,0,0,0,0,0,0],"27500471":[76403,"0027500471","02/12/1976","POR","Trail Blazers","WAS","Bullets",0,4,0,0,0,0,0,0,0,0,0],"27500104":[76403,"0027500104","11/18/1975","POR","Trail Blazers","NYK","Knicks",0,1,0,0,0,0,0,0,0,0,0],"27500288":[76403,"0027500288","01/01/1976","POR","Trail Blazers","HOU","Rockets",0,9,0,0,0,0,0,0,0,0,0],"27500340":[76403,"0027500340","01/11/1976","POR","Trail Blazers","ATL","Hawks",0,0,0,0,0,0,0,0,0,0,0],"27500189":[76403,"0027500189","12/09/1975","POR","Trail Blazers","WAS","Bullets",0,0,0,0,0,0,0,0,0,0,0],"27500307":[76403,"0027500307","01/04/1976","POR","Trail Blazers","LAL","Lakers",0,0,0,0,0,0,0,0,0,0,0],"27500243":[76403,"0027500243","12/20/1975","POR","Trail Blazers","NOJ","Jazz",0,0,0,0,0,0,0,0,0,0,0],"27503023":[76403,"0027503023","02/19/1976","POR","Trail Blazers","CLE","Cavaliers",0,2,0,0,0,0,0,0,0,0,0],"27503007":[76403,"0027503007","12/02/1975","POR","Trail Blazers","CLE","Cavaliers",0,0,0,0,0,0,0,0,0,0,0],"27500484":[76403,"0027500484","02/14/1976","POR","Trail Blazers","SEA","SuperSonics",0,10,0,0,0,0,0,0,0,0,0],"27500485":[76403,"0027500485","02/15/1976","POR","Trail Blazers","BOS","Celtics",0,0,0,0,0,0,0,0,0,0,0],"27500154":[76403,"0027500154","11/30/1975","POR","Trail Blazers","LAL","Lakers",0,0,0,0,0,0,0,0,0,0,0],"27500443":[76403,"0027500443","02/06/1976","POR","Trail Blazers","SEA","SuperSonics",0,0,0,0,0,0,0,0,0,0,0],"27500737":[76403,"0027500737","04/11/1976","POR","Trail Blazers","SEA","SuperSonics",0,10,0,0,0,0,0,0,0,0,0],"27500523":[76403,"0027500523","02/24/1976","POR","Trail Blazers","PHL","76ers",0,4,0,0,0,0,0,0,0,0,0],"27500168":[76403,"0027500168","12/04/1975","POR","Trail Blazers","ATL","Hawks",0,0,0,0,0,0,0,0,0,0,0],"27500507":[76403,"0027500507","02/20/1976","POR","Trail Blazers","CHI","Bulls",0,6,0,0,0,0,0,0,0,0,0],"27500652":[76403,"0027500652","03/25/1976","POR","Trail Blazers","WAS","Bullets",0,0,0,0,0,0,0,0,0,0,0],"27500358":[76403,"0027500358","01/16/1976","POR","Trail Blazers","DET","Pistons",0,3,0,0,0,0,0,0,0,0,0],"27500297":[76403,"0027500297","01/03/1976","POR","Trail Blazers","BOS","Celtics",0,9,0,0,0,0,0,0,0,0,0],"27500393":[76403,"0027500393","01/24/1976","POR","Trail Blazers","GOS","Warriors",0,0,0,0,0,0,0,0,0,0,0],"27500118":[76403,"0027500118","11/21/1975","POR","Trail Blazers","PHL","76ers",0,4,0,0,0,0,0,0,0,0,0],"27500407":[76403,"0027500407","01/27/1976","POR","Trail Blazers","WAS","Bullets",0,2,0,0,0,0,0,0,0,0,0],"27500277":[76403,"0027500277","12/28/1975","POR","Trail Blazers","GOS","Warriors",0,4,0,0,0,0,0,0,0,0,0],"27500540":[76403,"0027500540","02/29/1976","POR","Trail Blazers","ATL","Hawks",0,1,0,0,0,0,0,0,0,0,0],"27500468":[76403,"0027500468","02/11/1976","POR","Trail Blazers","PHL","76ers",0,14,0,0,0,0,0,0,0,0,0],"27500546":[76403,"0027500546","03/02/1976","POR","Trail Blazers","CHI","Bulls",0,0,0,0,0,0,0,0,0,0,0],"27500696":[76403,"0027500696","04/03/1976","POR","Trail Blazers","PHX","Suns",0,2,0,0,0,0,0,0,0,0,0],"27500254":[76403,"0027500254","12/23/1975","POR","Trail Blazers","SEA","SuperSonics",0,6,0,0,0,0,0,0,0,0,0],"27500537":[76403,"0027500537","02/28/1976","POR","Trail Blazers","KCK","Kings",0,6,0,0,0,0,0,0,0,0,0],"27500690":[76403,"0027500690","04/02/1976","POR","Trail Blazers","PHX","Suns",0,10,0,0,0,0,0,0,0,0,0],"27500334":[76403,"0027500334","01/10/1976","POR","Trail Blazers","HOU","Rockets",0,4,0,0,0,0,0,0,0,0,0],"27500642":[76403,"0027500642","03/23/1976","POR","Trail Blazers","MIL","Bucks",0,0,0,0,0,0,0,0,0,0,0],"27500569":[76403,"0027500569","03/06/1976","POR","Trail Blazers","PHX","Suns",0,2,0,0,0,0,0,0,0,0,0],"27500676":[76403,"0027500676","03/30/1976","POR","Trail Blazers","KCK","Kings",0,2,0,0,0,0,0,0,0,0,0]},"data":[33.0,49,null,9.0,1.4,2.9,0.49,null,null,null,0.6,0.7,0.886,0.6,0.9,1.4,0.7,0.6,0.1,null,1.2,3.5],"rank":{"PerGame":[null,null,null,null,null,null,null,null,null,null,null,null,null,null,null,null,null,null,null],"Totals":[190,186,190,null,null,null,null,185,191,null,184,190,190,184,149,159,null,186,1]},"team":"POR"}},"headerData":["PLAYER_AGE","GP","GS","MIN","FGM","FGA","FG_PCT","FG3M","FG3A","FG3_PCT","FTM","FTA","FT_PCT","OREB","DREB","REB","AST","STL","BLK","TOV","PF","PTS"],"PostSeason":{"1966":{"GameList":{"46600211":[76403,"0046600211","03/21/1967","CHI","Bulls","STL","Hawks",0,4,0,0,0,0,0,0,0,0,0],"46600213":[76403,"0046600213","03/25/1967","CHI","Bulls","STL","Hawks",0,2,0,0,0,0,0,0,0,0,0],"46600212":[76403,"0046600212","03/23/1967","CHI","Bulls","STL","Hawks",0,0,0,0,0,0,0,0,0,0,0]},"data":[24.0,3,null,6.7,0.0,1.3,0.0,null,null,null,2.0,2.3,0.857,null,null,1.0,0.7,null,null,null,1.0,2.0],"rank":{"PerGame":[64,64,64,null,null,null,null,41,44,10,null,null,64,57,null,null,null,64,1],"Totals":[73,81,79,null,null,null,null,48,53,10,null,null,76,62,null,null,null,75,1]},"team":"CHI"},"1967":{"GameList":{"46700231":[76403,"0046700231","03/24/1968","CHI","Bulls","LAL","Lakers",0,7,0,0,0,0,0,0,0,0,0],"46700232":[76403,"0046700232","03/25/1968","CHI","Bulls","LAL","Lakers",0,5,0,0,0,0,0,0,0,0,0],"46700234":[76403,"0046700234","03/29/1968","CHI","Bulls","LAL","Lakers",0,0,0,0,0,0,0,0,0,0,0],"46700235":[76403,"0046700235","03/31/1968","CHI","Bulls","LAL","Lakers",0,8,0,0,0,0,0,0,0,0,0]},"data":[25.0,4,null,11.3,2.0,4.0,0.5,null,null,null,1.0,1.0,1.0,null,null,0.5,1.3,null,null,null,1.5,5.0],"rank":{"PerGame":[null,null,null,null,null,null,null,null,null,null,null,null,null,null,null,null,null,null,null],"Totals":[71,65,69,null,null,null,null,62,70,null,null,null,80,65,null,null,null,66,1]},"team":"CHI"}}}}