{"info":{"FIRST_NAME":"Barry","LAST_NAME":"Nelson","WEIGHT":"230","COUNTRY":"USA","SCHOOL":"Duquesne","BIRTHDATE":"1949-09-19T00:00:00","HEIGHT":"6-10","TO_YEAR":1971,"DLEAGUE":"N","FROM_YEAR":1971,"TEAM":"MIL","PERSON_ID":77699,"SEASON_EXP":0,"POSITION":"Center","ROSTERSTATUS":"Active","ALL_STAR":0,"PIE":0,"JERSEY":"50"},"career":{"header":["MIN","FGM","FGA","FG_PCT","FG3M","FG3A","FG3_PCT","FTM","FTA","FT_PCT","OREB","DREB","REB","AST","STL","BLK","TOV","PF","PTS"],"RegularSeason":{"PerGame":[3.6,0.5,1.3,0.417,null,null,null,0.2,0.4,0.5,null,null,0.7,0.3,null,null,null,0.8,1.3],"GS":null,"GP":28},"PostSeason":{"PerGame":[2.5,0.0,0.0,0.0,null,null,null,0.0,0.0,0.0,null,null,0.5,0.5,null,null,null,0.5,0.0],"GS":null,"GP":2}},"season":{"headerRank":["RANK_PG_MIN","RANK_PG_FGM","RANK_PG_FGA","RANK_FG_PCT","RANK_PG_FG3M","RANK_PG_FG3A","RANK_FG3_PCT","RANK_PG_FTM","RANK_PG_FTA","RANK_FT_PCT","RANK_PG_OREB","RANK_PG_DREB","RANK_PG_REB","RANK_PG_AST","RANK_PG_STL","RANK_PG_BLK","RANK_PG_TOV","RANK_PG_PTS","RANK_PG_EFF"],"headerGame":["PLAYER_ID","SEASON_YEAR","TOV","PTS","FGM","FG3M","FG3A","PF","BLK","STL","AST","REB"],"RegularSeason":{"1971":{"GameList":{"27100667":[77699,"0027100667","03/21/1972","MIL","Bucks","HOU","Rockets",0,2,0,0,0,0,0,0,0,0,0],"27100316":[77699,"0027100316","12/29/1971","MIL","Bucks","POR","Trail Blazers",0,0,0,0,0,0,0,0,0,0,0],"27100339":[77699,"0027100339","01/04/1972","MIL","Bucks","NYK","Knicks",0,0,0,0,0,0,0,0,0,0,0],"27100219":[77699,"0027100219","12/07/1971","MIL","Bucks","SEA","SuperSonics",0,2,0,0,0,0,0,0,0,0,0],"27100276":[77699,"0027100276","12/19/1971","MIL","Bucks","BLT","Bullets",0,0,0,0,0,0,0,0,0,0,0],"27100257":[77699,"0027100257","12/15/1971","MIL","Bucks","BUF","Braves",0,0,0,0,0,0,0,0,0,0,0],"27100167":[77699,"0027100167","11/24/1971","MIL","Bucks","ATL","Hawks",0,4,0,0,0,0,0,0,0,0,0],"27100020":[77699,"0027100020","10/17/1971","MIL","Bucks","POR","Trail Blazers",0,2,0,0,0,0,0,0,0,0,0],"27100393":[77699,"0027100393","01/16/1972","MIL","Bucks","POR","Trail Blazers",0,1,0,0,0,0,0,0,0,0,0],"27100024":[77699,"0027100024","10/19/1971","MIL","Bucks","CLE","Cavaliers",0,6,0,0,0,0,0,0,0,0,0],"27100598":[77699,"0027100598","03/03/1972","MIL","Bucks","PHL","76ers",0,0,0,0,0,0,0,0,0,0,0],"27100655":[77699,"0027100655","03/18/1972","MIL","Bucks","HOU","Rockets",0,0,0,0,0,0,0,0,0,0,0],"27100651":[77699,"0027100651","03/17/1972","MIL","Bucks","LAL","Lakers",0,1,0,0,0,0,0,0,0,0,0],"27100419":[77699,"0027100419","01/25/1972","MIL","Bucks","SEA","SuperSonics",0,0,0,0,0,0,0,0,0,0,0],"27100050":[77699,"0027100050","10/26/1971","MIL","Bucks","BLT","Bullets",0,0,0,0,0,0,0,0,0,0,0],"27100135":[77699,"0027100135","11/16/1971","MIL","Bucks","POR","Trail Blazers",0,4,0,0,0,0,0,0,0,0,0],"27100680":[77699,"0027100680","03/24/1972","MIL","Bucks","NYK","Knicks",0,8,0,0,0,0,0,0,0,0,0],"27100262":[77699,"0027100262","12/17/1971","MIL","Bucks","SEA","SuperSonics",0,0,0,0,0,0,0,0,0,0,0],"27100686":[77699,"0027100686","03/25/1972","MIL","Bucks","CIN","Royals",0,0,0,0,0,0,0,0,0,0,0],"27100179":[77699,"0027100179","11/27/1971","MIL","Bucks","CIN","Royals",0,2,0,0,0,0,0,0,0,0,0],"27100033":[77699,"0027100033","10/22/1971","MIL","Bucks","BUF","Braves",0,0,0,0,0,0,0,0,0,0,0],"27100740":[77699,"0027100740","01/08/1972","MIL","Bucks","DET","Pistons",0,0,0,0,0,0,0,0,0,0,0],"27100402":[77699,"0027100402","01/21/1972","MIL","Bucks","CLE","Cavaliers",0,3,0,0,0,0,0,0,0,0,0],"27100231":[77699,"0027100231","12/10/1971","MIL","Bucks","BOS","Celtics",0,0,0,0,0,0,0,0,0,0,0],"27100769":[77699,"0027100769","02/23/1972","MIL","Bucks","BLT","Bullets",0,0,0,0,0,0,0,0,0,0,0],"27100173":[77699,"0027100173","11/26/1971","MIL","Bucks","POR","Trail Blazers",0,0,0,0,0,0,0,0,0,0,0]},"data":[22.0,28,null,3.6,0.5,1.3,0.417,null,null,null,0.2,0.4,0.5,null,null,0.7,0.3,null,null,null,0.8,1.3],"rank":{"PerGame":[null,null,null,null,null,null,null,null,null,null,null,null,null,null,null,null,null,null,null],"Totals":[211,210,212,null,null,null,null,211,210,null,null,null,203,206,null,null,null,211,1]},"team":"MIL"}},"headerData":["PLAYER_AGE","GP","GS","MIN","FGM","FGA","FG_PCT","FG3M","FG3A","FG3_PCT","FTM","FTA","FT_PCT","OREB","DREB","REB","AST","STL","BLK","TOV","PF","PTS"],"PostSeason":{"1971":{"GameList":{"47100232":[77699,"0047100232","03/30/1972","MIL","Bucks","GOS","Warriors",0,0,0,0,0,0,0,0,0,0,0],"47100315":[77699,"0047100315","04/18/1972","MIL","Bucks","LAL","Lakers",0,0,0,0,0,0,0,0,0,0,0]},"data":[22.0,2,null,2.5,0.0,0.0,null,null,null,null,0.0,0.0,null,null,null,0.5,0.5,null,null,null,0.5,0.0],"rank":{"PerGame":[null,null,null,null,null,null,null,null,null,null,null,null,null,null,null,null,null,null,null],"Totals":[83,84,87,null,null,null,null,77,78,null,null,null,81,69,null,null,null,85,1]},"team":"MIL"}}}}