{"info":{"FIRST_NAME":"Bato","LAST_NAME":"Govedarica","WEIGHT":"185","COUNTRY":"USA","SCHOOL":"DePaul","BIRTHDATE":"1928-04-17T00:00:00","HEIGHT":"5-11","TO_YEAR":1953,"DLEAGUE":"N","FROM_YEAR":1953,"TEAM":"SYR","PERSON_ID":76837,"SEASON_EXP":0,"POSITION":"Guard","ROSTERSTATUS":"Active","ALL_STAR":0,"PIE":0,"JERSEY":"14"},"career":{"header":["MIN","FGM","FGA","FG_PCT","FG3M","FG3A","FG3_PCT","FTM","FTA","FT_PCT","OREB","DREB","REB","AST","STL","BLK","TOV","PF","PTS"],"RegularSeason":{"PerGame":[11.2,1.1,3.4,0.316,null,null,null,1.1,1.6,0.676,null,null,0.8,1.0,null,null,null,1.9,3.3],"GS":null,"GP":23},"PostSeason":{}},"season":{"headerRank":["RANK_PG_MIN","RANK_PG_FGM","RANK_PG_FGA","RANK_FG_PCT","RANK_PG_FG3M","RANK_PG_FG3A","RANK_FG3_PCT","RANK_PG_FTM","RANK_PG_FTA","RANK_FT_PCT","RANK_PG_OREB","RANK_PG_DREB","RANK_PG_REB","RANK_PG_AST","RANK_PG_STL","RANK_PG_BLK","RANK_PG_TOV","RANK_PG_PTS","RANK_PG_EFF"],"headerGame":["PLAYER_ID","SEASON_YEAR","TOV","PTS","FGM","FG3M","FG3A","PF","BLK","STL","AST","REB"],"RegularSeason":{"1953":{"GameList":{"25300054":[76837,"0025300054","11/24/1953","SYR","Nationals","ROC","Royals",0,2,0,0,0,0,0,0,0,0,0],"25300057":[76837,"0025300057","11/25/1953","SYR","Nationals","BAL","Bullets",0,0,0,0,0,0,0,0,0,0,0],"25300050":[76837,"0025300050","11/22/1953","SYR","Nationals","NYK","Knicks",0,0,0,0,0,0,0,0,0,0,0],"25300077":[76837,"0025300077","12/05/1953","SYR","Nationals","MNL","Lakers",0,0,0,0,0,0,0,0,0,0,0],"25300075":[76837,"0025300075","12/03/1953","SYR","Nationals","MNL","Lakers",0,6,0,0,0,0,0,0,0,0,0],"25300015":[76837,"0025300015","11/07/1953","SYR","Nationals","BAL","Bullets",0,2,0,0,0,0,0,0,0,0,0],"25300058":[76837,"0025300058","11/26/1953","SYR","Nationals","BOS","Celtics",0,2,0,0,0,0,0,0,0,0,0],"25300030":[76837,"0025300030","11/14/1953","SYR","Nationals","BOS","Celtics",0,2,0,0,0,0,0,0,0,0,0],"25300035":[76837,"0025300035","11/15/1953","SYR","Nationals","MIH","Hawks",0,2,0,0,0,0,0,0,0,0,0],"25300042":[76837,"0025300042","11/19/1953","SYR","Nationals","FTW","Pistons",0,1,0,0,0,0,0,0,0,0,0],"25300068":[76837,"0025300068","11/29/1953","SYR","Nationals","BAL","Bullets",0,10,0,0,0,0,0,0,0,0,0],"25300065":[76837,"0025300065","11/28/1953","SYR","Nationals","BOS","Celtics",0,0,0,0,0,0,0,0,0,0,0],"25300048":[76837,"0025300048","11/21/1953","SYR","Nationals","NYK","Knicks",0,5,0,0,0,0,0,0,0,0,0],"25300072":[76837,"0025300072","12/01/1953","SYR","Nationals","MIH","Hawks",0,0,0,0,0,0,0,0,0,0,0],"25300020":[76837,"0025300020","11/08/1953","SYR","Nationals","ROC","Royals",0,5,0,0,0,0,0,0,0,0,0],"25300023":[76837,"0025300023","11/10/1953","SYR","Nationals","MIH","Hawks",0,12,0,0,0,0,0,0,0,0,0],"25300025":[76837,"0025300025","11/12/1953","SYR","Nationals","FTW","Pistons",0,3,0,0,0,0,0,0,0,0,0],"25300001":[76837,"0025300001","11/05/1953","SYR","Nationals","MNL","Lakers",0,5,0,0,0,0,0,0,0,0,0],"25300009":[76837,"0025300009","11/01/1953","SYR","Nationals","PHW","Warriors",0,7,0,0,0,0,0,0,0,0,0],"25300089":[76837,"0025300089","12/10/1953","SYR","Nationals","MIH","Hawks",0,3,0,0,0,0,0,0,0,0,0],"25300085":[76837,"0025300085","12/09/1953","SYR","Nationals","BAL","Bullets",0,3,0,0,0,0,0,0,0,0,0],"25300082":[76837,"0025300082","12/06/1953","SYR","Nationals","FTW","Pistons",0,2,0,0,0,0,0,0,0,0,0],"25300003":[76837,"0025300003","10/31/1953","SYR","Nationals","PHW","Warriors",0,3,0,0,0,0,0,0,0,0,0]},"data":[26.0,23,null,11.2,1.1,3.4,0.316,null,null,null,1.1,1.6,0.676,null,null,0.8,1.0,null,null,null,1.9,3.3],"rank":{"PerGame":[null,null,null,null,null,null,null,null,null,null,null,null,null,null,null,null,null,null,null],"Totals":[90,91,90,null,null,null,null,88,88,null,null,null,96,88,null,null,null,91,1]},"team":"SYR"}},"headerData":["PLAYER_AGE","GP","GS","MIN","FGM","FGA","FG_PCT","FG3M","FG3A","FG3_PCT","FTM","FTA","FT_PCT","OREB","DREB","REB","AST","STL","BLK","TOV","PF","PTS"],"PostSeason":{}}}