{"info":{"FIRST_NAME":"Ben","LAST_NAME":"Goldfaden","WEIGHT":"185","COUNTRY":"USA","SCHOOL":"George Washington","BIRTHDATE":"1913-09-06T00:00:00","HEIGHT":"6-1","TO_YEAR":1946,"DLEAGUE":"N","FROM_YEAR":1946,"TEAM":"WAS","PERSON_ID":76829,"SEASON_EXP":0,"POSITION":"Forward","ROSTERSTATUS":"Active","ALL_STAR":0,"PIE":0,"JERSEY":""},"career":{"header":["MIN","FGM","FGA","FG_PCT","FG3M","FG3A","FG3_PCT","FTM","FTA","FT_PCT","OREB","DREB","REB","AST","STL","BLK","TOV","PF","PTS"],"RegularSeason":{"PerGame":[null,0.0,1.0,0.0,null,null,null,1.0,2.0,0.5,null,null,null,0.0,null,null,null,1.5,1.0],"GS":null,"GP":2},"PostSeason":{}},"season":{"headerRank":["RANK_PG_MIN","RANK_PG_FGM","RANK_PG_FGA","RANK_FG_PCT","RANK_PG_FG3M","RANK_PG_FG3A","RANK_FG3_PCT","RANK_PG_FTM","RANK_PG_FTA","RANK_FT_PCT","RANK_PG_OREB","RANK_PG_DREB","RANK_PG_REB","RANK_PG_AST","RANK_PG_STL","RANK_PG_BLK","RANK_PG_TOV","RANK_PG_PTS","RANK_PG_EFF"],"headerGame":["PLAYER_ID","SEASON_YEAR","TOV","PTS","FGM","FG3M","FG3A","PF","BLK","STL","AST","REB"],"RegularSeason":{"1946":{"GameList":{"24600005":[76829,"0024600005","11/02/1946","WAS","Capitols","DEF","Falcons",0,1,0,0,0,0,0,0,0,0,0],"24600007":[76829,"0024600007","11/04/1946","WAS","Capitols","PIT","Ironmen",0,1,0,0,0,0,0,0,0,0,0]},"data":[33.0,2,null,null,0.0,1.0,0.0,null,null,null,1.0,2.0,0.5,null,null,null,0.0,null,null,null,1.5,1.0],"rank":{},"team":"WAS"}},"headerData":["PLAYER_AGE","GP","GS","MIN","FGM","FGA","FG_PCT","FG3M","FG3A","FG3_PCT","FTM","FTA","FT_PCT","OREB","DREB","REB","AST","STL","BLK","TOV","PF","PTS"],"PostSeason":{}}}