{"info":{"FIRST_NAME":"Ben","LAST_NAME":"Davis","WEIGHT":"","COUNTRY":"USA","SCHOOL":"Arizona","BIRTHDATE":"1972-12-26T00:00:00","HEIGHT":"","TO_YEAR":1999,"DLEAGUE":"N","FROM_YEAR":1996,"TEAM":"","PERSON_ID":989,"SEASON_EXP":4,"POSITION":"","ROSTERSTATUS":"Inactive","ALL_STAR":0,"PIE":0,"JERSEY":""},"career":{"header":["MIN","FGM","FGA","FG_PCT","FG3M","FG3A","FG3_PCT","FTM","FTA","FT_PCT","OREB","DREB","REB","AST","STL","BLK","TOV","PF","PTS"],"RegularSeason":{"PerGame":[3.9,0.5,1.5,0.356,0.0,0.0,0.0,0.3,0.7,0.462,0.8,0.6,1.3,0.1,0.2,0.1,0.2,0.6,1.4],"GS":0,"GP":40},"PostSeason":{}},"season":{"headerRank":["RANK_PG_MIN","RANK_PG_FGM","RANK_PG_FGA","RANK_FG_PCT","RANK_PG_FG3M","RANK_PG_FG3A","RANK_FG3_PCT","RANK_PG_FTM","RANK_PG_FTA","RANK_FT_PCT","RANK_PG_OREB","RANK_PG_DREB","RANK_PG_REB","RANK_PG_AST","RANK_PG_STL","RANK_PG_BLK","RANK_PG_TOV","RANK_PG_PTS","RANK_PG_EFF"],"headerGame":["PLAYER_ID","GAME_ID","GAME_DATE","TEAM_ABBREVIATION","TEAM_NAME","VS_TEAM_ABBREVIATION","VS_TEAM_NAME","TOV","PTS","FGM","FGA","FG3M","FG3A","PF","BLK","STL","AST","REB"],"RegularSeason":{"1999":{"shotchart":{"Averages":{"header":["SHOT_ZONE_BASIC","SHOT_ZONE_AREA","SHOT_ZONE_RANGE","FGA","FGM","FG_PCT"],"row":[["Above the Break 3","Back Court(BC)","Back Court Shot",125,6,0.048],["Above the Break 3","Center(C)","24+ ft.",5382,1784,0.331],["Above the Break 3","Left Side Center(LC)","24+ ft.",9320,3273,0.351],["Above the Break 3","Right Side Center(RC)","24+ ft.",9595,3380,0.352],["Backcourt","Back Court(BC)","Back Court Shot",244,7,0.029],["In The Paint (Non-RA)","Center(C)","8-16 ft.",5074,2063,0.407],["In The Paint (Non-RA)","Center(C)","Less Than 8 ft.",20928,7588,0.363],["In The Paint (Non-RA)","Left Side(L)","8-16 ft.",1818,709,0.39],["In The Paint (Non-RA)","Right Side(R)","8-16 ft.",1839,700,0.381],["Left Corner 3","Left Side(L)","24+ ft.",3897,1509,0.387],["Mid-Range","Center(C)","16-24 ft.",6057,2561,0.423],["Mid-Range","Center(C)","8-16 ft.",2126,863,0.406],["Mid-Range","Left Side Center(LC)","16-24 ft.",8559,3511,0.41],["Mid-Range","Left Side(L)","16-24 ft.",10432,4260,0.408],["Mid-Range","Left Side(L)","8-16 ft.",15902,5949,0.374],["Mid-Range","Right Side Center(RC)","16-24 ft.",8614,3574,0.415],["Mid-Range","Right Side(R)","16-24 ft.",9445,3675,0.389],["Mid-Range","Right Side(R)","8-16 ft.",13513,5085,0.376],["Restricted Area","Center(C)","Less Than 8 ft.",58423,35587,0.609],["Right Corner 3","Right Side(R)","24+ ft.",3925,1506,0.384]]},"Details":{"header":["GAME_ID","GAME_EVENT_ID","PERIOD","MINUTES_REMAINING","SECONDS_REMAINING","EVENT_TYPE","ACTION_TYPE","SHOT_TYPE","SHOT_ZONE_BASIC","SHOT_ZONE_AREA","SHOT_ZONE_RANGE","SHOT_DISTANCE","LOC_X","LOC_Y","SHOT_ATTEMPTED_FLAG","SHOT_MADE_FLAG"],"row":[["0029900386",449,4,2,56,"Made Shot","Jump Shot","2PT Field Goal","Mid-Range","Center(C)","16-24 ft.",19,5,196,1,1],["0029900386",467,4,1,1,"Missed Shot","Layup Shot","2PT Field Goal","Restricted Area","Center(C)","Less Than 8 ft.",0,0,0,1,0],["0029900386",477,4,0,18,"Made Shot","Tip Shot","2PT Field Goal","Restricted Area","Center(C)","Less Than 8 ft.",0,0,0,1,1],["0029900409",345,3,0,2,"Missed Shot","Jump Shot","2PT Field Goal","Mid-Range","Left Side(L)","16-24 ft.",16,-153,72,1,0],["0029900439",199,2,4,4,"Missed Shot","Jump Shot","2PT Field Goal","Mid-Range","Center(C)","16-24 ft.",16,23,164,1,0],["0029900460",435,4,5,57,"Missed Shot","Jump Shot","2PT Field Goal","In The Paint (Non-RA)","Center(C)","Less Than 8 ft.",4,48,1,1,0]]}},"GameList":{"29900439":[989,"0029900439","01/04/2000","PHX","Suns","CHH","Hornets",0,0,0,1,0,0,1,1,0,1,1],"29900409":[989,"0029900409","12/29/1999","PHX","Suns","LAL","Lakers",0,0,0,1,0,0,0,0,0,0,1],"29900460":[989,"0029900460","01/07/2000","PHX","Suns","SAS","Spurs",2,0,0,1,0,0,1,0,1,1,5],"29900374":[989,"0029900374","12/23/1999","PHX","Suns","DAL","Mavericks",0,0,0,0,0,0,0,0,0,0,0],"29900386":[989,"0029900386","12/26/1999","PHX","Suns","GSW","Warriors",1,4,2,3,0,0,0,0,0,0,2]},"data":[27.0,5,0,4.4,0.4,1.2,0.333,0.0,0.0,0.0,0.0,0.0,0.0,0.6,1.2,1.8,0.4,0.2,0.2,0.6,0.4,0.8],"rank":{"PerGame":[null,null,null,null,null,null,null,null,null,null,null,null,null,null,null,null,null,null,null],"Totals":[429,423,426,null,281,355,null,422,423,null,399,411,411,410,411,369,408,429,415]},"team":"PHX"},"1998":{"shotchart":{"Averages":{"header":["SHOT_ZONE_BASIC","SHOT_ZONE_AREA","SHOT_ZONE_RANGE","FGA","FGM","FG_PCT"],"row":[["Above the Break 3","Back Court(BC)","Back Court Shot",75,2,0.027],["Above the Break 3","Center(C)","24+ ft.",3050,962,0.315],["Above the Break 3","Left Side Center(LC)","24+ ft.",5658,1877,0.332],["Above the Break 3","Right Side Center(RC)","24+ ft.",5982,2051,0.343],["Backcourt","Back Court(BC)","Back Court Shot",144,4,0.028],["In The Paint (Non-RA)","Center(C)","8-16 ft.",2904,1157,0.398],["In The Paint (Non-RA)","Center(C)","Less Than 8 ft.",12080,4295,0.356],["In The Paint (Non-RA)","Left Side(L)","8-16 ft.",1130,400,0.354],["In The Paint (Non-RA)","Right Side(R)","8-16 ft.",1094,385,0.352],["Left Corner 3","Left Side(L)","24+ ft.",2119,812,0.383],["Mid-Range","Center(C)","16-24 ft.",3601,1425,0.396],["Mid-Range","Center(C)","8-16 ft.",1269,570,0.449],["Mid-Range","Left Side Center(LC)","16-24 ft.",4680,1830,0.391],["Mid-Range","Left Side(L)","16-24 ft.",5864,2295,0.391],["Mid-Range","Left Side(L)","8-16 ft.",9034,3276,0.363],["Mid-Range","Right Side Center(RC)","16-24 ft.",4827,1907,0.395],["Mid-Range","Right Side(R)","16-24 ft.",5416,2112,0.39],["Mid-Range","Right Side(R)","8-16 ft.",7334,2564,0.35],["Restricted Area","Center(C)","Less Than 8 ft.",35102,20893,0.595],["Right Corner 3","Right Side(R)","24+ ft.",2011,731,0.364]]},"Details":{"header":["GAME_ID","GAME_EVENT_ID","PERIOD","MINUTES_REMAINING","SECONDS_REMAINING","EVENT_TYPE","ACTION_TYPE","SHOT_TYPE","SHOT_ZONE_BASIC","SHOT_ZONE_AREA","SHOT_ZONE_RANGE","SHOT_DISTANCE","LOC_X","LOC_Y","SHOT_ATTEMPTED_FLAG","SHOT_MADE_FLAG"],"row":[["0029800044",515,4,0,14,"Made Shot","Layup Shot","2PT Field Goal","Restricted Area","Center(C)","Less Than 8 ft.",0,0,0,1,1],["0029800103",427,4,2,52,"Missed Shot","Layup Shot","2PT Field Goal","Restricted Area","Center(C)","Less Than 8 ft.",0,1,5,1,0],["0029800103",428,4,2,50,"Made Shot","Tip Shot","2PT Field Goal","Restricted Area","Center(C)","Less Than 8 ft.",1,10,5,1,1],["0029800103",455,4,1,4,"Missed Shot","Layup Shot","2PT Field Goal","Restricted Area","Center(C)","Less Than 8 ft.",1,10,16,1,0],["0029800103",461,4,0,53,"Missed Shot","Layup Shot","2PT Field Goal","Restricted Area","Center(C)","Less Than 8 ft.",1,10,5,1,0],["0029800103",475,4,0,8,"Made Shot","Slam Dunk Shot","2PT Field Goal","Restricted Area","Center(C)","Less Than 8 ft.",1,1,12,1,1],["0029800467",438,4,0,15,"Made Shot","Jump Shot","2PT Field Goal","Mid-Range","Left Side Center(LC)","16-24 ft.",18,-87,158,1,1],["0029800490",370,4,6,1,"Made Shot","Hook Shot","2PT Field Goal","In The Paint (Non-RA)","Center(C)","Less Than 8 ft.",4,-23,40,1,1],["0029800490",388,4,4,40,"Missed Shot","Jump Shot","2PT Field Goal","Mid-Range","Left Side(L)","8-16 ft.",15,-151,-3,1,0],["0029800490",400,4,3,31,"Missed Shot","Layup Shot","2PT Field Goal","Restricted Area","Center(C)","Less Than 8 ft.",3,18,29,1,0],["0029800490",409,4,3,23,"Missed Shot","Layup Shot","2PT Field Goal","Restricted Area","Center(C)","Less Than 8 ft.",2,25,5,1,0],["0029800490",426,4,0,57,"Missed Shot","Jump Shot","2PT Field Goal","Mid-Range","Left Side(L)","8-16 ft.",14,-145,5,1,0],["0029800520",464,4,0,17,"Missed Shot","Jump Shot","2PT Field Goal","Mid-Range","Right Side(R)","16-24 ft.",17,171,27,1,0],["0029800535",443,4,2,50,"Missed Shot","Layup Shot","2PT Field Goal","Restricted Area","Center(C)","Less Than 8 ft.",0,0,0,1,0],["0029800535",451,4,2,16,"Missed Shot","Tip Shot","2PT Field Goal","Restricted Area","Center(C)","Less Than 8 ft.",0,0,0,1,0],["0029800714",403,4,1,6,"Made Shot","Layup Shot","2PT Field Goal","Restricted Area","Center(C)","Less Than 8 ft.",0,0,0,1,1],["0029800714",410,4,0,18,"Made Shot","Driving Dunk Shot","2PT Field Goal","Restricted Area","Center(C)","Less Than 8 ft.",0,0,0,1,1]]}},"GameList":{"29800467":[989,"0029800467","04/04/1999","NYK","Knicks","IND","Pacers",0,2,1,1,0,0,1,0,0,0,0],"29800520":[989,"0029800520","04/11/1999","NYK","Knicks","NJN","Nets",0,0,0,1,0,0,0,0,0,1,1],"29800490":[989,"0029800490","04/07/1999","NYK","Knicks","CHH","Hornets",0,2,1,5,0,0,0,0,0,1,4],"29800535":[989,"0029800535","04/13/1999","NYK","Knicks","PHI","76ers",1,0,0,2,0,0,1,0,0,0,2],"29800714":[989,"0029800714","05/05/1999","NYK","Knicks","MIA","Heat",0,4,2,2,0,0,0,0,0,1,1],"29800080":[989,"0029800080","02/16/1999","NYK","Knicks","TOR","Raptors",0,0,0,0,0,0,1,0,0,0,0],"29800103":[989,"0029800103","02/18/1999","NYK","Knicks","CLE","Cavaliers",0,7,2,5,0,0,1,0,0,0,3],"29800044":[989,"0029800044","02/10/1999","NYK","Knicks","WAS","Wizards",0,2,1,1,0,0,0,0,0,0,0]},"data":[26.0,8,0,2.6,0.9,2.1,0.412,0.0,0.0,0.0,0.4,0.8,0.5,1.1,0.3,1.4,0.4,0.0,0.0,0.1,0.5,2.1],"rank":{"PerGame":[null,null,null,null,null,null,null,null,null,null,null,null,null,null,null,null,null,null,null],"Totals":[408,371,381,null,255,339,null,378,372,null,321,398,375,367,401,376,410,375,376]},"team":"NYK"},"1997":{"shotchart":{"Averages":{"header":["SHOT_ZONE_BASIC","SHOT_ZONE_AREA","SHOT_ZONE_RANGE","FGA","FGM","FG_PCT"],"row":[["Above the Break 3","Back Court(BC)","Back Court Shot",94,0,0.0],["Above the Break 3","Center(C)","24+ ft.",5071,1698,0.335],["Above the Break 3","Left Side Center(LC)","24+ ft.",9535,3233,0.339],["Above the Break 3","Right Side Center(RC)","24+ ft.",9405,3317,0.353],["Backcourt","Back Court(BC)","Back Court Shot",243,12,0.049],["In The Paint (Non-RA)","Center(C)","8-16 ft.",4742,1938,0.409],["In The Paint (Non-RA)","Center(C)","Less Than 8 ft.",18323,6635,0.362],["In The Paint (Non-RA)","Left Side(L)","8-16 ft.",1889,688,0.364],["In The Paint (Non-RA)","Right Side(R)","8-16 ft.",1702,601,0.353],["Left Corner 3","Left Side(L)","24+ ft.",2878,1053,0.366],["Mid-Range","Center(C)","16-24 ft.",5306,2083,0.393],["Mid-Range","Center(C)","8-16 ft.",2052,834,0.406],["Mid-Range","Left Side Center(LC)","16-24 ft.",7450,3099,0.416],["Mid-Range","Left Side(L)","16-24 ft.",9910,4035,0.407],["Mid-Range","Left Side(L)","8-16 ft.",15120,5550,0.367],["Mid-Range","Right Side Center(RC)","16-24 ft.",8144,3310,0.406],["Mid-Range","Right Side(R)","16-24 ft.",8405,3365,0.4],["Mid-Range","Right Side(R)","8-16 ft.",13451,4898,0.364],["Restricted Area","Center(C)","Less Than 8 ft.",63115,38010,0.602],["Right Corner 3","Right Side(R)","24+ ft.",2688,1018,0.379]]},"Details":{"header":["GAME_ID","GAME_EVENT_ID","PERIOD","MINUTES_REMAINING","SECONDS_REMAINING","EVENT_TYPE","ACTION_TYPE","SHOT_TYPE","SHOT_ZONE_BASIC","SHOT_ZONE_AREA","SHOT_ZONE_RANGE","SHOT_DISTANCE","LOC_X","LOC_Y","SHOT_ATTEMPTED_FLAG","SHOT_MADE_FLAG"],"row":[["0029700851",468,4,0,40,"Missed Shot","Layup Shot","2PT Field Goal","Restricted Area","Center(C)","Less Than 8 ft.",1,18,8,1,0],["0029700851",474,4,0,26,"Missed Shot","Layup Shot","2PT Field Goal","Restricted Area","Center(C)","Less Than 8 ft.",1,-12,-1,1,0],["0029700993",379,4,0,11,"Made Shot","Jump Shot","2PT Field Goal","Mid-Range","Right Side(R)","16-24 ft.",16,169,-3,1,1],["0029701023",436,4,1,6,"Missed Shot","Layup Shot","2PT Field Goal","Restricted Area","Center(C)","Less Than 8 ft.",0,0,0,1,0],["0029701036",417,4,1,18,"Missed Shot","Layup Shot","2PT Field Goal","Restricted Area","Center(C)","Less Than 8 ft.",0,0,0,1,0],["0029701036",418,4,1,16,"Missed Shot","Tip Shot","2PT Field Goal","Restricted Area","Center(C)","Less Than 8 ft.",0,0,0,1,0],["0029701036",420,4,1,13,"Missed Shot","Tip Shot","2PT Field Goal","Restricted Area","Center(C)","Less Than 8 ft.",0,0,0,1,0],["0029701036",422,4,1,12,"Missed Shot","Tip Shot","2PT Field Goal","Restricted Area","Center(C)","Less Than 8 ft.",0,0,0,1,0],["0029701036",437,4,0,2,"Missed Shot","Jump Shot","2PT Field Goal","In The Paint (Non-RA)","Center(C)","Less Than 8 ft.",7,-68,25,1,0],["0029701036",440,4,0,0,"Made Shot","Layup Shot","2PT Field Goal","Restricted Area","Center(C)","Less Than 8 ft.",0,0,0,1,1]]}},"GameList":{"29700858":[989,"0029700858","03/06/1998","NYK","Knicks","PHI","76ers",0,0,0,0,0,0,0,0,0,0,0],"29700851":[989,"0029700851","03/05/1998","NYK","Knicks","WAS","Wizards",0,0,0,2,0,0,1,0,0,0,0],"29700913":[989,"0029700913","03/14/1998","NYK","Knicks","CLE","Cavaliers",0,0,0,0,0,0,0,0,0,0,0],"29701023":[989,"0029701023","03/28/1998","NYK","Knicks","SEA","SuperSonics",0,0,0,1,0,0,0,0,1,0,1],"29700869":[989,"0029700869","03/08/1998","NYK","Knicks","CHI","Bulls",0,0,0,0,0,0,0,0,0,0,0],"29701036":[989,"0029701036","03/31/1998","NYK","Knicks","SAS","Spurs",0,2,1,6,0,0,2,0,0,0,5],"29700993":[989,"0029700993","03/24/1998","NYK","Knicks","GSW","Warriors",0,2,1,1,0,0,0,0,0,0,0]},"data":[25.0,7,0,1.9,0.3,1.4,0.2,0.0,0.0,0.0,0.0,0.0,0.0,0.9,0.0,0.9,0.0,0.1,0.0,0.0,0.4,0.6],"rank":{"PerGame":[null,null,null,null,null,null,null,null,null,null,null,null,null,null,null,null,null,null,null],"Totals":[430,424,418,null,274,366,null,421,425,null,370,435,408,427,407,400,434,428,428]},"team":"NYK"},"1996":{"shotchart":{"Averages":{"header":["SHOT_ZONE_BASIC","SHOT_ZONE_AREA","SHOT_ZONE_RANGE","FGA","FGM","FG_PCT"],"row":[["Above the Break 3","Back Court(BC)","Back Court Shot",85,2,0.024],["Above the Break 3","Center(C)","24+ ft.",2961,1004,0.339],["Above the Break 3","Left Side Center(LC)","24+ ft.",6391,2096,0.328],["Above the Break 3","Right Side Center(RC)","24+ ft.",4938,1713,0.347],["Backcourt","Back Court(BC)","Back Court Shot",207,9,0.043],["In The Paint (Non-RA)","Center(C)","8-16 ft.",4311,1896,0.44],["In The Paint (Non-RA)","Center(C)","Less Than 8 ft.",14430,6313,0.437],["In The Paint (Non-RA)","Left Side(L)","8-16 ft.",1893,781,0.413],["In The Paint (Non-RA)","Right Side(R)","8-16 ft.",1741,714,0.41],["Left Corner 3","Left Side(L)","24+ ft.",3068,1214,0.396],["Mid-Range","Center(C)","16-24 ft.",7169,2906,0.405],["Mid-Range","Center(C)","8-16 ft.",1668,710,0.426],["Mid-Range","Left Side Center(LC)","16-24 ft.",9900,4050,0.409],["Mid-Range","Left Side(L)","16-24 ft.",9842,4158,0.422],["Mid-Range","Left Side(L)","8-16 ft.",13794,5376,0.39],["Mid-Range","Right Side Center(RC)","16-24 ft.",11226,4357,0.388],["Mid-Range","Right Side(R)","16-24 ft.",9029,3715,0.411],["Mid-Range","Right Side(R)","8-16 ft.",12668,5036,0.398],["Restricted Area","Center(C)","Less Than 8 ft.",70575,38643,0.548],["Right Corner 3","Right Side(R)","24+ ft.",2689,1079,0.401]]},"Details":{"header":["GAME_ID","GAME_EVENT_ID","PERIOD","MINUTES_REMAINING","SECONDS_REMAINING","EVENT_TYPE","ACTION_TYPE","SHOT_TYPE","SHOT_ZONE_BASIC","SHOT_ZONE_AREA","SHOT_ZONE_RANGE","SHOT_DISTANCE","LOC_X","LOC_Y","SHOT_ATTEMPTED_FLAG","SHOT_MADE_FLAG"],"row":[["0029600063",382,3,0,45,"Missed Shot","Layup Shot","2PT Field Goal","Restricted Area","Center(C)","Less Than 8 ft.",0,0,0,1,0],["0029600063",409,4,11,38,"Missed Shot","Layup Shot","2PT Field Goal","Restricted Area","Center(C)","Less Than 8 ft.",0,0,0,1,0],["0029600063",473,4,5,6,"Missed Shot","Jump Shot","2PT Field Goal","Mid-Range","Right Side(R)","8-16 ft.",11,112,23,1,0],["0029600063",481,4,4,33,"Missed Shot","Layup Shot","2PT Field Goal","Restricted Area","Center(C)","Less Than 8 ft.",0,0,0,1,0],["0029600063",483,4,4,29,"Missed Shot","Layup Shot","2PT Field Goal","Restricted Area","Center(C)","Less Than 8 ft.",0,0,0,1,0],["0029600063",489,4,3,57,"Missed Shot","Layup Shot","2PT Field Goal","Restricted Area","Center(C)","Less Than 8 ft.",0,0,0,1,0],["0029600076",407,4,3,6,"Made Shot","Layup Shot","2PT Field Goal","Restricted Area","Center(C)","Less Than 8 ft.",3,-12,32,1,1],["0029600143",343,3,2,13,"Made Shot","Jump Shot","2PT Field Goal","Mid-Range","Right Side(R)","8-16 ft.",10,101,0,1,1],["0029600143",377,4,11,23,"Missed Shot","Layup Shot","2PT Field Goal","Restricted Area","Center(C)","Less Than 8 ft.",0,0,0,1,0],["0029600143",401,4,8,34,"Made Shot","Layup Shot","2PT Field Goal","Restricted Area","Center(C)","Less Than 8 ft.",0,0,0,1,1],["0029600143",422,4,6,27,"Made Shot","Jump Shot","2PT Field Goal","Mid-Range","Right Side(R)","8-16 ft.",12,125,28,1,1],["0029600512",90,1,2,38,"Missed Shot","Layup Shot","2PT Field Goal","Restricted Area","Center(C)","Less Than 8 ft.",0,0,0,1,0],["0029600512",91,1,2,36,"Made Shot","Layup Shot","2PT Field Goal","Restricted Area","Center(C)","Less Than 8 ft.",0,0,0,1,1],["0029600512",107,1,0,37,"Made Shot","Layup Shot","2PT Field Goal","Restricted Area","Center(C)","Less Than 8 ft.",0,0,0,1,1],["0029600512",131,2,10,40,"Missed Shot","Layup Shot","2PT Field Goal","Restricted Area","Center(C)","Less Than 8 ft.",0,0,0,1,0],["0029600512",153,2,8,14,"Missed Shot","Jump Shot","2PT Field Goal","Mid-Range","Right Side(R)","8-16 ft.",9,81,49,1,0],["0029600572",392,4,1,35,"Made Shot","Layup Shot","2PT Field Goal","Restricted Area","Center(C)","Less Than 8 ft.",0,0,0,1,1],["0029600672",397,4,2,23,"Made Shot","Hook Shot","2PT Field Goal","In The Paint (Non-RA)","Center(C)","Less Than 8 ft.",4,-5,47,1,1],["0029600672",402,4,1,33,"Missed Shot","Jump Shot","2PT Field Goal","Mid-Range","Left Side(L)","8-16 ft.",10,-107,-12,1,0],["0029600700",470,4,1,28,"Missed Shot","Jump Shot","2PT Field Goal","In The Paint (Non-RA)","Center(C)","Less Than 8 ft.",7,-47,56,1,0],["0029600700",475,4,1,1,"Missed Shot","Jump Shot","2PT Field Goal","In The Paint (Non-RA)","Center(C)","Less Than 8 ft.",5,-3,54,1,0],["0029600700",478,4,0,40,"Missed Shot","Layup Shot","2PT Field Goal","Restricted Area","Center(C)","Less Than 8 ft.",0,0,0,1,0],["0029600700",481,4,0,22,"Made Shot","Jump Shot","2PT Field Goal","Mid-Range","Right Side(R)","8-16 ft.",9,81,47,1,1],["0029600713",421,4,0,48,"Missed Shot","Jump Shot","2PT Field Goal","Mid-Range","Right Side(R)","8-16 ft.",8,84,8,1,0],["0029600713",431,4,0,5,"Missed Shot","Jump Shot","2PT Field Goal","Mid-Range","Right Side(R)","8-16 ft.",15,144,47,1,0],["0029600943",460,4,0,11,"Made Shot","Hook Shot","2PT Field Goal","In The Paint (Non-RA)","Center(C)","Less Than 8 ft.",4,40,28,1,1]]}},"GameList":{"29600909":[989,"0029600909","03/13/1997","PHX","Suns","LAC","Clippers",0,3,0,0,0,0,1,0,0,0,0],"29600506":[989,"0029600506","01/13/1997","PHX","Suns","DAL","Mavericks",0,0,0,0,0,0,1,0,1,0,2],"29600572":[989,"0029600572","01/22/1997","PHX","Suns","UTA","Jazz",1,2,1,1,0,0,0,1,0,0,2],"29600512":[989,"0029600512","01/14/1997","PHX","Suns","DEN","Nuggets",0,4,2,5,0,0,2,0,0,0,5],"29600943":[989,"0029600943","03/17/1997","PHX","Suns","GSW","Warriors",0,2,1,1,0,0,0,0,0,0,1],"29600926":[989,"0029600926","03/15/1997","PHX","Suns","DAL","Mavericks",0,2,0,0,0,0,0,0,0,0,1],"29601054":[989,"0029601054","04/02/1997","PHX","Suns","HOU","Rockets",0,0,0,0,0,0,1,0,0,0,0],"29600713":[989,"0029600713","02/14/1997","PHX","Suns","LAC","Clippers",0,0,0,2,0,0,1,0,0,0,0],"29600604":[989,"0029600604","01/27/1997","PHX","Suns","MIA","Heat",0,0,0,0,0,0,0,0,0,0,0],"29600544":[989,"0029600544","01/18/1997","PHX","Suns","NYK","Knicks",0,0,0,0,0,0,0,0,0,0,0],"29600049":[989,"0029600049","11/07/1996","PHX","Suns","SEA","SuperSonics",0,1,0,0,0,0,1,0,0,0,2],"29600528":[989,"0029600528","01/16/1997","PHX","Suns","UTA","Jazz",0,0,0,0,0,0,0,0,0,0,0],"29600640":[989,"0029600640","02/01/1997","PHX","Suns","TOR","Raptors",1,0,0,0,0,0,0,0,0,0,1],"29600672":[989,"0029600672","02/05/1997","PHX","Suns","ATL","Hawks",0,2,1,2,0,0,0,0,0,0,0],"29600700":[989,"0029600700","02/12/1997","PHX","Suns","BOS","Celtics",0,2,1,4,0,0,0,0,0,0,0],"29600076":[989,"0029600076","11/11/1996","PHX","Suns","CHI","Bulls",0,4,1,1,0,0,3,0,0,0,2],"29600143":[989,"0029600143","11/20/1996","PHX","Suns","CHI","Bulls",1,7,3,4,0,0,2,0,2,0,5],"29600063":[989,"0029600063","11/09/1996","PHX","Suns","PHI","76ers",0,0,0,6,0,0,4,0,1,0,6],"29600964":[989,"0029600964","03/20/1997","PHX","Suns","SAS","Spurs",0,0,0,0,0,0,0,0,0,0,0],"29601068":[989,"0029601068","04/04/1997","PHX","Suns","DEN","Nuggets",0,0,0,0,0,0,0,0,0,0,0]},"data":[24.0,20,0,4.9,0.5,1.3,0.385,0.0,0.0,0.0,0.5,1.0,0.45,0.6,0.8,1.4,0.0,0.2,0.1,0.2,0.8,1.5],"rank":{"PerGame":[null,null,null,null,null,null,null,null,null,null,null,null,null,null,null,null,null,null,null],"Totals":[396,395,394,null,303,369,null,368,349,null,345,379,367,427,374,378,407,392,391]},"team":"PHX"}},"headerData":["PLAYER_AGE","GP","GS","MIN","FGM","FGA","FG_PCT","FG3M","FG3A","FG3_PCT","FTM","FTA","FT_PCT","OREB","DREB","REB","AST","STL","BLK","TOV","PF","PTS"],"PostSeason":{}}}