{"info":{"FIRST_NAME":"Ben","LAST_NAME":"Gillery","WEIGHT":"235","COUNTRY":"USA","SCHOOL":"Georgetown","BIRTHDATE":"1965-09-19T00:00:00","HEIGHT":"7-0","TO_YEAR":1988,"DLEAGUE":"N","FROM_YEAR":1988,"TEAM":"SAC","PERSON_ID":76812,"SEASON_EXP":0,"POSITION":"Center","ROSTERSTATUS":"Active","ALL_STAR":0,"PIE":0,"JERSEY":"50"},"career":{"header":["MIN","FGM","FGA","FG_PCT","FG3M","FG3A","FG3_PCT","FTM","FTA","FT_PCT","OREB","DREB","REB","AST","STL","BLK","TOV","PF","PTS"],"RegularSeason":{"PerGame":[3.5,0.3,0.8,0.316,0.0,0.0,0.0,0.5,1.0,0.565,0.3,0.7,1.0,0.1,0.1,0.2,0.2,1.2,1.0],"GS":0,"GP":24},"PostSeason":{}},"season":{"headerRank":["RANK_PG_MIN","RANK_PG_FGM","RANK_PG_FGA","RANK_FG_PCT","RANK_PG_FG3M","RANK_PG_FG3A","RANK_FG3_PCT","RANK_PG_FTM","RANK_PG_FTA","RANK_FT_PCT","RANK_PG_OREB","RANK_PG_DREB","RANK_PG_REB","RANK_PG_AST","RANK_PG_STL","RANK_PG_BLK","RANK_PG_TOV","RANK_PG_PTS","RANK_PG_EFF"],"headerGame":["PLAYER_ID","GAME_ID","GAME_DATE","TEAM_ABBREVIATION","TEAM_NAME","VS_TEAM_ABBREVIATION","VS_TEAM_NAME","TOV","PTS","FGM","FGA","FG3M","FG3A","PF","BLK","STL","AST","REB"],"RegularSeason":{"1988":{"GameList":{"28800158":[76812,"0028800158","11/29/1988","SAC","Kings","LAC","Clippers",0,2,1,1,0,0,0,0,0,0,1],"28800075":[76812,"0028800075","11/15/1988","SAC","Kings","PHX","Suns",0,2,0,0,0,0,2,0,0,0,1],"28800508":[76812,"0028800508","01/29/1989","SAC","Kings","DET","Pistons",0,5,1,1,0,0,1,0,0,0,1],"28800741":[76812,"0028800741","03/10/1989","SAC","Kings","WAS","Bullets",0,0,0,0,0,0,0,0,0,0,0],"28800935":[76812,"0028800935","04/10/1989","SAC","Kings","MIA","Heat",1,0,0,4,0,0,2,0,0,0,1],"28800466":[76812,"0028800466","01/21/1989","SAC","Kings","GOS","Warriors",0,2,0,1,0,0,1,0,0,0,0],"28800183":[76812,"0028800183","12/03/1988","SAC","Kings","UTH","Jazz",0,1,0,0,0,0,1,0,0,0,0],"28800572":[76812,"0028800572","02/09/1989","SAC","Kings","GOS","Warriors",0,0,0,0,0,0,1,1,0,0,1],"28800299":[76812,"0028800299","12/23/1988","SAC","Kings","LAL","Lakers",0,1,0,2,0,0,3,0,0,1,1],"28800270":[76812,"0028800270","12/17/1988","SAC","Kings","SEA","SuperSonics",0,0,0,0,0,0,1,0,0,0,2],"28800041":[76812,"0028800041","11/09/1988","SAC","Kings","UTH","Jazz",0,0,0,0,0,0,2,0,0,0,0],"28801013":[76812,"0028801013","04/22/1989","SAC","Kings","LAC","Clippers",0,0,0,0,0,0,4,0,0,0,0],"28800692":[76812,"0028800692","03/02/1989","SAC","Kings","PHX","Suns",0,2,1,1,0,0,3,0,1,0,3],"28800020":[76812,"0028800020","11/05/1988","SAC","Kings","POR","Trail Blazers",0,0,0,1,0,0,1,0,0,0,0],"28800026":[76812,"0028800026","11/08/1988","SAC","Kings","SEA","SuperSonics",1,0,0,1,0,0,0,0,0,0,1],"28800539":[76812,"0028800539","02/03/1989","SAC","Kings","CLE","Cavaliers",0,0,0,0,0,0,0,0,0,0,0],"28800437":[76812,"0028800437","01/17/1989","SAC","Kings","HOU","Rockets",0,1,0,0,0,0,1,0,0,1,0],"28800413":[76812,"0028800413","01/13/1989","SAC","Kings","PHX","Suns",0,2,1,2,0,0,0,0,0,0,2],"28800651":[76812,"0028800651","02/24/1989","SAC","Kings","LAL","Lakers",0,1,0,0,0,0,0,0,0,0,1],"28800615":[76812,"0028800615","02/18/1989","SAC","Kings","PHX","Suns",0,0,0,0,0,0,1,0,0,0,1],"28800823":[76812,"0028800823","03/23/1989","SAC","Kings","LAL","Lakers",1,0,0,1,0,0,1,2,0,0,1],"28800348":[76812,"0028800348","01/03/1989","SAC","Kings","DAL","Mavericks",1,0,0,0,0,0,2,0,1,0,1],"28800980":[76812,"0028800980","04/17/1989","SAC","Kings","PHX","Suns",0,4,1,1,0,0,1,1,0,0,2],"28800055":[76812,"0028800055","11/12/1988","SAC","Kings","DAL","Mavericks",1,2,1,3,0,0,1,0,0,0,3]},"data":[23.0,24,0,3.5,0.3,0.8,0.316,0.0,0.0,0.0,0.5,1.0,0.565,0.3,0.7,1.0,0.1,0.1,0.2,0.2,1.2,1.0],"rank":{"PerGame":[null,null,null,null,null,null,null,null,null,null,null,null,null,null,null,null,null,null,null],"Totals":[328,334,331,null,209,298,null,304,297,null,315,312,317,332,326,258,328,329,327]},"team":"SAC"}},"headerData":["PLAYER_AGE","GP","GS","MIN","FGM","FGA","FG_PCT","FG3M","FG3A","FG3_PCT","FTM","FTA","FT_PCT","OREB","DREB","REB","AST","STL","BLK","TOV","PF","PTS"],"PostSeason":{}}}