{"info":{"FIRST_NAME":"Ben","LAST_NAME":"Clyde","WEIGHT":"198","COUNTRY":"USA","SCHOOL":"Florida State","BIRTHDATE":"1951-06-10T00:00:00","HEIGHT":"6-7","TO_YEAR":1974,"DLEAGUE":"N","FROM_YEAR":1974,"TEAM":"BOS","PERSON_ID":76409,"SEASON_EXP":0,"POSITION":"Forward","ROSTERSTATUS":"Active","ALL_STAR":0,"PIE":0,"JERSEY":"33"},"career":{"header":["MIN","FGM","FGA","FG_PCT","FG3M","FG3A","FG3_PCT","FTM","FTA","FT_PCT","OREB","DREB","REB","AST","STL","BLK","TOV","PF","PTS"],"RegularSeason":{"PerGame":[6.3,1.2,2.9,0.431,null,null,null,0.3,0.4,0.778,0.6,1.0,1.6,0.2,0.2,0.1,null,1.4,2.8],"GS":null,"GP":25},"PostSeason":{}},"season":{"headerRank":["RANK_PG_MIN","RANK_PG_FGM","RANK_PG_FGA","RANK_FG_PCT","RANK_PG_FG3M","RANK_PG_FG3A","RANK_FG3_PCT","RANK_PG_FTM","RANK_PG_FTA","RANK_FT_PCT","RANK_PG_OREB","RANK_PG_DREB","RANK_PG_REB","RANK_PG_AST","RANK_PG_STL","RANK_PG_BLK","RANK_PG_TOV","RANK_PG_PTS","RANK_PG_EFF"],"headerGame":["PLAYER_ID","SEASON_YEAR","TOV","PTS","FGM","FG3M","FG3A","PF","BLK","STL","AST","REB"],"RegularSeason":{"1974":{"GameList":{"27400220":[76409,"0027400220","12/10/1974","BOS","Celtics","CHI","Bulls",0,4,0,0,0,0,0,0,0,0,0],"27400365":[76409,"0027400365","01/18/1975","BOS","Celtics","HOU","Rockets",0,4,0,0,0,0,0,0,0,0,0],"27400088":[76409,"0027400088","11/08/1974","BOS","Celtics","DET","Pistons",0,0,0,0,0,0,0,0,0,0,0],"27400200":[76409,"0027400200","12/06/1974","BOS","Celtics","HOU","Rockets",0,0,0,0,0,0,0,0,0,0,0],"27400034":[76409,"0027400034","10/25/1974","BOS","Celtics","ATL","Hawks",0,8,0,0,0,0,0,0,0,0,0],"27400305":[76409,"0027400305","01/03/1975","BOS","Celtics","LAL","Lakers",0,11,0,0,0,0,0,0,0,0,0],"27400301":[76409,"0027400301","01/01/1975","BOS","Celtics","POR","Trail Blazers",0,2,0,0,0,0,0,0,0,0,0],"27400004":[76409,"0027400004","10/18/1974","BOS","Celtics","BUF","Braves",0,2,0,0,0,0,0,0,0,0,0],"27400458":[76409,"0027400458","02/08/1975","BOS","Celtics","NYK","Knicks",0,2,0,0,0,0,0,0,0,0,0],"27400430":[76409,"0027400430","02/02/1975","BOS","Celtics","MIL","Bucks",0,2,0,0,0,0,0,0,0,0,0],"27400045":[76409,"0027400045","10/26/1974","BOS","Celtics","NYK","Knicks",0,16,0,0,0,0,0,0,0,0,0],"27400062":[76409,"0027400062","11/01/1974","BOS","Celtics","PHL","76ers",0,2,0,0,0,0,0,0,0,0,0],"27400266":[76409,"0027400266","12/21/1974","BOS","Celtics","NYK","Knicks",0,2,0,0,0,0,0,0,0,0,0],"27400277":[76409,"0027400277","12/25/1974","BOS","Celtics","PHX","Suns",0,0,0,0,0,0,0,0,0,0,0],"27400233":[76409,"0027400233","12/13/1974","BOS","Celtics","WAS","Bullets",0,0,0,0,0,0,0,0,0,0,0],"27400351":[76409,"0027400351","01/12/1975","BOS","Celtics","BUF","Braves",0,0,0,0,0,0,0,0,0,0,0],"27400196":[76409,"0027400196","12/04/1974","BOS","Celtics","LAL","Lakers",0,2,0,0,0,0,0,0,0,0,0],"27400251":[76409,"0027400251","12/18/1974","BOS","Celtics","PHL","76ers",0,2,0,0,0,0,0,0,0,0,0],"27400465":[76409,"0027400465","02/09/1975","BOS","Celtics","NYK","Knicks",0,0,0,0,0,0,0,0,0,0,0],"27400423":[76409,"0027400423","01/31/1975","BOS","Celtics","CLE","Cavaliers",0,4,0,0,0,0,0,0,0,0,0],"27400502":[76409,"0027400502","02/19/1975","BOS","Celtics","SEA","SuperSonics",0,2,0,0,0,0,0,0,0,0,0],"27400052":[76409,"0027400052","10/30/1974","BOS","Celtics","CHI","Bulls",0,4,0,0,0,0,0,0,0,0,0],"27400529":[76409,"0027400529","02/26/1975","BOS","Celtics","NYK","Knicks",0,0,0,0,0,0,0,0,0,0,0]},"data":[24.0,25,null,6.3,1.2,2.9,0.431,null,null,null,0.3,0.4,0.778,0.6,1.0,1.6,0.2,0.2,0.1,null,1.4,2.8],"rank":{"PerGame":[null,null,null,null,null,null,null,null,null,null,null,null,null,null,null,null,null,null,null],"Totals":[215,213,216,null,null,null,null,219,221,null,200,203,206,221,215,184,null,215,1]},"team":"BOS"}},"headerData":["PLAYER_AGE","GP","GS","MIN","FGM","FGA","FG_PCT","FG3M","FG3A","FG3_PCT","FTM","FTA","FT_PCT","OREB","DREB","REB","AST","STL","BLK","TOV","PF","PTS"],"PostSeason":{}}}