{"info":{"FIRST_NAME":"Ben","LAST_NAME":"Uzoh","WEIGHT":"205","COUNTRY":"USA","SCHOOL":"Tulsa","BIRTHDATE":"1988-03-18T00:00:00","HEIGHT":"6-3","TO_YEAR":2011,"DLEAGUE":"Y","FROM_YEAR":2010,"TEAM":"TOR","PERSON_ID":202386,"SEASON_EXP":2,"POSITION":"Guard","ROSTERSTATUS":"Active","ALL_STAR":0,"PIE":0,"JERSEY":"18"},"career":{"header":["MIN","FGM","FGA","FG_PCT","FG3M","FG3A","FG3_PCT","FTM","FTA","FT_PCT","OREB","DREB","REB","AST","STL","BLK","TOV","PF","PTS"],"RegularSeason":{"PerGame":[13.5,1.6,4.1,0.395,0.1,0.2,0.333,0.7,1.3,0.587,0.8,1.3,2.1,2.2,0.5,0.2,0.7,1.0,4.0],"GS":8,"GP":60},"PostSeason":{}},"season":{"headerRank":["RANK_PG_MIN","RANK_PG_FGM","RANK_PG_FGA","RANK_FG_PCT","RANK_PG_FG3M","RANK_PG_FG3A","RANK_FG3_PCT","RANK_PG_FTM","RANK_PG_FTA","RANK_FT_PCT","RANK_PG_OREB","RANK_PG_DREB","RANK_PG_REB","RANK_PG_AST","RANK_PG_STL","RANK_PG_BLK","RANK_PG_TOV","RANK_PG_PTS","RANK_PG_EFF"],"headerGame":["PLAYER_ID","GAME_ID","GAME_DATE","TEAM_ABBREVIATION","TEAM_NAME","VS_TEAM_ABBREVIATION","VS_TEAM_NAME","TOV","PTS","FGM","FGA","FG3M","FG3A","PF","BLK","STL","AST","REB"],"RegularSeason":{"2011":{"shotchart":{"Averages":{"header":["SHOT_ZONE_BASIC","SHOT_ZONE_AREA","SHOT_ZONE_RANGE","FGA","FGM","FG_PCT"],"row":[["Above the Break 3","Back Court(BC)","Back Court Shot",60,1,0.017],["Above the Break 3","Center(C)","24+ ft.",5594,1858,0.332],["Above the Break 3","Left Side Center(LC)","24+ ft.",10272,3496,0.34],["Above the Break 3","Right Side Center(RC)","24+ ft.",10361,3639,0.351],["Backcourt","Back Court(BC)","Back Court Shot",304,10,0.033],["In The Paint (Non-RA)","Center(C)","8-16 ft.",5041,1981,0.393],["In The Paint (Non-RA)","Center(C)","Less Than 8 ft.",15642,5855,0.374],["In The Paint (Non-RA)","Left Side(L)","8-16 ft.",1568,629,0.401],["In The Paint (Non-RA)","Right Side(R)","8-16 ft.",1692,654,0.387],["Left Corner 3","Left Side(L)","24+ ft.",4998,1880,0.376],["Mid-Range","Center(C)","16-24 ft.",6418,2545,0.397],["Mid-Range","Center(C)","8-16 ft.",1558,682,0.438],["Mid-Range","Left Side Center(LC)","16-24 ft.",7129,2773,0.389],["Mid-Range","Left Side(L)","16-24 ft.",6159,2366,0.384],["Mid-Range","Left Side(L)","8-16 ft.",7044,2667,0.379],["Mid-Range","Right Side Center(RC)","16-24 ft.",8164,3075,0.377],["Mid-Range","Right Side(R)","16-24 ft.",5682,2252,0.396],["Mid-Range","Right Side(R)","8-16 ft.",6629,2533,0.382],["Restricted Area","Center(C)","Less Than 8 ft.",52099,31512,0.605],["Right Corner 3","Right Side(R)","24+ ft.",4791,1799,0.375]]},"Details":{"header":["GAME_ID","GAME_EVENT_ID","PERIOD","MINUTES_REMAINING","SECONDS_REMAINING","EVENT_TYPE","ACTION_TYPE","SHOT_TYPE","SHOT_ZONE_BASIC","SHOT_ZONE_AREA","SHOT_ZONE_RANGE","SHOT_DISTANCE","LOC_X","LOC_Y","SHOT_ATTEMPTED_FLAG","SHOT_MADE_FLAG"],"row":[["0021100402",476,4,5,7,"Missed Shot","Jump Shot","2PT Field Goal","Mid-Range","Left Side Center(LC)","16-24 ft.",17,-67,164,1,0],["0021100402",478,4,5,4,"Missed Shot","Layup Shot","2PT Field Goal","Restricted Area","Center(C)","Less Than 8 ft.",1,-19,1,1,0],["0021100402",480,4,5,0,"Made Shot","Reverse Layup Shot","2PT Field Goal","Restricted Area","Center(C)","Less Than 8 ft.",2,21,-6,1,1],["0021100449",464,4,6,33,"Missed Shot","Jump Shot","2PT Field Goal","Mid-Range","Right Side(R)","8-16 ft.",15,130,93,1,0],["0021100449",499,4,3,20,"Made Shot","Dunk Shot","2PT Field Goal","Restricted Area","Center(C)","Less Than 8 ft.",0,9,0,1,1],["0021100743",128,1,0,0,"Missed Shot","Running Jump Shot","3PT Field Goal","Above the Break 3","Left Side Center(LC)","24+ ft.",33,-169,288,1,0],["0021100743",425,3,0,1,"Made Shot","Driving Layup Shot","2PT Field Goal","Restricted Area","Center(C)","Less Than 8 ft.",1,-13,9,1,1],["0021100743",433,4,11,15,"Missed Shot","Turnaround Bank shot","2PT Field Goal","In The Paint (Non-RA)","Center(C)","Less Than 8 ft.",6,56,26,1,0],["0021100743",473,4,8,8,"Made Shot","Driving Hook Shot","2PT Field Goal","Restricted Area","Center(C)","Less Than 8 ft.",3,24,20,1,1],["0021100757",113,1,0,42,"Missed Shot","Driving Layup Shot","2PT Field Goal","Restricted Area","Center(C)","Less Than 8 ft.",2,1,23,1,0],["0021100757",152,2,9,21,"Missed Shot","Driving Layup Shot","2PT Field Goal","Restricted Area","Center(C)","Less Than 8 ft.",3,36,9,1,0],["0021100779",83,1,1,29,"Missed Shot","Jump Shot","2PT Field Goal","In The Paint (Non-RA)","Center(C)","Less Than 8 ft.",6,-21,63,1,0],["0021100779",85,1,1,25,"Missed Shot","Jump Hook Shot","2PT Field Goal","In The Paint (Non-RA)","Center(C)","Less Than 8 ft.",4,0,47,1,0],["0021100779",113,2,9,47,"Made Shot","Driving Slam Dunk Shot","2PT Field Goal","Restricted Area","Center(C)","Less Than 8 ft.",0,6,4,1,1],["0021100791",155,2,8,44,"Made Shot","Driving Jump shot","2PT Field Goal","In The Paint (Non-RA)","Center(C)","Less Than 8 ft.",4,-38,14,1,1],["0021100799",103,2,10,34,"Missed Shot","Jump Shot","2PT Field Goal","In The Paint (Non-RA)","Center(C)","Less Than 8 ft.",7,4,77,1,0],["0021100799",113,2,9,20,"Missed Shot","Jump Shot","2PT Field Goal","Restricted Area","Center(C)","Less Than 8 ft.",3,-35,3,1,0],["0021100799",191,2,1,29,"Missed Shot","Jump Shot","2PT Field Goal","In The Paint (Non-RA)","Left Side(L)","8-16 ft.",9,-76,50,1,0],["0021100799",209,2,0,23,"Made Shot","Jump Shot","2PT Field Goal","In The Paint (Non-RA)","Center(C)","Less Than 8 ft.",4,21,36,1,1],["0021100799",352,4,7,40,"Missed Shot","Jump Shot","2PT Field Goal","In The Paint (Non-RA)","Center(C)","8-16 ft.",10,23,102,1,0],["0021100799",419,4,0,45,"Made Shot","Floating Jump shot","2PT Field Goal","In The Paint (Non-RA)","Center(C)","Less Than 8 ft.",4,28,36,1,1],["0021100816",278,3,8,58,"Missed Shot","Layup Shot","2PT Field Goal","Restricted Area","Center(C)","Less Than 8 ft.",2,26,0,1,0],["0021100816",302,3,7,28,"Made Shot","Driving Hook Shot","2PT Field Goal","In The Paint (Non-RA)","Center(C)","Less Than 8 ft.",5,42,31,1,1],["0021100816",319,3,5,39,"Made Shot","Layup Shot","2PT Field Goal","Restricted Area","Center(C)","Less Than 8 ft.",1,-2,14,1,1],["0021100816",348,3,3,51,"Missed Shot","Driving Layup Shot","2PT Field Goal","Restricted Area","Center(C)","Less Than 8 ft.",2,-10,28,1,0],["0021100816",436,4,8,25,"Made Shot","Driving Layup Shot","2PT Field Goal","Restricted Area","Center(C)","Less Than 8 ft.",1,10,7,1,1],["0021100816",482,4,4,17,"Missed Shot","Jump Hook Shot","2PT Field Goal","In The Paint (Non-RA)","Center(C)","Less Than 8 ft.",6,64,23,1,0],["0021100816",544,4,0,27,"Made Shot","Driving Layup Shot","2PT Field Goal","Restricted Area","Center(C)","Less Than 8 ft.",2,23,-2,1,1],["0021100816",564,4,0,7,"Missed Shot","Driving Layup Shot","2PT Field Goal","Restricted Area","Center(C)","Less Than 8 ft.",2,23,3,1,0],["0021100840",115,2,11,47,"Missed Shot","Jump Shot","2PT Field Goal","Mid-Range","Left Side(L)","16-24 ft.",22,-190,129,1,0],["0021100840",470,4,2,8,"Missed Shot","Jump Shot","2PT Field Goal","Mid-Range","Center(C)","16-24 ft.",19,43,194,1,0],["0021100840",477,4,1,15,"Missed Shot","Floating Jump shot","2PT Field Goal","In The Paint (Non-RA)","Center(C)","Less Than 8 ft.",5,-41,39,1,0],["0021100844",341,3,0,54,"Missed Shot","Jump Shot","2PT Field Goal","In The Paint (Non-RA)","Center(C)","Less Than 8 ft.",6,-37,50,1,0],["0021100858",465,4,0,0,"Made Shot","Jump Hook Shot","2PT Field Goal","In The Paint (Non-RA)","Center(C)","Less Than 8 ft.",7,36,67,1,1],["0021100874",6,1,10,55,"Missed Shot","Fadeaway Jump Shot","2PT Field Goal","In The Paint (Non-RA)","Center(C)","8-16 ft.",9,-46,80,1,0],["0021100874",11,1,10,21,"Missed Shot","Jump Shot","2PT Field Goal","Mid-Range","Left Side(L)","16-24 ft.",21,-198,78,1,0],["0021100874",28,1,8,4,"Missed Shot","Driving Layup Shot","2PT Field Goal","Restricted Area","Center(C)","Less Than 8 ft.",2,-21,11,1,0],["0021100874",39,1,7,20,"Missed Shot","Reverse Layup Shot","2PT Field Goal","Restricted Area","Center(C)","Less Than 8 ft.",2,-21,0,1,0],["0021100874",201,2,5,16,"Made Shot","Pullup Jump shot","2PT Field Goal","In The Paint (Non-RA)","Center(C)","8-16 ft.",13,-34,129,1,1],["0021100874",203,2,4,37,"Made Shot","Driving Layup Shot","2PT Field Goal","Restricted Area","Center(C)","Less Than 8 ft.",2,21,6,1,1],["0021100874",247,2,0,16,"Made Shot","Jump Shot","2PT Field Goal","In The Paint (Non-RA)","Center(C)","Less Than 8 ft.",6,7,60,1,1],["0021100874",266,3,10,8,"Made Shot","Driving Layup Shot","2PT Field Goal","Restricted Area","Center(C)","Less Than 8 ft.",2,-21,14,1,1],["0021100874",472,4,3,10,"Missed Shot","Step Back Jump shot","2PT Field Goal","Mid-Range","Left Side(L)","16-24 ft.",19,-172,88,1,0],["0021100896",66,1,4,47,"Made Shot","Running Layup Shot","2PT Field Goal","Restricted Area","Center(C)","Less Than 8 ft.",1,15,3,1,1],["0021100896",89,1,2,39,"Made Shot","Jump Shot","2PT Field Goal","Mid-Range","Center(C)","16-24 ft.",17,-54,168,1,1],["0021100896",262,2,1,46,"Made Shot","Driving Layup Shot","2PT Field Goal","Restricted Area","Center(C)","Less Than 8 ft.",1,13,4,1,1],["0021100896",280,2,0,0,"Made Shot","Jump Shot","2PT Field Goal","In The Paint (Non-RA)","Center(C)","8-16 ft.",10,20,104,1,1],["0021100896",360,3,2,26,"Made Shot","Driving Layup Shot","2PT Field Goal","Restricted Area","Center(C)","Less Than 8 ft.",1,10,7,1,1],["0021100896",363,3,1,34,"Missed Shot","Running Jump Shot","2PT Field Goal","In The Paint (Non-RA)","Center(C)","8-16 ft.",11,36,107,1,0],["0021100896",386,3,0,15,"Missed Shot","Jump Shot","2PT Field Goal","Mid-Range","Right Side Center(RC)","16-24 ft.",17,122,129,1,0],["0021100902",20,1,9,6,"Missed Shot","Jump Shot","2PT Field Goal","Mid-Range","Right Side Center(RC)","16-24 ft.",21,77,197,1,0],["0021100902",51,1,5,39,"Made Shot","Jump Hook Shot","2PT Field Goal","In The Paint (Non-RA)","Center(C)","8-16 ft.",8,2,89,1,1],["0021100902",277,3,10,13,"Missed Shot","Driving Layup Shot","2PT Field Goal","In The Paint (Non-RA)","Center(C)","Less Than 8 ft.",4,45,12,1,0],["0021100902",279,3,10,9,"Missed Shot","Layup Shot","2PT Field Goal","Restricted Area","Center(C)","Less Than 8 ft.",2,28,7,1,0],["0021100902",299,3,8,25,"Missed Shot","Layup Shot","2PT Field Goal","Restricted Area","Center(C)","Less Than 8 ft.",2,21,20,1,0],["0021100902",308,3,7,26,"Missed Shot","Jump Shot","2PT Field Goal","In The Paint (Non-RA)","Center(C)","Less Than 8 ft.",4,-35,28,1,0],["0021100902",330,3,5,30,"Missed Shot","Driving Dunk Shot","2PT Field Goal","Restricted Area","Center(C)","Less Than 8 ft.",1,-2,17,1,0],["0021100902",463,4,5,48,"Missed Shot","Jump Hook Shot","2PT Field Goal","In The Paint (Non-RA)","Center(C)","Less Than 8 ft.",6,23,64,1,0],["0021100902",488,4,3,33,"Missed Shot","Jump Shot","2PT Field Goal","Mid-Range","Right Side Center(RC)","16-24 ft.",20,88,189,1,0],["0021100902",511,4,1,49,"Made Shot","Finger Roll Layup Shot","2PT Field Goal","Restricted Area","Center(C)","Less Than 8 ft.",2,18,15,1,1],["0021100902",521,4,0,58,"Missed Shot","Driving Layup Shot","2PT Field Goal","Restricted Area","Center(C)","Less Than 8 ft.",2,26,7,1,0],["0021100923",24,1,8,10,"Missed Shot","Driving Layup Shot","2PT Field Goal","Restricted Area","Center(C)","Less Than 8 ft.",0,4,9,1,0],["0021100923",86,1,2,49,"Missed Shot","Jump Shot","2PT Field Goal","In The Paint (Non-RA)","Center(C)","Less Than 8 ft.",5,-46,34,1,0],["0021100923",256,3,11,14,"Made Shot","Driving Dunk Shot","2PT Field Goal","Restricted Area","Center(C)","Less Than 8 ft.",1,9,6,1,1],["0021100923",265,3,9,32,"Missed Shot","Jump Shot","2PT Field Goal","Mid-Range","Right Side Center(RC)","16-24 ft.",19,119,160,1,0],["0021100955",41,1,7,4,"Missed Shot","Layup Shot","2PT Field Goal","Restricted Area","Center(C)","Less Than 8 ft.",0,2,1,1,0],["0021100955",67,1,3,57,"Missed Shot","Running Jump Shot","2PT Field Goal","In The Paint (Non-RA)","Center(C)","Less Than 8 ft.",6,-65,17,1,0],["0021100955",263,3,10,0,"Made Shot","Jump Shot","2PT Field Goal","Mid-Range","Right Side(R)","16-24 ft.",21,173,123,1,1],["0021100955",267,3,9,14,"Missed Shot","Jump Shot","2PT Field Goal","Mid-Range","Center(C)","16-24 ft.",20,-46,200,1,0],["0021100955",277,3,8,50,"Missed Shot","Layup Shot","2PT Field Goal","Restricted Area","Center(C)","Less Than 8 ft.",0,-2,1,1,0],["0021100955",290,3,7,18,"Missed Shot","Jump Shot","2PT Field Goal","In The Paint (Non-RA)","Center(C)","Less Than 8 ft.",6,-57,26,1,0],["0021100955",313,3,4,38,"Made Shot","Jump Shot","2PT Field Goal","Mid-Range","Right Side Center(RC)","16-24 ft.",17,89,156,1,1],["0021100955",324,3,3,27,"Missed Shot","Reverse Layup Shot","2PT Field Goal","Restricted Area","Center(C)","Less Than 8 ft.",0,0,4,1,0],["0021100955",446,4,4,15,"Missed Shot","Running Jump Shot","2PT Field Goal","In The Paint (Non-RA)","Right Side(R)","8-16 ft.",8,80,34,1,0],["0021100963",8,1,10,53,"Made Shot","Layup Shot","2PT Field Goal","Restricted Area","Center(C)","Less Than 8 ft.",0,7,0,1,1],["0021100963",95,1,0,6,"Missed Shot","Layup Shot","2PT Field Goal","Restricted Area","Center(C)","Less Than 8 ft.",1,-7,11,1,0],["0021100963",249,3,7,58,"Missed Shot","Jump Shot","2PT Field Goal","Mid-Range","Left Side Center(LC)","16-24 ft.",18,-93,160,1,0],["0021100963",375,4,9,30,"Made Shot","Layup Shot","2PT Field Goal","Restricted Area","Center(C)","Less Than 8 ft.",0,2,4,1,1],["0021100963",394,4,8,27,"Missed Shot","Jump Shot","2PT Field Goal","In The Paint (Non-RA)","Center(C)","Less Than 8 ft.",7,77,1,1,0],["0021100963",432,4,4,55,"Missed Shot","Layup Shot","2PT Field Goal","Restricted Area","Center(C)","Less Than 8 ft.",1,-8,12,1,0],["0021100980",9,1,10,6,"Made Shot","Layup Shot","2PT Field Goal","Restricted Area","Center(C)","Less Than 8 ft.",1,15,11,1,1],["0021100980",74,1,2,26,"Missed Shot","Jump Shot","2PT Field Goal","Mid-Range","Right Side Center(RC)","16-24 ft.",19,81,175,1,0],["0021100980",77,1,1,58,"Missed Shot","Driving Jump shot","2PT Field Goal","Restricted Area","Center(C)","Less Than 8 ft.",2,24,14,1,0],["0021100980",86,1,0,51,"Missed Shot","Jump Shot","2PT Field Goal","Mid-Range","Left Side Center(LC)","16-24 ft.",19,-92,168,1,0],["0021100980",143,2,8,27,"Missed Shot","Pullup Jump shot","2PT Field Goal","Mid-Range","Right Side Center(RC)","16-24 ft.",16,80,140,1,0],["0021100980",148,2,7,50,"Missed Shot","Layup Shot","2PT Field Goal","Restricted Area","Center(C)","Less Than 8 ft.",1,10,0,1,0],["0021100980",166,2,6,17,"Missed Shot","Fadeaway Jump Shot","2PT Field Goal","Mid-Range","Left Side(L)","8-16 ft.",14,-125,67,1,0],["0021100980",171,2,5,57,"Missed Shot","Layup Shot","2PT Field Goal","Restricted Area","Center(C)","Less Than 8 ft.",2,-27,11,1,0],["0021100980",222,2,2,0,"Made Shot","Finger Roll Layup Shot","2PT Field Goal","Restricted Area","Center(C)","Less Than 8 ft.",1,13,15,1,1],["0021100980",244,2,0,0,"Missed Shot","Layup Shot","2PT Field Goal","Restricted Area","Center(C)","Less Than 8 ft.",3,0,30,1,0],["0021100980",300,3,5,6,"Missed Shot","Jump Shot","2PT Field Goal","Mid-Range","Right Side Center(RC)","16-24 ft.",21,162,143,1,0],["0021100980",327,3,2,36,"Missed Shot","Jump Shot","2PT Field Goal","In The Paint (Non-RA)","Left Side(L)","8-16 ft.",9,-49,82,1,0],["0021100980",336,3,1,47,"Missed Shot","Driving Jump shot","2PT Field Goal","Restricted Area","Center(C)","Less Than 8 ft.",3,37,6,1,0],["0021100980",360,4,11,8,"Made Shot","Driving Hook Shot","2PT Field Goal","In The Paint (Non-RA)","Center(C)","Less Than 8 ft.",7,72,22,1,1],["0021100980",369,4,9,44,"Missed Shot","Driving Layup Shot","2PT Field Goal","Restricted Area","Center(C)","Less Than 8 ft.",2,-21,6,1,0],["0021100980",392,4,7,37,"Made Shot","Driving Reverse Layup Shot","2PT Field Goal","Restricted Area","Center(C)","Less Than 8 ft.",2,26,4,1,1],["0021100980",405,4,6,19,"Made Shot","Driving Dunk Shot","2PT Field Goal","Restricted Area","Center(C)","Less Than 8 ft.",1,10,9,1,1],["0021100980",420,4,5,34,"Made Shot","Driving Layup Shot","2PT Field Goal","Restricted Area","Center(C)","Less Than 8 ft.",1,13,4,1,1],["0021100980",478,4,1,28,"Missed Shot","Driving Hook Shot","2PT Field Goal","In The Paint (Non-RA)","Center(C)","Less Than 8 ft.",6,-16,63,1,0]]}},"GameList":{"21100840":[202386,"0021100840","04/08/2012","TOR","Raptors","OKC","Thunder",1,0,0,3,0,0,1,0,0,2,1],"21100963":[202386,"0021100963","04/23/2012","TOR","Raptors","MIL","Bucks",1,8,2,6,0,0,4,1,1,5,4],"21100955":[202386,"0021100955","04/22/2012","TOR","Raptors","DET","Pistons",4,5,2,9,0,0,0,0,2,1,4],"21100844":[202386,"0021100844","04/09/2012","TOR","Raptors","IND","Pacers",0,0,0,1,0,0,0,0,1,2,1],"21100449":[202386,"0021100449","02/17/2012","CLE","Cavaliers","MIA","Heat",0,2,1,2,0,0,0,0,1,0,1],"21100791":[202386,"0021100791","04/03/2012","TOR","Raptors","CHA","Bobcats",1,3,1,1,0,0,0,0,1,4,3],"21100799":[202386,"0021100799","04/04/2012","TOR","Raptors","PHI","76ers",1,6,2,6,0,0,3,0,0,4,4],"21100858":[202386,"0021100858","04/11/2012","TOR","Raptors","PHI","76ers",0,2,1,1,0,0,0,0,0,3,0],"21100980":[202386,"0021100980","04/26/2012","TOR","Raptors","NJN","Nets",2,12,6,19,0,0,3,1,4,12,11],"21100896":[202386,"0021100896","04/15/2012","TOR","Raptors","ATL","Hawks",2,10,5,7,0,0,2,1,1,3,3],"21100402":[202386,"0021100402","02/11/2012","CLE","Cavaliers","PHI","76ers",0,2,1,3,0,0,1,0,0,2,3],"21100779":[202386,"0021100779","04/01/2012","TOR","Raptors","WAS","Wizards",0,2,1,3,0,0,3,0,1,2,2],"21100743":[202386,"0021100743","03/28/2012","TOR","Raptors","DEN","Nuggets",0,5,2,4,0,1,3,0,1,1,1],"21100902":[202386,"0021100902","04/16/2012","TOR","Raptors","ATL","Hawks",2,4,2,11,0,0,4,0,0,8,10],"21100816":[202386,"0021100816","04/06/2012","TOR","Raptors","CLE","Cavaliers",1,9,4,8,0,0,2,0,0,3,6],"21100757":[202386,"0021100757","03/30/2012","TOR","Raptors","MIA","Heat",1,0,0,2,0,0,0,0,1,2,0],"21100923":[202386,"0021100923","04/18/2012","TOR","Raptors","MIA","Heat",2,3,1,4,0,0,2,0,1,2,5],"21100874":[202386,"0021100874","04/13/2012","TOR","Raptors","BOS","Celtics",1,8,4,9,0,0,3,0,2,5,8]},"data":[24.0,2,0,6.5,1.0,2.5,0.4,0.0,0.0,0.0,0.0,0.0,0.0,1.0,1.0,2.0,1.0,0.5,0.0,0.0,0.5,2.0],"rank":{"PerGame":[null,null,null,null,null,null,null,null,null,null,null,null,null,null,null,null,null,null,null],"Totals":[357,366,358,null,341,364,null,367,360,null,290,338,332,209,304,354,356,372,347]},"team":"TOT"},"2010":{"shotchart":{"Averages":{"header":["SHOT_ZONE_BASIC","SHOT_ZONE_AREA","SHOT_ZONE_RANGE","FGA","FGM","FG_PCT"],"row":[["Above the Break 3","Back Court(BC)","Back Court Shot",87,4,0.046],["Above the Break 3","Center(C)","24+ ft.",6612,2187,0.331],["Above the Break 3","Left Side Center(LC)","24+ ft.",12459,4408,0.354],["Above the Break 3","Right Side Center(RC)","24+ ft.",12328,4400,0.357],["Backcourt","Back Court(BC)","Back Court Shot",469,14,0.03],["In The Paint (Non-RA)","Center(C)","8-16 ft.",6057,2508,0.414],["In The Paint (Non-RA)","Center(C)","Less Than 8 ft.",20341,7828,0.385],["In The Paint (Non-RA)","Left Side(L)","8-16 ft.",1894,693,0.366],["In The Paint (Non-RA)","Right Side(R)","8-16 ft.",2291,894,0.39],["Left Corner 3","Left Side(L)","24+ ft.",6474,2535,0.392],["Mid-Range","Center(C)","16-24 ft.",7754,3118,0.402],["Mid-Range","Center(C)","8-16 ft.",1876,819,0.437],["Mid-Range","Left Side Center(LC)","16-24 ft.",8820,3511,0.398],["Mid-Range","Left Side(L)","16-24 ft.",8069,3236,0.401],["Mid-Range","Left Side(L)","8-16 ft.",9026,3505,0.388],["Mid-Range","Right Side Center(RC)","16-24 ft.",10446,4204,0.402],["Mid-Range","Right Side(R)","16-24 ft.",7599,3137,0.413],["Mid-Range","Right Side(R)","8-16 ft.",8360,3271,0.391],["Restricted Area","Center(C)","Less Than 8 ft.",62928,39009,0.62],["Right Corner 3","Right Side(R)","24+ ft.",5871,2332,0.397]]},"Details":{"header":["GAME_ID","GAME_EVENT_ID","PERIOD","MINUTES_REMAINING","SECONDS_REMAINING","EVENT_TYPE","ACTION_TYPE","SHOT_TYPE","SHOT_ZONE_BASIC","SHOT_ZONE_AREA","SHOT_ZONE_RANGE","SHOT_DISTANCE","LOC_X","LOC_Y","SHOT_ATTEMPTED_FLAG","SHOT_MADE_FLAG"],"row":[["0021000237",475,4,0,29,"Made Shot","Layup Shot","2PT Field Goal","Restricted Area","Center(C)","Less Than 8 ft.",3,17,26,1,1],["0021000237",478,4,0,2,"Made Shot","Layup Shot","2PT Field Goal","Restricted Area","Center(C)","Less Than 8 ft.",2,0,28,1,1],["0021000257",524,4,0,13,"Missed Shot","Jump Shot","2PT Field Goal","In The Paint (Non-RA)","Center(C)","Less Than 8 ft.",6,42,55,1,0],["0021000262",79,1,2,51,"Missed Shot","Jump Shot","2PT Field Goal","Mid-Range","Right Side(R)","8-16 ft.",11,102,63,1,0],["0021000262",83,1,2,45,"Missed Shot","Jump Shot","2PT Field Goal","In The Paint (Non-RA)","Center(C)","Less Than 8 ft.",6,64,11,1,0],["0021000262",261,2,0,14,"Missed Shot","Running Jump Shot","2PT Field Goal","In The Paint (Non-RA)","Center(C)","8-16 ft.",9,-4,96,1,0],["0021000275",58,1,4,3,"Missed Shot","Layup Shot","2PT Field Goal","Restricted Area","Center(C)","Less Than 8 ft.",0,7,6,1,0],["0021000275",244,2,1,20,"Missed Shot","Layup Shot","2PT Field Goal","Restricted Area","Center(C)","Less Than 8 ft.",1,2,15,1,0],["0021000275",404,3,0,1,"Missed Shot","Jump Shot","2PT Field Goal","Mid-Range","Right Side(R)","8-16 ft.",12,89,93,1,0],["0021000275",645,5,0,10,"Made Shot","Layup Shot","2PT Field Goal","Restricted Area","Center(C)","Less Than 8 ft.",1,9,15,1,1],["0021000309",561,4,0,10,"Missed Shot","Jump Shot","2PT Field Goal","Mid-Range","Center(C)","16-24 ft.",19,0,195,1,0],["0021000361",327,3,3,29,"Missed Shot","Jump Shot","2PT Field Goal","Mid-Range","Right Side(R)","8-16 ft.",11,81,77,1,0],["0021000361",336,3,2,30,"Made Shot","Driving Layup Shot","2PT Field Goal","Restricted Area","Center(C)","Less Than 8 ft.",1,17,0,1,1],["0021000361",344,3,1,50,"Missed Shot","Jump Shot","2PT Field Goal","In The Paint (Non-RA)","Center(C)","8-16 ft.",14,-73,131,1,0],["0021000361",367,3,0,10,"Missed Shot","Layup Shot","2PT Field Goal","Restricted Area","Center(C)","Less Than 8 ft.",2,-21,0,1,0],["0021000361",369,3,0,7,"Missed Shot","Tip Shot","2PT Field Goal","Restricted Area","Center(C)","Less Than 8 ft.",0,-8,3,1,0],["0021000361",374,3,0,0,"Missed Shot","Jump Shot","3PT Field Goal","Backcourt","Back Court(BC)","Back Court Shot",50,47,500,1,0],["0021000361",384,4,11,11,"Made Shot","Reverse Layup Shot","2PT Field Goal","Restricted Area","Center(C)","Less Than 8 ft.",1,-18,1,1,1],["0021000361",452,4,4,39,"Missed Shot","Running Jump Shot","2PT Field Goal","In The Paint (Non-RA)","Center(C)","Less Than 8 ft.",7,-23,75,1,0],["0021000361",455,4,4,3,"Missed Shot","Running Jump Shot","2PT Field Goal","In The Paint (Non-RA)","Center(C)","Less Than 8 ft.",5,39,41,1,0],["0021000378",117,1,1,43,"Made Shot","Layup Shot","2PT Field Goal","Restricted Area","Center(C)","Less Than 8 ft.",1,-19,-2,1,1],["0021000384",98,1,4,24,"Missed Shot","Jump Shot","2PT Field Goal","Mid-Range","Right Side Center(RC)","16-24 ft.",23,91,213,1,0],["0021000384",119,1,2,45,"Missed Shot","Jump Hook Shot","2PT Field Goal","Mid-Range","Right Side(R)","8-16 ft.",10,91,47,1,0],["0021000384",243,2,1,53,"Made Shot","Driving Layup Shot","2PT Field Goal","Restricted Area","Center(C)","Less Than 8 ft.",2,20,12,1,1],["0021000384",344,3,2,53,"Missed Shot","Running Jump Shot","2PT Field Goal","In The Paint (Non-RA)","Center(C)","Less Than 8 ft.",6,6,69,1,0],["0021000446",470,4,2,52,"Made Shot","Jump Shot","2PT Field Goal","In The Paint (Non-RA)","Center(C)","Less Than 8 ft.",7,73,17,1,1],["0021000446",472,4,2,33,"Made Shot","Dunk Shot","2PT Field Goal","Restricted Area","Center(C)","Less Than 8 ft.",2,19,11,1,1],["0021000446",485,4,1,14,"Missed Shot","Jump Shot","2PT Field Goal","Mid-Range","Right Side Center(RC)","16-24 ft.",23,110,206,1,0],["0021000446",489,4,0,52,"Made Shot","Jump Shot","2PT Field Goal","Restricted Area","Center(C)","Less Than 8 ft.",3,26,20,1,1],["0021000446",498,4,0,15,"Missed Shot","Layup Shot","2PT Field Goal","Restricted Area","Center(C)","Less Than 8 ft.",2,12,17,1,0],["0021000446",500,4,0,12,"Missed Shot","Layup Shot","2PT Field Goal","Restricted Area","Center(C)","Less Than 8 ft.",2,22,4,1,0],["0021000446",502,4,0,7,"Missed Shot","Layup Shot","2PT Field Goal","Restricted Area","Center(C)","Less Than 8 ft.",1,11,8,1,0],["0021000468",424,4,8,18,"Missed Shot","Floating Jump shot","2PT Field Goal","In The Paint (Non-RA)","Center(C)","Less Than 8 ft.",6,-2,63,1,0],["0021000468",503,4,2,24,"Made Shot","Floating Jump shot","2PT Field Goal","Restricted Area","Center(C)","Less Than 8 ft.",3,-2,33,1,1],["0021000468",526,4,0,35,"Missed Shot","Jump Shot","2PT Field Goal","In The Paint (Non-RA)","Center(C)","Less Than 8 ft.",5,-45,33,1,0],["0021000479",255,2,0,0,"Missed Shot","Jump Shot","2PT Field Goal","Mid-Range","Right Side Center(RC)","16-24 ft.",21,69,208,1,0],["0021000487",137,2,10,56,"Missed Shot","Jump Shot","2PT Field Goal","Mid-Range","Right Side(R)","8-16 ft.",11,97,66,1,0],["0021000487",455,4,7,6,"Missed Shot","Jump Shot","2PT Field Goal","Mid-Range","Left Side(L)","8-16 ft.",12,-100,67,1,0],["0021000487",554,4,0,0,"Missed Shot","Jump Shot","2PT Field Goal","In The Paint (Non-RA)","Center(C)","8-16 ft.",12,-15,124,1,0],["0021000527",459,4,6,17,"Missed Shot","Jump Shot","2PT Field Goal","Mid-Range","Left Side(L)","16-24 ft.",18,-179,-33,1,0],["0021000527",482,4,4,38,"Missed Shot","Layup Shot","2PT Field Goal","Restricted Area","Center(C)","Less Than 8 ft.",0,6,7,1,0],["0021000527",491,4,4,2,"Made Shot","Layup Shot","2PT Field Goal","Restricted Area","Center(C)","Less Than 8 ft.",1,12,12,1,1],["0021000527",514,4,1,19,"Made Shot","Jump Shot","3PT Field Goal","Above the Break 3","Center(C)","24+ ft.",24,17,249,1,1],["0021000527",524,4,0,11,"Missed Shot","Jump Shot","2PT Field Goal","In The Paint (Non-RA)","Center(C)","Less Than 8 ft.",4,43,-6,1,0],["0021000538",72,1,3,11,"Missed Shot","Jump Shot","2PT Field Goal","Mid-Range","Right Side(R)","8-16 ft.",15,152,15,1,0],["0021000538",96,1,1,16,"Missed Shot","Jump Shot","2PT Field Goal","Mid-Range","Right Side Center(RC)","16-24 ft.",17,113,140,1,0],["0021000538",176,2,6,56,"Made Shot","Dunk Shot","2PT Field Goal","Restricted Area","Center(C)","Less Than 8 ft.",1,0,14,1,1],["0021000538",194,2,5,18,"Made Shot","Driving Finger Roll Layup Shot","2PT Field Goal","Restricted Area","Center(C)","Less Than 8 ft.",3,17,26,1,1],["0021000538",347,3,3,35,"Missed Shot","Jump Shot","2PT Field Goal","Mid-Range","Left Side Center(LC)","16-24 ft.",18,-98,159,1,0],["0021000538",349,3,3,30,"Made Shot","Layup Shot","2PT Field Goal","Restricted Area","Center(C)","Less Than 8 ft.",1,17,7,1,1],["0021000538",434,4,6,1,"Missed Shot","Layup Shot","2PT Field Goal","Restricted Area","Center(C)","Less Than 8 ft.",1,9,11,1,0],["0021000538",502,4,1,18,"Made Shot","Layup Shot","2PT Field Goal","Restricted Area","Center(C)","Less Than 8 ft.",1,11,8,1,1],["0021000607",528,4,0,6,"Made Shot","Driving Layup Shot","2PT Field Goal","Restricted Area","Center(C)","Less Than 8 ft.",0,9,4,1,1],["0021000629",494,4,0,20,"Made Shot","Reverse Layup Shot","2PT Field Goal","Restricted Area","Center(C)","Less Than 8 ft.",1,18,4,1,1],["0021000681",402,4,10,8,"Missed Shot","Jump Shot","2PT Field Goal","Restricted Area","Center(C)","Less Than 8 ft.",3,-26,15,1,0],["0021000681",468,4,3,45,"Made Shot","Driving Layup Shot","2PT Field Goal","Restricted Area","Center(C)","Less Than 8 ft.",3,34,1,1,1],["0021000681",497,4,0,26,"Missed Shot","Pullup Jump shot","2PT Field Goal","Mid-Range","Right Side(R)","8-16 ft.",12,129,11,1,0],["0021000697",145,2,9,19,"Missed Shot","Layup Shot","2PT Field Goal","Restricted Area","Center(C)","Less Than 8 ft.",1,-17,3,1,0],["0021000709",96,1,1,21,"Missed Shot","Tip Shot","2PT Field Goal","Restricted Area","Center(C)","Less Than 8 ft.",1,-9,8,1,0],["0021000709",342,3,2,35,"Made Shot","Jump Shot","3PT Field Goal","Right Corner 3","Right Side(R)","24+ ft.",22,228,-10,1,1],["0021000709",347,3,1,27,"Missed Shot","Driving Layup Shot","2PT Field Goal","Restricted Area","Center(C)","Less Than 8 ft.",3,28,17,1,0],["0021000721",76,1,2,58,"Made Shot","Driving Layup Shot","2PT Field Goal","Restricted Area","Center(C)","Less Than 8 ft.",3,32,20,1,1],["0021000721",82,1,1,2,"Made Shot","Driving Layup Shot","2PT Field Goal","Restricted Area","Center(C)","Less Than 8 ft.",3,28,17,1,1],["0021000721",182,2,5,9,"Missed Shot","Driving Layup Shot","2PT Field Goal","Restricted Area","Center(C)","Less Than 8 ft.",1,-19,4,1,0],["0021000721",376,3,1,4,"Made Shot","Layup Shot","2PT Field Goal","Restricted Area","Center(C)","Less Than 8 ft.",3,28,11,1,1],["0021000739",76,1,1,38,"Made Shot","Hook Bank Shot","2PT Field Goal","In The Paint (Non-RA)","Center(C)","Less Than 8 ft.",4,40,15,1,1],["0021000739",82,1,1,0,"Made Shot","Turnaround Jump Shot","2PT Field Goal","In The Paint (Non-RA)","Center(C)","Less Than 8 ft.",5,-2,52,1,1],["0021000739",112,2,10,22,"Missed Shot","Jump Shot","3PT Field Goal","Above the Break 3","Left Side Center(LC)","24+ ft.",26,-133,230,1,0],["0021000739",427,4,1,17,"Made Shot","Driving Layup Shot","2PT Field Goal","Restricted Area","Center(C)","Less Than 8 ft.",0,0,1,1,1],["0021000755",57,1,4,28,"Missed Shot","Jump Shot","2PT Field Goal","In The Paint (Non-RA)","Center(C)","Less Than 8 ft.",6,-48,45,1,0],["0021000755",61,1,3,52,"Missed Shot","Jump Shot","3PT Field Goal","Above the Break 3","Center(C)","24+ ft.",24,-10,246,1,0],["0021000755",79,1,2,22,"Made Shot","Layup Shot","2PT Field Goal","Restricted Area","Center(C)","Less Than 8 ft.",2,18,20,1,1],["0021000755",106,1,0,2,"Missed Shot","Layup Shot","2PT Field Goal","Restricted Area","Center(C)","Less Than 8 ft.",2,26,7,1,0],["0021000755",108,1,0,0,"Missed Shot","Tip Shot","2PT Field Goal","Restricted Area","Center(C)","Less Than 8 ft.",2,21,8,1,0],["0021000755",406,4,11,15,"Made Shot","Layup Shot","2PT Field Goal","Restricted Area","Center(C)","Less Than 8 ft.",3,36,6,1,1],["0021000755",510,4,2,18,"Made Shot","Dunk Shot","2PT Field Goal","Restricted Area","Center(C)","Less Than 8 ft.",1,12,4,1,1],["0021000755",530,4,0,27,"Missed Shot","Layup Shot","2PT Field Goal","Restricted Area","Center(C)","Less Than 8 ft.",1,17,1,1,0],["0021000813",536,4,1,51,"Made Shot","Driving Layup Shot","2PT Field Goal","Restricted Area","Center(C)","Less Than 8 ft.",2,20,7,1,1],["0021000813",550,4,0,25,"Missed Shot","Driving Layup Shot","2PT Field Goal","Restricted Area","Center(C)","Less Than 8 ft.",1,10,12,1,0],["0021000813",552,4,0,23,"Made Shot","Putback Layup Shot","2PT Field Goal","Restricted Area","Center(C)","Less Than 8 ft.",1,18,7,1,1],["0021000826",532,4,0,29,"Missed Shot","Layup Shot","2PT Field Goal","Restricted Area","Center(C)","Less Than 8 ft.",2,7,20,1,0],["0021000826",539,4,0,13,"Missed Shot","Layup Shot","2PT Field Goal","Restricted Area","Center(C)","Less Than 8 ft.",1,-10,0,1,0],["0021000876",200,2,5,48,"Made Shot","Jump Shot","2PT Field Goal","In The Paint (Non-RA)","Center(C)","Less Than 8 ft.",5,47,25,1,1],["0021000876",463,3,1,25,"Made Shot","Driving Layup Shot","2PT Field Goal","Restricted Area","Center(C)","Less Than 8 ft.",0,-4,-3,1,1],["0021000876",475,3,0,27,"Missed Shot","Jump Shot","2PT Field Goal","In The Paint (Non-RA)","Center(C)","Less Than 8 ft.",4,42,4,1,0],["0021000876",524,4,8,19,"Made Shot","Jump Shot","2PT Field Goal","Mid-Range","Center(C)","16-24 ft.",18,10,187,1,1],["0021000876",539,4,6,12,"Missed Shot","Jump Shot","3PT Field Goal","Right Corner 3","Right Side(R)","24+ ft.",25,241,71,1,0],["0021000876",543,4,5,46,"Made Shot","Layup Shot","2PT Field Goal","Restricted Area","Center(C)","Less Than 8 ft.",2,20,4,1,1],["0021000876",576,4,3,32,"Made Shot","Jump Shot","2PT Field Goal","Mid-Range","Center(C)","16-24 ft.",16,7,168,1,1],["0021000876",612,4,1,10,"Made Shot","Reverse Layup Shot","2PT Field Goal","Restricted Area","Center(C)","Less Than 8 ft.",1,-13,9,1,1],["0021000889",85,1,2,0,"Missed Shot","Layup Shot","2PT Field Goal","Restricted Area","Center(C)","Less Than 8 ft.",2,20,12,1,0],["0021000889",102,1,0,18,"Made Shot","Layup Shot","2PT Field Goal","Restricted Area","Center(C)","Less Than 8 ft.",2,20,14,1,1],["0021000954",149,2,7,44,"Missed Shot","Layup Shot","2PT Field Goal","Restricted Area","Center(C)","Less Than 8 ft.",3,23,20,1,0],["0021000968",182,2,6,45,"Missed Shot","Jump Shot","2PT Field Goal","Mid-Range","Right Side(R)","8-16 ft.",10,100,3,1,0],["0021001069",93,1,0,21,"Missed Shot","Jump Shot","2PT Field Goal","Mid-Range","Right Side(R)","8-16 ft.",15,157,-11,1,0],["0021001069",102,1,0,0,"Missed Shot","Layup Shot","2PT Field Goal","Restricted Area","Center(C)","Less Than 8 ft.",2,-2,22,1,0],["0021001081",297,3,4,12,"Made Shot","Driving Jump shot","2PT Field Goal","In The Paint (Non-RA)","Center(C)","Less Than 8 ft.",5,42,28,1,1],["0021001081",332,3,1,32,"Missed Shot","Jump Shot","2PT Field Goal","Mid-Range","Right Side(R)","8-16 ft.",9,89,25,1,0],["0021001081",342,3,0,0,"Missed Shot","Running Layup Shot","2PT Field Goal","Restricted Area","Center(C)","Less Than 8 ft.",1,10,4,1,0],["0021001081",448,4,2,11,"Missed Shot","Driving Layup Shot","2PT Field Goal","Restricted Area","Center(C)","Less Than 8 ft.",2,24,4,1,0],["0021001102",243,2,0,11,"Made Shot","Layup Shot","2PT Field Goal","In The Paint (Non-RA)","Center(C)","Less Than 8 ft.",4,31,28,1,1],["0021001102",280,3,8,17,"Made Shot","Layup Shot","2PT Field Goal","Restricted Area","Center(C)","Less Than 8 ft.",2,-7,22,1,1],["0021001102",388,4,9,13,"Made Shot","Jump Shot","2PT Field Goal","Mid-Range","Center(C)","16-24 ft.",16,-4,167,1,1],["0021001102",402,4,7,55,"Missed Shot","Jump Shot","2PT Field Goal","In The Paint (Non-RA)","Center(C)","Less Than 8 ft.",7,75,11,1,0],["0021001102",421,4,4,53,"Made Shot","Layup Shot","2PT Field Goal","Restricted Area","Center(C)","Less Than 8 ft.",3,37,14,1,1],["0021001102",458,4,1,23,"Missed Shot","Jump Shot","2PT Field Goal","In The Paint (Non-RA)","Center(C)","Less Than 8 ft.",5,9,50,1,0],["0021001102",460,4,1,21,"Made Shot","Layup Shot","2PT Field Goal","Restricted Area","Center(C)","Less Than 8 ft.",2,-21,15,1,1],["0021001122",371,4,11,17,"Missed Shot","Jump Shot","2PT Field Goal","Mid-Range","Left Side Center(LC)","16-24 ft.",18,-87,160,1,0],["0021001122",392,4,8,41,"Made Shot","Pullup Jump shot","2PT Field Goal","Mid-Range","Right Side(R)","8-16 ft.",15,154,39,1,1],["0021001122",401,4,7,58,"Missed Shot","Jump Shot","2PT Field Goal","In The Paint (Non-RA)","Center(C)","8-16 ft.",14,-65,127,1,0],["0021001122",409,4,6,59,"Missed Shot","Jump Shot","2PT Field Goal","Mid-Range","Right Side Center(RC)","16-24 ft.",18,124,135,1,0],["0021001122",459,4,2,3,"Missed Shot","Layup Shot","2PT Field Goal","Restricted Area","Center(C)","Less Than 8 ft.",2,-24,4,1,0],["0021001142",524,4,0,26,"Made Shot","Jump Shot","3PT Field Goal","Left Corner 3","Left Side(L)","24+ ft.",23,-237,-11,1,1],["0021001142",535,4,0,2,"Missed Shot","Jump Shot","2PT Field Goal","Mid-Range","Right Side Center(RC)","16-24 ft.",22,162,149,1,0],["0021001167",369,3,3,18,"Missed Shot","Jump Shot","2PT Field Goal","Mid-Range","Right Side(R)","8-16 ft.",9,97,22,1,0],["0021001167",403,3,0,43,"Made Shot","Jump Shot","2PT Field Goal","Mid-Range","Right Side Center(RC)","16-24 ft.",19,88,179,1,1],["0021001167",420,4,10,56,"Made Shot","Layup Shot","2PT Field Goal","Restricted Area","Center(C)","Less Than 8 ft.",1,-4,12,1,1],["0021001167",442,4,8,52,"Missed Shot","Jump Shot","2PT Field Goal","Mid-Range","Right Side Center(RC)","16-24 ft.",17,108,137,1,0],["0021001167",445,4,8,22,"Missed Shot","Jump Shot","2PT Field Goal","Mid-Range","Center(C)","16-24 ft.",20,37,200,1,0],["0021001167",512,4,2,28,"Missed Shot","Layup Shot","2PT Field Goal","Restricted Area","Center(C)","Less Than 8 ft.",0,-4,0,1,0],["0021001167",525,4,0,59,"Missed Shot","Jump Shot","2PT Field Goal","In The Paint (Non-RA)","Center(C)","Less Than 8 ft.",4,39,20,1,0],["0021001167",536,4,0,0,"Made Shot","Dunk Shot","2PT Field Goal","Restricted Area","Center(C)","Less Than 8 ft.",0,0,3,1,1],["0021001177",175,2,6,41,"Missed Shot","Jump Shot","2PT Field Goal","In The Paint (Non-RA)","Center(C)","Less Than 8 ft.",4,7,48,1,0],["0021001177",322,3,4,46,"Missed Shot","Jump Shot","2PT Field Goal","In The Paint (Non-RA)","Center(C)","Less Than 8 ft.",5,-56,20,1,0],["0021001177",338,3,3,33,"Made Shot","Jump Shot","2PT Field Goal","Mid-Range","Center(C)","16-24 ft.",19,-56,186,1,1],["0021001177",427,4,7,46,"Made Shot","Layup Shot","2PT Field Goal","Restricted Area","Center(C)","Less Than 8 ft.",2,26,14,1,1],["0021001177",491,4,1,5,"Missed Shot","Finger Roll Layup Shot","2PT Field Goal","Restricted Area","Center(C)","Less Than 8 ft.",2,20,6,1,0],["0021001177",497,4,0,41,"Made Shot","Layup Shot","2PT Field Goal","Restricted Area","Center(C)","Less Than 8 ft.",2,-26,7,1,1],["0021001196",109,1,2,4,"Made Shot","Driving Reverse Layup Shot","2PT Field Goal","Restricted Area","Center(C)","Less Than 8 ft.",1,-18,3,1,1],["0021001196",140,2,11,11,"Missed Shot","Driving Layup Shot","2PT Field Goal","Restricted Area","Center(C)","Less Than 8 ft.",2,20,15,1,0],["0021001196",143,2,10,45,"Missed Shot","Driving Hook Shot","2PT Field Goal","In The Paint (Non-RA)","Center(C)","Less Than 8 ft.",6,6,63,1,0],["0021001196",240,2,2,8,"Missed Shot","Jump Shot","2PT Field Goal","In The Paint (Non-RA)","Center(C)","Less Than 8 ft.",6,-60,11,1,0],["0021001196",254,2,0,38,"Made Shot","Driving Layup Shot","2PT Field Goal","Restricted Area","Center(C)","Less Than 8 ft.",2,15,17,1,1],["0021001196",366,3,3,22,"Made Shot","Driving Slam Dunk Shot","2PT Field Goal","Restricted Area","Center(C)","Less Than 8 ft.",1,1,12,1,1],["0021001203",63,1,3,48,"Made Shot","Driving Finger Roll Layup Shot","2PT Field Goal","Restricted Area","Center(C)","Less Than 8 ft.",1,-4,14,1,1],["0021001203",73,1,3,5,"Missed Shot","Layup Shot","2PT Field Goal","Restricted Area","Center(C)","Less Than 8 ft.",1,-16,3,1,0],["0021001203",148,2,7,2,"Made Shot","Jump Shot","2PT Field Goal","Mid-Range","Center(C)","16-24 ft.",18,-13,189,1,1],["0021001203",166,2,3,58,"Made Shot","Driving Layup Shot","2PT Field Goal","Restricted Area","Center(C)","Less Than 8 ft.",3,31,7,1,1],["0021001203",289,3,5,21,"Made Shot","Jump Bank Shot","2PT Field Goal","Mid-Range","Right Side(R)","8-16 ft.",8,81,23,1,1],["0021001203",291,3,4,21,"Missed Shot","Driving Reverse Layup Shot","2PT Field Goal","Restricted Area","Center(C)","Less Than 8 ft.",2,-23,4,1,0],["0021001203",303,3,2,43,"Missed Shot","Driving Layup Shot","2PT Field Goal","Restricted Area","Center(C)","Less Than 8 ft.",2,4,20,1,0],["0021001222",124,2,11,15,"Missed Shot","Jump Shot","3PT Field Goal","Above the Break 3","Left Side Center(LC)","24+ ft.",26,-122,233,1,0],["0021001222",129,2,10,33,"Missed Shot","Layup Shot","2PT Field Goal","Restricted Area","Center(C)","Less Than 8 ft.",2,-2,28,1,0],["0021001222",371,4,11,8,"Made Shot","Jump Shot","2PT Field Goal","In The Paint (Non-RA)","Center(C)","8-16 ft.",8,-8,88,1,1]]}},"GameList":{"21000876":[202386,"0021000876","02/26/2011","NJN","Nets","HOU","Rockets",0,18,6,8,0,1,1,0,1,2,5],"21000468":[202386,"0021000468","12/29/2010","NJN","Nets","OKC","Thunder",1,6,1,3,0,0,0,0,0,5,3],"21000378":[202386,"0021000378","12/16/2010","NJN","Nets","WAS","Wizards",0,2,1,1,0,0,1,1,1,0,1],"21001102":[202386,"0021001102","03/29/2011","NJN","Nets","HOU","Rockets",2,10,5,7,0,0,1,0,0,4,2],"21001142":[202386,"0021001142","04/03/2011","NJN","Nets","MIA","Heat",0,3,1,2,1,1,1,0,0,0,0],"21001122":[202386,"0021001122","04/01/2011","NJN","Nets","PHI","76ers",0,2,1,5,0,0,0,0,1,3,0],"21000257":[202386,"0021000257","11/30/2010","NJN","Nets","NYK","Knicks",0,0,0,1,0,0,1,0,0,2,0],"21000237":[202386,"0021000237","11/27/2010","NJN","Nets","PHI","76ers",0,4,2,2,0,0,0,0,0,1,0],"21001167":[202386,"0021001167","04/06/2011","NJN","Nets","DET","Pistons",2,7,3,8,0,0,2,1,0,5,2],"21000275":[202386,"0021000275","12/03/2010","NJN","Nets","CHA","Bobcats",0,4,1,4,0,0,0,0,0,1,1],"21000709":[202386,"0021000709","01/31/2011","NJN","Nets","DEN","Nuggets",1,6,1,3,1,1,1,0,3,4,3],"21001069":[202386,"0021001069","03/25/2011","NJN","Nets","ORL","Magic",1,0,0,2,0,0,0,0,0,1,1],"21000869":[202386,"0021000869","02/25/2011","NJN","Nets","SAS","Spurs",1,0,0,0,0,0,0,0,0,1,2],"21000755":[202386,"0021000755","02/06/2011","NJN","Nets","IND","Pacers",1,8,3,8,0,1,1,0,0,5,3],"21000826":[202386,"0021000826","02/16/2011","NJN","Nets","BOS","Celtics",0,0,0,2,0,0,1,0,0,0,0],"21000968":[202386,"0021000968","03/11/2011","NJN","Nets","LAC","Clippers",1,0,0,1,0,0,0,0,0,0,0],"21001081":[202386,"0021001081","03/26/2011","NJN","Nets","ATL","Hawks",1,5,1,4,0,0,0,0,2,7,2],"21000739":[202386,"0021000739","02/04/2011","NJN","Nets","DET","Pistons",0,6,3,4,0,1,2,0,0,1,1],"21000538":[202386,"0021000538","01/08/2011","NJN","Nets","MIL","Bucks",3,11,4,8,0,0,0,2,0,2,4],"21000889":[202386,"0021000889","02/28/2011","NJN","Nets","PHX","Suns",1,3,1,2,0,0,2,0,0,3,0],"21000697":[202386,"0021000697","01/29/2011","NJN","Nets","MIL","Bucks",1,0,0,1,0,0,1,0,0,0,1],"21000586":[202386,"0021000586","01/14/2011","NJN","Nets","LAL","Lakers",0,0,0,0,0,0,0,0,0,0,0],"21000309":[202386,"0021000309","12/07/2010","NJN","Nets","ATL","Hawks",0,0,0,1,0,0,0,0,0,0,0],"21000681":[202386,"0021000681","01/28/2011","NJN","Nets","IND","Pacers",1,4,1,3,0,0,1,0,1,4,3],"21000446":[202386,"0021000446","12/27/2010","NJN","Nets","ORL","Magic",0,6,3,7,0,0,0,0,1,0,2],"21000150":[202386,"0021000150","11/15/2010","NJN","Nets","LAC","Clippers",0,0,0,0,0,0,1,0,0,0,2],"21000427":[202386,"0021000427","12/22/2010","NJN","Nets","NOH","Hornets",0,0,0,0,0,0,0,0,0,1,0],"21000262":[202386,"0021000262","12/01/2010","NJN","Nets","OKC","Thunder",1,0,0,3,0,0,0,0,1,0,1],"21000361":[202386,"0021000361","12/14/2010","NJN","Nets","PHI","76ers",0,5,2,9,0,1,1,0,0,1,3],"21001222":[202386,"0021001222","04/13/2011","NJN","Nets","CHI","Bulls",1,2,1,3,0,1,1,0,0,1,1],"21001177":[202386,"0021001177","04/08/2011","NJN","Nets","NYK","Knicks",1,7,3,6,0,0,3,4,0,2,2],"21001196":[202386,"0021001196","04/10/2011","NJN","Nets","TOR","Raptors",0,6,3,6,0,0,1,0,0,0,1],"21001203":[202386,"0021001203","04/11/2011","NJN","Nets","CHA","Bobcats",0,8,4,7,0,0,3,0,1,2,1],"21000384":[202386,"0021000384","12/17/2010","NJN","Nets","TOR","Raptors",0,2,1,4,0,0,1,0,0,1,0],"21000954":[202386,"0021000954","03/09/2011","NJN","Nets","GSW","Warriors",0,0,0,1,0,0,0,0,0,0,2],"21000629":[202386,"0021000629","01/21/2011","NJN","Nets","DET","Pistons",0,2,1,1,0,0,0,0,0,0,0],"21000527":[202386,"0021000527","01/07/2011","NJN","Nets","WAS","Wizards",2,6,2,5,1,1,0,0,0,1,2],"21000607":[202386,"0021000607","01/17/2011","NJN","Nets","GSW","Warriors",0,2,1,1,0,0,0,0,0,1,0],"21000479":[202386,"0021000479","12/31/2010","NJN","Nets","CHI","Bulls",1,0,0,1,0,0,1,0,0,2,2],"21000721":[202386,"0021000721","02/02/2011","NJN","Nets","PHI","76ers",1,7,3,4,0,0,1,0,0,1,3],"21000487":[202386,"0021000487","01/01/2011","NJN","Nets","MIN","Timberwolves",1,1,0,3,0,0,0,0,1,5,2],"21000813":[202386,"0021000813","02/14/2011","NJN","Nets","SAS","Spurs",0,5,2,3,0,0,0,0,0,0,3]},"data":[23.0,42,0,10.4,1.5,3.4,0.424,0.1,0.2,0.375,0.8,1.3,0.589,0.7,0.7,1.5,1.6,0.3,0.2,0.6,0.7,3.8],"rank":{"PerGame":[null,null,null,null,null,null,null,null,null,null,null,null,null,null,null,null,null,null,null],"Totals":[355,333,327,null,260,280,null,297,286,null,265,376,359,221,337,288,333,333,344]},"team":"NJN"}},"headerData":["PLAYER_AGE","GP","GS","MIN","FGM","FGA","FG_PCT","FG3M","FG3A","FG3_PCT","FTM","FTA","FT_PCT","OREB","DREB","REB","AST","STL","BLK","TOV","PF","PTS"],"PostSeason":{}}}