{"info":{"FIRST_NAME":"Ben","LAST_NAME":"Handlogten","WEIGHT":"240","COUNTRY":"USA","SCHOOL":"Western Michigan","BIRTHDATE":"1973-11-16T00:00:00","HEIGHT":"6-10","TO_YEAR":2004,"DLEAGUE":"N","FROM_YEAR":2003,"TEAM":"UTA","PERSON_ID":1052,"SEASON_EXP":2,"POSITION":"Center","ROSTERSTATUS":"Active","ALL_STAR":0,"PIE":0,"JERSEY":"44"},"career":{"header":["MIN","FGM","FGA","FG_PCT","FG3M","FG3A","FG3_PCT","FTM","FTA","FT_PCT","OREB","DREB","REB","AST","STL","BLK","TOV","PF","PTS"],"RegularSeason":{"PerGame":[12.3,1.8,3.4,0.523,0.0,0.0,0.0,0.7,1.2,0.614,1.2,2.0,3.2,0.5,0.3,0.2,0.7,2.3,4.3],"GS":5,"GP":38},"PostSeason":{}},"season":{"headerRank":["RANK_PG_MIN","RANK_PG_FGM","RANK_PG_FGA","RANK_FG_PCT","RANK_PG_FG3M","RANK_PG_FG3A","RANK_FG3_PCT","RANK_PG_FTM","RANK_PG_FTA","RANK_FT_PCT","RANK_PG_OREB","RANK_PG_DREB","RANK_PG_REB","RANK_PG_AST","RANK_PG_STL","RANK_PG_BLK","RANK_PG_TOV","RANK_PG_PTS","RANK_PG_EFF"],"headerGame":["PLAYER_ID","GAME_ID","GAME_DATE","TEAM_ABBREVIATION","TEAM_NAME","VS_TEAM_ABBREVIATION","VS_TEAM_NAME","TOV","PTS","FGM","FGA","FG3M","FG3A","PF","BLK","STL","AST","REB"],"RegularSeason":{"2003":{"shotchart":{"Averages":{"header":["SHOT_ZONE_BASIC","SHOT_ZONE_AREA","SHOT_ZONE_RANGE","FGA","FGM","FG_PCT"],"row":[["Above the Break 3","Back Court(BC)","Back Court Shot",109,5,0.046],["Above the Break 3","Center(C)","24+ ft.",5386,1801,0.334],["Above the Break 3","Left Side Center(LC)","24+ ft.",10095,3479,0.345],["Above the Break 3","Right Side Center(RC)","24+ ft.",9958,3409,0.342],["Backcourt","Back Court(BC)","Back Court Shot",336,8,0.024],["In The Paint (Non-RA)","Center(C)","8-16 ft.",5626,2199,0.391],["In The Paint (Non-RA)","Center(C)","Less Than 8 ft.",17559,6728,0.383],["In The Paint (Non-RA)","Left Side(L)","8-16 ft.",2169,852,0.393],["In The Paint (Non-RA)","Right Side(R)","8-16 ft.",1981,773,0.39],["Left Corner 3","Left Side(L)","24+ ft.",5069,1919,0.379],["Mid-Range","Center(C)","16-24 ft.",6232,2360,0.379],["Mid-Range","Center(C)","8-16 ft.",1923,771,0.401],["Mid-Range","Left Side Center(LC)","16-24 ft.",8831,3465,0.392],["Mid-Range","Left Side(L)","16-24 ft.",10325,4063,0.394],["Mid-Range","Left Side(L)","8-16 ft.",11556,4314,0.373],["Mid-Range","Right Side Center(RC)","16-24 ft.",9436,3682,0.39],["Mid-Range","Right Side(R)","16-24 ft.",8619,3290,0.382],["Mid-Range","Right Side(R)","8-16 ft.",10735,3904,0.364],["Restricted Area","Center(C)","Less Than 8 ft.",59358,34542,0.582],["Right Corner 3","Right Side(R)","24+ ft.",4499,1691,0.376]]},"Details":{"header":["GAME_ID","GAME_EVENT_ID","PERIOD","MINUTES_REMAINING","SECONDS_REMAINING","EVENT_TYPE","ACTION_TYPE","SHOT_TYPE","SHOT_ZONE_BASIC","SHOT_ZONE_AREA","SHOT_ZONE_RANGE","SHOT_DISTANCE","LOC_X","LOC_Y","SHOT_ATTEMPTED_FLAG","SHOT_MADE_FLAG"],"row":[["0020300012",94,1,1,1,"Made Shot","Dunk Shot","2PT Field Goal","Restricted Area","Center(C)","Less Than 8 ft.",0,0,0,1,1],["0020300012",120,2,10,1,"Made Shot","Reverse Layup Shot","2PT Field Goal","Restricted Area","Center(C)","Less Than 8 ft.",0,0,0,1,1],["0020300033",221,2,1,49,"Made Shot","Layup Shot","2PT Field Goal","Restricted Area","Center(C)","Less Than 8 ft.",0,0,0,1,1],["0020300033",366,3,0,25,"Made Shot","Tip Shot","2PT Field Goal","Restricted Area","Center(C)","Less Than 8 ft.",0,0,0,1,1],["0020300033",419,4,7,28,"Made Shot","Layup Shot","2PT Field Goal","Restricted Area","Center(C)","Less Than 8 ft.",0,0,0,1,1],["0020300075",83,1,0,6,"Missed Shot","Jump Shot","2PT Field Goal","In The Paint (Non-RA)","Center(C)","Less Than 8 ft.",4,-39,26,1,0],["0020300075",95,2,10,51,"Missed Shot","Layup Shot","2PT Field Goal","Restricted Area","Center(C)","Less Than 8 ft.",0,0,0,1,0],["0020300075",104,2,10,12,"Made Shot","Layup Shot","2PT Field Goal","Restricted Area","Center(C)","Less Than 8 ft.",0,0,0,1,1],["0020300075",119,2,8,44,"Made Shot","Layup Shot","2PT Field Goal","Restricted Area","Center(C)","Less Than 8 ft.",0,0,0,1,1],["0020300075",137,2,7,21,"Made Shot","Dunk Shot","2PT Field Goal","Restricted Area","Center(C)","Less Than 8 ft.",0,0,0,1,1],["0020300267",426,4,2,2,"Missed Shot","Layup Shot","2PT Field Goal","Restricted Area","Center(C)","Less Than 8 ft.",0,0,0,1,0],["0020300284",354,4,11,39,"Made Shot","Layup Shot","2PT Field Goal","Restricted Area","Center(C)","Less Than 8 ft.",0,0,0,1,1],["0020300284",367,4,10,32,"Missed Shot","Layup Shot","2PT Field Goal","Restricted Area","Center(C)","Less Than 8 ft.",0,0,0,1,0],["0020300284",380,4,9,37,"Missed Shot","Layup Shot","2PT Field Goal","Restricted Area","Center(C)","Less Than 8 ft.",0,0,0,1,0],["0020300284",386,4,8,54,"Made Shot","Driving Layup Shot","2PT Field Goal","Restricted Area","Center(C)","Less Than 8 ft.",0,0,0,1,1],["0020300284",475,4,0,55,"Made Shot","Layup Shot","2PT Field Goal","Restricted Area","Center(C)","Less Than 8 ft.",0,0,0,1,1],["0020300317",264,3,5,50,"Made Shot","Driving Layup Shot","2PT Field Goal","Restricted Area","Center(C)","Less Than 8 ft.",0,0,0,1,1],["0020300317",269,3,4,50,"Made Shot","Jump Shot","2PT Field Goal","Restricted Area","Center(C)","Less Than 8 ft.",3,-20,33,1,1],["0020300317",298,3,1,34,"Made Shot","Jump Shot","2PT Field Goal","Mid-Range","Left Side Center(LC)","16-24 ft.",18,-120,145,1,1],["0020300317",324,4,11,40,"Missed Shot","Layup Shot","2PT Field Goal","Restricted Area","Center(C)","Less Than 8 ft.",0,0,0,1,0],["0020300317",337,4,9,40,"Made Shot","Layup Shot","2PT Field Goal","Restricted Area","Center(C)","Less Than 8 ft.",0,0,0,1,1],["0020300317",344,4,9,2,"Made Shot","Layup Shot","2PT Field Goal","Restricted Area","Center(C)","Less Than 8 ft.",0,0,0,1,1],["0020300338",121,2,9,12,"Made Shot","Layup Shot","2PT Field Goal","Restricted Area","Center(C)","Less Than 8 ft.",1,-10,2,1,1],["0020300338",324,3,0,3,"Made Shot","Layup Shot","2PT Field Goal","Restricted Area","Center(C)","Less Than 8 ft.",1,10,10,1,1],["0020300338",333,4,10,47,"Missed Shot","Jump Shot","2PT Field Goal","Mid-Range","Left Side(L)","16-24 ft.",16,-164,-21,1,0],["0020300363",146,2,6,56,"Missed Shot","Layup Shot","2PT Field Goal","Restricted Area","Center(C)","Less Than 8 ft.",2,-25,7,1,0],["0020300363",299,3,2,50,"Made Shot","Jump Shot","2PT Field Goal","In The Paint (Non-RA)","Center(C)","Less Than 8 ft.",6,64,26,1,1],["0020300383",46,1,2,5,"Missed Shot","Layup Shot","2PT Field Goal","Restricted Area","Center(C)","Less Than 8 ft.",0,0,0,1,0],["0020300383",76,1,0,1,"Missed Shot","Jump Shot","2PT Field Goal","In The Paint (Non-RA)","Right Side(R)","8-16 ft.",10,56,84,1,0],["0020300383",99,2,9,51,"Made Shot","Dunk Shot","2PT Field Goal","Restricted Area","Center(C)","Less Than 8 ft.",0,0,0,1,1],["0020300383",421,4,3,27,"Missed Shot","Jump Shot","2PT Field Goal","Mid-Range","Left Side(L)","8-16 ft.",14,-141,31,1,0],["0020300412",108,2,10,37,"Missed Shot","Layup Shot","2PT Field Goal","Restricted Area","Center(C)","Less Than 8 ft.",0,0,0,1,0],["0020300412",114,2,10,21,"Made Shot","Jump Shot","2PT Field Goal","Restricted Area","Center(C)","Less Than 8 ft.",3,-2,38,1,1],["0020300412",138,2,8,34,"Missed Shot","Tip Shot","2PT Field Goal","Restricted Area","Center(C)","Less Than 8 ft.",0,0,0,1,0],["0020300412",139,2,8,33,"Missed Shot","Tip Shot","2PT Field Goal","Restricted Area","Center(C)","Less Than 8 ft.",0,0,0,1,0],["0020300412",143,2,8,15,"Missed Shot","Layup Shot","2PT Field Goal","Restricted Area","Center(C)","Less Than 8 ft.",0,0,0,1,0],["0020300412",323,4,11,16,"Missed Shot","Layup Shot","2PT Field Goal","Restricted Area","Center(C)","Less Than 8 ft.",0,0,0,1,0],["0020300412",330,4,10,42,"Missed Shot","Tip Shot","2PT Field Goal","Restricted Area","Center(C)","Less Than 8 ft.",0,0,0,1,0],["0020300412",375,4,4,30,"Missed Shot","Tip Shot","2PT Field Goal","Restricted Area","Center(C)","Less Than 8 ft.",0,0,0,1,0],["0020300412",377,4,4,29,"Missed Shot","Tip Shot","2PT Field Goal","Restricted Area","Center(C)","Less Than 8 ft.",0,0,0,1,0],["0020300412",382,4,4,14,"Made Shot","Layup Shot","2PT Field Goal","Restricted Area","Center(C)","Less Than 8 ft.",0,0,0,1,1],["0020300436",224,2,1,11,"Missed Shot","Dunk Shot","2PT Field Goal","Restricted Area","Center(C)","Less Than 8 ft.",0,0,0,1,0],["0020300436",234,2,0,17,"Made Shot","Layup Shot","2PT Field Goal","Restricted Area","Center(C)","Less Than 8 ft.",0,0,0,1,1],["0020300436",328,3,0,50,"Made Shot","Layup Shot","2PT Field Goal","Restricted Area","Center(C)","Less Than 8 ft.",0,0,0,1,1],["0020300436",344,4,11,13,"Missed Shot","Layup Shot","2PT Field Goal","Restricted Area","Center(C)","Less Than 8 ft.",0,0,0,1,0],["0020300436",345,4,11,12,"Made Shot","Layup Shot","2PT Field Goal","Restricted Area","Center(C)","Less Than 8 ft.",0,0,0,1,1],["0020300436",352,4,10,26,"Missed Shot","Layup Shot","2PT Field Goal","Restricted Area","Center(C)","Less Than 8 ft.",2,11,20,1,0]]}},"GameList":{"20300288":[1052,"0020300288","12/08/2003","UTA","Jazz","BOS","Celtics",1,0,0,0,0,0,0,0,0,0,1],"20300046":[1052,"0020300046","11/03/2003","UTA","Jazz","MIN","Timberwolves",0,0,0,0,0,0,0,0,0,0,0],"20300317":[1052,"0020300317","12/12/2003","UTA","Jazz","SAC","Kings",0,13,5,6,0,0,2,0,0,2,6],"20300363":[1052,"0020300363","12/19/2003","UTA","Jazz","BOS","Celtics",1,3,1,2,0,0,4,0,0,0,1],"20300075":[1052,"0020300075","11/07/2003","UTA","Jazz","GSW","Warriors",1,6,3,5,0,0,3,1,0,0,4],"20300012":[1052,"0020300012","10/29/2003","UTA","Jazz","POR","Trail Blazers",0,4,2,2,0,0,1,0,1,0,0],"20300033":[1052,"0020300033","11/01/2003","UTA","Jazz","DAL","Mavericks",0,10,3,3,0,0,3,0,1,1,6],"20300412":[1052,"0020300412","12/26/2003","UTA","Jazz","TOR","Raptors",1,4,2,10,0,0,3,0,0,1,8],"20300338":[1052,"0020300338","12/16/2003","UTA","Jazz","WAS","Wizards",0,5,2,3,0,0,4,1,0,0,3],"20300436":[1052,"0020300436","12/29/2003","UTA","Jazz","PHI","76ers",1,6,3,6,0,0,3,1,1,1,9],"20300218":[1052,"0020300218","11/28/2003","UTA","Jazz","SEA","SuperSonics",2,0,0,0,0,0,1,0,0,0,4],"20300284":[1052,"0020300284","12/07/2003","UTA","Jazz","LAL","Lakers",0,8,3,5,0,0,1,0,0,0,8],"20300330":[1052,"0020300330","12/14/2003","UTA","Jazz","PHI","76ers",2,0,0,0,0,0,2,1,0,0,0],"20300267":[1052,"0020300267","12/05/2003","UTA","Jazz","LAC","Clippers",0,0,0,1,0,0,1,0,0,0,1],"20300304":[1052,"0020300304","12/10/2003","UTA","Jazz","NYK","Knicks",0,2,0,0,0,0,0,0,0,0,0],"20300383":[1052,"0020300383","12/21/2003","UTA","Jazz","DET","Pistons",1,6,1,4,0,0,4,0,0,1,4],"20300107":[1052,"0020300107","11/12/2003","UTA","Jazz","NOH","Hornets",0,1,0,0,0,0,0,0,0,0,0]},"data":[30.0,17,0,10.1,1.5,2.8,0.532,0.0,0.0,0.0,1.1,1.6,0.667,1.3,1.9,3.2,0.4,0.2,0.2,0.6,1.9,4.0],"rank":{"PerGame":[null,null,null,null,null,null,null,null,null,null,null,null,null,null,null,null,null,null,null],"Totals":[371,361,374,null,289,361,null,338,333,null,305,351,343,385,383,328,370,361,354]},"team":"UTA"},"2004":{"shotchart":{"Averages":{"header":["SHOT_ZONE_BASIC","SHOT_ZONE_AREA","SHOT_ZONE_RANGE","FGA","FGM","FG_PCT"],"row":[["Above the Break 3","Back Court(BC)","Back Court Shot",115,2,0.017],["Above the Break 3","Center(C)","24+ ft.",5850,2027,0.346],["Above the Break 3","Left Side Center(LC)","24+ ft.",10956,3840,0.35],["Above the Break 3","Right Side Center(RC)","24+ ft.",10539,3717,0.353],["Backcourt","Back Court(BC)","Back Court Shot",363,3,0.008],["In The Paint (Non-RA)","Center(C)","8-16 ft.",5303,2099,0.396],["In The Paint (Non-RA)","Center(C)","Less Than 8 ft.",16703,6636,0.397],["In The Paint (Non-RA)","Left Side(L)","8-16 ft.",1918,787,0.41],["In The Paint (Non-RA)","Right Side(R)","8-16 ft.",1834,725,0.395],["Left Corner 3","Left Side(L)","24+ ft.",5541,2090,0.377],["Mid-Range","Center(C)","16-24 ft.",6879,2790,0.406],["Mid-Range","Center(C)","8-16 ft.",1894,817,0.431],["Mid-Range","Left Side Center(LC)","16-24 ft.",10027,4066,0.406],["Mid-Range","Left Side(L)","16-24 ft.",10301,4043,0.392],["Mid-Range","Left Side(L)","8-16 ft.",11101,4131,0.372],["Mid-Range","Right Side Center(RC)","16-24 ft.",10601,4255,0.401],["Mid-Range","Right Side(R)","16-24 ft.",8849,3516,0.397],["Mid-Range","Right Side(R)","8-16 ft.",10381,3850,0.371],["Restricted Area","Center(C)","Less Than 8 ft.",63160,36973,0.585],["Right Corner 3","Right Side(R)","24+ ft.",5307,2066,0.389]]},"Details":{"header":["GAME_ID","GAME_EVENT_ID","PERIOD","MINUTES_REMAINING","SECONDS_REMAINING","EVENT_TYPE","ACTION_TYPE","SHOT_TYPE","SHOT_ZONE_BASIC","SHOT_ZONE_AREA","SHOT_ZONE_RANGE","SHOT_DISTANCE","LOC_X","LOC_Y","SHOT_ATTEMPTED_FLAG","SHOT_MADE_FLAG"],"row":[["0020400910",293,3,6,23,"Made Shot","Layup Shot","2PT Field Goal","Restricted Area","Center(C)","Less Than 8 ft.",0,0,0,1,1],["0020400938",153,2,8,31,"Made Shot","Layup Shot","2PT Field Goal","Restricted Area","Center(C)","Less Than 8 ft.",1,-6,17,1,1],["0020400938",166,2,7,20,"Missed Shot","Jump Shot","2PT Field Goal","Mid-Range","Center(C)","16-24 ft.",18,8,189,1,0],["0020400938",186,2,5,34,"Missed Shot","Layup Shot","2PT Field Goal","Restricted Area","Center(C)","Less Than 8 ft.",1,-6,17,1,0],["0020400938",480,4,2,10,"Made Shot","Layup Shot","2PT Field Goal","Restricted Area","Center(C)","Less Than 8 ft.",0,-6,0,1,1],["0020400944",162,2,5,14,"Made Shot","Layup Shot","2PT Field Goal","Restricted Area","Center(C)","Less Than 8 ft.",0,0,0,1,1],["0020400944",309,3,0,51,"Made Shot","Layup Shot","2PT Field Goal","Restricted Area","Center(C)","Less Than 8 ft.",2,1,23,1,1],["0020400957",55,1,4,31,"Missed Shot","Jump Shot","2PT Field Goal","Mid-Range","Center(C)","16-24 ft.",18,-51,181,1,0],["0020400957",63,1,4,4,"Made Shot","Jump Shot","2PT Field Goal","In The Paint (Non-RA)","Center(C)","Less Than 8 ft.",5,-29,41,1,1],["0020400957",83,1,1,52,"Missed Shot","Tip Shot","2PT Field Goal","Restricted Area","Center(C)","Less Than 8 ft.",0,0,0,1,0],["0020400957",178,2,2,45,"Made Shot","Jump Shot","2PT Field Goal","In The Paint (Non-RA)","Center(C)","Less Than 8 ft.",7,-10,71,1,1],["0020400957",338,4,9,11,"Made Shot","Layup Shot","2PT Field Goal","Restricted Area","Center(C)","Less Than 8 ft.",0,0,0,1,1],["0020400971",38,1,7,7,"Made Shot","Layup Shot","2PT Field Goal","Restricted Area","Center(C)","Less Than 8 ft.",0,-5,-6,1,1],["0020400971",224,3,10,23,"Missed Shot","Jump Shot","2PT Field Goal","Mid-Range","Right Side(R)","16-24 ft.",16,161,-32,1,0],["0020400971",236,3,9,19,"Made Shot","Layup Shot","2PT Field Goal","Restricted Area","Center(C)","Less Than 8 ft.",1,-13,0,1,1],["0020400971",242,3,8,50,"Missed Shot","Jump Shot","2PT Field Goal","In The Paint (Non-RA)","Center(C)","Less Than 8 ft.",5,-56,-3,1,0],["0020400994",3,1,11,41,"Made Shot","Jump Shot","2PT Field Goal","Mid-Range","Left Side Center(LC)","16-24 ft.",16,-54,156,1,1],["0020400994",216,3,10,53,"Missed Shot","Jump Shot","2PT Field Goal","Mid-Range","Right Side(R)","16-24 ft.",17,149,86,1,0],["0020400994",318,4,10,52,"Made Shot","Layup Shot","2PT Field Goal","Restricted Area","Center(C)","Less Than 8 ft.",0,0,0,1,1],["0020401010",14,1,9,38,"Missed Shot","Jump Shot","2PT Field Goal","Mid-Range","Right Side(R)","16-24 ft.",16,159,41,1,0],["0020401010",29,1,8,5,"Missed Shot","Layup Shot","2PT Field Goal","Restricted Area","Center(C)","Less Than 8 ft.",0,0,0,1,0],["0020401010",31,1,8,2,"Missed Shot","Layup Shot","2PT Field Goal","Restricted Area","Center(C)","Less Than 8 ft.",0,0,0,1,0],["0020401010",117,2,11,12,"Missed Shot","Layup Shot","2PT Field Goal","Restricted Area","Center(C)","Less Than 8 ft.",0,0,0,1,0],["0020401010",154,2,6,48,"Missed Shot","Layup Shot","2PT Field Goal","Restricted Area","Center(C)","Less Than 8 ft.",0,0,0,1,0],["0020401010",155,2,6,44,"Made Shot","Layup Shot","2PT Field Goal","Restricted Area","Center(C)","Less Than 8 ft.",0,0,0,1,1],["0020401010",252,3,8,50,"Missed Shot","Jump Shot","2PT Field Goal","In The Paint (Non-RA)","Center(C)","Less Than 8 ft.",7,-71,17,1,0],["0020401031",91,1,1,34,"Made Shot","Layup Shot","2PT Field Goal","Restricted Area","Center(C)","Less Than 8 ft.",0,0,0,1,1],["0020401031",111,2,11,28,"Made Shot","Layup Shot","2PT Field Goal","Restricted Area","Center(C)","Less Than 8 ft.",0,0,0,1,1],["0020401031",113,2,10,51,"Missed Shot","Jump Shot","2PT Field Goal","Mid-Range","Left Side(L)","16-24 ft.",16,-166,-18,1,0],["0020401031",134,2,7,28,"Made Shot","Layup Shot","2PT Field Goal","Restricted Area","Center(C)","Less Than 8 ft.",0,0,0,1,1],["0020401060",87,1,2,6,"Made Shot","Driving Dunk Shot","2PT Field Goal","Restricted Area","Center(C)","Less Than 8 ft.",0,0,0,1,1],["0020401060",96,1,1,34,"Made Shot","Layup Shot","2PT Field Goal","Restricted Area","Center(C)","Less Than 8 ft.",0,0,0,1,1],["0020401060",224,2,0,39,"Made Shot","Layup Shot","2PT Field Goal","Restricted Area","Center(C)","Less Than 8 ft.",0,0,0,1,1],["0020401060",396,4,9,2,"Made Shot","Layup Shot","2PT Field Goal","Restricted Area","Center(C)","Less Than 8 ft.",0,0,0,1,1],["0020401075",128,1,0,46,"Missed Shot","Jump Shot","2PT Field Goal","In The Paint (Non-RA)","Center(C)","8-16 ft.",12,0,122,1,0],["0020401075",268,2,0,56,"Made Shot","Tip Shot","2PT Field Goal","Restricted Area","Center(C)","Less Than 8 ft.",0,0,0,1,1],["0020401075",273,2,0,36,"Made Shot","Layup Shot","2PT Field Goal","Restricted Area","Center(C)","Less Than 8 ft.",0,0,0,1,1],["0020401075",284,2,0,0,"Missed Shot","Layup Shot","2PT Field Goal","Restricted Area","Center(C)","Less Than 8 ft.",0,0,0,1,0],["0020401075",459,4,8,23,"Missed Shot","Jump Shot","2PT Field Goal","Mid-Range","Right Side(R)","8-16 ft.",15,153,8,1,0],["0020401075",476,4,6,25,"Made Shot","Driving Dunk Shot","2PT Field Goal","Restricted Area","Center(C)","Less Than 8 ft.",0,0,0,1,1],["0020401075",529,4,1,4,"Made Shot","Layup Shot","2PT Field Goal","Restricted Area","Center(C)","Less Than 8 ft.",0,0,0,1,1],["0020401075",537,4,0,18,"Made Shot","Layup Shot","2PT Field Goal","Restricted Area","Center(C)","Less Than 8 ft.",0,0,0,1,1],["0020401102",122,2,10,4,"Made Shot","Jump Shot","2PT Field Goal","Mid-Range","Center(C)","16-24 ft.",16,-5,168,1,1],["0020401102",157,2,6,49,"Made Shot","Layup Shot","2PT Field Goal","Restricted Area","Center(C)","Less Than 8 ft.",0,0,0,1,1],["0020401102",165,2,5,38,"Missed Shot","Jump Shot","2PT Field Goal","In The Paint (Non-RA)","Center(C)","8-16 ft.",12,0,125,1,0],["0020401102",179,2,4,26,"Made Shot","Dunk Shot","2PT Field Goal","Restricted Area","Center(C)","Less Than 8 ft.",0,0,0,1,1],["0020401102",304,3,2,55,"Made Shot","Turnaround Jump Shot","2PT Field Goal","In The Paint (Non-RA)","Right Side(R)","8-16 ft.",9,51,79,1,1],["0020401102",311,3,2,0,"Missed Shot","Tip Shot","2PT Field Goal","Restricted Area","Center(C)","Less Than 8 ft.",0,0,0,1,0],["0020401102",313,3,1,59,"Missed Shot","Tip Shot","2PT Field Goal","Restricted Area","Center(C)","Less Than 8 ft.",0,0,0,1,0],["0020401102",336,4,11,29,"Made Shot","Layup Shot","2PT Field Goal","Restricted Area","Center(C)","Less Than 8 ft.",0,0,0,1,1],["0020401102",363,4,7,37,"Missed Shot","Jump Shot","2PT Field Goal","In The Paint (Non-RA)","Center(C)","Less Than 8 ft.",7,11,71,1,0],["0020401102",369,4,6,34,"Missed Shot","Layup Shot","2PT Field Goal","Restricted Area","Center(C)","Less Than 8 ft.",0,0,0,1,0],["0020401114",113,2,11,12,"Made Shot","Jump Shot","2PT Field Goal","Mid-Range","Center(C)","16-24 ft.",17,-54,169,1,1],["0020401114",115,2,10,31,"Missed Shot","Jump Shot","2PT Field Goal","Mid-Range","Left Side(L)","8-16 ft.",12,-126,23,1,0],["0020401114",278,3,2,51,"Missed Shot","Jump Shot","2PT Field Goal","Mid-Range","Left Side(L)","16-24 ft.",19,-192,26,1,0],["0020401114",292,3,0,58,"Made Shot","Layup Shot","2PT Field Goal","Restricted Area","Center(C)","Less Than 8 ft.",0,0,0,1,1],["0020401114",303,3,0,23,"Made Shot","Layup Shot","2PT Field Goal","Restricted Area","Center(C)","Less Than 8 ft.",0,0,0,1,1],["0020401125",132,2,10,49,"Made Shot","Dunk Shot","2PT Field Goal","Restricted Area","Center(C)","Less Than 8 ft.",0,0,0,1,1],["0020401136",148,2,9,17,"Missed Shot","Jump Shot","2PT Field Goal","Mid-Range","Center(C)","8-16 ft.",14,-28,141,1,0],["0020401136",331,3,3,33,"Missed Shot","Layup Shot","2PT Field Goal","Restricted Area","Center(C)","Less Than 8 ft.",0,0,0,1,0],["0020401136",349,3,2,14,"Missed Shot","Layup Shot","2PT Field Goal","Restricted Area","Center(C)","Less Than 8 ft.",0,0,0,1,0],["0020401159",235,3,11,42,"Missed Shot","Jump Shot","2PT Field Goal","Mid-Range","Right Side(R)","8-16 ft.",11,115,5,1,0],["0020401159",241,3,11,5,"Missed Shot","Layup Shot","2PT Field Goal","Restricted Area","Center(C)","Less Than 8 ft.",0,0,0,1,0],["0020401159",273,3,8,13,"Missed Shot","Layup Shot","2PT Field Goal","Restricted Area","Center(C)","Less Than 8 ft.",0,0,0,1,0],["0020401159",375,4,11,26,"Made Shot","Layup Shot","2PT Field Goal","Restricted Area","Center(C)","Less Than 8 ft.",0,0,0,1,1],["0020401169",339,3,1,8,"Made Shot","Layup Shot","2PT Field Goal","Restricted Area","Center(C)","Less Than 8 ft.",0,0,0,1,1],["0020401169",350,3,0,0,"Missed Shot","Turnaround Jump Shot","2PT Field Goal","Mid-Range","Left Side Center(LC)","16-24 ft.",22,-87,207,1,0],["0020401180",105,1,0,10,"Missed Shot","Jump Shot","2PT Field Goal","Mid-Range","Center(C)","16-24 ft.",20,-33,206,1,0],["0020401180",113,1,0,0,"Missed Shot","Jump Shot","3PT Field Goal","Backcourt","Back Court(BC)","Back Court Shot",84,54,846,1,0],["0020401180",128,2,10,21,"Made Shot","Layup Shot","2PT Field Goal","Restricted Area","Center(C)","Less Than 8 ft.",0,0,0,1,1],["0020401180",460,4,0,23,"Made Shot","Layup Shot","2PT Field Goal","Restricted Area","Center(C)","Less Than 8 ft.",0,0,0,1,1],["0020401200",134,2,9,38,"Missed Shot","Layup Shot","2PT Field Goal","Restricted Area","Center(C)","Less Than 8 ft.",0,0,0,1,0],["0020401200",304,3,1,46,"Missed Shot","Tip Shot","2PT Field Goal","Restricted Area","Center(C)","Less Than 8 ft.",0,0,0,1,0],["0020401200",308,3,1,12,"Missed Shot","Jump Shot","2PT Field Goal","Mid-Range","Left Side(L)","8-16 ft.",13,-113,72,1,0],["0020401200",334,4,11,11,"Missed Shot","Tip Shot","2PT Field Goal","Restricted Area","Center(C)","Less Than 8 ft.",0,0,0,1,0],["0020401200",336,4,11,10,"Made Shot","Layup Shot","2PT Field Goal","Restricted Area","Center(C)","Less Than 8 ft.",0,0,0,1,1],["0020401200",352,4,9,33,"Made Shot","Jump Shot","2PT Field Goal","Mid-Range","Right Side(R)","8-16 ft.",12,123,10,1,1],["0020401200",370,4,7,26,"Missed Shot","Hook Shot","2PT Field Goal","Restricted Area","Center(C)","Less Than 8 ft.",3,0,30,1,0],["0020401200",382,4,5,57,"Made Shot","Turnaround Jump Shot","2PT Field Goal","In The Paint (Non-RA)","Center(C)","Less Than 8 ft.",7,-71,7,1,1],["0020401200",389,4,4,48,"Missed Shot","Jump Shot","2PT Field Goal","In The Paint (Non-RA)","Right Side(R)","8-16 ft.",10,74,76,1,0],["0020401206",97,2,11,36,"Made Shot","Layup Shot","2PT Field Goal","Restricted Area","Center(C)","Less Than 8 ft.",0,0,0,1,1],["0020401206",102,2,10,51,"Missed Shot","Hook Shot","2PT Field Goal","In The Paint (Non-RA)","Center(C)","Less Than 8 ft.",6,-11,63,1,0],["0020401206",110,2,9,58,"Made Shot","Tip Shot","2PT Field Goal","Restricted Area","Center(C)","Less Than 8 ft.",0,0,0,1,1]]}},"GameList":{"20401206":[1052,"0020401206","04/18/2005","UTA","Jazz","SAC","Kings",0,4,2,3,0,0,1,0,0,0,2],"20401060":[1052,"0020401060","03/30/2005","UTA","Jazz","DEN","Nuggets",0,11,4,4,0,0,3,0,0,0,2],"20400994":[1052,"0020400994","03/22/2005","UTA","Jazz","LAL","Lakers",0,4,2,3,0,0,6,0,0,1,1],"20401075":[1052,"0020401075","04/01/2005","UTA","Jazz","GSW","Warriors",3,12,5,8,0,0,3,1,2,0,11],"20401200":[1052,"0020401200","04/17/2005","UTA","Jazz","POR","Trail Blazers",1,6,3,9,0,0,6,0,0,2,6],"20401159":[1052,"0020401159","04/12/2005","UTA","Jazz","LAC","Clippers",1,2,1,4,0,0,2,1,1,0,2],"20400971":[1052,"0020400971","03/19/2005","UTA","Jazz","WAS","Wizards",1,5,2,4,0,0,4,0,0,1,5],"20401169":[1052,"0020401169","04/13/2005","UTA","Jazz","SAS","Spurs",0,2,1,2,0,0,3,0,0,0,0],"20401010":[1052,"0020401010","03/24/2005","UTA","Jazz","WAS","Wizards",2,2,1,7,0,0,3,1,0,0,5],"20400957":[1052,"0020400957","03/18/2005","UTA","Jazz","NJN","Nets",1,6,3,5,0,0,3,0,0,0,4],"20401229":[1052,"0020401229","04/20/2005","UTA","Jazz","GSW","Warriors",1,0,0,0,0,0,2,0,0,2,1],"20400938":[1052,"0020400938","03/15/2005","UTA","Jazz","CLE","Cavaliers",2,4,2,4,0,0,5,1,0,2,1],"20401125":[1052,"0020401125","04/08/2005","UTA","Jazz","NOH","Hornets",0,2,1,1,0,0,0,0,0,0,2],"20400910":[1052,"0020400910","03/11/2005","UTA","Jazz","MEM","Grizzlies",0,2,1,1,0,0,2,0,2,0,1],"20401180":[1052,"0020401180","04/15/2005","UTA","Jazz","MIN","Timberwolves",0,4,2,4,0,1,0,0,0,0,4],"20401043":[1052,"0020401043","03/28/2005","UTA","Jazz","HOU","Rockets",0,0,0,0,0,0,2,0,0,1,2],"20401114":[1052,"0020401114","04/06/2005","UTA","Jazz","MIN","Timberwolves",4,6,3,5,0,0,2,1,1,1,2],"20401136":[1052,"0020401136","04/09/2005","UTA","Jazz","DAL","Mavericks",0,1,0,3,0,0,1,0,0,0,3],"20401031":[1052,"0020401031","03/26/2005","UTA","Jazz","MIL","Bucks",1,7,3,4,0,0,3,0,0,1,3],"20401102":[1052,"0020401102","04/05/2005","UTA","Jazz","POR","Trail Blazers",0,11,5,10,0,0,1,0,0,1,5],"20400944":[1052,"0020400944","03/16/2005","UTA","Jazz","IND","Pacers",1,4,2,2,0,0,3,0,1,1,3]},"data":[31.0,21,5,14.1,2.0,4.0,0.518,0.0,0.0,0.0,0.4,0.8,0.529,1.1,2.0,3.1,0.6,0.3,0.2,0.9,2.6,4.5],"rank":{"PerGame":[null,null,null,null,null,null,null,null,null,null,null,null,null,null,null,null,null,null,null],"Totals":[371,350,363,null,301,351,null,384,374,null,307,355,348,371,370,320,350,359,359]},"team":"UTA"}},"headerData":["PLAYER_AGE","GP","GS","MIN","FGM","FGA","FG_PCT","FG3M","FG3A","FG3_PCT","FTM","FTA","FT_PCT","OREB","DREB","REB","AST","STL","BLK","TOV","PF","PTS"],"PostSeason":{}}}