{"info":{"FIRST_NAME":"Bernard","LAST_NAME":"James","WEIGHT":"235","COUNTRY":"USA","SCHOOL":"Florida State","BIRTHDATE":"1985-02-07T00:00:00","HEIGHT":"6-10","TO_YEAR":2014,"DLEAGUE":"Y","FROM_YEAR":2012,"TEAM":"DAL","PERSON_ID":203108,"SEASON_EXP":2,"POSITION":"Center","ROSTERSTATUS":"Active","ALL_STAR":0,"PIE":0,"JERSEY":"55"},"career":{"header":["MIN","FGM","FGA","FG_PCT","FG3M","FG3A","FG3_PCT","FTM","FTA","FT_PCT","OREB","DREB","REB","AST","STL","BLK","TOV","PF","PTS"],"RegularSeason":{"PerGame":[8.3,0.8,1.7,0.497,0.0,0.0,0.0,0.6,0.8,0.68,0.9,1.4,2.3,0.1,0.2,0.7,0.4,1.1,2.2],"GS":13,"GP":92},"PostSeason":{"PerGame":[3.3,0.0,0.0,0.0,0.0,0.0,0.0,0.0,0.0,0.0,0.3,0.0,0.3,0.0,0.3,0.0,0.0,0.0,0.0],"GS":0,"GP":3}},"season":{"headerRank":["RANK_PG_MIN","RANK_PG_FGM","RANK_PG_FGA","RANK_FG_PCT","RANK_PG_FG3M","RANK_PG_FG3A","RANK_FG3_PCT","RANK_PG_FTM","RANK_PG_FTA","RANK_FT_PCT","RANK_PG_OREB","RANK_PG_DREB","RANK_PG_REB","RANK_PG_AST","RANK_PG_STL","RANK_PG_BLK","RANK_PG_TOV","RANK_PG_PTS","RANK_PG_EFF"],"headerGame":["PLAYER_ID","GAME_ID","GAME_DATE","TEAM_ABBREVIATION","TEAM_NAME","VS_TEAM_ABBREVIATION","VS_TEAM_NAME","TOV","PTS","FGM","FGA","FG3M","FG3A","PF","BLK","STL","AST","REB"],"RegularSeason":{"2014":{"shotchart":{"Averages":{"header":["SHOT_ZONE_BASIC","SHOT_ZONE_AREA","SHOT_ZONE_RANGE","FGA","FGM","FG_PCT"],"row":[["Above the Break 3","Back Court(BC)","Back Court Shot",55,2,0.036],["Above the Break 3","Center(C)","24+ ft.",9724,3289,0.338],["Above the Break 3","Left Side Center(LC)","24+ ft.",15408,5259,0.341],["Above the Break 3","Right Side Center(RC)","24+ ft.",15148,5194,0.343],["Backcourt","Back Court(BC)","Back Court Shot",427,11,0.026],["In The Paint (Non-RA)","Center(C)","8-16 ft.",6599,2771,0.42],["In The Paint (Non-RA)","Center(C)","Less Than 8 ft.",20196,7693,0.381],["In The Paint (Non-RA)","Left Side(L)","8-16 ft.",1706,711,0.417],["In The Paint (Non-RA)","Right Side(R)","8-16 ft.",2016,801,0.397],["Left Corner 3","Left Side(L)","24+ ft.",7374,2801,0.38],["Mid-Range","Center(C)","16-24 ft.",7850,3130,0.399],["Mid-Range","Center(C)","8-16 ft.",1963,847,0.431],["Mid-Range","Left Side Center(LC)","16-24 ft.",8034,3153,0.392],["Mid-Range","Left Side(L)","16-24 ft.",5818,2282,0.392],["Mid-Range","Left Side(L)","8-16 ft.",8257,3239,0.392],["Mid-Range","Right Side Center(RC)","16-24 ft.",8914,3454,0.387],["Mid-Range","Right Side(R)","16-24 ft.",5345,2162,0.404],["Mid-Range","Right Side(R)","8-16 ft.",7595,3007,0.396],["Restricted Area","Center(C)","Less Than 8 ft.",66134,39735,0.601],["Right Corner 3","Right Side(R)","24+ ft.",6987,2738,0.392]]},"Details":{"header":["GAME_ID","GAME_EVENT_ID","PERIOD","MINUTES_REMAINING","SECONDS_REMAINING","EVENT_TYPE","ACTION_TYPE","SHOT_TYPE","SHOT_ZONE_BASIC","SHOT_ZONE_AREA","SHOT_ZONE_RANGE","SHOT_DISTANCE","LOC_X","LOC_Y","SHOT_ATTEMPTED_FLAG","SHOT_MADE_FLAG"],"row":[["0021400797",63,1,4,34,"Missed Shot","Layup Shot","2PT Field Goal","Restricted Area","Center(C)","Less Than 8 ft.",1,0,14,1,0],["0021400797",89,1,2,44,"Made Shot","Reverse Layup Shot","2PT Field Goal","Restricted Area","Center(C)","Less Than 8 ft.",1,-18,6,1,1],["0021400797",91,1,2,11,"Made Shot","Slam Dunk Shot","2PT Field Goal","Restricted Area","Center(C)","Less Than 8 ft.",0,0,1,1,1],["0021400797",133,2,9,37,"Missed Shot","Hook Shot","2PT Field Goal","In The Paint (Non-RA)","Center(C)","Less Than 8 ft.",4,4,45,1,0],["0021400797",176,2,7,31,"Missed Shot","Running Layup Shot","2PT Field Goal","Restricted Area","Center(C)","Less Than 8 ft.",1,-16,9,1,0],["0021400797",363,3,1,25,"Missed Shot","Finger Roll Layup Shot","2PT Field Goal","Restricted Area","Center(C)","Less Than 8 ft.",1,0,12,1,0],["0021400797",364,3,1,22,"Made Shot","Putback Layup Shot","2PT Field Goal","Restricted Area","Center(C)","Less Than 8 ft.",0,0,6,1,1],["0021400801",120,1,2,51,"Made Shot","Dunk Shot","2PT Field Goal","Restricted Area","Center(C)","Less Than 8 ft.",0,0,1,1,1],["0021400843",37,1,7,18,"Made Shot","Running Layup Shot","2PT Field Goal","Restricted Area","Center(C)","Less Than 8 ft.",2,-13,25,1,1],["0021400843",74,1,4,20,"Made Shot","Running Layup Shot","2PT Field Goal","Restricted Area","Center(C)","Less Than 8 ft.",1,-10,0,1,1],["0021400843",472,4,5,12,"Missed Shot","Putback Layup Shot","2PT Field Goal","Restricted Area","Center(C)","Less Than 8 ft.",1,9,8,1,0],["0021400889",274,3,7,38,"Missed Shot","Jump Shot","2PT Field Goal","Restricted Area","Center(C)","Less Than 8 ft.",3,-35,6,1,0],["0021400910",501,4,0,29,"Missed Shot","Layup Shot","2PT Field Goal","Restricted Area","Center(C)","Less Than 8 ft.",0,-6,3,1,0],["0021400922",526,4,0,58,"Made Shot","Driving Layup Shot","2PT Field Goal","Restricted Area","Center(C)","Less Than 8 ft.",1,-2,14,1,1],["0021400948",584,4,0,59,"Made Shot","Reverse Layup Shot","2PT Field Goal","Restricted Area","Center(C)","Less Than 8 ft.",0,-2,7,1,1],["0021401201",144,2,9,40,"Missed Shot","Layup Shot","2PT Field Goal","Restricted Area","Center(C)","Less Than 8 ft.",0,3,2,1,0],["0021401201",373,3,2,44,"Missed Shot","Layup Shot","2PT Field Goal","Restricted Area","Center(C)","Less Than 8 ft.",2,-19,15,1,0],["0021401201",546,4,1,22,"Made Shot","Slam Dunk Shot","2PT Field Goal","Restricted Area","Center(C)","Less Than 8 ft.",0,0,1,1,1],["0021401210",78,1,3,27,"Missed Shot","Layup Shot","2PT Field Goal","Restricted Area","Center(C)","Less Than 8 ft.",1,-11,1,1,0],["0021401210",89,1,2,14,"Missed Shot","Jump Shot","2PT Field Goal","In The Paint (Non-RA)","Center(C)","Less Than 8 ft.",4,31,30,1,0],["0021401210",95,1,1,42,"Made Shot","Slam Dunk Shot","2PT Field Goal","Restricted Area","Center(C)","Less Than 8 ft.",0,0,1,1,1],["0021401210",108,1,0,0,"Made Shot","Layup Shot","2PT Field Goal","Restricted Area","Center(C)","Less Than 8 ft.",1,18,7,1,1],["0021401210",356,3,1,6,"Missed Shot","Jump Shot","2PT Field Goal","Restricted Area","Center(C)","Less Than 8 ft.",3,2,36,1,0],["0021401210",404,4,8,49,"Missed Shot","Layup Shot","2PT Field Goal","Restricted Area","Center(C)","Less Than 8 ft.",2,-21,-5,1,0],["0021401210",482,4,3,9,"Missed Shot","Jump Shot","2PT Field Goal","In The Paint (Non-RA)","Center(C)","Less Than 8 ft.",5,0,52,1,0],["0021401218",551,4,0,48,"Made Shot","Alley Oop Dunk Shot","2PT Field Goal","Restricted Area","Center(C)","Less Than 8 ft.",0,0,1,1,1],["0021401218",559,4,0,28,"Missed Shot","Tip Shot","2PT Field Goal","Restricted Area","Center(C)","Less Than 8 ft.",1,10,14,1,0]]}},"GameList":{"21401027":[203108,"0021401027","03/20/2015","DAL","Mavericks","MEM","Grizzlies",0,0,0,0,0,0,0,0,0,0,0],"21400889":[203108,"0021400889","03/02/2015","DAL","Mavericks","NOP","Pelicans",0,0,0,1,0,0,2,2,0,1,6],"21400948":[203108,"0021400948","03/10/2015","DAL","Mavericks","CLE","Cavaliers",1,2,1,1,0,0,0,1,0,0,1],"21400874":[203108,"0021400874","02/28/2015","DAL","Mavericks","BKN","Nets",0,2,0,0,0,0,1,1,0,0,0],"21400797":[203108,"0021400797","02/11/2015","DAL","Mavericks","UTA","Jazz",1,9,3,7,0,0,3,3,0,0,3],"21400972":[203108,"0021400972","03/13/2015","DAL","Mavericks","LAC","Clippers",0,2,0,0,0,0,0,0,0,0,1],"21401142":[203108,"0021401142","04/04/2015","DAL","Mavericks","GSW","Warriors",0,4,0,0,0,0,0,0,0,0,3],"21400843":[203108,"0021400843","02/25/2015","DAL","Mavericks","ATL","Hawks",1,7,2,3,0,0,1,2,0,3,11],"21401218":[203108,"0021401218","04/15/2015","DAL","Mavericks","POR","Trail Blazers",0,3,1,2,0,0,1,0,0,0,3],"21400801":[203108,"0021400801","02/19/2015","DAL","Mavericks","OKC","Thunder",0,4,1,1,0,0,1,1,0,0,2],"21401201":[203108,"0021401201","04/12/2015","DAL","Mavericks","LAL","Lakers",0,4,1,3,0,0,1,4,0,0,1],"21401184":[203108,"0021401184","04/10/2015","DAL","Mavericks","DEN","Nuggets",0,0,0,0,0,0,2,0,1,0,1],"21400922":[203108,"0021400922","03/06/2015","DAL","Mavericks","GSW","Warriors",0,2,1,1,0,0,0,0,0,0,2],"21401084":[203108,"0021401084","03/27/2015","DAL","Mavericks","SAS","Spurs",0,0,0,0,0,0,0,0,1,0,0],"21400910":[203108,"0021400910","03/05/2015","DAL","Mavericks","POR","Trail Blazers",0,0,0,1,0,0,1,0,0,0,0],"21401210":[203108,"0021401210","04/13/2015","DAL","Mavericks","UTA","Jazz",3,5,2,7,0,0,4,1,0,0,5]},"data":[30.0,16,2,9.9,0.8,1.7,0.444,0.0,0.0,0.0,1.3,1.4,0.87,1.1,1.3,2.4,0.3,0.1,0.9,0.4,1.1,2.8],"rank":{"PerGame":[null,null,null,null,null,null,null,null,null,null,null,null,null,null,null,null,null,null,null],"Totals":[429,441,450,null,381,426,null,362,379,null,332,421,400,447,450,222,436,428,405]},"team":"DAL"},"2013":{"shotchart":{"Averages":{"header":["SHOT_ZONE_BASIC","SHOT_ZONE_AREA","SHOT_ZONE_RANGE","FGA","FGM","FG_PCT"],"row":[["Above the Break 3","Back Court(BC)","Back Court Shot",64,4,0.063],["Above the Break 3","Center(C)","24+ ft.",9202,3274,0.356],["Above the Break 3","Left Side Center(LC)","24+ ft.",14858,5288,0.356],["Above the Break 3","Right Side Center(RC)","24+ ft.",14855,5184,0.349],["Backcourt","Back Court(BC)","Back Court Shot",444,16,0.036],["In The Paint (Non-RA)","Center(C)","8-16 ft.",6461,2650,0.41],["In The Paint (Non-RA)","Center(C)","Less Than 8 ft.",20149,7810,0.388],["In The Paint (Non-RA)","Left Side(L)","8-16 ft.",1820,704,0.387],["In The Paint (Non-RA)","Right Side(R)","8-16 ft.",2021,809,0.4],["Left Corner 3","Left Side(L)","24+ ft.",7136,2792,0.391],["Mid-Range","Center(C)","16-24 ft.",7643,2969,0.388],["Mid-Range","Center(C)","8-16 ft.",2021,857,0.424],["Mid-Range","Left Side Center(LC)","16-24 ft.",8385,3326,0.397],["Mid-Range","Left Side(L)","16-24 ft.",5994,2431,0.406],["Mid-Range","Left Side(L)","8-16 ft.",8566,3341,0.39],["Mid-Range","Right Side Center(RC)","16-24 ft.",9057,3563,0.393],["Mid-Range","Right Side(R)","16-24 ft.",5700,2223,0.39],["Mid-Range","Right Side(R)","8-16 ft.",7354,2883,0.392],["Restricted Area","Center(C)","Less Than 8 ft.",66016,40159,0.608],["Right Corner 3","Right Side(R)","24+ ft.",6380,2483,0.389]]},"Details":{"header":["GAME_ID","GAME_EVENT_ID","PERIOD","MINUTES_REMAINING","SECONDS_REMAINING","EVENT_TYPE","ACTION_TYPE","SHOT_TYPE","SHOT_ZONE_BASIC","SHOT_ZONE_AREA","SHOT_ZONE_RANGE","SHOT_DISTANCE","LOC_X","LOC_Y","SHOT_ATTEMPTED_FLAG","SHOT_MADE_FLAG"],"row":[["0021300056",500,4,1,45,"Missed Shot","Jump Shot","2PT Field Goal","Mid-Range","Left Side(L)","8-16 ft.",14,-139,17,1,0],["0021300080",159,2,9,39,"Made Shot","Layup Shot","2PT Field Goal","Restricted Area","Center(C)","Less Than 8 ft.",1,-16,1,1,1],["0021300080",194,2,7,40,"Made Shot","Layup Shot","2PT Field Goal","Restricted Area","Center(C)","Less Than 8 ft.",1,-2,17,1,1],["0021300266",150,1,0,50,"Made Shot","Putback Layup Shot","2PT Field Goal","Restricted Area","Center(C)","Less Than 8 ft.",1,-15,12,1,1],["0021300266",170,2,10,40,"Made Shot","Layup Shot","2PT Field Goal","Restricted Area","Center(C)","Less Than 8 ft.",0,1,6,1,1],["0021300266",262,2,2,41,"Missed Shot","Layup Shot","2PT Field Goal","Restricted Area","Center(C)","Less Than 8 ft.",2,-21,19,1,0],["0021300298",389,4,9,5,"Missed Shot","Jump Shot","2PT Field Goal","In The Paint (Non-RA)","Center(C)","Less Than 8 ft.",4,-27,30,1,0],["0021300298",401,4,8,10,"Made Shot","Layup Shot","2PT Field Goal","Restricted Area","Center(C)","Less Than 8 ft.",0,0,-3,1,1],["0021300298",421,4,6,6,"Missed Shot","Layup Shot","2PT Field Goal","Restricted Area","Center(C)","Less Than 8 ft.",0,9,0,1,0],["0021300298",423,4,6,4,"Made Shot","Layup Shot","2PT Field Goal","Restricted Area","Center(C)","Less Than 8 ft.",0,-5,-5,1,1],["0021300309",104,1,2,40,"Missed Shot","Layup Shot","2PT Field Goal","Restricted Area","Center(C)","Less Than 8 ft.",2,6,20,1,0],["0021300309",164,2,10,1,"Made Shot","Jump Hook Shot","2PT Field Goal","In The Paint (Non-RA)","Center(C)","Less Than 8 ft.",7,75,25,1,1],["0021300309",187,2,8,32,"Made Shot","Slam Dunk Shot","2PT Field Goal","Restricted Area","Center(C)","Less Than 8 ft.",1,-10,14,1,1],["0021300309",202,2,8,3,"Missed Shot","Tip Shot","2PT Field Goal","Restricted Area","Center(C)","Less Than 8 ft.",1,6,16,1,0],["0021300309",281,2,0,20,"Missed Shot","Dunk Shot","2PT Field Goal","Restricted Area","Center(C)","Less Than 8 ft.",2,20,4,1,0],["0021300309",294,2,0,0,"Missed Shot","Jump Shot","3PT Field Goal","Backcourt","Back Court(BC)","Back Court Shot",53,18,531,1,0],["0021300348",461,4,5,31,"Missed Shot","Driving Jump shot","2PT Field Goal","In The Paint (Non-RA)","Center(C)","Less Than 8 ft.",5,-49,11,1,0],["0021300348",473,4,3,56,"Missed Shot","Driving Layup Shot","2PT Field Goal","Restricted Area","Center(C)","Less Than 8 ft.",0,-4,7,1,0],["0021300400",552,4,0,26,"Made Shot","Layup Shot","2PT Field Goal","Restricted Area","Center(C)","Less Than 8 ft.",0,0,1,1,1],["0021300817",576,4,0,31,"Made Shot","Reverse Layup Shot","2PT Field Goal","Restricted Area","Center(C)","Less Than 8 ft.",2,-11,23,1,1],["0021300912",304,3,10,8,"Missed Shot","Layup Shot","2PT Field Goal","Restricted Area","Center(C)","Less Than 8 ft.",1,-15,1,1,0],["0021300956",502,4,1,43,"Made Shot","Putback Layup Shot","2PT Field Goal","Restricted Area","Center(C)","Less Than 8 ft.",2,-7,25,1,1],["0021300964",286,3,4,11,"Missed Shot","Layup Shot","2PT Field Goal","Restricted Area","Center(C)","Less Than 8 ft.",0,-8,4,1,0]]}},"GameList":{"21300770":[203108,"0021300770","02/11/2014","DAL","Mavericks","CHA","Bobcats",0,0,0,0,0,0,0,2,0,0,1],"21300560":[203108,"0021300560","01/13/2014","DAL","Mavericks","ORL","Magic",0,0,0,0,0,0,0,1,0,0,0],"21300798":[203108,"0021300798","02/18/2014","DAL","Mavericks","MIA","Heat",0,0,0,0,0,0,0,0,0,1,1],"21300503":[203108,"0021300503","01/05/2014","DAL","Mavericks","NYK","Knicks",0,0,0,0,0,0,0,0,0,0,0],"21300298":[203108,"0021300298","12/07/2013","DAL","Mavericks","POR","Trail Blazers",0,5,2,4,0,0,0,1,0,0,6],"21300400":[203108,"0021300400","12/21/2013","DAL","Mavericks","PHX","Suns",0,2,1,1,0,0,1,0,0,0,1],"21300377":[203108,"0021300377","12/18/2013","DAL","Mavericks","MEM","Grizzlies",0,0,0,0,0,0,0,0,0,0,1],"21300056":[203108,"0021300056","11/05/2013","DAL","Mavericks","LAL","Lakers",1,0,0,1,0,0,1,1,0,0,4],"21300817":[203108,"0021300817","02/21/2014","DAL","Mavericks","PHI","76ers",0,2,1,1,0,0,1,0,0,1,0],"21300964":[203108,"0021300964","03/12/2014","DAL","Mavericks","UTA","Jazz",0,0,0,1,0,0,2,0,0,0,0],"21300856":[203108,"0021300856","02/26/2014","DAL","Mavericks","NOP","Pelicans",0,0,0,0,0,0,0,0,0,0,0],"21300080":[203108,"0021300080","11/08/2013","DAL","Mavericks","MIN","Timberwolves",0,5,2,2,0,0,3,0,0,0,2],"21300536":[203108,"0021300536","01/10/2014","DAL","Mavericks","NOP","Pelicans",0,0,0,0,0,0,0,0,1,0,1],"21301174":[203108,"0021301174","04/10/2014","DAL","Mavericks","SAS","Spurs",0,0,0,0,0,0,0,0,0,0,0],"21300746":[203108,"0021300746","02/07/2014","DAL","Mavericks","UTA","Jazz",0,0,0,0,0,0,1,0,0,0,2],"21300348":[203108,"0021300348","12/14/2013","DAL","Mavericks","MIL","Bucks",0,0,0,2,0,0,0,1,0,0,3],"21300108":[203108,"0021300108","11/12/2013","DAL","Mavericks","WAS","Wizards",1,0,0,0,0,0,0,0,0,0,0],"21300266":[203108,"0021300266","12/03/2013","DAL","Mavericks","CHA","Bobcats",0,5,2,3,0,0,1,0,0,0,4],"21300244":[203108,"0021300244","11/30/2013","DAL","Mavericks","MIN","Timberwolves",0,0,0,0,0,0,0,0,0,0,1],"21300025":[203108,"0021300025","11/01/2013","DAL","Mavericks","HOU","Rockets",0,0,0,0,0,0,1,0,0,1,0],"21300309":[203108,"0021300309","12/09/2013","DAL","Mavericks","SAC","Kings",0,7,2,6,0,1,3,1,1,0,6],"21300207":[203108,"0021300207","11/25/2013","DAL","Mavericks","DEN","Nuggets",2,0,0,0,0,0,2,0,0,0,1],"21300992":[203108,"0021300992","03/16/2014","DAL","Mavericks","OKC","Thunder",0,0,0,0,0,0,0,0,0,0,0],"21300956":[203108,"0021300956","03/11/2014","DAL","Mavericks","GSW","Warriors",3,2,1,1,0,0,2,1,0,0,2],"21300717":[203108,"0021300717","02/03/2014","DAL","Mavericks","CLE","Cavaliers",0,0,0,0,0,0,0,0,0,0,0],"21301028":[203108,"0021301028","03/21/2014","DAL","Mavericks","DEN","Nuggets",1,0,0,0,0,0,0,0,0,0,1],"21300912":[203108,"0021300912","03/05/2014","DAL","Mavericks","DEN","Nuggets",1,0,0,1,0,0,5,0,1,0,4],"21300441":[203108,"0021300441","12/28/2013","DAL","Mavericks","CHI","Bulls",0,0,0,0,0,0,0,0,0,0,0],"21300520":[203108,"0021300520","01/08/2014","DAL","Mavericks","SAS","Spurs",0,0,0,0,0,0,0,0,0,0,0],"21300153":[203108,"0021300153","11/18/2013","DAL","Mavericks","PHI","76ers",1,0,0,0,0,0,1,0,0,0,1]},"data":[29.0,30,0,4.9,0.4,0.8,0.478,0.0,0.0,0.0,0.2,0.4,0.545,0.5,0.9,1.4,0.1,0.1,0.3,0.3,0.8,0.9],"rank":{"PerGame":[null,null,null,null,null,null,null,null,null,null,null,null,null,null,null,null,null,null,null],"Totals":[423,428,432,null,349,380,null,410,401,null,344,389,380,435,420,297,407,427,408]},"team":"DAL"},"2012":{"shotchart":{"Averages":{"header":["SHOT_ZONE_BASIC","SHOT_ZONE_AREA","SHOT_ZONE_RANGE","FGA","FGM","FG_PCT"],"row":[["Above the Break 3","Back Court(BC)","Back Court Shot",66,2,0.03],["Above the Break 3","Center(C)","24+ ft.",7645,2636,0.345],["Above the Break 3","Left Side Center(LC)","24+ ft.",13465,4683,0.348],["Above the Break 3","Right Side Center(RC)","24+ ft.",13923,4998,0.359],["Backcourt","Back Court(BC)","Back Court Shot",420,8,0.019],["In The Paint (Non-RA)","Center(C)","8-16 ft.",6463,2594,0.401],["In The Paint (Non-RA)","Center(C)","Less Than 8 ft.",19058,7165,0.376],["In The Paint (Non-RA)","Left Side(L)","8-16 ft.",1800,767,0.426],["In The Paint (Non-RA)","Right Side(R)","8-16 ft.",1991,745,0.374],["Left Corner 3","Left Side(L)","24+ ft.",7056,2726,0.386],["Mid-Range","Center(C)","16-24 ft.",7525,2951,0.392],["Mid-Range","Center(C)","8-16 ft.",1940,815,0.42],["Mid-Range","Left Side Center(LC)","16-24 ft.",8495,3305,0.389],["Mid-Range","Left Side(L)","16-24 ft.",6992,2823,0.404],["Mid-Range","Left Side(L)","8-16 ft.",8359,3212,0.384],["Mid-Range","Right Side Center(RC)","16-24 ft.",9371,3688,0.394],["Mid-Range","Right Side(R)","16-24 ft.",6506,2517,0.387],["Mid-Range","Right Side(R)","8-16 ft.",7895,3105,0.393],["Restricted Area","Center(C)","Less Than 8 ft.",66135,39988,0.605],["Right Corner 3","Right Side(R)","24+ ft.",6474,2547,0.393]]},"Details":{"header":["GAME_ID","GAME_EVENT_ID","PERIOD","MINUTES_REMAINING","SECONDS_REMAINING","EVENT_TYPE","ACTION_TYPE","SHOT_TYPE","SHOT_ZONE_BASIC","SHOT_ZONE_AREA","SHOT_ZONE_RANGE","SHOT_DISTANCE","LOC_X","LOC_Y","SHOT_ATTEMPTED_FLAG","SHOT_MADE_FLAG"],"row":[["0021200009",190,2,8,17,"Missed Shot","Hook Shot","2PT Field Goal","Restricted Area","Center(C)","Less Than 8 ft.",3,32,22,1,0],["0021200009",402,3,2,40,"Missed Shot","Jump Shot","2PT Field Goal","In The Paint (Non-RA)","Center(C)","Less Than 8 ft.",5,45,36,1,0],["0021200009",403,3,2,38,"Made Shot","Tip Shot","2PT Field Goal","Restricted Area","Center(C)","Less Than 8 ft.",1,-4,15,1,1],["0021200009",526,4,6,13,"Missed Shot","Jump Shot","2PT Field Goal","In The Paint (Non-RA)","Center(C)","Less Than 8 ft.",4,-38,15,1,0],["0021200009",581,4,3,22,"Missed Shot","Jump Shot","2PT Field Goal","In The Paint (Non-RA)","Center(C)","Less Than 8 ft.",6,-35,50,1,0],["0021200061",86,1,3,50,"Made Shot","Slam Dunk Shot","2PT Field Goal","Restricted Area","Center(C)","Less Than 8 ft.",0,0,-3,1,1],["0021200061",130,1,0,51,"Made Shot","Driving Hook Shot","2PT Field Goal","In The Paint (Non-RA)","Center(C)","Less Than 8 ft.",4,12,44,1,1],["0021200061",147,2,10,50,"Missed Shot","Tip Shot","2PT Field Goal","Restricted Area","Center(C)","Less Than 8 ft.",1,-11,4,1,0],["0021200061",165,2,9,33,"Missed Shot","Reverse Layup Shot","2PT Field Goal","Restricted Area","Center(C)","Less Than 8 ft.",1,-18,6,1,0],["0021200100",162,2,8,37,"Missed Shot","Jump Shot","2PT Field Goal","Mid-Range","Right Side Center(RC)","16-24 ft.",18,61,173,1,0],["0021200100",164,2,8,33,"Made Shot","Putback Layup Shot","2PT Field Goal","Restricted Area","Center(C)","Less Than 8 ft.",1,-10,1,1,1],["0021200100",190,2,6,3,"Made Shot","Layup Shot","2PT Field Goal","Restricted Area","Center(C)","Less Than 8 ft.",0,-4,-2,1,1],["0021200100",400,4,9,9,"Made Shot","Layup Shot","2PT Field Goal","Restricted Area","Center(C)","Less Than 8 ft.",2,-21,1,1,1],["0021200115",79,1,2,37,"Missed Shot","Jump Shot","3PT Field Goal","Left Corner 3","Left Side(L)","24+ ft.",23,-228,72,1,0],["0021200115",118,2,11,41,"Made Shot","Finger Roll Layup Shot","2PT Field Goal","Restricted Area","Center(C)","Less Than 8 ft.",1,0,17,1,1],["0021200115",123,2,11,10,"Missed Shot","Driving Finger Roll Layup Shot","2PT Field Goal","Restricted Area","Center(C)","Less Than 8 ft.",1,-19,0,1,0],["0021200115",130,2,10,32,"Made Shot","Jump Hook Shot","2PT Field Goal","Restricted Area","Center(C)","Less Than 8 ft.",1,4,14,1,1],["0021200124",173,2,7,42,"Missed Shot","Layup Shot","2PT Field Goal","Restricted Area","Center(C)","Less Than 8 ft.",1,17,-5,1,0],["0021200124",400,3,1,21,"Made Shot","Jump Shot","2PT Field Goal","Restricted Area","Center(C)","Less Than 8 ft.",3,-30,6,1,1],["0021200124",412,3,0,2,"Missed Shot","Layup Shot","2PT Field Goal","Restricted Area","Center(C)","Less Than 8 ft.",1,-4,-13,1,0],["0021200124",423,4,11,24,"Made Shot","Jump Shot","2PT Field Goal","In The Paint (Non-RA)","Center(C)","Less Than 8 ft.",5,-45,34,1,1],["0021200135",117,1,2,30,"Made Shot","Layup Shot","2PT Field Goal","Restricted Area","Center(C)","Less Than 8 ft.",0,7,1,1,1],["0021200135",147,1,0,29,"Made Shot","Dunk Shot","2PT Field Goal","Restricted Area","Center(C)","Less Than 8 ft.",0,6,1,1,1],["0021200135",367,3,3,27,"Missed Shot","Hook Shot","2PT Field Goal","In The Paint (Non-RA)","Center(C)","Less Than 8 ft.",6,-15,61,1,0],["0021200135",410,4,11,24,"Missed Shot","Jump Shot","2PT Field Goal","Mid-Range","Left Side(L)","16-24 ft.",17,-168,45,1,0],["0021200135",414,4,10,41,"Missed Shot","Jump Shot","2PT Field Goal","In The Paint (Non-RA)","Right Side(R)","8-16 ft.",8,78,44,1,0],["0021200151",115,1,1,53,"Made Shot","Slam Dunk Shot","2PT Field Goal","Restricted Area","Center(C)","Less Than 8 ft.",1,6,19,1,1],["0021200151",124,1,0,54,"Made Shot","Finger Roll Layup Shot","2PT Field Goal","Restricted Area","Center(C)","Less Than 8 ft.",1,1,19,1,1],["0021200187",315,3,7,3,"Made Shot","Slam Dunk Shot","2PT Field Goal","Restricted Area","Center(C)","Less Than 8 ft.",1,-10,14,1,1],["0021200187",335,3,5,50,"Missed Shot","Tip Shot","2PT Field Goal","Restricted Area","Center(C)","Less Than 8 ft.",2,9,22,1,0],["0021200187",360,3,4,24,"Made Shot","Putback Layup Shot","2PT Field Goal","Restricted Area","Center(C)","Less Than 8 ft.",2,24,12,1,1],["0021200187",572,4,0,26,"Made Shot","Running Slam Dunk Shot","2PT Field Goal","Restricted Area","Center(C)","Less Than 8 ft.",0,-7,7,1,1],["0021200240",132,1,0,4,"Missed Shot","Layup Shot","2PT Field Goal","Restricted Area","Center(C)","Less Than 8 ft.",1,15,12,1,0],["0021200240",139,2,11,51,"Made Shot","Slam Dunk Shot","2PT Field Goal","Restricted Area","Center(C)","Less Than 8 ft.",1,2,12,1,1],["0021200240",147,2,10,56,"Missed Shot","Hook Shot","2PT Field Goal","In The Paint (Non-RA)","Center(C)","Less Than 8 ft.",4,23,33,1,0],["0021200240",388,3,1,45,"Missed Shot","Running Dunk Shot","2PT Field Goal","Restricted Area","Center(C)","Less Than 8 ft.",1,-11,7,1,0],["0021200240",416,4,11,1,"Missed Shot","Driving Reverse Layup Shot","2PT Field Goal","Restricted Area","Center(C)","Less Than 8 ft.",1,10,7,1,0],["0021200240",425,4,9,50,"Made Shot","Alley Oop Dunk Shot","2PT Field Goal","Restricted Area","Center(C)","Less Than 8 ft.",0,2,4,1,1],["0021200240",438,4,8,39,"Made Shot","Reverse Layup Shot","2PT Field Goal","Restricted Area","Center(C)","Less Than 8 ft.",1,12,4,1,1],["0021200240",451,4,6,37,"Missed Shot","Layup Shot","2PT Field Goal","Restricted Area","Center(C)","Less Than 8 ft.",2,24,9,1,0],["0021200290",432,4,11,44,"Missed Shot","Layup Shot","2PT Field Goal","In The Paint (Non-RA)","Center(C)","Less Than 8 ft.",4,-41,11,1,0],["0021200302",454,4,4,22,"Missed Shot","Layup Shot","2PT Field Goal","Restricted Area","Center(C)","Less Than 8 ft.",2,-19,20,1,0],["0021200378",127,1,0,2,"Missed Shot","Tip Shot","2PT Field Goal","Restricted Area","Center(C)","Less Than 8 ft.",1,13,1,1,0],["0021200378",129,1,0,1,"Missed Shot","Tip Shot","2PT Field Goal","Restricted Area","Center(C)","Less Than 8 ft.",2,7,19,1,0],["0021200378",154,2,9,50,"Made Shot","Layup Shot","2PT Field Goal","Restricted Area","Center(C)","Less Than 8 ft.",1,-8,12,1,1],["0021200378",166,2,8,13,"Made Shot","Reverse Layup Shot","2PT Field Goal","Restricted Area","Center(C)","Less Than 8 ft.",0,-2,7,1,1],["0021200378",177,2,6,54,"Made Shot","Layup Shot","2PT Field Goal","Restricted Area","Center(C)","Less Than 8 ft.",0,4,3,1,1],["0021200378",342,3,3,20,"Made Shot","Layup Shot","2PT Field Goal","Restricted Area","Center(C)","Less Than 8 ft.",1,12,11,1,1],["0021200378",368,3,1,41,"Missed Shot","Step Back Jump shot","2PT Field Goal","Mid-Range","Left Side(L)","8-16 ft.",10,-97,50,1,0],["0021200378",378,3,0,41,"Missed Shot","Driving Layup Shot","2PT Field Goal","Restricted Area","Center(C)","Less Than 8 ft.",2,13,19,1,0],["0021200378",469,4,4,19,"Made Shot","Driving Bank shot","2PT Field Goal","In The Paint (Non-RA)","Center(C)","Less Than 8 ft.",4,37,28,1,1],["0021200378",481,4,3,4,"Made Shot","Slam Dunk Shot","2PT Field Goal","Restricted Area","Center(C)","Less Than 8 ft.",2,15,14,1,1],["0021200528",466,4,7,16,"Made Shot","Layup Shot","2PT Field Goal","In The Paint (Non-RA)","Center(C)","Less Than 8 ft.",4,-5,44,1,1],["0021200528",509,4,4,15,"Made Shot","Layup Shot","2PT Field Goal","Restricted Area","Center(C)","Less Than 8 ft.",3,24,19,1,1],["0021200547",482,4,4,39,"Missed Shot","Driving Jump shot","2PT Field Goal","In The Paint (Non-RA)","Center(C)","Less Than 8 ft.",4,20,39,1,0],["0021200547",489,4,3,37,"Missed Shot","Driving Reverse Layup Shot","2PT Field Goal","Restricted Area","Center(C)","Less Than 8 ft.",2,28,4,1,0],["0021200547",512,4,0,13,"Missed Shot","Layup Shot","2PT Field Goal","Restricted Area","Center(C)","Less Than 8 ft.",3,23,20,1,0],["0021200639",359,3,2,38,"Made Shot","Running Slam Dunk Shot","2PT Field Goal","Restricted Area","Center(C)","Less Than 8 ft.",1,-11,9,1,1],["0021200639",382,3,0,1,"Missed Shot","Jump Shot","3PT Field Goal","Backcourt","Back Court(BC)","Back Court Shot",74,-62,739,1,0],["0021200639",498,4,3,57,"Missed Shot","Hook Shot","2PT Field Goal","Restricted Area","Center(C)","Less Than 8 ft.",3,6,37,1,0],["0021200657",40,1,6,58,"Made Shot","Tip Shot","2PT Field Goal","Restricted Area","Center(C)","Less Than 8 ft.",0,2,7,1,1],["0021200657",47,1,6,17,"Missed Shot","Jump Shot","2PT Field Goal","In The Paint (Non-RA)","Center(C)","Less Than 8 ft.",5,47,26,1,0],["0021200668",4,1,11,13,"Made Shot","Dunk Shot","2PT Field Goal","Restricted Area","Center(C)","Less Than 8 ft.",0,1,0,1,1],["0021200668",35,1,7,14,"Missed Shot","Dunk Shot","2PT Field Goal","Restricted Area","Center(C)","Less Than 8 ft.",0,2,0,1,0],["0021200668",39,1,6,55,"Missed Shot","Layup Shot","2PT Field Goal","Restricted Area","Center(C)","Less Than 8 ft.",1,-13,-2,1,0],["0021200668",41,1,6,52,"Missed Shot","Layup Shot","2PT Field Goal","Restricted Area","Center(C)","Less Than 8 ft.",1,-13,0,1,0],["0021200668",258,3,11,22,"Made Shot","Layup Shot","2PT Field Goal","Restricted Area","Center(C)","Less Than 8 ft.",0,-7,-3,1,1],["0021200668",262,3,10,48,"Missed Shot","Layup Shot","2PT Field Goal","Restricted Area","Center(C)","Less Than 8 ft.",0,4,4,1,0],["0021200668",276,3,9,37,"Made Shot","Layup Shot","2PT Field Goal","Restricted Area","Center(C)","Less Than 8 ft.",1,-13,0,1,1],["0021200668",282,3,9,2,"Made Shot","Hook Shot","2PT Field Goal","Restricted Area","Center(C)","Less Than 8 ft.",2,-16,22,1,1],["0021200668",292,3,7,25,"Made Shot","Dunk Shot","2PT Field Goal","Restricted Area","Center(C)","Less Than 8 ft.",0,-2,3,1,1],["0021200683",140,2,9,42,"Made Shot","Jump Hook Shot","2PT Field Goal","Restricted Area","Center(C)","Less Than 8 ft.",3,2,31,1,1],["0021200683",171,2,7,19,"Made Shot","Layup Shot","2PT Field Goal","Restricted Area","Center(C)","Less Than 8 ft.",2,-5,20,1,1],["0021200694",103,1,0,7,"Made Shot","Jump Shot","2PT Field Goal","In The Paint (Non-RA)","Center(C)","Less Than 8 ft.",5,-40,42,1,1],["0021200694",144,2,9,52,"Made Shot","Layup Shot","2PT Field Goal","Restricted Area","Center(C)","Less Than 8 ft.",1,-10,12,1,1],["0021200694",376,3,2,23,"Made Shot","Layup Shot","2PT Field Goal","Restricted Area","Center(C)","Less Than 8 ft.",1,-5,15,1,1],["0021200694",397,3,0,34,"Missed Shot","Jump Shot","2PT Field Goal","In The Paint (Non-RA)","Center(C)","8-16 ft.",11,-57,104,1,0],["0021200712",6,1,11,22,"Made Shot","Dunk Shot","2PT Field Goal","Restricted Area","Center(C)","Less Than 8 ft.",0,4,-2,1,1],["0021200712",177,2,6,40,"Missed Shot","Layup Shot","2PT Field Goal","Restricted Area","Center(C)","Less Than 8 ft.",1,-16,0,1,0],["0021200712",179,2,6,38,"Missed Shot","Layup Shot","2PT Field Goal","Restricted Area","Center(C)","Less Than 8 ft.",2,-23,-2,1,0],["0021200730",286,3,9,5,"Made Shot","Driving Finger Roll Layup Shot","2PT Field Goal","Restricted Area","Center(C)","Less Than 8 ft.",1,1,12,1,1],["0021200730",312,3,5,36,"Missed Shot","Running Hook Shot","2PT Field Goal","In The Paint (Non-RA)","Center(C)","Less Than 8 ft.",5,-21,47,1,0],["0021200750",11,1,10,55,"Made Shot","Jump Shot","2PT Field Goal","In The Paint (Non-RA)","Center(C)","Less Than 8 ft.",4,-24,39,1,1],["0021200750",309,3,9,1,"Missed Shot","Hook Shot","2PT Field Goal","Mid-Range","Right Side(R)","8-16 ft.",9,95,22,1,0],["0021200768",33,1,9,6,"Missed Shot","Jump Shot","2PT Field Goal","Restricted Area","Center(C)","Less Than 8 ft.",3,-35,9,1,0],["0021200785",12,1,10,21,"Made Shot","Layup Shot","2PT Field Goal","Restricted Area","Center(C)","Less Than 8 ft.",1,-11,0,1,1],["0021200785",22,1,9,11,"Missed Shot","Driving Finger Roll Layup Shot","2PT Field Goal","Restricted Area","Center(C)","Less Than 8 ft.",0,0,6,1,0],["0021200785",567,4,2,2,"Made Shot","Tip Shot","2PT Field Goal","Restricted Area","Center(C)","Less Than 8 ft.",0,1,-2,1,1],["0021200806",22,1,9,43,"Missed Shot","Running Layup Shot","2PT Field Goal","Restricted Area","Center(C)","Less Than 8 ft.",1,-16,4,1,0],["0021200806",26,1,9,40,"Made Shot","Putback Layup Shot","2PT Field Goal","Restricted Area","Center(C)","Less Than 8 ft.",0,1,1,1,1],["0021200806",295,3,11,30,"Missed Shot","Layup Shot","2PT Field Goal","Restricted Area","Center(C)","Less Than 8 ft.",2,-8,25,1,0],["0021200806",300,3,11,19,"Made Shot","Putback Layup Shot","2PT Field Goal","Restricted Area","Center(C)","Less Than 8 ft.",1,10,3,1,1],["0021200806",318,3,9,6,"Missed Shot","Layup Shot","2PT Field Goal","Restricted Area","Center(C)","Less Than 8 ft.",0,-5,6,1,0],["0021200818",3,1,11,42,"Made Shot","Layup Shot","2PT Field Goal","Restricted Area","Center(C)","Less Than 8 ft.",2,-21,11,1,1],["0021200818",21,1,9,31,"Made Shot","Layup Shot","2PT Field Goal","Restricted Area","Center(C)","Less Than 8 ft.",2,-18,22,1,1],["0021200830",9,1,10,52,"Missed Shot","Jump Hook Shot","2PT Field Goal","In The Paint (Non-RA)","Left Side(L)","8-16 ft.",8,-57,69,1,0],["0021200848",40,1,7,51,"Made Shot","Jump Bank Shot","2PT Field Goal","Restricted Area","Center(C)","Less Than 8 ft.",2,-7,23,1,1],["0021200848",50,1,6,35,"Made Shot","Slam Dunk Shot","2PT Field Goal","Restricted Area","Center(C)","Less Than 8 ft.",0,0,-6,1,1],["0021200940",465,4,1,46,"Missed Shot","Layup Shot","2PT Field Goal","Restricted Area","Center(C)","Less Than 8 ft.",0,2,7,1,0],["0021200940",485,4,0,6,"Missed Shot","Layup Shot","2PT Field Goal","Restricted Area","Center(C)","Less Than 8 ft.",0,0,4,1,0],["0021200996",500,4,0,41,"Missed Shot","Hook Shot","2PT Field Goal","In The Paint (Non-RA)","Center(C)","8-16 ft.",10,47,91,1,0],["0021201072",523,4,2,4,"Made Shot","Putback Layup Shot","2PT Field Goal","Restricted Area","Center(C)","Less Than 8 ft.",0,7,3,1,1],["0021201224",510,4,2,32,"Made Shot","Layup Shot","2PT Field Goal","Restricted Area","Center(C)","Less Than 8 ft.",0,0,9,1,1]]}},"GameList":{"21200325":[203108,"0021200325","12/14/2012","DAL","Mavericks","TOR","Raptors",0,0,0,0,0,0,2,0,0,0,3],"21200378":[203108,"0021200378","12/20/2012","DAL","Mavericks","MIA","Heat",1,12,6,10,0,0,0,3,1,1,9],"21200214":[203108,"0021200214","11/28/2012","DAL","Mavericks","CHI","Bulls",0,1,0,0,0,0,1,0,1,0,2],"21201169":[203108,"0021201169","04/10/2013","DAL","Mavericks","PHX","Suns",0,0,0,0,0,0,1,0,0,0,1],"21201015":[203108,"0021201015","03/20/2013","DAL","Mavericks","BKN","Nets",0,0,0,0,0,0,0,0,0,0,0],"21200694":[203108,"0021200694","02/01/2013","DAL","Mavericks","PHX","Suns",0,7,3,4,0,0,1,0,1,0,5],"21200469":[203108,"0021200469","01/02/2013","DAL","Mavericks","MIA","Heat",0,0,0,0,0,0,0,0,0,0,0],"21201199":[203108,"0021201199","04/14/2013","DAL","Mavericks","NOH","Hornets",1,0,0,0,0,0,2,0,1,0,0],"21200135":[203108,"0021200135","11/17/2012","DAL","Mavericks","CLE","Cavaliers",1,4,2,5,0,0,1,3,0,0,5],"21200547":[203108,"0021200547","01/12/2013","DAL","Mavericks","MEM","Grizzlies",0,0,0,3,0,0,0,0,0,0,3],"21200034":[203108,"0021200034","11/03/2012","DAL","Mavericks","CHA","Bobcats",0,0,0,0,0,0,1,0,0,0,0],"21201072":[203108,"0021201072","03/28/2013","DAL","Mavericks","IND","Pacers",0,2,1,1,0,0,0,1,0,1,2],"21200115":[203108,"0021200115","11/14/2012","DAL","Mavericks","WAS","Wizards",2,4,2,4,0,1,1,0,0,0,3],"21200657":[203108,"0021200657","01/27/2013","DAL","Mavericks","PHX","Suns",0,2,1,2,0,0,2,0,0,0,3],"21200290":[203108,"0021200290","12/08/2012","DAL","Mavericks","HOU","Rockets",0,1,0,1,0,0,3,0,0,0,1],"21200639":[203108,"0021200639","01/25/2013","DAL","Mavericks","SAS","Spurs",0,4,1,3,0,1,2,1,1,0,3],"21200768":[203108,"0021200768","02/11/2013","DAL","Mavericks","ATL","Hawks",0,0,0,1,0,0,0,0,1,1,3],"21200071":[203108,"0021200071","11/09/2012","DAL","Mavericks","NYK","Knicks",0,0,0,0,0,0,0,0,0,0,0],"21200151":[203108,"0021200151","11/19/2012","DAL","Mavericks","GSW","Warriors",0,4,2,2,0,0,1,3,0,0,5],"21200830":[203108,"0021200830","02/24/2013","DAL","Mavericks","LAL","Lakers",1,0,0,1,0,0,2,0,0,0,0],"21200528":[203108,"0021200528","01/10/2013","DAL","Mavericks","SAC","Kings",0,4,2,2,0,0,2,0,0,0,1],"21200976":[203108,"0021200976","03/15/2013","DAL","Mavericks","CLE","Cavaliers",0,0,0,0,0,0,0,0,0,0,1],"21200996":[203108,"0021200996","03/18/2013","DAL","Mavericks","ATL","Hawks",0,0,0,1,0,0,0,1,0,0,0],"21200187":[203108,"0021200187","11/24/2012","DAL","Mavericks","LAL","Lakers",0,7,3,4,0,0,1,4,1,0,5],"21200267":[203108,"0021200267","12/05/2012","DAL","Mavericks","LAC","Clippers",1,0,0,0,0,0,1,2,0,0,3],"21200785":[203108,"0021200785","02/13/2013","DAL","Mavericks","SAC","Kings",1,5,2,3,0,0,4,3,0,0,6],"21200683":[203108,"0021200683","01/31/2013","DAL","Mavericks","GSW","Warriors",2,6,2,2,0,0,4,1,1,1,8],"21200806":[203108,"0021200806","02/20/2013","DAL","Mavericks","ORL","Magic",0,6,2,5,0,0,2,0,0,0,4],"21200302":[203108,"0021200302","12/10/2012","DAL","Mavericks","SAC","Kings",0,0,0,1,0,0,0,1,0,0,1],"21200668":[203108,"0021200668","01/29/2013","DAL","Mavericks","POR","Trail Blazers",1,10,5,9,0,0,3,1,0,0,3],"21200712":[203108,"0021200712","02/04/2013","DAL","Mavericks","OKC","Thunder",0,2,1,3,0,0,3,4,1,0,6],"21200750":[203108,"0021200750","02/09/2013","DAL","Mavericks","GSW","Warriors",1,2,1,2,0,0,4,0,1,0,3],"21200124":[203108,"0021200124","11/16/2012","DAL","Mavericks","IND","Pacers",1,9,2,4,0,0,2,2,0,0,7],"21200730":[203108,"0021200730","02/06/2013","DAL","Mavericks","POR","Trail Blazers",0,2,1,2,0,0,2,1,0,1,2],"21200848":[203108,"0021200848","02/26/2013","DAL","Mavericks","MIL","Bucks",1,4,2,2,0,0,1,0,0,0,2],"21201224":[203108,"0021201224","04/17/2013","DAL","Mavericks","NOH","Hornets",0,2,1,1,0,0,1,0,0,0,0],"21201045":[203108,"0021201045","03/24/2013","DAL","Mavericks","UTA","Jazz",0,1,0,0,0,0,0,0,0,0,1],"21200100":[203108,"0021200100","11/12/2012","DAL","Mavericks","MIN","Timberwolves",1,6,3,4,0,0,0,0,0,0,4],"21200046":[203108,"0021200046","11/05/2012","DAL","Mavericks","POR","Trail Blazers",0,0,0,0,0,0,0,0,0,0,0],"21200061":[203108,"0021200061","11/07/2012","DAL","Mavericks","TOR","Raptors",1,6,2,4,0,0,4,0,0,0,9],"21200940":[203108,"0021200940","03/10/2013","DAL","Mavericks","MIN","Timberwolves",0,0,0,2,0,0,0,0,0,0,1],"21200240":[203108,"0021200240","12/01/2012","DAL","Mavericks","DET","Pistons",0,6,3,8,0,0,1,0,0,0,3],"21200885":[203108,"0021200885","03/03/2013","DAL","Mavericks","HOU","Rockets",0,0,0,0,0,0,4,0,0,0,0],"21200009":[203108,"0021200009","10/31/2012","DAL","Mavericks","UTA","Jazz",1,8,1,5,0,0,3,0,1,0,6],"21200818":[203108,"0021200818","02/22/2013","DAL","Mavericks","NOH","Hornets",1,4,2,2,0,0,1,7,1,1,6],"21201029":[203108,"0021201029","03/22/2013","DAL","Mavericks","BOS","Celtics",0,0,0,0,0,0,1,0,0,0,1]},"data":[28.0,46,11,9.9,1.2,2.2,0.515,0.0,0.0,0.0,0.5,0.9,0.61,1.1,1.7,2.8,0.1,0.3,0.8,0.4,1.4,2.8],"rank":{"PerGame":[null,null,null,null,null,null,null,null,null,null,null,null,null,null,null,null,null,null,null],"Totals":[351,352,372,null,333,354,null,318,307,null,173,305,275,418,360,102,368,355,316]},"team":"DAL"}},"headerData":["PLAYER_AGE","GP","GS","MIN","FGM","FGA","FG_PCT","FG3M","FG3A","FG3_PCT","FTM","FTA","FT_PCT","OREB","DREB","REB","AST","STL","BLK","TOV","PF","PTS"],"PostSeason":{"2014":{"shotchart":{"Averages":{"header":["SHOT_ZONE_BASIC","SHOT_ZONE_AREA","SHOT_ZONE_RANGE","FGA","FGM","FG_PCT"],"row":[["Above the Break 3","Back Court(BC)","Back Court Shot",4,0,0.0],["Above the Break 3","Center(C)","24+ ft.",706,219,0.31],["Above the Break 3","Left Side Center(LC)","24+ ft.",1166,406,0.348],["Above the Break 3","Right Side Center(RC)","24+ ft.",1215,404,0.333],["Backcourt","Back Court(BC)","Back Court Shot",32,2,0.063],["In The Paint (Non-RA)","Center(C)","8-16 ft.",488,198,0.406],["In The Paint (Non-RA)","Center(C)","Less Than 8 ft.",1467,527,0.359],["In The Paint (Non-RA)","Left Side(L)","8-16 ft.",113,56,0.496],["In The Paint (Non-RA)","Right Side(R)","8-16 ft.",143,51,0.357],["Left Corner 3","Left Side(L)","24+ ft.",496,202,0.407],["Mid-Range","Center(C)","8-16 ft.",125,52,0.416],["Mid-Range","Center(C)","16-24 ft.",415,169,0.407],["Mid-Range","Left Side Center(LC)","16-24 ft.",479,159,0.332],["Mid-Range","Left Side(L)","16-24 ft.",299,109,0.365],["Mid-Range","Left Side(L)","8-16 ft.",538,183,0.34],["Mid-Range","Right Side Center(RC)","16-24 ft.",479,193,0.403],["Mid-Range","Right Side(R)","16-24 ft.",293,106,0.362],["Mid-Range","Right Side(R)","8-16 ft.",418,155,0.371],["Restricted Area","Center(C)","Less Than 8 ft.",4299,2582,0.601],["Right Corner 3","Right Side(R)","24+ ft.",514,188,0.366]]},"Details":{"header":["GAME_ID","GAME_EVENT_ID","PERIOD","MINUTES_REMAINING","SECONDS_REMAINING","EVENT_TYPE","ACTION_TYPE","SHOT_TYPE","SHOT_ZONE_BASIC","SHOT_ZONE_AREA","SHOT_ZONE_RANGE","SHOT_DISTANCE","LOC_X","LOC_Y","SHOT_ATTEMPTED_FLAG","SHOT_MADE_FLAG"],"row":[]}},"GameList":{"41400152":[203108,"0041400152","04/21/2015","DAL","Mavericks","HOU","Rockets",0,0,0,0,0,0,0,0,0,0,0]},"data":[30.0,1,0,2.0,0.0,0.0,0.0,0.0,0.0,0.0,0.0,0.0,0.0,0.0,0.0,0.0,0.0,0.0,0.0,0.0,0.0,0.0],"rank":{"PerGame":[null,null,null,null,null,null,null,null,null,null,null,null,null,null,null,null,null,null,null],"Totals":[205,191,204,null,125,152,null,164,166,null,164,199,201,179,159,136,173,194,196]},"team":"DAL"},"2013":{"shotchart":{"Averages":{"header":["SHOT_ZONE_BASIC","SHOT_ZONE_AREA","SHOT_ZONE_RANGE","FGA","FGM","FG_PCT"],"row":[["Above the Break 3","Back Court(BC)","Back Court Shot",7,0,0.0],["Above the Break 3","Center(C)","24+ ft.",751,250,0.333],["Above the Break 3","Left Side Center(LC)","24+ ft.",1009,354,0.351],["Above the Break 3","Right Side Center(RC)","24+ ft.",1139,419,0.368],["Backcourt","Back Court(BC)","Back Court Shot",38,2,0.053],["In The Paint (Non-RA)","Center(C)","8-16 ft.",482,184,0.382],["In The Paint (Non-RA)","Center(C)","Less Than 8 ft.",1351,549,0.406],["In The Paint (Non-RA)","Left Side(L)","8-16 ft.",116,46,0.397],["In The Paint (Non-RA)","Right Side(R)","8-16 ft.",139,51,0.367],["Left Corner 3","Left Side(L)","24+ ft.",550,221,0.402],["Mid-Range","Center(C)","8-16 ft.",151,57,0.377],["Mid-Range","Center(C)","16-24 ft.",471,189,0.401],["Mid-Range","Left Side Center(LC)","16-24 ft.",590,243,0.412],["Mid-Range","Left Side(L)","16-24 ft.",388,160,0.412],["Mid-Range","Left Side(L)","8-16 ft.",680,269,0.396],["Mid-Range","Right Side Center(RC)","16-24 ft.",618,251,0.406],["Mid-Range","Right Side(R)","16-24 ft.",412,152,0.369],["Mid-Range","Right Side(R)","8-16 ft.",475,195,0.411],["Restricted Area","Center(C)","Less Than 8 ft.",4388,2700,0.615],["Right Corner 3","Right Side(R)","24+ ft.",481,179,0.372]]},"Details":{"header":["GAME_ID","GAME_EVENT_ID","PERIOD","MINUTES_REMAINING","SECONDS_REMAINING","EVENT_TYPE","ACTION_TYPE","SHOT_TYPE","SHOT_ZONE_BASIC","SHOT_ZONE_AREA","SHOT_ZONE_RANGE","SHOT_DISTANCE","LOC_X","LOC_Y","SHOT_ATTEMPTED_FLAG","SHOT_MADE_FLAG"],"row":[]}},"GameList":{"41300142":[203108,"0041300142","04/23/2014","DAL","Mavericks","SAS","Spurs",0,0,0,0,0,0,0,0,0,0,1],"41300147":[203108,"0041300147","05/04/2014","DAL","Mavericks","SAS","Spurs",0,0,0,0,0,0,0,0,1,0,0]},"data":[29.0,2,0,4.0,0.0,0.0,0.0,0.0,0.0,0.0,0.0,0.0,0.0,0.5,0.0,0.5,0.0,0.5,0.0,0.0,0.0,0.0],"rank":{"PerGame":[null,null,null,null,null,null,null,null,null,null,null,null,null,null,null,null,null,null,null],"Totals":[186,182,194,null,121,147,null,168,172,null,150,196,187,177,140,132,177,185,184]},"team":"DAL"}}}}