{"info":{"FIRST_NAME":"Bernie","LAST_NAME":"Harris","WEIGHT":"200","COUNTRY":"USA","SCHOOL":"Virginia Commonwealth","BIRTHDATE":"1950-11-26T00:00:00","HEIGHT":"6-10","TO_YEAR":1974,"DLEAGUE":"N","FROM_YEAR":1974,"TEAM":"BUF","PERSON_ID":76957,"SEASON_EXP":0,"POSITION":"Forward","ROSTERSTATUS":"Active","ALL_STAR":0,"PIE":0,"JERSEY":"34"},"career":{"header":["MIN","FGM","FGA","FG_PCT","FG3M","FG3A","FG3_PCT","FTM","FTA","FT_PCT","OREB","DREB","REB","AST","STL","BLK","TOV","PF","PTS"],"RegularSeason":{"PerGame":[2.3,0.2,1.0,0.182,null,null,null,0.1,0.2,0.5,0.2,0.5,0.7,0.1,0.0,0.1,null,0.0,0.5],"GS":null,"GP":11},"PostSeason":{}},"season":{"headerRank":["RANK_PG_MIN","RANK_PG_FGM","RANK_PG_FGA","RANK_FG_PCT","RANK_PG_FG3M","RANK_PG_FG3A","RANK_FG3_PCT","RANK_PG_FTM","RANK_PG_FTA","RANK_FT_PCT","RANK_PG_OREB","RANK_PG_DREB","RANK_PG_REB","RANK_PG_AST","RANK_PG_STL","RANK_PG_BLK","RANK_PG_TOV","RANK_PG_PTS","RANK_PG_EFF"],"headerGame":["PLAYER_ID","SEASON_YEAR","TOV","PTS","FGM","FG3M","FG3A","PF","BLK","STL","AST","REB"],"RegularSeason":{"1974":{"GameList":{"27400296":[76957,"0027400296","12/30/1974","BUF","Braves","MIL","Bucks",0,0,0,0,0,0,0,0,0,0,0],"27400309":[76957,"0027400309","01/03/1975","BUF","Braves","DET","Pistons",0,0,0,0,0,0,0,0,0,0,0],"27400285":[76957,"0027400285","12/27/1974","BUF","Braves","PHX","Suns",0,0,0,0,0,0,0,0,0,0,0],"27400351":[76957,"0027400351","01/12/1975","BUF","Braves","BOS","Celtics",0,2,0,0,0,0,0,0,0,0,0],"27400237":[76957,"0027400237","12/14/1974","BUF","Braves","NYK","Knicks",0,0,0,0,0,0,0,0,0,0,0],"27400032":[76957,"0027400032","10/24/1974","BUF","Braves","NYK","Knicks",0,0,0,0,0,0,0,0,0,0,0],"27400049":[76957,"0027400049","10/29/1974","BUF","Braves","GOS","Warriors",0,0,0,0,0,0,0,0,0,0,0],"27400152":[76957,"0027400152","11/23/1974","BUF","Braves","PHX","Suns",0,0,0,0,0,0,0,0,0,0,0],"27400073":[76957,"0027400073","11/03/1974","BUF","Braves","LAL","Lakers",0,1,0,0,0,0,0,0,0,0,0],"27400227":[76957,"0027400227","12/12/1974","BUF","Braves","HOU","Rockets",0,2,0,0,0,0,0,0,0,0,0]},"data":[24.0,11,null,2.3,0.2,1.0,0.182,null,null,null,0.1,0.2,0.5,0.2,0.5,0.7,0.1,0.0,0.1,null,0.0,0.5],"rank":{"PerGame":[null,null,null,null,null,null,null,null,null,null,null,null,null,null,null,null,null,null,null],"Totals":[228,230,229,null,null,null,null,227,226,null,228,227,227,231,229,214,null,231,1]},"team":"BUF"}},"headerData":["PLAYER_AGE","GP","GS","MIN","FGM","FGA","FG_PCT","FG3M","FG3A","FG3_PCT","FTM","FTA","FT_PCT","OREB","DREB","REB","AST","STL","BLK","TOV","PF","PTS"],"PostSeason":{}}}