{"info":{"FIRST_NAME":"Bernard","LAST_NAME":"Robinson","WEIGHT":"210","COUNTRY":"USA","SCHOOL":"Michigan","BIRTHDATE":"1980-12-26T00:00:00","HEIGHT":"6-6","TO_YEAR":2006,"DLEAGUE":"N","FROM_YEAR":2004,"TEAM":"NJN","PERSON_ID":2774,"SEASON_EXP":3,"POSITION":"Guard-Forward","ROSTERSTATUS":"Active","ALL_STAR":0,"PIE":0,"JERSEY":"22"},"career":{"header":["MIN","FGM","FGA","FG_PCT","FG3M","FG3A","FG3_PCT","FTM","FTA","FT_PCT","OREB","DREB","REB","AST","STL","BLK","TOV","PF","PTS"],"RegularSeason":{"PerGame":[14.9,1.7,4.0,0.417,0.0,0.2,0.161,1.1,1.5,0.786,0.7,1.8,2.5,1.0,0.9,0.1,0.9,1.7,4.5],"GS":19,"GP":128},"PostSeason":{"PerGame":[6.0,0.0,1.0,0.0,0.0,0.0,0.0,0.0,0.0,0.0,0.0,1.0,1.0,2.0,1.0,0.0,1.0,2.0,0.0],"GS":0,"GP":1}},"season":{"headerRank":["RANK_PG_MIN","RANK_PG_FGM","RANK_PG_FGA","RANK_FG_PCT","RANK_PG_FG3M","RANK_PG_FG3A","RANK_FG3_PCT","RANK_PG_FTM","RANK_PG_FTA","RANK_FT_PCT","RANK_PG_OREB","RANK_PG_DREB","RANK_PG_REB","RANK_PG_AST","RANK_PG_STL","RANK_PG_BLK","RANK_PG_TOV","RANK_PG_PTS","RANK_PG_EFF"],"headerGame":["PLAYER_ID","GAME_ID","GAME_DATE","TEAM_ABBREVIATION","TEAM_NAME","VS_TEAM_ABBREVIATION","VS_TEAM_NAME","TOV","PTS","FGM","FGA","FG3M","FG3A","PF","BLK","STL","AST","REB"],"RegularSeason":{"2006":{"shotchart":{"Averages":{"header":["SHOT_ZONE_BASIC","SHOT_ZONE_AREA","SHOT_ZONE_RANGE","FGA","FGM","FG_PCT"],"row":[["Above the Break 3","Back Court(BC)","Back Court Shot",125,2,0.016],["Above the Break 3","Center(C)","24+ ft.",6301,2159,0.343],["Above the Break 3","Left Side Center(LC)","24+ ft.",11690,4127,0.353],["Above the Break 3","Right Side Center(RC)","24+ ft.",11408,4110,0.36],["Backcourt","Back Court(BC)","Back Court Shot",376,10,0.027],["In The Paint (Non-RA)","Center(C)","8-16 ft.",5347,2287,0.428],["In The Paint (Non-RA)","Center(C)","Less Than 8 ft.",16224,6700,0.413],["In The Paint (Non-RA)","Left Side(L)","8-16 ft.",1830,742,0.405],["In The Paint (Non-RA)","Right Side(R)","8-16 ft.",1812,681,0.376],["Left Corner 3","Left Side(L)","24+ ft.",6296,2420,0.384],["Mid-Range","Center(C)","16-24 ft.",7053,2804,0.398],["Mid-Range","Center(C)","8-16 ft.",1778,753,0.424],["Mid-Range","Left Side Center(LC)","16-24 ft.",9939,3929,0.395],["Mid-Range","Left Side(L)","16-24 ft.",9372,3773,0.403],["Mid-Range","Left Side(L)","8-16 ft.",9478,3607,0.381],["Mid-Range","Right Side Center(RC)","16-24 ft.",10491,4361,0.416],["Mid-Range","Right Side(R)","16-24 ft.",8162,3303,0.405],["Mid-Range","Right Side(R)","8-16 ft.",8486,3309,0.39],["Restricted Area","Center(C)","Less Than 8 ft.",64492,38707,0.6],["Right Corner 3","Right Side(R)","24+ ft.",5412,2076,0.384]]},"Details":{"header":["GAME_ID","GAME_EVENT_ID","PERIOD","MINUTES_REMAINING","SECONDS_REMAINING","EVENT_TYPE","ACTION_TYPE","SHOT_TYPE","SHOT_ZONE_BASIC","SHOT_ZONE_AREA","SHOT_ZONE_RANGE","SHOT_DISTANCE","LOC_X","LOC_Y","SHOT_ATTEMPTED_FLAG","SHOT_MADE_FLAG"],"row":[["0020600004",158,2,9,48,"Missed Shot","Fadeaway Jump Shot","2PT Field Goal","Mid-Range","Left Side(L)","8-16 ft.",15,-156,10,1,0],["0020600004",491,4,4,7,"Missed Shot","Jump Shot","2PT Field Goal","Mid-Range","Left Side Center(LC)","16-24 ft.",17,-95,148,1,0],["0020600004",506,4,2,49,"Missed Shot","Jump Shot","2PT Field Goal","In The Paint (Non-RA)","Left Side(L)","8-16 ft.",8,-79,15,1,0],["0020600032",87,1,2,26,"Missed Shot","Jump Shot","2PT Field Goal","Mid-Range","Right Side Center(RC)","16-24 ft.",22,120,191,1,0],["0020600032",525,4,0,15,"Made Shot","Dunk Shot","2PT Field Goal","Restricted Area","Center(C)","Less Than 8 ft.",0,0,0,1,1],["0020600061",165,2,9,25,"Made Shot","Jump Shot","2PT Field Goal","Mid-Range","Right Side Center(RC)","16-24 ft.",19,112,158,1,1],["0020600061",265,2,0,38,"Missed Shot","Running Jump Shot","2PT Field Goal","In The Paint (Non-RA)","Center(C)","Less Than 8 ft.",5,1,56,1,0],["0020600061",388,3,0,38,"Missed Shot","Layup Shot","2PT Field Goal","Restricted Area","Center(C)","Less Than 8 ft.",2,21,-1,1,0],["0020600061",416,4,10,20,"Made Shot","Driving Layup Shot","2PT Field Goal","Restricted Area","Center(C)","Less Than 8 ft.",2,-20,17,1,1],["0020600075",351,3,0,1,"Missed Shot","Jump Shot","3PT Field Goal","Above the Break 3","Right Side Center(RC)","24+ ft.",26,190,183,1,0],["0020600102",92,1,2,36,"Missed Shot","Jump Shot","2PT Field Goal","Mid-Range","Right Side(R)","8-16 ft.",11,112,28,1,0],["0020600102",140,2,8,52,"Made Shot","Layup Shot","2PT Field Goal","Restricted Area","Center(C)","Less Than 8 ft.",0,0,0,1,1],["0020600102",149,2,7,59,"Missed Shot","Layup Shot","2PT Field Goal","Restricted Area","Center(C)","Less Than 8 ft.",0,0,0,1,0],["0020600102",315,3,5,25,"Missed Shot","Jump Shot","2PT Field Goal","Mid-Range","Right Side(R)","8-16 ft.",10,103,-1,1,0],["0020600102",348,3,2,29,"Made Shot","Jump Shot","2PT Field Goal","Mid-Range","Left Side(L)","8-16 ft.",14,-131,71,1,1],["0020600102",376,4,11,25,"Missed Shot","Jump Shot","2PT Field Goal","Mid-Range","Left Side(L)","16-24 ft.",17,-163,49,1,0],["0020600102",409,4,8,5,"Missed Shot","Jump Shot","2PT Field Goal","Mid-Range","Center(C)","16-24 ft.",19,6,191,1,0],["0020600114",242,2,0,37,"Missed Shot","Layup Shot","2PT Field Goal","Restricted Area","Center(C)","Less Than 8 ft.",2,24,7,1,0],["0020600114",250,2,0,7,"Made Shot","Tip Shot","2PT Field Goal","Restricted Area","Center(C)","Less Than 8 ft.",1,1,13,1,1],["0020600114",341,3,0,58,"Missed Shot","Layup Shot","2PT Field Goal","Restricted Area","Center(C)","Less Than 8 ft.",2,-20,13,1,0],["0020600114",361,4,11,32,"Made Shot","Layup Shot","2PT Field Goal","Restricted Area","Center(C)","Less Than 8 ft.",2,-23,7,1,1],["0020600114",363,4,10,55,"Missed Shot","Layup Shot","2PT Field Goal","Restricted Area","Center(C)","Less Than 8 ft.",2,-21,13,1,0],["0020600131",119,2,11,2,"Missed Shot","Jump Shot","2PT Field Goal","Mid-Range","Left Side(L)","16-24 ft.",16,-166,-1,1,0],["0020600131",131,2,10,21,"Missed Shot","Layup Shot","2PT Field Goal","Restricted Area","Center(C)","Less Than 8 ft.",0,0,0,1,0],["0020600131",346,3,1,32,"Missed Shot","Driving Layup Shot","2PT Field Goal","Restricted Area","Center(C)","Less Than 8 ft.",0,0,0,1,0],["0020600131",379,4,10,43,"Made Shot","Driving Layup Shot","2PT Field Goal","Restricted Area","Center(C)","Less Than 8 ft.",0,0,0,1,1],["0020600131",408,4,7,10,"Missed Shot","Jump Shot","2PT Field Goal","Mid-Range","Left Side(L)","16-24 ft.",17,-172,18,1,0],["0020600131",416,4,6,9,"Made Shot","Layup Shot","2PT Field Goal","Restricted Area","Center(C)","Less Than 8 ft.",0,0,0,1,1],["0020600144",398,4,11,29,"Missed Shot","Layup Shot","2PT Field Goal","Restricted Area","Center(C)","Less Than 8 ft.",0,0,0,1,0],["0020600175",91,1,0,1,"Missed Shot","Jump Shot","3PT Field Goal","Above the Break 3","Left Side Center(LC)","24+ ft.",38,-133,360,1,0],["0020600205",228,2,1,44,"Missed Shot","Jump Shot","2PT Field Goal","Mid-Range","Left Side(L)","8-16 ft.",14,-112,92,1,0],["0020600213",212,2,4,24,"Missed Shot","Jump Shot","2PT Field Goal","In The Paint (Non-RA)","Center(C)","Less Than 8 ft.",4,-39,10,1,0],["0020600213",250,2,0,59,"Made Shot","Jump Shot","2PT Field Goal","Mid-Range","Left Side(L)","16-24 ft.",17,-171,33,1,1],["0020600225",465,4,1,24,"Missed Shot","Layup Shot","2PT Field Goal","Restricted Area","Center(C)","Less Than 8 ft.",1,13,-5,1,0],["0020600274",125,1,0,37,"Missed Shot","Jump Shot","2PT Field Goal","Mid-Range","Right Side(R)","16-24 ft.",19,161,112,1,0],["0020600274",231,2,2,21,"Made Shot","Layup Shot","2PT Field Goal","Restricted Area","Center(C)","Less Than 8 ft.",0,0,0,1,1],["0020600274",343,3,2,32,"Missed Shot","Jump Shot","2PT Field Goal","Mid-Range","Center(C)","16-24 ft.",17,-41,174,1,0],["0020600274",393,4,8,53,"Missed Shot","Jump Shot","2PT Field Goal","Mid-Range","Left Side Center(LC)","16-24 ft.",16,-66,148,1,0],["0020600274",430,4,4,51,"Missed Shot","Finger Roll Shot","2PT Field Goal","Restricted Area","Center(C)","Less Than 8 ft.",0,0,0,1,0],["0020600296",174,2,3,55,"Missed Shot","Jump Shot","2PT Field Goal","Mid-Range","Left Side Center(LC)","16-24 ft.",18,-145,107,1,0],["0020600296",343,4,9,7,"Missed Shot","Layup Shot","2PT Field Goal","Restricted Area","Center(C)","Less Than 8 ft.",0,0,0,1,0],["0020600296",348,4,8,51,"Missed Shot","Jump Shot","2PT Field Goal","Mid-Range","Left Side(L)","16-24 ft.",17,-161,59,1,0],["0020600399",125,2,11,18,"Missed Shot","Jump Shot","2PT Field Goal","Mid-Range","Left Side(L)","16-24 ft.",16,-163,46,1,0],["0020600399",249,2,0,2,"Made Shot","Layup Shot","2PT Field Goal","Restricted Area","Center(C)","Less Than 8 ft.",0,0,0,1,1],["0020600416",127,2,10,21,"Missed Shot","Layup Shot","2PT Field Goal","Restricted Area","Center(C)","Less Than 8 ft.",0,0,0,1,0],["0020600416",357,3,2,26,"Made Shot","Layup Shot","2PT Field Goal","Restricted Area","Center(C)","Less Than 8 ft.",0,0,0,1,1],["0020600416",394,4,11,36,"Missed Shot","Jump Shot","2PT Field Goal","Mid-Range","Right Side Center(RC)","16-24 ft.",18,57,173,1,0],["0020600431",545,6,3,33,"Made Shot","Running Hook Shot","2PT Field Goal","Restricted Area","Center(C)","Less Than 8 ft.",2,6,26,1,1],["0020600431",554,6,2,28,"Missed Shot","Layup Shot","2PT Field Goal","Restricted Area","Center(C)","Less Than 8 ft.",0,0,0,1,0],["0020600431",555,6,2,25,"Missed Shot","Layup Shot","2PT Field Goal","Restricted Area","Center(C)","Less Than 8 ft.",0,0,0,1,0],["0020600431",588,7,4,26,"Missed Shot","Jump Shot","2PT Field Goal","Mid-Range","Left Side(L)","8-16 ft.",13,-136,28,1,0],["0020600431",592,7,3,55,"Missed Shot","Layup Shot","2PT Field Goal","Restricted Area","Center(C)","Less Than 8 ft.",0,0,0,1,0],["0020600431",594,7,3,49,"Made Shot","Layup Shot","2PT Field Goal","Restricted Area","Center(C)","Less Than 8 ft.",0,0,0,1,1],["0020600431",603,7,2,26,"Made Shot","Layup Shot","2PT Field Goal","Restricted Area","Center(C)","Less Than 8 ft.",0,0,0,1,1],["0020600679",395,4,3,50,"Missed Shot","Jump Shot","2PT Field Goal","Mid-Range","Left Side(L)","8-16 ft.",14,-140,20,1,0],["0020600679",421,4,2,18,"Made Shot","Layup Shot","2PT Field Goal","Restricted Area","Center(C)","Less Than 8 ft.",0,0,0,1,1],["0020600679",430,4,0,29,"Missed Shot","Layup Shot","2PT Field Goal","Restricted Area","Center(C)","Less Than 8 ft.",0,0,0,1,0],["0020600690",425,4,2,13,"Made Shot","Jump Shot","2PT Field Goal","Mid-Range","Left Side(L)","8-16 ft.",15,-158,0,1,1],["0020600768",405,4,3,50,"Missed Shot","Jump Shot","2PT Field Goal","In The Paint (Non-RA)","Center(C)","Less Than 8 ft.",6,-8,66,1,0],["0020600768",420,4,1,37,"Missed Shot","Driving Layup Shot","2PT Field Goal","Restricted Area","Center(C)","Less Than 8 ft.",0,0,0,1,0],["0020600923",504,4,2,6,"Made Shot","Layup Shot","2PT Field Goal","Restricted Area","Center(C)","Less Than 8 ft.",0,0,0,1,1],["0020600931",461,4,0,26,"Missed Shot","Jump Shot","2PT Field Goal","In The Paint (Non-RA)","Center(C)","Less Than 8 ft.",4,46,-3,1,0]]}},"GameList":{"20600213":[2774,"0020600213","11/29/2006","CHA","Bobcats","ATL","Hawks",0,2,1,2,0,0,1,0,0,0,1],"20600274":[2774,"0020600274","12/08/2006","CHA","Bobcats","HOU","Rockets",1,2,1,5,0,0,1,1,1,1,3],"20600399":[2774,"0020600399","12/23/2006","CHA","Bobcats","CHI","Bulls",2,2,1,2,0,0,1,0,1,1,1],"20600114":[2774,"0020600114","11/15/2006","CHA","Bobcats","SAS","Spurs",0,4,2,5,0,0,2,0,1,1,8],"20600032":[2774,"0020600032","11/04/2006","CHA","Bobcats","CLE","Cavaliers",0,2,1,2,0,0,2,0,0,0,2],"20600879":[2774,"0020600879","03/03/2007","NJN","Nets","BOS","Celtics",0,0,0,0,0,0,0,0,0,0,0],"20601085":[2774,"0020601085","03/31/2007","NJN","Nets","PHI","76ers",0,0,0,0,0,0,0,0,0,0,0],"20600075":[2774,"0020600075","11/10/2006","CHA","Bobcats","SEA","SuperSonics",1,2,0,1,0,1,1,0,1,1,0],"20600131":[2774,"0020600131","11/18/2006","CHA","Bobcats","ORL","Magic",3,11,2,6,0,0,2,0,0,0,3],"20600296":[2774,"0020600296","12/10/2006","CHA","Bobcats","PHX","Suns",0,0,0,3,0,0,0,0,0,2,1],"20600409":[2774,"0020600409","12/26/2006","CHA","Bobcats","DAL","Mavericks",0,0,0,0,0,0,0,0,0,0,0],"20600175":[2774,"0020600175","11/24/2006","CHA","Bobcats","DET","Pistons",0,0,0,1,0,1,0,0,0,3,0],"20600144":[2774,"0020600144","11/20/2006","CHA","Bobcats","DAL","Mavericks",1,2,0,1,0,0,2,0,0,0,1],"20600159":[2774,"0020600159","11/22/2006","CHA","Bobcats","BOS","Celtics",0,2,0,0,0,0,3,0,0,0,1],"20600102":[2774,"0020600102","11/14/2006","CHA","Bobcats","NOK","Hornets",1,5,2,7,0,0,0,0,1,1,6],"20600892":[2774,"0020600892","03/04/2007","NJN","Nets","PHI","76ers",0,2,0,0,0,0,0,0,2,1,0],"20601177":[2774,"0020601177","04/13/2007","NJN","Nets","NYK","Knicks",0,0,0,0,0,0,0,0,0,0,1],"20600225":[2774,"0020600225","12/01/2006","CHA","Bobcats","WAS","Wizards",0,0,0,1,0,0,0,0,2,1,0],"20600205":[2774,"0020600205","11/28/2006","CHA","Bobcats","NJN","Nets",0,2,0,1,0,0,1,0,1,1,2],"20600768":[2774,"0020600768","02/13/2007","NJN","Nets","SAS","Spurs",0,0,0,2,0,0,0,0,0,0,0],"20600431":[2774,"0020600431","12/29/2006","CHA","Bobcats","LAL","Lakers",1,6,3,7,0,0,3,0,2,1,3],"20600024":[2774,"0020600024","11/03/2006","CHA","Bobcats","MEM","Grizzlies",0,1,0,0,0,0,0,0,0,0,1],"20600931":[2774,"0020600931","03/10/2007","NJN","Nets","SAS","Spurs",0,0,0,1,0,0,1,0,0,0,0],"20600004":[2774,"0020600004","11/01/2006","CHA","Bobcats","IND","Pacers",3,2,0,3,0,0,4,0,0,3,2],"20600443":[2774,"0020600443","12/30/2006","CHA","Bobcats","IND","Pacers",1,0,0,0,0,0,0,0,0,0,0],"20600416":[2774,"0020600416","12/27/2006","CHA","Bobcats","WAS","Wizards",0,2,1,3,0,0,4,0,1,0,1],"20600679":[2774,"0020600679","01/31/2007","NJN","Nets","DET","Pistons",0,2,1,3,0,0,1,0,1,1,1],"20600923":[2774,"0020600923","03/09/2007","NJN","Nets","HOU","Rockets",0,4,1,1,0,0,1,1,0,0,4],"20600690":[2774,"0020600690","02/02/2007","NJN","Nets","ORL","Magic",0,2,1,1,0,0,1,0,1,0,0],"20600749":[2774,"0020600749","02/10/2007","NJN","Nets","ORL","Magic",0,0,0,0,0,0,0,0,0,0,0],"20600061":[2774,"0020600061","11/08/2006","CHA","Bobcats","BOS","Celtics",2,4,2,4,0,0,1,0,2,1,6]},"data":[26.0,21,0,11.5,0.8,2.6,0.296,0.0,0.1,0.0,0.9,1.0,0.864,0.4,1.6,2.0,0.8,0.6,0.0,0.8,1.3,2.4],"rank":{"PerGame":[null,null,null,null,null,null,null,null,null,null,null,null,null,null,null,null,null,null,null],"Totals":[363,385,375,null,303,311,null,337,349,null,372,347,353,335,300,360,362,381,366]},"team":"TOT"},"2004":{"shotchart":{"Averages":{"header":["SHOT_ZONE_BASIC","SHOT_ZONE_AREA","SHOT_ZONE_RANGE","FGA","FGM","FG_PCT"],"row":[["Above the Break 3","Back Court(BC)","Back Court Shot",115,2,0.017],["Above the Break 3","Center(C)","24+ ft.",5850,2027,0.346],["Above the Break 3","Left Side Center(LC)","24+ ft.",10956,3840,0.35],["Above the Break 3","Right Side Center(RC)","24+ ft.",10539,3717,0.353],["Backcourt","Back Court(BC)","Back Court Shot",363,3,0.008],["In The Paint (Non-RA)","Center(C)","8-16 ft.",5303,2099,0.396],["In The Paint (Non-RA)","Center(C)","Less Than 8 ft.",16703,6636,0.397],["In The Paint (Non-RA)","Left Side(L)","8-16 ft.",1918,787,0.41],["In The Paint (Non-RA)","Right Side(R)","8-16 ft.",1834,725,0.395],["Left Corner 3","Left Side(L)","24+ ft.",5541,2090,0.377],["Mid-Range","Center(C)","16-24 ft.",6879,2790,0.406],["Mid-Range","Center(C)","8-16 ft.",1894,817,0.431],["Mid-Range","Left Side Center(LC)","16-24 ft.",10027,4066,0.406],["Mid-Range","Left Side(L)","16-24 ft.",10301,4043,0.392],["Mid-Range","Left Side(L)","8-16 ft.",11101,4131,0.372],["Mid-Range","Right Side Center(RC)","16-24 ft.",10601,4255,0.401],["Mid-Range","Right Side(R)","16-24 ft.",8849,3516,0.397],["Mid-Range","Right Side(R)","8-16 ft.",10381,3850,0.371],["Restricted Area","Center(C)","Less Than 8 ft.",63160,36973,0.585],["Right Corner 3","Right Side(R)","24+ ft.",5307,2066,0.389]]},"Details":{"header":["GAME_ID","GAME_EVENT_ID","PERIOD","MINUTES_REMAINING","SECONDS_REMAINING","EVENT_TYPE","ACTION_TYPE","SHOT_TYPE","SHOT_ZONE_BASIC","SHOT_ZONE_AREA","SHOT_ZONE_RANGE","SHOT_DISTANCE","LOC_X","LOC_Y","SHOT_ATTEMPTED_FLAG","SHOT_MADE_FLAG"],"row":[["0020400017",239,2,0,1,"Missed Shot","Running Jump Shot","2PT Field Goal","In The Paint (Non-RA)","Center(C)","8-16 ft.",11,-11,110,1,0],["0020400017",462,4,1,55,"Missed Shot","Jump Shot","3PT Field Goal","Above the Break 3","Left Side Center(LC)","24+ ft.",24,-181,169,1,0],["0020400017",474,4,1,12,"Missed Shot","Jump Shot","2PT Field Goal","In The Paint (Non-RA)","Center(C)","Less Than 8 ft.",4,-46,-13,1,0],["0020400017",476,4,1,8,"Missed Shot","Jump Shot","2PT Field Goal","In The Paint (Non-RA)","Center(C)","Less Than 8 ft.",5,43,41,1,0],["0020400031",433,4,11,44,"Missed Shot","Jump Shot","2PT Field Goal","Mid-Range","Left Side(L)","8-16 ft.",14,-141,36,1,0],["0020400031",436,4,11,16,"Made Shot","Layup Shot","2PT Field Goal","Restricted Area","Center(C)","Less Than 8 ft.",0,0,0,1,1],["0020400074",222,2,0,36,"Missed Shot","Layup Shot","2PT Field Goal","Restricted Area","Center(C)","Less Than 8 ft.",0,0,0,1,0],["0020400074",227,2,0,1,"Missed Shot","Jump Shot","2PT Field Goal","Mid-Range","Center(C)","16-24 ft.",22,0,227,1,0],["0020400082",132,2,9,54,"Missed Shot","Jump Shot","2PT Field Goal","Mid-Range","Right Side(R)","16-24 ft.",18,186,-8,1,0],["0020400082",346,3,0,10,"Made Shot","Layup Shot","2PT Field Goal","Restricted Area","Center(C)","Less Than 8 ft.",1,-10,-1,1,1],["0020400082",360,4,9,48,"Missed Shot","Jump Shot","2PT Field Goal","In The Paint (Non-RA)","Center(C)","8-16 ft.",10,20,107,1,0],["0020400082",372,4,8,51,"Made Shot","Jump Shot","2PT Field Goal","Mid-Range","Left Side Center(LC)","16-24 ft.",18,-110,153,1,1],["0020400082",379,4,7,38,"Missed Shot","Jump Shot","2PT Field Goal","Mid-Range","Left Side(L)","16-24 ft.",16,-154,56,1,0],["0020400532",400,4,8,5,"Made Shot","Layup Shot","2PT Field Goal","Restricted Area","Center(C)","Less Than 8 ft.",0,0,0,1,1],["0020400532",432,4,4,42,"Missed Shot","Layup Shot","2PT Field Goal","Restricted Area","Center(C)","Less Than 8 ft.",0,0,0,1,0],["0020400532",443,4,3,26,"Made Shot","Jump Shot","2PT Field Goal","Mid-Range","Left Side(L)","16-24 ft.",16,-161,12,1,1],["0020400545",124,1,1,0,"Missed Shot","Jump Shot","2PT Field Goal","Mid-Range","Right Side(R)","16-24 ft.",18,149,107,1,0],["0020400574",86,1,1,45,"Made Shot","Layup Shot","2PT Field Goal","Restricted Area","Center(C)","Less Than 8 ft.",0,0,0,1,1],["0020400606",119,2,11,0,"Made Shot","Layup Shot","2PT Field Goal","Restricted Area","Center(C)","Less Than 8 ft.",0,0,0,1,1],["0020400606",327,3,1,49,"Missed Shot","Layup Shot","2PT Field Goal","Restricted Area","Center(C)","Less Than 8 ft.",0,0,0,1,0],["0020400625",87,1,0,27,"Missed Shot","Layup Shot","2PT Field Goal","Restricted Area","Center(C)","Less Than 8 ft.",0,0,0,1,0],["0020400732",64,1,3,55,"Made Shot","Layup Shot","2PT Field Goal","Restricted Area","Center(C)","Less Than 8 ft.",0,0,0,1,1],["0020400732",85,1,2,50,"Missed Shot","Jump Shot","3PT Field Goal","Right Corner 3","Right Side(R)","24+ ft.",24,230,86,1,0],["0020400732",345,3,1,30,"Missed Shot","Jump Shot","2PT Field Goal","Mid-Range","Left Side(L)","8-16 ft.",9,-85,36,1,0],["0020400751",122,2,9,30,"Made Shot","Jump Shot","2PT Field Goal","Mid-Range","Left Side Center(LC)","16-24 ft.",21,-148,150,1,1],["0020400751",154,2,6,28,"Made Shot","Driving Layup Shot","2PT Field Goal","Restricted Area","Center(C)","Less Than 8 ft.",0,0,0,1,1],["0020400751",156,2,5,57,"Missed Shot","Jump Shot","2PT Field Goal","Mid-Range","Right Side(R)","16-24 ft.",17,177,8,1,0],["0020400751",338,3,0,54,"Made Shot","Jump Shot","2PT Field Goal","Mid-Range","Right Side(R)","8-16 ft.",15,87,133,1,1],["0020400751",409,4,5,20,"Made Shot","Driving Layup Shot","2PT Field Goal","Restricted Area","Center(C)","Less Than 8 ft.",0,0,0,1,1],["0020400751",417,4,4,46,"Made Shot","Jump Shot","2PT Field Goal","Mid-Range","Left Side(L)","8-16 ft.",15,-151,28,1,1],["0020400751",443,4,2,13,"Made Shot","Driving Layup Shot","2PT Field Goal","Restricted Area","Center(C)","Less Than 8 ft.",0,0,0,1,1],["0020400751",452,4,0,49,"Made Shot","Jump Shot","3PT Field Goal","Above the Break 3","Right Side Center(RC)","24+ ft.",24,112,222,1,1],["0020400751",457,4,0,14,"Missed Shot","Layup Shot","2PT Field Goal","Restricted Area","Center(C)","Less Than 8 ft.",0,0,0,1,0],["0020400758",115,2,11,21,"Made Shot","Layup Shot","2PT Field Goal","Restricted Area","Center(C)","Less Than 8 ft.",0,0,0,1,1],["0020400758",144,2,8,45,"Missed Shot","Jump Shot","2PT Field Goal","Mid-Range","Left Side(L)","8-16 ft.",10,-103,33,1,0],["0020400758",195,2,4,44,"Missed Shot","Layup Shot","2PT Field Goal","Restricted Area","Center(C)","Less Than 8 ft.",0,0,0,1,0],["0020400758",319,3,1,10,"Missed Shot","Jump Shot","2PT Field Goal","In The Paint (Non-RA)","Center(C)","8-16 ft.",13,39,128,1,0],["0020400772",174,2,6,9,"Made Shot","Layup Shot","2PT Field Goal","Restricted Area","Center(C)","Less Than 8 ft.",0,0,0,1,1],["0020400804",107,1,0,22,"Missed Shot","Jump Shot","2PT Field Goal","Mid-Range","Right Side(R)","8-16 ft.",9,90,20,1,0],["0020400804",470,4,1,35,"Missed Shot","Layup Shot","2PT Field Goal","Restricted Area","Center(C)","Less Than 8 ft.",0,0,0,1,0],["0020400905",89,1,3,34,"Made Shot","Layup Shot","2PT Field Goal","Restricted Area","Center(C)","Less Than 8 ft.",0,0,0,1,1],["0020400905",96,1,3,10,"Missed Shot","Jump Shot","2PT Field Goal","Mid-Range","Right Side(R)","8-16 ft.",12,118,28,1,0],["0020400905",103,1,2,43,"Made Shot","Jump Shot","3PT Field Goal","Right Corner 3","Right Side(R)","24+ ft.",24,241,-13,1,1],["0020400905",350,3,1,41,"Made Shot","Jump Shot","2PT Field Goal","In The Paint (Non-RA)","Center(C)","8-16 ft.",11,6,118,1,1],["0020400905",433,4,4,24,"Missed Shot","Jump Shot","2PT Field Goal","Mid-Range","Right Side Center(RC)","16-24 ft.",17,103,141,1,0],["0020400952",146,2,10,37,"Missed Shot","Layup Shot","2PT Field Goal","Restricted Area","Center(C)","Less Than 8 ft.",0,0,0,1,0],["0020400952",156,2,8,51,"Made Shot","Driving Finger Roll Shot","2PT Field Goal","Restricted Area","Center(C)","Less Than 8 ft.",0,0,0,1,1],["0020400952",170,2,7,22,"Missed Shot","Jump Shot","2PT Field Goal","Mid-Range","Center(C)","8-16 ft.",14,1,141,1,0],["0020400952",346,3,2,32,"Missed Shot","Driving Layup Shot","2PT Field Goal","Restricted Area","Center(C)","Less Than 8 ft.",0,0,0,1,0],["0020400952",350,3,2,1,"Made Shot","Driving Finger Roll Shot","2PT Field Goal","Restricted Area","Center(C)","Less Than 8 ft.",0,0,0,1,1],["0020400952",353,3,1,29,"Made Shot","Dunk Shot","2PT Field Goal","Restricted Area","Center(C)","Less Than 8 ft.",0,0,0,1,1],["0020400952",360,3,0,16,"Missed Shot","Jump Shot","3PT Field Goal","Above the Break 3","Right Side Center(RC)","24+ ft.",25,153,199,1,0],["0020400952",446,4,4,40,"Missed Shot","Jump Bank Shot","2PT Field Goal","Mid-Range","Right Side(R)","8-16 ft.",12,121,35,1,0],["0020400952",480,4,0,57,"Made Shot","Dunk Shot","2PT Field Goal","Restricted Area","Center(C)","Less Than 8 ft.",0,0,0,1,1],["0020400966",312,3,3,30,"Missed Shot","Jump Shot","2PT Field Goal","Mid-Range","Left Side(L)","8-16 ft.",12,-122,38,1,0],["0020400985",139,2,9,38,"Missed Shot","Layup Shot","2PT Field Goal","Restricted Area","Center(C)","Less Than 8 ft.",0,0,0,1,0],["0020400985",150,2,8,43,"Made Shot","Layup Shot","2PT Field Goal","Restricted Area","Center(C)","Less Than 8 ft.",0,0,0,1,1],["0020400985",156,2,8,5,"Missed Shot","Jump Shot","2PT Field Goal","In The Paint (Non-RA)","Center(C)","Less Than 8 ft.",7,16,69,1,0],["0020400985",421,4,9,20,"Made Shot","Jump Shot","2PT Field Goal","Mid-Range","Left Side(L)","16-24 ft.",17,-161,72,1,1],["0020400985",446,4,6,17,"Made Shot","Jump Shot","3PT Field Goal","Above the Break 3","Right Side Center(RC)","24+ ft.",25,164,191,1,1],["0020400985",453,4,5,24,"Made Shot","Layup Shot","2PT Field Goal","Restricted Area","Center(C)","Less Than 8 ft.",0,0,0,1,1],["0020400985",460,4,4,11,"Made Shot","Jump Bank Shot","2PT Field Goal","Mid-Range","Right Side Center(RC)","16-24 ft.",17,128,120,1,1],["0020400999",256,2,0,0,"Made Shot","Layup Shot","2PT Field Goal","Restricted Area","Center(C)","Less Than 8 ft.",0,0,0,1,1],["0020400999",397,3,0,0,"Missed Shot","Jump Shot","3PT Field Goal","Backcourt","Back Court(BC)","Back Court Shot",54,41,539,1,0],["0020401006",135,2,11,36,"Made Shot","Driving Layup Shot","2PT Field Goal","Restricted Area","Center(C)","Less Than 8 ft.",0,0,0,1,1],["0020401006",380,3,1,43,"Missed Shot","Layup Shot","2PT Field Goal","Restricted Area","Center(C)","Less Than 8 ft.",0,0,0,1,0],["0020401006",395,3,0,1,"Missed Shot","Jump Shot","2PT Field Goal","Mid-Range","Left Side(L)","8-16 ft.",9,-89,17,1,0],["0020401023",112,2,11,42,"Missed Shot","Layup Shot","2PT Field Goal","Restricted Area","Center(C)","Less Than 8 ft.",0,0,0,1,0],["0020401023",334,4,11,38,"Missed Shot","Jump Shot","2PT Field Goal","Mid-Range","Left Side(L)","8-16 ft.",11,-110,-16,1,0],["0020401037",163,2,7,42,"Made Shot","Tip Shot","2PT Field Goal","Restricted Area","Center(C)","Less Than 8 ft.",0,0,0,1,1],["0020401081",355,3,3,46,"Missed Shot","Layup Shot","2PT Field Goal","Restricted Area","Center(C)","Less Than 8 ft.",0,0,0,1,0],["0020401081",457,4,6,8,"Missed Shot","Layup Shot","2PT Field Goal","Restricted Area","Center(C)","Less Than 8 ft.",0,0,0,1,0],["0020401081",489,4,3,49,"Made Shot","Jump Shot","2PT Field Goal","Mid-Range","Right Side(R)","8-16 ft.",13,131,2,1,1],["0020401081",513,4,2,11,"Made Shot","Jump Bank Shot","2PT Field Goal","Mid-Range","Left Side(L)","8-16 ft.",15,-140,59,1,1],["0020401126",132,2,9,58,"Made Shot","Dunk Shot","2PT Field Goal","Restricted Area","Center(C)","Less Than 8 ft.",0,0,0,1,1],["0020401126",136,2,9,35,"Made Shot","Tip Shot","2PT Field Goal","Restricted Area","Center(C)","Less Than 8 ft.",0,0,0,1,1],["0020401126",215,2,0,8,"Missed Shot","Jump Shot","2PT Field Goal","Mid-Range","Right Side Center(RC)","16-24 ft.",16,87,137,1,0],["0020401126",306,3,2,2,"Missed Shot","Hook Shot","2PT Field Goal","Restricted Area","Center(C)","Less Than 8 ft.",3,10,30,1,0],["0020401126",312,3,1,47,"Missed Shot","Layup Shot","2PT Field Goal","Restricted Area","Center(C)","Less Than 8 ft.",0,0,0,1,0],["0020401126",336,3,0,0,"Missed Shot","Jump Shot","3PT Field Goal","Above the Break 3","Right Side Center(RC)","24+ ft.",42,190,381,1,0],["0020401126",445,4,0,43,"Missed Shot","Jump Shot","2PT Field Goal","Mid-Range","Left Side(L)","8-16 ft.",13,-136,-5,1,0]]}},"GameList":{"20400574":[2774,"0020400574","01/21/2005","CHA","Bobcats","DAL","Mavericks",1,2,1,1,0,0,1,0,0,1,0],"20400064":[2774,"0020400064","11/10/2004","CHA","Bobcats","MIL","Bucks",0,0,0,0,0,0,0,0,0,0,0],"20400804":[2774,"0020400804","02/25/2005","CHA","Bobcats","NJN","Nets",0,2,0,2,0,0,0,0,2,0,1],"20400999":[2774,"0020400999","03/23/2005","CHA","Bobcats","PHX","Suns",2,2,1,2,0,1,1,0,0,2,2],"20401006":[2774,"0020401006","03/24/2005","CHA","Bobcats","ORL","Magic",1,2,1,3,0,0,1,0,0,2,2],"20401126":[2774,"0020401126","04/08/2005","CHA","Bobcats","MIL","Bucks",2,6,2,7,0,1,3,0,1,1,2],"20400952":[2774,"0020400952","03/16/2005","CHA","Bobcats","DEN","Nuggets",0,9,4,9,0,1,1,1,0,3,4],"20401023":[2774,"0020401023","03/26/2005","CHA","Bobcats","MIA","Heat",0,0,0,2,0,0,0,0,0,1,1],"20400915":[2774,"0020400915","03/12/2005","CHA","Bobcats","LAL","Lakers",0,0,0,0,0,0,1,0,0,0,0],"20400732":[2774,"0020400732","02/11/2005","CHA","Bobcats","MIA","Heat",0,2,1,3,0,1,0,1,0,1,0],"20400772":[2774,"0020400772","02/16/2005","CHA","Bobcats","DEN","Nuggets",0,3,1,1,0,0,1,0,0,1,1],"20400562":[2774,"0020400562","01/19/2005","CHA","Bobcats","PHI","76ers",0,0,0,0,0,0,2,0,0,0,1],"20401067":[2774,"0020401067","04/01/2005","CHA","Bobcats","TOR","Raptors",0,0,0,0,0,0,0,0,0,0,1],"20400751":[2774,"0020400751","02/13/2005","CHA","Bobcats","NYK","Knicks",1,18,7,9,1,1,3,0,1,1,4],"20400017":[2774,"0020400017","11/04/2004","CHA","Bobcats","WAS","Wizards",0,0,0,4,0,1,1,0,0,0,3],"20401081":[2774,"0020401081","04/02/2005","CHA","Bobcats","CHI","Bulls",1,5,2,4,0,0,3,0,0,3,3],"20400545":[2774,"0020400545","01/17/2005","CHA","Bobcats","MIL","Bucks",0,2,0,1,0,0,1,0,1,1,0],"20400758":[2774,"0020400758","02/14/2005","CHA","Bobcats","POR","Trail Blazers",1,3,1,4,0,0,2,1,2,3,5],"20400031":[2774,"0020400031","11/06/2004","CHA","Bobcats","ORL","Magic",0,6,1,2,0,0,2,0,0,1,0],"20400606":[2774,"0020400606","01/25/2005","CHA","Bobcats","BOS","Celtics",1,2,1,2,0,0,2,0,0,0,2],"20400074":[2774,"0020400074","11/12/2004","CHA","Bobcats","BOS","Celtics",1,0,0,2,0,0,4,0,0,0,1],"20400985":[2774,"0020400985","03/21/2005","CHA","Bobcats","ORL","Magic",1,12,5,7,1,1,6,0,1,1,4],"20400966":[2774,"0020400966","03/18/2005","CHA","Bobcats","SAS","Spurs",2,0,0,1,0,0,0,1,1,1,2],"20400497":[2774,"0020400497","01/11/2005","CHA","Bobcats","CLE","Cavaliers",0,0,0,0,0,0,0,0,0,0,1],"20400520":[2774,"0020400520","01/14/2005","CHA","Bobcats","MEM","Grizzlies",1,0,0,0,0,0,1,0,0,1,2],"20400082":[2774,"0020400082","11/13/2004","CHA","Bobcats","GSW","Warriors",0,4,2,5,0,0,3,0,0,1,0],"20400625":[2774,"0020400625","01/27/2005","CHA","Bobcats","CHI","Bulls",2,0,0,1,0,0,1,0,0,1,1],"20400532":[2774,"0020400532","01/15/2005","CHA","Bobcats","ATL","Hawks",0,4,2,3,0,0,2,0,2,2,0],"20400628":[2774,"0020400628","01/28/2005","CHA","Bobcats","TOR","Raptors",0,0,0,0,0,0,0,0,0,0,0],"20401037":[2774,"0020401037","03/28/2005","CHA","Bobcats","NJN","Nets",0,2,1,1,0,0,0,0,0,1,1],"20400905":[2774,"0020400905","03/11/2005","CHA","Bobcats","PHI","76ers",3,7,3,5,1,1,0,0,0,1,4]},"data":[24.0,31,1,10.6,1.2,2.6,0.444,0.1,0.3,0.375,0.6,0.8,0.692,0.5,1.1,1.5,1.0,0.4,0.1,0.6,1.4,3.0],"rank":{"PerGame":[null,null,null,null,null,null,null,null,null,null,null,null,null,null,null,null,null,null,null],"Totals":[364,362,364,null,246,270,null,349,353,null,358,369,367,317,347,339,344,361,362]},"team":"CHA"},"2005":{"shotchart":{"Averages":{"header":["SHOT_ZONE_BASIC","SHOT_ZONE_AREA","SHOT_ZONE_RANGE","FGA","FGM","FG_PCT"],"row":[["Above the Break 3","Back Court(BC)","Back Court Shot",110,3,0.027],["Above the Break 3","Center(C)","24+ ft.",6026,2107,0.35],["Above the Break 3","Left Side Center(LC)","24+ ft.",10936,3868,0.354],["Above the Break 3","Right Side Center(RC)","24+ ft.",10744,3774,0.351],["Backcourt","Back Court(BC)","Back Court Shot",371,9,0.024],["In The Paint (Non-RA)","Center(C)","8-16 ft.",5007,2063,0.412],["In The Paint (Non-RA)","Center(C)","Less Than 8 ft.",16599,6703,0.404],["In The Paint (Non-RA)","Left Side(L)","8-16 ft.",1802,737,0.409],["In The Paint (Non-RA)","Right Side(R)","8-16 ft.",1699,664,0.391],["Left Corner 3","Left Side(L)","24+ ft.",5668,2184,0.385],["Mid-Range","Center(C)","16-24 ft.",6981,2746,0.393],["Mid-Range","Center(C)","8-16 ft.",1767,756,0.428],["Mid-Range","Left Side Center(LC)","16-24 ft.",9926,4102,0.413],["Mid-Range","Left Side(L)","16-24 ft.",9829,3960,0.403],["Mid-Range","Left Side(L)","8-16 ft.",10072,3876,0.385],["Mid-Range","Right Side Center(RC)","16-24 ft.",10594,4246,0.401],["Mid-Range","Right Side(R)","16-24 ft.",8627,3536,0.41],["Mid-Range","Right Side(R)","8-16 ft.",9130,3405,0.373],["Restricted Area","Center(C)","Less Than 8 ft.",63017,37304,0.592],["Right Corner 3","Right Side(R)","24+ ft.",5409,2123,0.392]]},"Details":{"header":["GAME_ID","GAME_EVENT_ID","PERIOD","MINUTES_REMAINING","SECONDS_REMAINING","EVENT_TYPE","ACTION_TYPE","SHOT_TYPE","SHOT_ZONE_BASIC","SHOT_ZONE_AREA","SHOT_ZONE_RANGE","SHOT_DISTANCE","LOC_X","LOC_Y","SHOT_ATTEMPTED_FLAG","SHOT_MADE_FLAG"],"row":[["0020500075",362,3,0,32,"Missed Shot","Tip Shot","2PT Field Goal","Restricted Area","Center(C)","Less Than 8 ft.",0,0,0,1,0],["0020500083",202,2,6,15,"Made Shot","Driving Layup Shot","2PT Field Goal","Restricted Area","Center(C)","Less Than 8 ft.",0,0,0,1,1],["0020500083",244,2,1,42,"Missed Shot","Jump Shot","3PT Field Goal","Above the Break 3","Left Side Center(LC)","24+ ft.",25,-197,164,1,0],["0020500083",353,3,2,34,"Missed Shot","Jump Shot","2PT Field Goal","Mid-Range","Left Side(L)","8-16 ft.",9,-90,2,1,0],["0020500083",393,4,9,50,"Missed Shot","Layup Shot","2PT Field Goal","Restricted Area","Center(C)","Less Than 8 ft.",0,0,0,1,0],["0020500083",489,4,0,30,"Made Shot","Reverse Layup Shot","2PT Field Goal","Restricted Area","Center(C)","Less Than 8 ft.",0,0,0,1,1],["0020500083",500,4,0,19,"Missed Shot","Jump Shot","2PT Field Goal","In The Paint (Non-RA)","Center(C)","Less Than 8 ft.",4,-11,46,1,0],["0020500083",503,4,0,5,"Made Shot","Jump Shot","2PT Field Goal","Mid-Range","Left Side Center(LC)","16-24 ft.",21,-102,189,1,1],["0020500099",117,1,0,30,"Made Shot","Layup Shot","2PT Field Goal","Restricted Area","Center(C)","Less Than 8 ft.",0,0,0,1,1],["0020500099",408,4,7,31,"Missed Shot","Jump Shot","2PT Field Goal","In The Paint (Non-RA)","Left Side(L)","8-16 ft.",11,-64,95,1,0],["0020500111",84,1,2,26,"Missed Shot","Layup Shot","2PT Field Goal","Restricted Area","Center(C)","Less Than 8 ft.",0,0,0,1,0],["0020500111",90,1,2,2,"Missed Shot","Jump Shot","2PT Field Goal","Mid-Range","Left Side(L)","16-24 ft.",16,-154,61,1,0],["0020500111",110,1,0,34,"Missed Shot","Layup Shot","2PT Field Goal","Restricted Area","Center(C)","Less Than 8 ft.",0,0,0,1,0],["0020500121",74,1,4,3,"Missed Shot","Jump Shot","2PT Field Goal","Mid-Range","Right Side(R)","8-16 ft.",12,121,43,1,0],["0020500135",399,4,7,26,"Missed Shot","Layup Shot","2PT Field Goal","Restricted Area","Center(C)","Less Than 8 ft.",0,0,0,1,0],["0020500135",411,4,6,33,"Missed Shot","Jump Shot","3PT Field Goal","Above the Break 3","Left Side Center(LC)","24+ ft.",24,-210,122,1,0],["0020500135",415,4,5,55,"Missed Shot","Layup Shot","2PT Field Goal","Restricted Area","Center(C)","Less Than 8 ft.",0,0,0,1,0],["0020500135",419,4,5,49,"Missed Shot","Layup Shot","2PT Field Goal","Restricted Area","Center(C)","Less Than 8 ft.",0,0,0,1,0],["0020500135",436,4,4,36,"Made Shot","Driving Layup Shot","2PT Field Goal","Restricted Area","Center(C)","Less Than 8 ft.",0,0,0,1,1],["0020500205",356,4,11,35,"Missed Shot","Running Hook Shot","2PT Field Goal","In The Paint (Non-RA)","Center(C)","Less Than 8 ft.",6,-5,61,1,0],["0020500205",369,4,10,5,"Missed Shot","Jump Shot","2PT Field Goal","In The Paint (Non-RA)","Center(C)","Less Than 8 ft.",5,-43,41,1,0],["0020500205",371,4,10,0,"Missed Shot","Layup Shot","2PT Field Goal","Restricted Area","Center(C)","Less Than 8 ft.",0,0,0,1,0],["0020500205",389,4,8,7,"Missed Shot","Jump Shot","3PT Field Goal","Above the Break 3","Right Side Center(RC)","24+ ft.",24,189,163,1,0],["0020500205",416,4,5,56,"Made Shot","Dunk Shot","2PT Field Goal","Restricted Area","Center(C)","Less Than 8 ft.",0,0,0,1,1],["0020500205",418,4,5,20,"Made Shot","Jump Shot","2PT Field Goal","In The Paint (Non-RA)","Center(C)","Less Than 8 ft.",4,-33,28,1,1],["0020500215",74,1,1,44,"Missed Shot","Driving Layup Shot","2PT Field Goal","In The Paint (Non-RA)","Center(C)","Less Than 8 ft.",4,-41,26,1,0],["0020500229",291,2,0,6,"Missed Shot","Jump Shot","2PT Field Goal","Mid-Range","Left Side Center(LC)","16-24 ft.",16,-125,112,1,0],["0020500229",389,3,2,57,"Missed Shot","Jump Shot","3PT Field Goal","Right Corner 3","Right Side(R)","24+ ft.",23,228,41,1,0],["0020500229",418,3,1,13,"Missed Shot","Jump Shot","2PT Field Goal","In The Paint (Non-RA)","Center(C)","Less Than 8 ft.",6,61,18,1,0],["0020500229",541,4,2,14,"Missed Shot","Jump Shot","2PT Field Goal","Mid-Range","Right Side(R)","8-16 ft.",11,117,3,1,0],["0020500244",23,1,9,19,"Missed Shot","Running Jump Shot","2PT Field Goal","In The Paint (Non-RA)","Center(C)","Less Than 8 ft.",5,54,20,1,0],["0020500244",49,1,6,28,"Made Shot","Driving Layup Shot","2PT Field Goal","Restricted Area","Center(C)","Less Than 8 ft.",0,0,0,1,1],["0020500244",241,2,0,21,"Made Shot","Layup Shot","2PT Field Goal","Restricted Area","Center(C)","Less Than 8 ft.",0,0,0,1,1],["0020500244",348,3,0,41,"Made Shot","Driving Layup Shot","2PT Field Goal","Restricted Area","Center(C)","Less Than 8 ft.",0,0,0,1,1],["0020500244",367,4,10,46,"Made Shot","Turnaround Jump Shot","2PT Field Goal","In The Paint (Non-RA)","Center(C)","Less Than 8 ft.",4,34,33,1,1],["0020500244",391,4,7,43,"Made Shot","Layup Shot","2PT Field Goal","Restricted Area","Center(C)","Less Than 8 ft.",0,0,0,1,1],["0020500261",107,1,1,36,"Missed Shot","Jump Shot","2PT Field Goal","Mid-Range","Left Side Center(LC)","16-24 ft.",19,-64,179,1,0],["0020500261",109,1,1,28,"Made Shot","Driving Finger Roll Shot","2PT Field Goal","Restricted Area","Center(C)","Less Than 8 ft.",0,0,0,1,1],["0020500261",152,2,8,48,"Missed Shot","Jump Shot","2PT Field Goal","Mid-Range","Left Side(L)","8-16 ft.",14,-140,28,1,0],["0020500261",337,3,1,24,"Made Shot","Jump Shot","2PT Field Goal","Mid-Range","Center(C)","8-16 ft.",15,3,151,1,1],["0020500261",342,3,0,47,"Missed Shot","Jump Shot","3PT Field Goal","Above the Break 3","Left Side Center(LC)","24+ ft.",24,-210,135,1,0],["0020500261",379,4,9,58,"Missed Shot","Jump Shot","2PT Field Goal","Mid-Range","Right Side(R)","8-16 ft.",15,151,-11,1,0],["0020500261",465,4,2,10,"Missed Shot","Jump Shot","2PT Field Goal","In The Paint (Non-RA)","Center(C)","Less Than 8 ft.",6,43,48,1,0],["0020500261",478,4,1,1,"Made Shot","Layup Shot","2PT Field Goal","Restricted Area","Center(C)","Less Than 8 ft.",0,0,0,1,1],["0020500270",81,1,2,11,"Made Shot","Driving Layup Shot","2PT Field Goal","Restricted Area","Center(C)","Less Than 8 ft.",0,0,0,1,1],["0020500270",318,3,3,18,"Made Shot","Layup Shot","2PT Field Goal","Restricted Area","Center(C)","Less Than 8 ft.",0,0,0,1,1],["0020500270",483,4,1,12,"Made Shot","Layup Shot","2PT Field Goal","Restricted Area","Center(C)","Less Than 8 ft.",0,0,0,1,1],["0020500270",519,4,0,0,"Missed Shot","Jump Shot","3PT Field Goal","Above the Break 3","Center(C)","24+ ft.",37,-72,365,1,0],["0020500284",112,1,1,40,"Missed Shot","Jump Shot","2PT Field Goal","In The Paint (Non-RA)","Center(C)","Less Than 8 ft.",7,-77,13,1,0],["0020500284",410,4,9,58,"Missed Shot","Layup Shot","2PT Field Goal","Restricted Area","Center(C)","Less Than 8 ft.",0,0,0,1,0],["0020500284",423,4,8,28,"Missed Shot","Jump Shot","2PT Field Goal","Mid-Range","Left Side(L)","8-16 ft.",15,-107,117,1,0],["0020500284",428,4,8,6,"Made Shot","Layup Shot","2PT Field Goal","Restricted Area","Center(C)","Less Than 8 ft.",0,0,0,1,1],["0020500302",235,2,0,45,"Missed Shot","Layup Shot","2PT Field Goal","Restricted Area","Center(C)","Less Than 8 ft.",0,0,0,1,0],["0020500302",309,3,4,58,"Made Shot","Driving Dunk Shot","2PT Field Goal","Restricted Area","Center(C)","Less Than 8 ft.",0,0,0,1,1],["0020500302",314,3,3,52,"Missed Shot","Layup Shot","2PT Field Goal","Restricted Area","Center(C)","Less Than 8 ft.",0,0,0,1,0],["0020500302",346,3,0,56,"Made Shot","Driving Layup Shot","2PT Field Goal","Restricted Area","Center(C)","Less Than 8 ft.",0,0,0,1,1],["0020500302",385,4,9,45,"Made Shot","Driving Layup Shot","2PT Field Goal","Restricted Area","Center(C)","Less Than 8 ft.",0,0,0,1,1],["0020500302",388,4,9,8,"Made Shot","Dunk Shot","2PT Field Goal","Restricted Area","Center(C)","Less Than 8 ft.",0,0,0,1,1],["0020500302",419,4,4,41,"Made Shot","Dunk Shot","2PT Field Goal","Restricted Area","Center(C)","Less Than 8 ft.",0,0,0,1,1],["0020500302",468,4,0,8,"Missed Shot","Jump Shot","3PT Field Goal","Above the Break 3","Left Side Center(LC)","24+ ft.",24,-191,148,1,0],["0020500310",7,1,10,54,"Missed Shot","Driving Layup Shot","2PT Field Goal","Restricted Area","Center(C)","Less Than 8 ft.",0,0,0,1,0],["0020500310",46,1,6,32,"Missed Shot","Jump Shot","3PT Field Goal","Above the Break 3","Center(C)","24+ ft.",24,24,247,1,0],["0020500310",49,1,5,55,"Missed Shot","Turnaround Jump Shot","2PT Field Goal","In The Paint (Non-RA)","Center(C)","Less Than 8 ft.",7,72,2,1,0],["0020500310",237,2,0,23,"Missed Shot","Jump Shot","2PT Field Goal","Mid-Range","Left Side Center(LC)","16-24 ft.",17,-94,148,1,0],["0020500310",271,3,7,41,"Missed Shot","Jump Shot","2PT Field Goal","Mid-Range","Left Side(L)","16-24 ft.",17,-177,30,1,0],["0020500310",298,3,5,1,"Made Shot","Tip Shot","2PT Field Goal","Restricted Area","Center(C)","Less Than 8 ft.",0,0,0,1,1],["0020500310",443,4,2,50,"Made Shot","Layup Shot","2PT Field Goal","Restricted Area","Center(C)","Less Than 8 ft.",0,0,0,1,1],["0020500310",458,4,1,28,"Made Shot","Layup Shot","2PT Field Goal","Restricted Area","Center(C)","Less Than 8 ft.",0,0,0,1,1],["0020500335",133,2,9,31,"Made Shot","Driving Layup Shot","2PT Field Goal","Restricted Area","Center(C)","Less Than 8 ft.",0,0,0,1,1],["0020500335",284,3,4,59,"Missed Shot","Layup Shot","2PT Field Goal","Restricted Area","Center(C)","Less Than 8 ft.",0,0,0,1,0],["0020500335",313,3,2,5,"Made Shot","Jump Bank Shot","2PT Field Goal","Mid-Range","Right Side(R)","8-16 ft.",13,130,28,1,1],["0020500335",334,3,0,30,"Missed Shot","Layup Shot","2PT Field Goal","Restricted Area","Center(C)","Less Than 8 ft.",0,0,0,1,0],["0020500335",342,3,0,0,"Missed Shot","Jump Shot","3PT Field Goal","Above the Break 3","Left Side Center(LC)","24+ ft.",35,-179,307,1,0],["0020500335",369,4,8,34,"Missed Shot","Running Hook Shot","2PT Field Goal","In The Paint (Non-RA)","Center(C)","Less Than 8 ft.",6,-28,56,1,0],["0020500349",123,2,10,32,"Missed Shot","Layup Shot","2PT Field Goal","Restricted Area","Center(C)","Less Than 8 ft.",0,0,0,1,0],["0020500349",136,2,9,29,"Missed Shot","Jump Shot","2PT Field Goal","Mid-Range","Left Side(L)","16-24 ft.",16,-163,23,1,0],["0020500349",392,4,6,54,"Missed Shot","Jump Shot","2PT Field Goal","Mid-Range","Right Side(R)","8-16 ft.",9,97,-16,1,0],["0020500349",395,4,6,44,"Made Shot","Dunk Shot","2PT Field Goal","Restricted Area","Center(C)","Less Than 8 ft.",0,0,0,1,1],["0020500349",490,5,1,49,"Missed Shot","Jump Shot","2PT Field Goal","Mid-Range","Right Side(R)","16-24 ft.",17,176,-11,1,0],["0020500357",123,1,0,0,"Made Shot","Layup Shot","2PT Field Goal","Restricted Area","Center(C)","Less Than 8 ft.",0,0,0,1,1],["0020500357",134,2,10,33,"Missed Shot","Layup Shot","2PT Field Goal","Restricted Area","Center(C)","Less Than 8 ft.",0,0,0,1,0],["0020500357",308,3,4,13,"Missed Shot","Jump Shot","3PT Field Goal","Above the Break 3","Right Side Center(RC)","24+ ft.",25,89,240,1,0],["0020500357",439,4,1,38,"Missed Shot","Jump Shot","2PT Field Goal","In The Paint (Non-RA)","Center(C)","Less Than 8 ft.",5,39,45,1,0],["0020500374",66,1,4,13,"Missed Shot","Layup Shot","2PT Field Goal","Restricted Area","Center(C)","Less Than 8 ft.",0,0,0,1,0],["0020500374",207,2,3,34,"Missed Shot","Layup Shot","2PT Field Goal","Restricted Area","Center(C)","Less Than 8 ft.",0,0,0,1,0],["0020500374",225,2,2,3,"Made Shot","Layup Shot","2PT Field Goal","Restricted Area","Center(C)","Less Than 8 ft.",0,0,0,1,1],["0020500374",242,2,0,39,"Made Shot","Layup Shot","2PT Field Goal","Restricted Area","Center(C)","Less Than 8 ft.",0,0,0,1,1],["0020500374",310,3,5,41,"Made Shot","Driving Layup Shot","2PT Field Goal","Restricted Area","Center(C)","Less Than 8 ft.",0,0,0,1,1],["0020500374",321,3,3,40,"Missed Shot","Layup Shot","2PT Field Goal","Restricted Area","Center(C)","Less Than 8 ft.",0,0,0,1,0],["0020500374",466,4,2,9,"Missed Shot","Jump Shot","2PT Field Goal","In The Paint (Non-RA)","Center(C)","8-16 ft.",13,23,130,1,0],["0020500397",66,1,3,4,"Missed Shot","Layup Shot","2PT Field Goal","Restricted Area","Center(C)","Less Than 8 ft.",0,0,0,1,0],["0020500397",69,1,2,32,"Made Shot","Layup Shot","2PT Field Goal","Restricted Area","Center(C)","Less Than 8 ft.",0,0,0,1,1],["0020500397",313,3,2,54,"Missed Shot","Layup Shot","2PT Field Goal","Restricted Area","Center(C)","Less Than 8 ft.",0,0,0,1,0],["0020500397",322,3,1,59,"Made Shot","Dunk Shot","2PT Field Goal","Restricted Area","Center(C)","Less Than 8 ft.",0,0,0,1,1],["0020500397",333,3,0,41,"Made Shot","Jump Shot","2PT Field Goal","Mid-Range","Center(C)","8-16 ft.",14,15,140,1,1],["0020500397",352,4,11,6,"Made Shot","Layup Shot","2PT Field Goal","Restricted Area","Center(C)","Less Than 8 ft.",0,0,0,1,1],["0020500397",406,4,6,14,"Made Shot","Turnaround Jump Shot","2PT Field Goal","In The Paint (Non-RA)","Center(C)","Less Than 8 ft.",7,8,74,1,1],["0020500408",84,1,3,55,"Missed Shot","Jump Shot","2PT Field Goal","Mid-Range","Left Side Center(LC)","16-24 ft.",19,-125,148,1,0],["0020500408",117,1,0,58,"Missed Shot","Layup Shot","2PT Field Goal","Restricted Area","Center(C)","Less Than 8 ft.",0,0,0,1,0],["0020500408",135,2,11,45,"Made Shot","Jump Shot","2PT Field Goal","Mid-Range","Left Side Center(LC)","16-24 ft.",16,-79,148,1,1],["0020500408",214,2,3,46,"Missed Shot","Driving Layup Shot","2PT Field Goal","Restricted Area","Center(C)","Less Than 8 ft.",0,0,0,1,0],["0020500408",227,2,1,58,"Missed Shot","Jump Shot","2PT Field Goal","Mid-Range","Right Side Center(RC)","16-24 ft.",16,80,143,1,0],["0020500408",317,3,4,58,"Missed Shot","Layup Shot","2PT Field Goal","Restricted Area","Center(C)","Less Than 8 ft.",0,0,0,1,0],["0020500408",370,3,0,1,"Missed Shot","Layup Shot","2PT Field Goal","Restricted Area","Center(C)","Less Than 8 ft.",0,0,0,1,0],["0020500408",378,4,11,48,"Made Shot","Running Layup Shot","2PT Field Goal","Restricted Area","Center(C)","Less Than 8 ft.",0,0,0,1,1],["0020500408",384,4,10,39,"Missed Shot","Layup Shot","2PT Field Goal","Restricted Area","Center(C)","Less Than 8 ft.",0,0,0,1,0],["0020500408",469,4,1,44,"Missed Shot","Layup Shot","2PT Field Goal","Restricted Area","Center(C)","Less Than 8 ft.",0,0,0,1,0],["0020500421",46,1,5,34,"Missed Shot","Layup Shot","2PT Field Goal","Restricted Area","Center(C)","Less Than 8 ft.",0,0,0,1,0],["0020500421",362,4,11,26,"Missed Shot","Driving Layup Shot","2PT Field Goal","Restricted Area","Center(C)","Less Than 8 ft.",0,0,0,1,0],["0020500421",375,4,9,46,"Made Shot","Driving Layup Shot","2PT Field Goal","Restricted Area","Center(C)","Less Than 8 ft.",0,0,0,1,1],["0020500449",14,1,10,30,"Missed Shot","Jump Shot","2PT Field Goal","Mid-Range","Left Side Center(LC)","16-24 ft.",20,-145,151,1,0],["0020500449",17,1,10,11,"Missed Shot","Jump Shot","2PT Field Goal","Mid-Range","Left Side Center(LC)","16-24 ft.",16,-102,128,1,0],["0020500449",229,2,1,43,"Missed Shot","Layup Shot","2PT Field Goal","Restricted Area","Center(C)","Less Than 8 ft.",1,-10,12,1,0],["0020500449",232,2,1,15,"Missed Shot","Layup Shot","2PT Field Goal","Restricted Area","Center(C)","Less Than 8 ft.",1,-8,8,1,0],["0020500449",305,3,5,58,"Missed Shot","Layup Shot","2PT Field Goal","Restricted Area","Center(C)","Less Than 8 ft.",1,-3,17,1,0],["0020500449",307,3,5,55,"Missed Shot","Tip Shot","2PT Field Goal","Restricted Area","Center(C)","Less Than 8 ft.",1,0,15,1,0],["0020500449",374,3,0,24,"Made Shot","Jump Shot","2PT Field Goal","Mid-Range","Center(C)","8-16 ft.",15,-56,146,1,1],["0020500449",393,4,11,2,"Made Shot","Reverse Layup Shot","2PT Field Goal","Restricted Area","Center(C)","Less Than 8 ft.",2,-21,-1,1,1],["0020500449",407,4,9,43,"Made Shot","Fadeaway Jump Shot","2PT Field Goal","Mid-Range","Right Side(R)","8-16 ft.",15,158,8,1,1],["0020500449",414,4,8,46,"Missed Shot","Jump Shot","2PT Field Goal","Mid-Range","Right Side Center(RC)","16-24 ft.",17,125,128,1,0],["0020500449",418,4,8,8,"Made Shot","Layup Shot","2PT Field Goal","Restricted Area","Center(C)","Less Than 8 ft.",2,-21,8,1,1],["0020500449",425,4,7,32,"Missed Shot","Layup Shot","2PT Field Goal","Restricted Area","Center(C)","Less Than 8 ft.",2,-18,15,1,0],["0020500449",475,4,1,33,"Missed Shot","Jump Shot","2PT Field Goal","Mid-Range","Right Side(R)","8-16 ft.",13,136,8,1,0],["0020500449",508,4,0,0,"Missed Shot","Jump Shot","3PT Field Goal","Above the Break 3","Left Side Center(LC)","24+ ft.",24,-156,194,1,0],["0020500474",48,1,5,51,"Missed Shot","Driving Layup Shot","2PT Field Goal","Restricted Area","Center(C)","Less Than 8 ft.",0,0,0,1,0],["0020500474",356,3,0,3,"Missed Shot","Layup Shot","2PT Field Goal","Restricted Area","Center(C)","Less Than 8 ft.",0,0,0,1,0],["0020500474",480,4,4,56,"Made Shot","Layup Shot","2PT Field Goal","Restricted Area","Center(C)","Less Than 8 ft.",0,0,0,1,1],["0020500474",497,4,3,24,"Missed Shot","Hook Shot","2PT Field Goal","In The Paint (Non-RA)","Center(C)","Less Than 8 ft.",6,-61,5,1,0],["0020500474",520,4,1,31,"Made Shot","Driving Dunk Shot","2PT Field Goal","Restricted Area","Center(C)","Less Than 8 ft.",0,0,0,1,1],["0020500493",32,1,8,4,"Made Shot","Layup Shot","2PT Field Goal","Restricted Area","Center(C)","Less Than 8 ft.",0,0,0,1,1],["0020500493",42,1,6,41,"Missed Shot","Jump Shot","2PT Field Goal","In The Paint (Non-RA)","Center(C)","8-16 ft.",9,-5,99,1,0],["0020500493",228,3,11,37,"Missed Shot","Jump Shot","2PT Field Goal","Mid-Range","Left Side(L)","8-16 ft.",14,-148,-3,1,0],["0020500493",261,3,7,55,"Made Shot","Jump Shot","2PT Field Goal","Mid-Range","Right Side Center(RC)","16-24 ft.",18,85,168,1,1],["0020500493",305,3,1,53,"Missed Shot","Jump Shot","2PT Field Goal","Mid-Range","Right Side(R)","8-16 ft.",12,118,26,1,0],["0020500493",322,3,0,22,"Made Shot","Jump Bank Shot","2PT Field Goal","In The Paint (Non-RA)","Center(C)","Less Than 8 ft.",6,-64,25,1,1],["0020500500",205,2,1,41,"Missed Shot","Jump Shot","2PT Field Goal","Mid-Range","Center(C)","8-16 ft.",14,-6,140,1,0],["0020500500",218,2,0,16,"Made Shot","Layup Shot","2PT Field Goal","Restricted Area","Center(C)","Less Than 8 ft.",0,0,0,1,1],["0020500500",237,3,9,35,"Missed Shot","Driving Hook Shot","2PT Field Goal","In The Paint (Non-RA)","Left Side(L)","8-16 ft.",9,-80,43,1,0],["0020500515",7,1,11,17,"Missed Shot","Layup Shot","2PT Field Goal","Restricted Area","Center(C)","Less Than 8 ft.",0,0,0,1,0],["0020500515",15,1,9,56,"Missed Shot","Jump Bank Shot","2PT Field Goal","Mid-Range","Left Side(L)","16-24 ft.",16,-161,38,1,0],["0020500515",23,1,8,53,"Made Shot","Jump Shot","2PT Field Goal","Mid-Range","Left Side(L)","8-16 ft.",10,-94,48,1,1],["0020500515",30,1,7,57,"Missed Shot","Layup Shot","2PT Field Goal","Restricted Area","Center(C)","Less Than 8 ft.",0,0,0,1,0],["0020500515",126,2,8,40,"Missed Shot","Jump Shot","2PT Field Goal","Mid-Range","Right Side(R)","16-24 ft.",17,169,40,1,0],["0020500515",198,2,2,18,"Missed Shot","Jump Shot","2PT Field Goal","Mid-Range","Left Side(L)","16-24 ft.",17,-169,30,1,0],["0020500515",251,3,9,9,"Made Shot","Jump Shot","2PT Field Goal","Mid-Range","Left Side(L)","8-16 ft.",12,-119,46,1,1],["0020500515",281,3,5,28,"Made Shot","Layup Shot","2PT Field Goal","Restricted Area","Center(C)","Less Than 8 ft.",0,0,0,1,1],["0020500515",289,3,4,46,"Missed Shot","Layup Shot","2PT Field Goal","Restricted Area","Center(C)","Less Than 8 ft.",0,0,0,1,0],["0020500515",300,3,3,19,"Made Shot","Jump Shot","2PT Field Goal","Mid-Range","Left Side Center(LC)","16-24 ft.",18,-126,137,1,1],["0020500515",315,3,2,25,"Missed Shot","Jump Bank Shot","2PT Field Goal","Mid-Range","Right Side(R)","8-16 ft.",11,112,26,1,0],["0020500515",454,4,2,22,"Made Shot","Jump Shot","2PT Field Goal","Mid-Range","Right Side Center(RC)","16-24 ft.",22,179,132,1,1],["0020500515",465,4,1,4,"Missed Shot","Jump Shot","3PT Field Goal","Above the Break 3","Center(C)","24+ ft.",25,-6,255,1,0],["0020500523",9,1,10,1,"Missed Shot","Running Jump Shot","2PT Field Goal","Mid-Range","Right Side(R)","8-16 ft.",9,98,12,1,0],["0020500523",32,1,6,56,"Made Shot","Jump Shot","2PT Field Goal","Mid-Range","Left Side(L)","8-16 ft.",15,-148,49,1,1],["0020500523",93,2,11,47,"Missed Shot","Jump Shot","2PT Field Goal","Mid-Range","Left Side Center(LC)","16-24 ft.",17,-136,107,1,0],["0020500523",235,3,8,12,"Missed Shot","Layup Shot","2PT Field Goal","Restricted Area","Center(C)","Less Than 8 ft.",0,0,0,1,0],["0020500523",246,3,7,9,"Made Shot","Layup Shot","2PT Field Goal","Restricted Area","Center(C)","Less Than 8 ft.",0,0,0,1,1],["0020500523",248,3,6,27,"Missed Shot","Layup Shot","2PT Field Goal","Restricted Area","Center(C)","Less Than 8 ft.",0,0,0,1,0],["0020500523",256,3,5,26,"Made Shot","Layup Shot","2PT Field Goal","Restricted Area","Center(C)","Less Than 8 ft.",0,0,0,1,1],["0020500523",367,4,5,49,"Made Shot","Driving Layup Shot","2PT Field Goal","Restricted Area","Center(C)","Less Than 8 ft.",0,0,0,1,1],["0020500523",423,4,2,30,"Made Shot","Driving Layup Shot","2PT Field Goal","Restricted Area","Center(C)","Less Than 8 ft.",0,0,0,1,1],["0020500538",15,1,10,24,"Missed Shot","Layup Shot","2PT Field Goal","Restricted Area","Center(C)","Less Than 8 ft.",0,0,0,1,0],["0020500538",47,1,7,24,"Missed Shot","Jump Shot","2PT Field Goal","Mid-Range","Left Side Center(LC)","16-24 ft.",18,-145,117,1,0],["0020500538",50,1,6,57,"Missed Shot","Jump Shot","2PT Field Goal","In The Paint (Non-RA)","Center(C)","Less Than 8 ft.",7,1,74,1,0],["0020500538",165,2,7,9,"Missed Shot","Layup Shot","2PT Field Goal","Restricted Area","Center(C)","Less Than 8 ft.",0,0,0,1,0],["0020500538",190,2,5,13,"Made Shot","Dunk Shot","2PT Field Goal","Restricted Area","Center(C)","Less Than 8 ft.",0,0,0,1,1],["0020500538",235,2,2,54,"Missed Shot","Layup Shot","2PT Field Goal","Restricted Area","Center(C)","Less Than 8 ft.",0,0,0,1,0],["0020500538",271,3,11,47,"Made Shot","Jump Bank Shot","2PT Field Goal","Mid-Range","Right Side Center(RC)","16-24 ft.",17,100,145,1,1],["0020500538",295,3,9,0,"Missed Shot","Jump Shot","2PT Field Goal","Mid-Range","Right Side Center(RC)","16-24 ft.",17,112,137,1,0],["0020500538",303,3,8,3,"Missed Shot","Jump Shot","3PT Field Goal","Right Corner 3","Right Side(R)","24+ ft.",24,241,-18,1,0],["0020500538",307,3,7,35,"Missed Shot","Jump Shot","2PT Field Goal","In The Paint (Non-RA)","Center(C)","Less Than 8 ft.",7,5,71,1,0],["0020500538",399,4,11,27,"Missed Shot","Layup Shot","2PT Field Goal","Restricted Area","Center(C)","Less Than 8 ft.",0,0,0,1,0],["0020500538",513,4,0,26,"Made Shot","Layup Shot","2PT Field Goal","Restricted Area","Center(C)","Less Than 8 ft.",0,0,0,1,1],["0020500553",9,1,10,4,"Missed Shot","Jump Shot","2PT Field Goal","Mid-Range","Right Side(R)","16-24 ft.",18,177,49,1,0],["0020500553",185,3,10,24,"Made Shot","Jump Bank Shot","2PT Field Goal","Mid-Range","Right Side(R)","8-16 ft.",12,107,68,1,1],["0020500553",209,3,8,11,"Missed Shot","Jump Shot","2PT Field Goal","Mid-Range","Center(C)","16-24 ft.",19,34,197,1,0],["0020500568",35,1,7,53,"Missed Shot","Layup Shot","2PT Field Goal","Restricted Area","Center(C)","Less Than 8 ft.",0,0,0,1,0],["0020500568",227,3,11,15,"Missed Shot","Layup Shot","2PT Field Goal","Restricted Area","Center(C)","Less Than 8 ft.",0,0,0,1,0],["0020500568",241,3,9,34,"Missed Shot","Layup Shot","2PT Field Goal","Restricted Area","Center(C)","Less Than 8 ft.",0,0,0,1,0],["0020500568",284,3,4,30,"Made Shot","Jump Shot","2PT Field Goal","Mid-Range","Center(C)","16-24 ft.",18,-54,174,1,1],["0020500581",15,1,9,48,"Made Shot","Layup Shot","2PT Field Goal","Restricted Area","Center(C)","Less Than 8 ft.",0,0,0,1,1],["0020500581",34,1,7,39,"Missed Shot","Jump Shot","2PT Field Goal","Mid-Range","Right Side(R)","8-16 ft.",11,110,25,1,0],["0020500581",50,1,6,6,"Made Shot","Jump Shot","2PT Field Goal","Mid-Range","Left Side(L)","8-16 ft.",11,-113,-16,1,1],["0020500581",238,2,2,3,"Missed Shot","Jump Shot","2PT Field Goal","Mid-Range","Right Side(R)","8-16 ft.",14,117,82,1,0],["0020500581",269,3,10,38,"Missed Shot","Jump Shot","2PT Field Goal","Mid-Range","Right Side(R)","16-24 ft.",16,159,35,1,0],["0020500581",432,4,5,32,"Made Shot","Jump Shot","2PT Field Goal","Mid-Range","Center(C)","8-16 ft.",15,0,155,1,1],["0020500581",440,4,3,57,"Missed Shot","Layup Shot","2PT Field Goal","Restricted Area","Center(C)","Less Than 8 ft.",0,0,0,1,0],["0020500581",444,4,3,13,"Missed Shot","Jump Shot","2PT Field Goal","Mid-Range","Right Side(R)","8-16 ft.",15,133,71,1,0],["0020500603",3,1,11,25,"Missed Shot","Jump Shot","2PT Field Goal","In The Paint (Non-RA)","Center(C)","Less Than 8 ft.",6,-52,43,1,0],["0020500603",31,1,8,15,"Missed Shot","Jump Shot","2PT Field Goal","Mid-Range","Left Side(L)","16-24 ft.",17,-153,82,1,0],["0020500603",164,2,5,1,"Made Shot","Layup Shot","2PT Field Goal","Restricted Area","Center(C)","Less Than 8 ft.",0,-3,3,1,1],["0020500603",174,2,3,25,"Missed Shot","Layup Shot","2PT Field Goal","Restricted Area","Center(C)","Less Than 8 ft.",1,13,5,1,0],["0020500603",181,2,2,41,"Missed Shot","Tip Shot","2PT Field Goal","Restricted Area","Center(C)","Less Than 8 ft.",1,-2,12,1,0],["0020500603",241,3,8,15,"Missed Shot","Jump Shot","2PT Field Goal","Mid-Range","Center(C)","8-16 ft.",15,-59,145,1,0],["0020500610",137,2,9,6,"Missed Shot","Layup Shot","2PT Field Goal","Restricted Area","Center(C)","Less Than 8 ft.",0,0,0,1,0],["0020500610",444,4,1,46,"Missed Shot","Jump Shot","2PT Field Goal","In The Paint (Non-RA)","Center(C)","8-16 ft.",11,-54,105,1,0],["0020500610",449,4,0,43,"Made Shot","Jump Shot","2PT Field Goal","Mid-Range","Right Side Center(RC)","16-24 ft.",20,121,160,1,1],["0020500632",127,2,10,44,"Made Shot","Jump Shot","2PT Field Goal","In The Paint (Non-RA)","Center(C)","8-16 ft.",8,19,82,1,1],["0020500632",155,2,7,58,"Missed Shot","Layup Shot","2PT Field Goal","Restricted Area","Center(C)","Less Than 8 ft.",1,13,5,1,0],["0020500632",171,2,5,38,"Missed Shot","Jump Shot","3PT Field Goal","Above the Break 3","Left Side Center(LC)","24+ ft.",26,-210,156,1,0],["0020500632",200,2,2,56,"Made Shot","Driving Layup Shot","2PT Field Goal","Restricted Area","Center(C)","Less Than 8 ft.",1,6,-9,1,1],["0020500632",218,2,1,58,"Missed Shot","Jump Shot","2PT Field Goal","Mid-Range","Right Side Center(RC)","16-24 ft.",17,138,115,1,0],["0020500632",310,3,3,33,"Missed Shot","Layup Shot","2PT Field Goal","Restricted Area","Center(C)","Less Than 8 ft.",2,-18,15,1,0],["0020500632",314,3,3,13,"Made Shot","Turnaround Jump Shot","2PT Field Goal","Mid-Range","Right Side(R)","8-16 ft.",8,82,17,1,1],["0020500648",74,1,3,53,"Missed Shot","Dunk Shot","2PT Field Goal","Restricted Area","Center(C)","Less Than 8 ft.",0,0,0,1,0],["0020500648",87,1,2,46,"Made Shot","Layup Shot","2PT Field Goal","Restricted Area","Center(C)","Less Than 8 ft.",0,0,0,1,1],["0020500648",101,1,1,36,"Made Shot","Jump Shot","2PT Field Goal","In The Paint (Non-RA)","Center(C)","Less Than 8 ft.",5,16,54,1,1],["0020500648",142,2,10,35,"Made Shot","Layup Shot","2PT Field Goal","Restricted Area","Center(C)","Less Than 8 ft.",0,0,0,1,1],["0020500648",159,2,7,50,"Missed Shot","Layup Shot","2PT Field Goal","Restricted Area","Center(C)","Less Than 8 ft.",0,0,0,1,0],["0020500648",163,2,7,40,"Missed Shot","Jump Shot","2PT Field Goal","Mid-Range","Left Side(L)","8-16 ft.",14,-145,17,1,0],["0020500648",298,3,5,1,"Missed Shot","Jump Shot","2PT Field Goal","In The Paint (Non-RA)","Center(C)","8-16 ft.",10,-3,100,1,0],["0020500648",329,3,1,47,"Missed Shot","Driving Layup Shot","2PT Field Goal","Restricted Area","Center(C)","Less Than 8 ft.",0,0,0,1,0],["0020500648",436,4,4,20,"Missed Shot","Jump Shot","2PT Field Goal","In The Paint (Non-RA)","Center(C)","Less Than 8 ft.",4,41,8,1,0],["0020500666",8,1,10,5,"Missed Shot","Jump Shot","2PT Field Goal","Mid-Range","Right Side Center(RC)","16-24 ft.",16,133,104,1,0],["0020500679",227,2,1,8,"Missed Shot","Layup Shot","2PT Field Goal","Restricted Area","Center(C)","Less Than 8 ft.",0,0,0,1,0],["0020500701",97,1,1,20,"Missed Shot","Layup Shot","2PT Field Goal","Restricted Area","Center(C)","Less Than 8 ft.",0,0,0,1,0],["0020500701",102,1,0,38,"Missed Shot","Layup Shot","2PT Field Goal","Restricted Area","Center(C)","Less Than 8 ft.",0,0,0,1,0],["0020500701",114,1,0,0,"Made Shot","Layup Shot","2PT Field Goal","Restricted Area","Center(C)","Less Than 8 ft.",0,0,0,1,1],["0020500701",139,2,9,50,"Made Shot","Layup Shot","2PT Field Goal","Restricted Area","Center(C)","Less Than 8 ft.",0,0,0,1,1],["0020500701",261,3,9,10,"Made Shot","Dunk Shot","2PT Field Goal","Restricted Area","Center(C)","Less Than 8 ft.",0,0,0,1,1],["0020500701",284,3,6,33,"Missed Shot","Jump Shot","2PT Field Goal","In The Paint (Non-RA)","Right Side(R)","8-16 ft.",12,66,107,1,0],["0020500701",416,4,6,46,"Missed Shot","Tip Shot","2PT Field Goal","Restricted Area","Center(C)","Less Than 8 ft.",0,0,0,1,0],["0020500701",426,4,5,51,"Missed Shot","Layup Shot","2PT Field Goal","Restricted Area","Center(C)","Less Than 8 ft.",0,0,0,1,0],["0020500701",444,4,4,53,"Made Shot","Running Layup Shot","2PT Field Goal","Restricted Area","Center(C)","Less Than 8 ft.",0,0,0,1,1],["0020500701",452,4,3,56,"Made Shot","Jump Bank Shot","2PT Field Goal","Mid-Range","Left Side(L)","8-16 ft.",12,-108,54,1,1],["0020500701",460,4,3,26,"Missed Shot","Layup Shot","2PT Field Goal","Restricted Area","Center(C)","Less Than 8 ft.",0,0,0,1,0],["0020500701",481,4,0,41,"Made Shot","Jump Shot","3PT Field Goal","Left Corner 3","Left Side(L)","24+ ft.",23,-237,-19,1,1],["0020500715",47,1,5,2,"Missed Shot","Layup Shot","2PT Field Goal","Restricted Area","Center(C)","Less Than 8 ft.",0,0,0,1,0],["0020500715",48,1,5,1,"Made Shot","Tip Shot","2PT Field Goal","Restricted Area","Center(C)","Less Than 8 ft.",0,0,0,1,1],["0020500715",66,1,2,33,"Made Shot","Jump Shot","2PT Field Goal","Mid-Range","Right Side Center(RC)","16-24 ft.",17,79,160,1,1],["0020500715",96,2,11,38,"Made Shot","Jump Shot","2PT Field Goal","Mid-Range","Left Side(L)","16-24 ft.",17,-169,30,1,1],["0020500715",98,2,11,1,"Made Shot","Layup Shot","2PT Field Goal","Restricted Area","Center(C)","Less Than 8 ft.",0,0,0,1,1],["0020500715",102,2,10,30,"Missed Shot","Tip Shot","2PT Field Goal","Restricted Area","Center(C)","Less Than 8 ft.",0,0,0,1,0],["0020500715",180,2,1,13,"Missed Shot","Jump Shot","2PT Field Goal","Mid-Range","Left Side(L)","16-24 ft.",17,-156,69,1,0],["0020500715",373,4,9,15,"Made Shot","Dunk Shot","2PT Field Goal","Restricted Area","Center(C)","Less Than 8 ft.",0,0,0,1,1],["0020500715",401,4,6,5,"Missed Shot","Jump Shot","3PT Field Goal","Above the Break 3","Right Side Center(RC)","24+ ft.",25,156,201,1,0],["0020500729",86,1,3,3,"Missed Shot","Jump Shot","2PT Field Goal","Mid-Range","Left Side(L)","8-16 ft.",15,-151,12,1,0],["0020500729",321,3,5,7,"Made Shot","Driving Layup Shot","2PT Field Goal","Restricted Area","Center(C)","Less Than 8 ft.",0,0,0,1,1],["0020500729",330,3,3,8,"Made Shot","Layup Shot","2PT Field Goal","Restricted Area","Center(C)","Less Than 8 ft.",0,0,0,1,1],["0020500729",333,3,2,42,"Missed Shot","Jump Shot","2PT Field Goal","Mid-Range","Center(C)","16-24 ft.",18,-16,183,1,0],["0020500729",473,4,1,33,"Made Shot","Layup Shot","2PT Field Goal","Restricted Area","Center(C)","Less Than 8 ft.",0,0,0,1,1],["0020500739",66,1,3,29,"Made Shot","Layup Shot","2PT Field Goal","Restricted Area","Center(C)","Less Than 8 ft.",0,0,0,1,1],["0020500739",296,3,3,28,"Missed Shot","Layup Shot","2PT Field Goal","Restricted Area","Center(C)","Less Than 8 ft.",0,0,0,1,0],["0020500739",339,3,0,0,"Missed Shot","Jump Shot","3PT Field Goal","Above the Break 3","Right Side Center(RC)","24+ ft.",38,187,332,1,0],["0020500739",480,4,0,5,"Missed Shot","Layup Shot","2PT Field Goal","Restricted Area","Center(C)","Less Than 8 ft.",0,0,0,1,0],["0020500752",48,1,5,52,"Made Shot","Layup Shot","2PT Field Goal","Restricted Area","Center(C)","Less Than 8 ft.",0,0,0,1,1],["0020500752",52,1,5,14,"Missed Shot","Jump Shot","2PT Field Goal","Mid-Range","Right Side Center(RC)","16-24 ft.",17,141,107,1,0],["0020500752",203,2,3,7,"Missed Shot","Layup Shot","2PT Field Goal","Restricted Area","Center(C)","Less Than 8 ft.",0,0,0,1,0],["0020500752",299,3,4,55,"Missed Shot","Layup Shot","2PT Field Goal","Restricted Area","Center(C)","Less Than 8 ft.",0,0,0,1,0],["0020500752",316,3,3,16,"Made Shot","Dunk Shot","2PT Field Goal","Restricted Area","Center(C)","Less Than 8 ft.",0,0,0,1,1],["0020500752",356,4,11,5,"Made Shot","Dunk Shot","2PT Field Goal","Restricted Area","Center(C)","Less Than 8 ft.",0,0,0,1,1],["0020500752",378,4,7,41,"Made Shot","Layup Shot","2PT Field Goal","Restricted Area","Center(C)","Less Than 8 ft.",0,0,0,1,1],["0020500752",453,4,0,36,"Made Shot","Layup Shot","2PT Field Goal","Restricted Area","Center(C)","Less Than 8 ft.",0,0,0,1,1],["0020500787",57,1,5,43,"Made Shot","Layup Shot","2PT Field Goal","Restricted Area","Center(C)","Less Than 8 ft.",0,0,0,1,1],["0020500787",87,1,2,21,"Made Shot","Jump Shot","2PT Field Goal","Mid-Range","Left Side(L)","8-16 ft.",15,-159,-5,1,1],["0020500787",97,1,0,44,"Missed Shot","Jump Shot","2PT Field Goal","In The Paint (Non-RA)","Center(C)","8-16 ft.",10,26,100,1,0],["0020500787",190,2,5,3,"Made Shot","Jump Shot","2PT Field Goal","Mid-Range","Center(C)","16-24 ft.",16,-5,166,1,1],["0020500787",207,2,3,17,"Missed Shot","Layup Shot","2PT Field Goal","Restricted Area","Center(C)","Less Than 8 ft.",0,0,0,1,0],["0020500787",236,2,1,13,"Made Shot","Driving Layup Shot","2PT Field Goal","Restricted Area","Center(C)","Less Than 8 ft.",0,0,0,1,1],["0020500787",302,3,6,27,"Made Shot","Running Hook Shot","2PT Field Goal","Restricted Area","Center(C)","Less Than 8 ft.",3,8,38,1,1],["0020500787",324,3,4,17,"Missed Shot","Driving Layup Shot","2PT Field Goal","Restricted Area","Center(C)","Less Than 8 ft.",0,0,0,1,0],["0020500787",363,3,0,47,"Missed Shot","Jump Shot","2PT Field Goal","Mid-Range","Left Side Center(LC)","16-24 ft.",17,-100,145,1,0],["0020500787",375,3,0,17,"Made Shot","Jump Shot","2PT Field Goal","Mid-Range","Right Side Center(RC)","16-24 ft.",16,105,125,1,1],["0020500821",153,2,9,45,"Missed Shot","Jump Shot","2PT Field Goal","In The Paint (Non-RA)","Right Side(R)","8-16 ft.",10,77,71,1,0],["0020500837",114,1,0,0,"Missed Shot","Jump Shot","2PT Field Goal","Mid-Range","Left Side Center(LC)","16-24 ft.",20,-146,150,1,0],["0020500862",356,3,0,29,"Missed Shot","Layup Shot","2PT Field Goal","Restricted Area","Center(C)","Less Than 8 ft.",0,0,0,1,0],["0020500862",378,4,10,18,"Missed Shot","Jump Shot","2PT Field Goal","Mid-Range","Right Side(R)","16-24 ft.",18,172,54,1,0],["0020500862",400,4,8,43,"Made Shot","Jump Shot","2PT Field Goal","In The Paint (Non-RA)","Left Side(L)","8-16 ft.",14,-74,123,1,1],["0020500862",473,4,1,17,"Missed Shot","Reverse Layup Shot","2PT Field Goal","Restricted Area","Center(C)","Less Than 8 ft.",0,0,0,1,0],["0020500869",212,2,6,4,"Made Shot","Driving Layup Shot","2PT Field Goal","Restricted Area","Center(C)","Less Than 8 ft.",0,0,0,1,1],["0020500869",247,2,1,31,"Missed Shot","Jump Shot","2PT Field Goal","In The Paint (Non-RA)","Center(C)","Less Than 8 ft.",7,-56,45,1,0],["0020500869",255,2,0,57,"Made Shot","Driving Layup Shot","2PT Field Goal","Restricted Area","Center(C)","Less Than 8 ft.",0,0,0,1,1],["0020500869",272,3,11,35,"Made Shot","Layup Shot","2PT Field Goal","Restricted Area","Center(C)","Less Than 8 ft.",0,0,0,1,1],["0020500869",284,3,9,59,"Made Shot","Fadeaway Jump Shot","2PT Field Goal","In The Paint (Non-RA)","Center(C)","Less Than 8 ft.",6,6,66,1,1],["0020500869",289,3,9,25,"Made Shot","Jump Shot","2PT Field Goal","Mid-Range","Right Side(R)","8-16 ft.",14,138,49,1,1],["0020500869",301,3,7,48,"Missed Shot","Jump Shot","2PT Field Goal","Mid-Range","Right Side(R)","8-16 ft.",15,138,77,1,0],["0020500869",510,4,2,51,"Missed Shot","Layup Shot","2PT Field Goal","Restricted Area","Center(C)","Less Than 8 ft.",0,0,0,1,0],["0020500899",349,3,0,48,"Missed Shot","Jump Shot","2PT Field Goal","Mid-Range","Left Side(L)","8-16 ft.",9,-97,-6,1,0],["0020500899",367,4,11,28,"Missed Shot","Layup Shot","2PT Field Goal","Restricted Area","Center(C)","Less Than 8 ft.",0,0,0,1,0],["0020500922",167,2,7,36,"Missed Shot","Layup Shot","2PT Field Goal","Restricted Area","Center(C)","Less Than 8 ft.",0,0,0,1,0],["0020500922",168,2,7,35,"Missed Shot","Layup Shot","2PT Field Goal","Restricted Area","Center(C)","Less Than 8 ft.",0,0,0,1,0],["0020500932",147,2,7,47,"Missed Shot","Hook Shot","2PT Field Goal","In The Paint (Non-RA)","Center(C)","Less Than 8 ft.",6,-56,41,1,0],["0020500932",363,4,6,50,"Made Shot","Driving Layup Shot","2PT Field Goal","Restricted Area","Center(C)","Less Than 8 ft.",0,0,0,1,1],["0020500942",210,2,3,1,"Missed Shot","Jump Shot","2PT Field Goal","Mid-Range","Left Side(L)","8-16 ft.",15,-156,22,1,0],["0020500942",222,2,2,10,"Made Shot","Reverse Layup Shot","2PT Field Goal","Restricted Area","Center(C)","Less Than 8 ft.",0,0,0,1,1],["0020500942",302,3,5,52,"Missed Shot","Layup Shot","2PT Field Goal","Restricted Area","Center(C)","Less Than 8 ft.",0,0,0,1,0],["0020500942",382,3,0,0,"Missed Shot","Jump Shot","3PT Field Goal","Backcourt","Back Court(BC)","Back Court Shot",60,21,608,1,0],["0020500942",500,4,2,35,"Made Shot","Layup Shot","2PT Field Goal","Restricted Area","Center(C)","Less Than 8 ft.",0,0,0,1,1],["0020500951",82,1,5,16,"Made Shot","Jump Shot","2PT Field Goal","Mid-Range","Left Side(L)","16-24 ft.",17,-176,-32,1,1],["0020500951",106,1,3,54,"Missed Shot","Layup Shot","2PT Field Goal","Restricted Area","Center(C)","Less Than 8 ft.",2,20,2,1,0],["0020500951",171,2,10,6,"Made Shot","Layup Shot","2PT Field Goal","Restricted Area","Center(C)","Less Than 8 ft.",2,21,0,1,1],["0020500951",239,2,4,9,"Made Shot","Driving Layup Shot","2PT Field Goal","Restricted Area","Center(C)","Less Than 8 ft.",0,6,-3,1,1],["0020500951",241,2,3,43,"Made Shot","Jump Shot","2PT Field Goal","Mid-Range","Left Side(L)","8-16 ft.",10,-103,-37,1,1],["0020500951",265,2,1,33,"Made Shot","Jump Shot","2PT Field Goal","Mid-Range","Right Side(R)","16-24 ft.",21,207,-37,1,1],["0020500951",271,2,0,20,"Made Shot","Jump Shot","3PT Field Goal","Left Corner 3","Left Side(L)","24+ ft.",23,-233,-36,1,1],["0020500951",320,3,7,37,"Made Shot","Driving Layup Shot","2PT Field Goal","Restricted Area","Center(C)","Less Than 8 ft.",0,1,1,1,1],["0020500951",322,3,7,7,"Made Shot","Driving Layup Shot","2PT Field Goal","Restricted Area","Center(C)","Less Than 8 ft.",1,10,5,1,1],["0020500951",354,3,3,57,"Missed Shot","Jump Shot","2PT Field Goal","In The Paint (Non-RA)","Center(C)","Less Than 8 ft.",7,-71,36,1,0],["0020500951",413,4,9,17,"Missed Shot","Jump Shot","2PT Field Goal","In The Paint (Non-RA)","Center(C)","8-16 ft.",14,64,133,1,0],["0020500975",131,2,6,2,"Made Shot","Layup Shot","2PT Field Goal","Restricted Area","Center(C)","Less Than 8 ft.",0,0,0,1,1],["0020500975",188,2,0,55,"Made Shot","Driving Finger Roll Shot","2PT Field Goal","Restricted Area","Center(C)","Less Than 8 ft.",0,0,0,1,1],["0020500975",198,2,0,2,"Missed Shot","Jump Shot","2PT Field Goal","Mid-Range","Right Side(R)","8-16 ft.",13,133,43,1,0],["0020500975",297,3,1,30,"Missed Shot","Jump Shot","2PT Field Goal","In The Paint (Non-RA)","Center(C)","8-16 ft.",12,0,120,1,0],["0020500975",305,3,1,7,"Missed Shot","Layup Shot","2PT Field Goal","Restricted Area","Center(C)","Less Than 8 ft.",0,0,0,1,0],["0020500975",319,3,0,12,"Missed Shot","Reverse Layup Shot","2PT Field Goal","Restricted Area","Center(C)","Less Than 8 ft.",0,0,0,1,0],["0020500975",339,4,11,11,"Made Shot","Layup Shot","2PT Field Goal","Restricted Area","Center(C)","Less Than 8 ft.",0,0,0,1,1],["0020500975",389,4,3,25,"Made Shot","Running Layup Shot","2PT Field Goal","Restricted Area","Center(C)","Less Than 8 ft.",0,0,0,1,1],["0020500994",41,1,7,8,"Made Shot","Tip Shot","2PT Field Goal","Restricted Area","Center(C)","Less Than 8 ft.",0,0,0,1,1],["0020500994",45,1,6,46,"Made Shot","Layup Shot","2PT Field Goal","Restricted Area","Center(C)","Less Than 8 ft.",0,0,0,1,1],["0020500994",87,1,2,21,"Made Shot","Layup Shot","2PT Field Goal","Restricted Area","Center(C)","Less Than 8 ft.",0,0,0,1,1],["0020500994",174,2,6,9,"Made Shot","Dunk Shot","2PT Field Goal","Restricted Area","Center(C)","Less Than 8 ft.",0,0,0,1,1],["0020500994",272,3,7,41,"Missed Shot","Layup Shot","2PT Field Goal","Restricted Area","Center(C)","Less Than 8 ft.",0,0,0,1,0],["0020500994",395,4,7,48,"Made Shot","Layup Shot","2PT Field Goal","Restricted Area","Center(C)","Less Than 8 ft.",0,0,0,1,1],["0020500994",408,4,6,34,"Made Shot","Jump Shot","2PT Field Goal","Mid-Range","Left Side(L)","16-24 ft.",17,-177,5,1,1],["0020501004",8,1,11,6,"Missed Shot","Jump Shot","2PT Field Goal","Mid-Range","Center(C)","8-16 ft.",15,-21,151,1,0],["0020501004",83,1,2,46,"Made Shot","Driving Layup Shot","2PT Field Goal","Restricted Area","Center(C)","Less Than 8 ft.",1,-15,0,1,1],["0020501004",255,3,11,15,"Missed Shot","Driving Layup Shot","2PT Field Goal","Restricted Area","Center(C)","Less Than 8 ft.",0,0,3,1,0],["0020501004",269,3,9,48,"Made Shot","Driving Layup Shot","2PT Field Goal","Restricted Area","Center(C)","Less Than 8 ft.",0,1,1,1,1],["0020501004",278,3,8,54,"Made Shot","Jump Bank Shot","2PT Field Goal","In The Paint (Non-RA)","Left Side(L)","8-16 ft.",9,-71,61,1,1],["0020501004",302,3,6,38,"Made Shot","Driving Layup Shot","2PT Field Goal","Restricted Area","Center(C)","Less Than 8 ft.",0,0,5,1,1],["0020501004",400,4,9,33,"Missed Shot","Jump Shot","2PT Field Goal","Mid-Range","Right Side(R)","8-16 ft.",15,121,99,1,0],["0020501004",567,5,3,16,"Made Shot","Jump Shot","2PT Field Goal","In The Paint (Non-RA)","Left Side(L)","8-16 ft.",11,-71,91,1,1],["0020501021",8,1,10,29,"Made Shot","Driving Finger Roll Shot","2PT Field Goal","Restricted Area","Center(C)","Less Than 8 ft.",0,0,0,1,1],["0020501021",36,1,7,4,"Missed Shot","Jump Shot","3PT Field Goal","Above the Break 3","Right Side Center(RC)","24+ ft.",24,215,120,1,0],["0020501021",109,1,0,15,"Missed Shot","Layup Shot","2PT Field Goal","Restricted Area","Center(C)","Less Than 8 ft.",0,0,0,1,0],["0020501021",342,3,0,55,"Made Shot","Layup Shot","2PT Field Goal","Restricted Area","Center(C)","Less Than 8 ft.",0,0,0,1,1],["0020501021",357,4,11,5,"Missed Shot","Jump Shot","2PT Field Goal","Mid-Range","Left Side(L)","16-24 ft.",18,-156,102,1,0],["0020501037",42,1,7,24,"Missed Shot","Jump Shot","2PT Field Goal","Mid-Range","Right Side Center(RC)","16-24 ft.",20,121,166,1,0],["0020501037",92,1,3,22,"Missed Shot","Layup Shot","2PT Field Goal","Restricted Area","Center(C)","Less Than 8 ft.",0,0,0,1,0],["0020501037",323,3,6,35,"Missed Shot","Layup Shot","2PT Field Goal","Restricted Area","Center(C)","Less Than 8 ft.",0,0,0,1,0],["0020501037",353,3,2,48,"Missed Shot","Tip Shot","2PT Field Goal","Restricted Area","Center(C)","Less Than 8 ft.",0,0,0,1,0],["0020501037",394,4,11,46,"Made Shot","Jump Shot","2PT Field Goal","Mid-Range","Left Side(L)","8-16 ft.",15,-126,84,1,1],["0020501037",511,4,0,6,"Missed Shot","Jump Shot","3PT Field Goal","Above the Break 3","Right Side Center(RC)","24+ ft.",24,186,164,1,0],["0020501047",110,1,0,20,"Missed Shot","Fadeaway Jump Shot","2PT Field Goal","In The Paint (Non-RA)","Center(C)","Less Than 8 ft.",6,6,64,1,0],["0020501047",113,1,0,0,"Missed Shot","Jump Shot","2PT Field Goal","In The Paint (Non-RA)","Center(C)","8-16 ft.",12,46,114,1,0],["0020501047",123,2,10,53,"Missed Shot","Layup Shot","2PT Field Goal","Restricted Area","Center(C)","Less Than 8 ft.",0,0,0,1,0],["0020501047",131,2,9,58,"Made Shot","Reverse Layup Shot","2PT Field Goal","Restricted Area","Center(C)","Less Than 8 ft.",0,0,0,1,1],["0020501047",145,2,9,4,"Missed Shot","Layup Shot","2PT Field Goal","Restricted Area","Center(C)","Less Than 8 ft.",0,0,0,1,0],["0020501047",321,3,3,58,"Made Shot","Jump Shot","2PT Field Goal","Mid-Range","Right Side(R)","8-16 ft.",13,135,35,1,1],["0020501047",336,3,2,7,"Missed Shot","Jump Shot","2PT Field Goal","Mid-Range","Center(C)","8-16 ft.",14,-25,143,1,0],["0020501047",357,3,1,17,"Missed Shot","Reverse Layup Shot","2PT Field Goal","Restricted Area","Center(C)","Less Than 8 ft.",0,0,0,1,0],["0020501047",459,4,1,32,"Missed Shot","Jump Shot","2PT Field Goal","Mid-Range","Left Side(L)","16-24 ft.",18,-164,76,1,0],["0020501071",236,2,1,5,"Missed Shot","Jump Bank Shot","2PT Field Goal","In The Paint (Non-RA)","Center(C)","Less Than 8 ft.",7,-75,26,1,0],["0020501071",338,3,3,15,"Made Shot","Layup Shot","2PT Field Goal","Restricted Area","Center(C)","Less Than 8 ft.",0,0,0,1,1],["0020501071",379,4,11,46,"Made Shot","Dunk Shot","2PT Field Goal","Restricted Area","Center(C)","Less Than 8 ft.",0,0,0,1,1],["0020501071",506,4,1,19,"Made Shot","Layup Shot","2PT Field Goal","Restricted Area","Center(C)","Less Than 8 ft.",0,0,0,1,1],["0020501071",541,4,0,33,"Made Shot","Layup Shot","2PT Field Goal","Restricted Area","Center(C)","Less Than 8 ft.",0,0,0,1,1],["0020501071",554,4,0,25,"Made Shot","Layup Shot","2PT Field Goal","Restricted Area","Center(C)","Less Than 8 ft.",0,0,0,1,1],["0020501071",561,4,0,18,"Made Shot","Driving Layup Shot","2PT Field Goal","Restricted Area","Center(C)","Less Than 8 ft.",0,0,0,1,1],["0020501092",86,1,2,27,"Made Shot","Layup Shot","2PT Field Goal","Restricted Area","Center(C)","Less Than 8 ft.",0,0,0,1,1],["0020501092",104,1,0,43,"Missed Shot","Layup Shot","2PT Field Goal","Restricted Area","Center(C)","Less Than 8 ft.",0,0,0,1,0],["0020501092",221,2,2,43,"Missed Shot","Jump Shot","2PT Field Goal","Mid-Range","Left Side(L)","8-16 ft.",14,-117,84,1,0],["0020501092",235,2,1,4,"Made Shot","Layup Shot","2PT Field Goal","Restricted Area","Center(C)","Less Than 8 ft.",0,0,0,1,1],["0020501092",247,2,0,0,"Made Shot","Running Jump Shot","2PT Field Goal","In The Paint (Non-RA)","Center(C)","8-16 ft.",14,-54,135,1,1],["0020501092",336,3,2,11,"Missed Shot","Layup Shot","2PT Field Goal","Restricted Area","Center(C)","Less Than 8 ft.",0,0,0,1,0],["0020501092",365,4,11,42,"Missed Shot","Jump Shot","2PT Field Goal","Mid-Range","Left Side(L)","8-16 ft.",15,-146,64,1,0],["0020501092",407,4,8,6,"Made Shot","Finger Roll Shot","2PT Field Goal","Restricted Area","Center(C)","Less Than 8 ft.",0,0,0,1,1],["0020501099",395,4,10,0,"Made Shot","Layup Shot","2PT Field Goal","Restricted Area","Center(C)","Less Than 8 ft.",0,0,0,1,1],["0020501099",406,4,9,22,"Made Shot","Layup Shot","2PT Field Goal","Restricted Area","Center(C)","Less Than 8 ft.",0,0,0,1,1],["0020501099",451,4,5,11,"Made Shot","Dunk Shot","2PT Field Goal","Restricted Area","Center(C)","Less Than 8 ft.",0,0,0,1,1],["0020501118",101,1,2,36,"Made Shot","Layup Shot","2PT Field Goal","Restricted Area","Center(C)","Less Than 8 ft.",0,0,0,1,1],["0020501118",127,1,0,30,"Made Shot","Jump Shot","2PT Field Goal","In The Paint (Non-RA)","Center(C)","Less Than 8 ft.",5,20,53,1,1],["0020501118",135,2,11,33,"Made Shot","Driving Layup Shot","2PT Field Goal","Restricted Area","Center(C)","Less Than 8 ft.",0,0,0,1,1],["0020501118",308,3,5,18,"Missed Shot","Jump Shot","2PT Field Goal","Mid-Range","Left Side(L)","16-24 ft.",18,-158,94,1,0],["0020501118",343,3,1,37,"Missed Shot","Jump Shot","2PT Field Goal","Mid-Range","Right Side(R)","8-16 ft.",14,144,3,1,0],["0020501118",381,4,10,54,"Missed Shot","Jump Shot","2PT Field Goal","Mid-Range","Right Side(R)","16-24 ft.",16,161,10,1,0]]}},"GameList":{"20500994":[2774,"0020500994","03/21/2006","CHA","Bobcats","ORL","Magic",3,17,6,7,0,0,4,1,2,6,13],"20501004":[2774,"0020501004","03/22/2006","CHA","Bobcats","CLE","Cavaliers",0,15,5,8,0,0,5,0,1,3,14],"20500083":[2774,"0020500083","11/12/2005","CHA","Bobcats","MIA","Heat",2,6,3,7,0,1,1,0,1,1,1],"20500261":[2774,"0020500261","12/07/2005","CHA","Bobcats","NJN","Nets",3,7,3,8,0,1,2,1,2,0,2],"20500632":[2774,"0020500632","01/28/2006","CHA","Bobcats","WAS","Wizards",0,12,3,7,0,1,2,0,2,2,4],"20500205":[2774,"0020500205","11/29/2005","CHA","Bobcats","SAC","Kings",2,4,2,6,0,1,2,0,2,1,4],"20500349":[2774,"0020500349","12/19/2005","CHA","Bobcats","SAC","Kings",0,3,1,5,0,0,2,0,0,0,0],"20500229":[2774,"0020500229","12/02/2005","CHA","Bobcats","GSW","Warriors",0,2,0,4,0,1,3,0,0,2,4],"20500421":[2774,"0020500421","12/30/2005","CHA","Bobcats","PHX","Suns",0,4,1,3,0,0,2,0,1,1,3],"20500787":[2774,"0020500787","02/21/2006","CHA","Bobcats","DEN","Nuggets",2,13,6,10,0,0,2,0,0,1,3],"20500715":[2774,"0020500715","02/08/2006","CHA","Bobcats","PHI","76ers",3,12,5,9,0,1,3,0,5,0,6],"20501037":[2774,"0020501037","03/26/2006","CHA","Bobcats","MEM","Grizzlies",0,2,1,6,0,1,2,0,1,2,5],"20500302":[2774,"0020500302","12/13/2005","CHA","Bobcats","DEN","Nuggets",2,10,5,8,0,1,5,0,3,0,3],"20500739":[2774,"0020500739","02/11/2006","CHA","Bobcats","MIL","Bucks",0,4,1,4,0,1,1,0,1,0,0],"20500244":[2774,"0020500244","12/04/2005","CHA","Bobcats","LAL","Lakers",3,13,5,6,0,0,3,0,3,2,4],"20500474":[2774,"0020500474","01/07/2006","CHA","Bobcats","ORL","Magic",0,5,2,5,0,0,4,0,0,3,1],"20500752":[2774,"0020500752","02/13/2006","CHA","Bobcats","POR","Trail Blazers",0,14,5,8,0,0,3,1,2,1,9],"20500553":[2774,"0020500553","01/18/2006","CHA","Bobcats","IND","Pacers",1,2,1,3,0,0,0,0,1,0,1],"20501021":[2774,"0020501021","03/24/2006","CHA","Bobcats","MIA","Heat",1,4,2,5,0,1,3,0,1,3,5],"20500922":[2774,"0020500922","03/11/2006","CHA","Bobcats","NYK","Knicks",1,1,0,2,0,0,1,0,1,0,2],"20501047":[2774,"0020501047","03/28/2006","CHA","Bobcats","ATL","Hawks",1,6,2,9,0,0,3,0,1,1,4],"20500623":[2774,"0020500623","01/27/2006","CHA","Bobcats","MIA","Heat",1,0,0,0,0,0,0,1,1,0,0],"20500121":[2774,"0020500121","11/18/2005","CHA","Bobcats","IND","Pacers",0,0,0,1,0,0,0,0,1,0,1],"20500515":[2774,"0020500515","01/13/2006","CHA","Bobcats","MIL","Bucks",2,12,5,13,0,1,5,1,3,3,2],"20500603":[2774,"0020500603","01/24/2006","CHA","Bobcats","SAS","Spurs",1,2,1,6,0,0,1,0,2,1,4],"20500821":[2774,"0020500821","02/25/2006","CHA","Bobcats","PHX","Suns",0,2,0,1,0,0,1,0,0,0,1],"20500648":[2774,"0020500648","01/30/2006","CHA","Bobcats","CLE","Cavaliers",1,6,3,9,0,0,2,0,2,1,5],"20500862":[2774,"0020500862","03/03/2006","CHA","Bobcats","DAL","Mavericks",2,8,1,4,0,0,3,0,3,3,3],"20500942":[2774,"0020500942","03/14/2006","CHA","Bobcats","WAS","Wizards",2,8,2,5,0,1,1,1,2,3,5],"20500310":[2774,"0020500310","12/14/2005","CHA","Bobcats","NJN","Nets",1,6,3,8,0,1,2,0,1,1,4],"20500869":[2774,"0020500869","01/02/2006","CHA","Bobcats","NOK","Hornets",3,11,5,8,0,0,4,0,1,2,12],"20500701":[2774,"0020500701","02/06/2006","CHA","Bobcats","SEA","SuperSonics",0,16,6,12,1,1,4,0,2,2,2],"20500493":[2774,"0020500493","01/10/2006","CHA","Bobcats","HOU","Rockets",2,7,3,6,0,0,2,0,1,1,4],"20501118":[2774,"0020501118","04/06/2006","CHA","Bobcats","NJN","Nets",1,8,3,6,0,0,2,0,1,1,5],"20500357":[2774,"0020500357","12/20/2005","CHA","Bobcats","CHI","Bulls",1,4,1,4,0,1,2,0,2,3,2],"20500374":[2774,"0020500374","12/23/2005","CHA","Bobcats","LAC","Clippers",0,9,3,7,0,0,2,0,1,1,6],"20500215":[2774,"0020500215","11/30/2005","CHA","Bobcats","SEA","SuperSonics",0,0,0,1,0,0,0,0,0,0,2],"20500099":[2774,"0020500099","11/15/2005","CHA","Bobcats","ORL","Magic",0,3,1,2,0,0,0,0,0,0,0],"20500184":[2774,"0020500184","11/26/2005","CHA","Bobcats","WAS","Wizards",0,0,0,0,0,0,1,0,0,0,0],"20500408":[2774,"0020500408","12/28/2005","CHA","Bobcats","CHI","Bulls",4,6,2,10,0,0,1,1,2,4,4],"20500284":[2774,"0020500284","12/10/2005","CHA","Bobcats","TOR","Raptors",1,2,1,4,0,0,1,0,0,1,1],"20500729":[2774,"0020500729","02/10/2006","CHA","Bobcats","TOR","Raptors",2,9,3,5,0,0,2,0,3,2,4],"20500335":[2774,"0020500335","12/17/2005","CHA","Bobcats","DET","Pistons",1,4,2,6,0,1,0,0,1,2,3],"20500135":[2774,"0020500135","11/19/2005","CHA","Bobcats","MIN","Timberwolves",0,4,1,5,0,1,0,0,2,0,0],"20500568":[2774,"0020500568","01/20/2006","CHA","Bobcats","ORL","Magic",2,3,1,4,0,0,1,1,1,1,2],"20500449":[2774,"0020500449","01/04/2006","CHA","Bobcats","BOS","Celtics",1,11,4,14,0,1,4,0,0,1,4],"20500500":[2774,"0020500500","01/11/2006","CHA","Bobcats","TOR","Raptors",2,6,1,3,0,0,2,0,0,2,3],"20501071":[2774,"0020501071","03/31/2006","CHA","Bobcats","CHI","Bulls",0,12,6,7,0,0,4,0,0,1,6],"20501099":[2774,"0020501099","04/04/2006","CHA","Bobcats","MIN","Timberwolves",1,6,3,3,0,0,3,0,2,0,1],"20500523":[2774,"0020500523","01/14/2006","CHA","Bobcats","DET","Pistons",1,11,5,9,0,0,4,0,1,1,5],"20500111":[2774,"0020500111","11/16/2005","CHA","Bobcats","IND","Pacers",0,2,0,3,0,0,1,0,2,0,0],"20500932":[2774,"0020500932","03/12/2006","CHA","Bobcats","DET","Pistons",2,3,1,2,0,0,1,0,3,1,5],"20500610":[2774,"0020500610","01/25/2006","CHA","Bobcats","HOU","Rockets",2,2,1,3,0,0,5,0,0,1,1],"20500769":[2774,"0020500769","02/15/2006","CHA","Bobcats","NJN","Nets",1,0,0,0,0,0,0,0,1,0,1],"20500679":[2774,"0020500679","02/03/2006","CHA","Bobcats","LAL","Lakers",0,0,0,1,0,0,2,0,1,2,2],"20500837":[2774,"0020500837","02/27/2006","CHA","Bobcats","LAC","Clippers",0,2,0,1,0,0,0,0,0,0,1],"20500666":[2774,"0020500666","02/01/2006","CHA","Bobcats","ATL","Hawks",2,0,0,1,0,0,1,0,0,0,0],"20500075":[2774,"0020500075","11/11/2005","CHA","Bobcats","DAL","Mavericks",2,0,0,1,0,0,5,0,0,1,1],"20500397":[2774,"0020500397","12/27/2005","CHA","Bobcats","ATL","Hawks",1,13,5,7,0,0,6,0,0,2,3],"20501092":[2774,"0020501092","04/02/2006","CHA","Bobcats","CLE","Cavaliers",0,12,4,8,0,0,2,1,0,0,0],"20500975":[2774,"0020500975","03/18/2006","CHA","Bobcats","DET","Pistons",0,8,4,8,0,0,2,0,3,1,1],"20500951":[2774,"0020500951","03/15/2006","CHA","Bobcats","WAS","Wizards",1,21,8,11,1,1,2,0,3,1,4],"20500899":[2774,"0020500899","03/08/2006","CHA","Bobcats","GSW","Warriors",0,1,0,2,0,0,0,0,0,0,2],"20500270":[2774,"0020500270","12/09/2005","CHA","Bobcats","PHI","76ers",2,7,3,4,0,1,2,0,0,1,6],"20500581":[2774,"0020500581","01/21/2006","CHA","Bobcats","MIL","Bucks",2,9,3,8,0,0,2,1,1,0,4],"20500538":[2774,"0020500538","01/16/2006","CHA","Bobcats","NOK","Hornets",3,10,3,12,0,1,3,0,2,1,9]},"data":[25.0,66,18,19.7,2.4,5.5,0.43,0.0,0.3,0.095,1.6,2.0,0.791,0.9,2.4,3.3,1.2,1.2,0.2,1.1,2.1,6.4],"rank":{"PerGame":[null,null,null,null,null,null,null,null,null,null,null,null,null,null,null,null,null,null,null],"Totals":[211,219,212,null,258,218,null,160,173,null,166,194,196,196,58,244,199,210,221]},"team":"CHA"}},"headerData":["PLAYER_AGE","GP","GS","MIN","FGM","FGA","FG_PCT","FG3M","FG3A","FG3_PCT","FTM","FTA","FT_PCT","OREB","DREB","REB","AST","STL","BLK","TOV","PF","PTS"],"PostSeason":{"2006":{"shotchart":{"Averages":{"header":["SHOT_ZONE_BASIC","SHOT_ZONE_AREA","SHOT_ZONE_RANGE","FGA","FGM","FG_PCT"],"row":[["Above the Break 3","Back Court(BC)","Back Court Shot",4,0,0.0],["Above the Break 3","Center(C)","24+ ft.",399,119,0.298],["Above the Break 3","Left Side Center(LC)","24+ ft.",798,269,0.337],["Above the Break 3","Right Side Center(RC)","24+ ft.",764,262,0.343],["Backcourt","Back Court(BC)","Back Court Shot",31,1,0.032],["In The Paint (Non-RA)","Center(C)","8-16 ft.",350,136,0.389],["In The Paint (Non-RA)","Center(C)","Less Than 8 ft.",840,337,0.401],["In The Paint (Non-RA)","Left Side(L)","8-16 ft.",110,49,0.445],["In The Paint (Non-RA)","Right Side(R)","8-16 ft.",133,61,0.459],["Left Corner 3","Left Side(L)","24+ ft.",500,211,0.422],["Mid-Range","Center(C)","8-16 ft.",117,46,0.393],["Mid-Range","Center(C)","16-24 ft.",370,153,0.414],["Mid-Range","Left Side Center(LC)","16-24 ft.",545,210,0.385],["Mid-Range","Left Side(L)","16-24 ft.",652,267,0.41],["Mid-Range","Left Side(L)","8-16 ft.",686,237,0.345],["Mid-Range","Right Side Center(RC)","16-24 ft.",588,220,0.374],["Mid-Range","Right Side(R)","16-24 ft.",539,206,0.382],["Mid-Range","Right Side(R)","8-16 ft.",629,234,0.372],["Restricted Area","Center(C)","Less Than 8 ft.",3791,2243,0.592],["Right Corner 3","Right Side(R)","24+ ft.",390,149,0.382]]},"Details":{"header":["GAME_ID","GAME_EVENT_ID","PERIOD","MINUTES_REMAINING","SECONDS_REMAINING","EVENT_TYPE","ACTION_TYPE","SHOT_TYPE","SHOT_ZONE_BASIC","SHOT_ZONE_AREA","SHOT_ZONE_RANGE","SHOT_DISTANCE","LOC_X","LOC_Y","SHOT_ATTEMPTED_FLAG","SHOT_MADE_FLAG"],"row":[["0040600124",436,4,0,59,"Missed Shot","Jump Shot","2PT Field Goal","Mid-Range","Center(C)","16-24 ft.",18,11,184,1,0]]}},"GameList":{"40600124":[2774,"0040600124","04/29/2007","NJN","Nets","TOR","Raptors",1,0,0,1,0,0,2,0,1,2,1]},"data":[26.0,1,0,6.0,0.0,1.0,0.0,0.0,0.0,0.0,0.0,0.0,0.0,0.0,1.0,1.0,2.0,1.0,0.0,1.0,2.0,0.0],"rank":{"PerGame":[null,null,null,null,null,null,null,null,null,null,null,null,null,null,null,null,null,null,null],"Totals":[176,172,177,null,97,130,null,162,165,null,159,164,166,126,126,126,145,181,166]},"team":"NJN"}}}}