{"info":{"FIRST_NAME":"Robert","LAST_NAME":"Nordmann","WEIGHT":"225","COUNTRY":"USA","SCHOOL":"Saint Louis","BIRTHDATE":"1939-12-11T00:00:00","HEIGHT":"6-10","TO_YEAR":1964,"DLEAGUE":"N","FROM_YEAR":1961,"TEAM":"BOS","PERSON_ID":77727,"SEASON_EXP":3,"POSITION":"Center","ROSTERSTATUS":"Active","ALL_STAR":0,"PIE":0,"JERSEY":"34"},"career":{"header":["MIN","FGM","FGA","FG_PCT","FG3M","FG3A","FG3_PCT","FTM","FTA","FT_PCT","OREB","DREB","REB","AST","STL","BLK","TOV","PF","PTS"],"RegularSeason":{"PerGame":[12.2,1.8,3.9,0.459,null,null,null,0.7,1.5,0.49,null,null,3.9,0.5,null,null,null,2.2,4.3],"GS":null,"GP":133},"PostSeason":{"PerGame":[2.5,0.0,0.5,0.0,null,null,null,0.0,0.0,0.0,null,null,1.0,0.0,null,null,null,0.5,0.0],"GS":null,"GP":2}},"season":{"headerRank":["RANK_PG_MIN","RANK_PG_FGM","RANK_PG_FGA","RANK_FG_PCT","RANK_PG_FG3M","RANK_PG_FG3A","RANK_FG3_PCT","RANK_PG_FTM","RANK_PG_FTA","RANK_FT_PCT","RANK_PG_OREB","RANK_PG_DREB","RANK_PG_REB","RANK_PG_AST","RANK_PG_STL","RANK_PG_BLK","RANK_PG_TOV","RANK_PG_PTS","RANK_PG_EFF"],"headerGame":["PLAYER_ID","SEASON_YEAR","TOV","PTS","FGM","FG3M","FG3A","PF","BLK","STL","AST","REB"],"RegularSeason":{"1964":{"GameList":{"26400020":[77727,"0026400020","10/27/1964","BOS","Celtics","NYK","Knicks",0,0,0,0,0,0,0,0,0,0,0],"26400006":[77727,"0026400006","10/17/1964","BOS","Celtics","DET","Pistons",0,2,0,0,0,0,0,0,0,0,0],"26400015":[77727,"0026400015","10/24/1964","BOS","Celtics","BLT","Bullets",0,4,0,0,0,0,0,0,0,0,0]},"data":[25.0,3,null,8.3,1.0,1.7,0.6,null,null,null,0.0,0.0,null,null,null,2.7,1.0,null,null,null,1.7,2.0],"rank":{"PerGame":[null,null,null,null,null,null,null,null,null,null,null,null,null,null,null,null,null,null,null],"Totals":[114,113,114,null,null,null,null,114,114,null,null,null,111,111,null,null,null,113,1]},"team":"BOS"},"1961":{"GameList":{"26100159":[77727,"0026100159","12/29/1961","CIN","Royals","DET","Pistons",0,6,0,0,0,0,0,0,0,0,0],"26100114":[77727,"0026100114","12/10/1961","CIN","Royals","NYK","Knicks",0,0,0,0,0,0,0,0,0,0,0],"26100081":[77727,"0026100081","11/26/1961","CIN","Royals","LAL","Lakers",0,2,0,0,0,0,0,0,0,0,0],"26100278":[77727,"0026100278","02/11/1962","CIN","Royals","STL","Hawks",0,4,0,0,0,0,0,0,0,0,0],"26100254":[77727,"0026100254","02/03/1962","CIN","Royals","NYK","Knicks",0,2,0,0,0,0,0,0,0,0,0],"26100065":[77727,"0026100065","11/19/1961","CIN","Royals","DET","Pistons",0,0,0,0,0,0,0,0,0,0,0],"26100356":[77727,"0026100356","03/13/1962","CIN","Royals","LAL","Lakers",0,0,0,0,0,0,0,0,0,0,0],"26100333":[77727,"0026100333","03/03/1962","CIN","Royals","CHP","Packers",0,8,0,0,0,0,0,0,0,0,0],"26100066":[77727,"0026100066","11/21/1961","CIN","Royals","PHW","Warriors",0,2,0,0,0,0,0,0,0,0,0],"26100131":[77727,"0026100131","12/16/1961","CIN","Royals","DET","Pistons",0,2,0,0,0,0,0,0,0,0,0],"26100021":[77727,"0026100021","10/29/1961","CIN","Royals","SYR","Nationals",0,2,0,0,0,0,0,0,0,0,0],"26100046":[77727,"0026100046","11/11/1961","CIN","Royals","CHP","Packers",0,0,0,0,0,0,0,0,0,0,0],"26100009":[77727,"0026100009","10/24/1961","CIN","Royals","LAL","Lakers",0,2,0,0,0,0,0,0,0,0,0],"26100022":[77727,"0026100022","10/31/1961","CIN","Royals","NYK","Knicks",0,2,0,0,0,0,0,0,0,0,0],"26100177":[77727,"0026100177","01/05/1962","CIN","Royals","BOS","Celtics",0,1,0,0,0,0,0,0,0,0,0],"26100042":[77727,"0026100042","11/10/1961","CIN","Royals","CHP","Packers",0,0,0,0,0,0,0,0,0,0,0],"26100027":[77727,"0026100027","11/03/1961","CIN","Royals","LAL","Lakers",0,0,0,0,0,0,0,0,0,0,0],"26100087":[77727,"0026100087","11/29/1961","CIN","Royals","SYR","Nationals",0,0,0,0,0,0,0,0,0,0,0],"26100190":[77727,"0026100190","01/11/1962","CIN","Royals","PHW","Warriors",0,0,0,0,0,0,0,0,0,0,0],"26100005":[77727,"0026100005","10/21/1961","CIN","Royals","STL","Hawks",0,1,0,0,0,0,0,0,0,0,0],"26100192":[77727,"0026100192","01/12/1962","CIN","Royals","BOS","Celtics",0,2,0,0,0,0,0,0,0,0,0],"26100096":[77727,"0026100096","12/03/1961","CIN","Royals","BOS","Celtics",0,8,0,0,0,0,0,0,0,0,0],"26100299":[77727,"0026100299","02/20/1962","CIN","Royals","STL","Hawks",0,2,0,0,0,0,0,0,0,0,0],"26100296":[77727,"0026100296","02/18/1962","CIN","Royals","CHP","Packers",0,6,0,0,0,0,0,0,0,0,0],"26100294":[77727,"0026100294","02/17/1962","CIN","Royals","DET","Pistons",0,0,0,0,0,0,0,0,0,0,0],"26100266":[77727,"0026100266","02/07/1962","CIN","Royals","DET","Pistons",0,10,0,0,0,0,0,0,0,0,0],"26100219":[77727,"0026100219","01/22/1962","CIN","Royals","DET","Pistons",0,2,0,0,0,0,0,0,0,0,0],"26100153":[77727,"0026100153","12/27/1961","CIN","Royals","STL","Hawks",0,0,0,0,0,0,0,0,0,0,0],"26100047":[77727,"0026100047","11/12/1961","CIN","Royals","STL","Hawks",0,0,0,0,0,0,0,0,0,0,0],"26100247":[77727,"0026100247","02/01/1962","CIN","Royals","PHW","Warriors",0,7,0,0,0,0,0,0,0,0,0],"26100106":[77727,"0026100106","12/08/1961","CIN","Royals","STL","Hawks",0,2,0,0,0,0,0,0,0,0,0],"26100349":[77727,"0026100349","03/10/1962","CIN","Royals","STL","Hawks",0,2,0,0,0,0,0,0,0,0,0],"26100269":[77727,"0026100269","02/08/1962","CIN","Royals","LAL","Lakers",0,7,0,0,0,0,0,0,0,0,0],"26100280":[77727,"0026100280","02/13/1962","CIN","Royals","PHW","Warriors",0,0,0,0,0,0,0,0,0,0,0],"26100200":[77727,"0026100200","01/14/1962","CIN","Royals","STL","Hawks",0,0,0,0,0,0,0,0,0,0,0],"26100240":[77727,"0026100240","01/30/1962","CIN","Royals","STL","Hawks",0,0,0,0,0,0,0,0,0,0,0],"26100120":[77727,"0026100120","12/13/1961","CIN","Royals","SYR","Nationals",0,0,0,0,0,0,0,0,0,0,0],"26100248":[77727,"0026100248","02/02/1962","CIN","Royals","BOS","Celtics",0,9,0,0,0,0,0,0,0,0,0],"26100260":[77727,"0026100260","02/05/1962","CIN","Royals","LAL","Lakers",0,2,0,0,0,0,0,0,0,0,0],"26100162":[77727,"0026100162","12/30/1961","CIN","Royals","NYK","Knicks",0,5,0,0,0,0,0,0,0,0,0],"26100145":[77727,"0026100145","12/25/1961","CIN","Royals","LAL","Lakers",0,2,0,0,0,0,0,0,0,0,0],"26100142":[77727,"0026100142","12/23/1961","CIN","Royals","DET","Pistons",0,0,0,0,0,0,0,0,0,0,0],"26100272":[77727,"0026100272","02/10/1962","CIN","Royals","STL","Hawks",0,4,0,0,0,0,0,0,0,0,0],"26100225":[77727,"0026100225","01/24/1962","CIN","Royals","LAL","Lakers",0,2,0,0,0,0,0,0,0,0,0],"26100053":[77727,"0026100053","11/15/1961","CIN","Royals","PHW","Warriors",0,0,0,0,0,0,0,0,0,0,0],"26100012":[77727,"0026100012","10/26/1961","CIN","Royals","NYK","Knicks",0,2,0,0,0,0,0,0,0,0,0],"26100035":[77727,"0026100035","11/07/1961","CIN","Royals","NYK","Knicks",0,0,0,0,0,0,0,0,0,0,0],"26100328":[77727,"0026100328","03/01/1962","CIN","Royals","SYR","Nationals",0,4,0,0,0,0,0,0,0,0,0],"26100173":[77727,"0026100173","01/03/1962","CIN","Royals","NYK","Knicks",0,4,0,0,0,0,0,0,0,0,0],"26100282":[77727,"0026100282","02/14/1962","CIN","Royals","CHP","Packers",0,0,0,0,0,0,0,0,0,0,0],"26100287":[77727,"0026100287","02/16/1962","CIN","Royals","PHW","Warriors",0,0,0,0,0,0,0,0,0,0,0],"26100073":[77727,"0026100073","11/23/1961","CIN","Royals","SYR","Nationals",0,4,0,0,0,0,0,0,0,0,0],"26100205":[77727,"0026100205","01/18/1962","CIN","Royals","PHW","Warriors",0,0,0,0,0,0,0,0,0,0,0],"26100303":[77727,"0026100303","02/21/1962","CIN","Royals","CHP","Packers",0,4,0,0,0,0,0,0,0,0,0],"26100263":[77727,"0026100263","02/06/1962","CIN","Royals","DET","Pistons",0,7,0,0,0,0,0,0,0,0,0]},"data":[22.0,58,null,5.9,0.9,2.2,0.405,null,null,null,0.5,1.0,0.509,null,null,2.2,0.3,null,null,null,1.4,2.3],"rank":{"PerGame":[null,null,null,null,null,null,null,null,null,null,null,null,null,null,null,null,null,null,null],"Totals":[96,93,96,null,null,null,null,92,88,null,null,null,82,98,null,null,null,95,1]},"team":"CIN"},"1962":{"GameList":{"26200098":[77727,"0026200098","12/01/1962","STL","Hawks","LAL","Lakers",0,0,0,0,0,0,0,0,0,0,0],"26200005":[77727,"0026200005","10/20/1962","STL","Hawks","DET","Pistons",0,4,0,0,0,0,0,0,0,0,0],"26200090":[77727,"0026200090","11/28/1962","STL","Hawks","LAL","Lakers",0,2,0,0,0,0,0,0,0,0,0],"26200092":[77727,"0026200092","11/29/1962","STL","Hawks","SFW","Warriors",0,2,0,0,0,0,0,0,0,0,0],"26200304":[77727,"0026200304","02/24/1963","NYK","Knicks","SYR","Nationals",0,10,0,0,0,0,0,0,0,0,0],"26200138":[77727,"0026200138","12/18/1962","STL","Hawks","SFW","Warriors",0,4,0,0,0,0,0,0,0,0,0],"26200301":[77727,"0026200301","02/22/1963","NYK","Knicks","SFW","Warriors",0,8,0,0,0,0,0,0,0,0,0],"26200079":[77727,"0026200079","11/23/1962","STL","Hawks","DET","Pistons",0,6,0,0,0,0,0,0,0,0,0],"26200328":[77727,"0026200328","03/05/1963","NYK","Knicks","SYR","Nationals",0,7,0,0,0,0,0,0,0,0,0],"26200132":[77727,"0026200132","12/15/1962","STL","Hawks","DET","Pistons",0,4,0,0,0,0,0,0,0,0,0],"26200326":[77727,"0026200326","03/03/1963","NYK","Knicks","BOS","Celtics",0,2,0,0,0,0,0,0,0,0,0],"26200309":[77727,"0026200309","02/26/1963","NYK","Knicks","LAL","Lakers",0,11,0,0,0,0,0,0,0,0,0],"26200321":[77727,"0026200321","03/02/1963","NYK","Knicks","BOS","Celtics",0,18,0,0,0,0,0,0,0,0,0],"26200346":[77727,"0026200346","03/12/1963","NYK","Knicks","CIN","Royals",0,11,0,0,0,0,0,0,0,0,0],"26200011":[77727,"0026200011","10/23/1962","STL","Hawks","CHZ","Zephyrs",0,8,0,0,0,0,0,0,0,0,0],"26200115":[77727,"0026200115","12/09/1962","STL","Hawks","DET","Pistons",0,13,0,0,0,0,0,0,0,0,0],"26200075":[77727,"0026200075","11/22/1962","STL","Hawks","DET","Pistons",0,5,0,0,0,0,0,0,0,0,0],"26200012":[77727,"0026200012","10/24/1962","STL","Hawks","CIN","Royals",0,14,0,0,0,0,0,0,0,0,0],"26200111":[77727,"0026200111","12/08/1962","STL","Hawks","SFW","Warriors",0,7,0,0,0,0,0,0,0,0,0],"26200017":[77727,"0026200017","10/26/1962","STL","Hawks","CIN","Royals",0,2,0,0,0,0,0,0,0,0,0],"26200261":[77727,"0026200261","02/08/1963","NYK","Knicks","BOS","Celtics",0,5,0,0,0,0,0,0,0,0,0],"26200177":[77727,"0026200177","01/05/1963","STL","Hawks","DET","Pistons",0,0,0,0,0,0,0,0,0,0,0],"26200173":[77727,"0026200173","01/04/1963","STL","Hawks","DET","Pistons",0,6,0,0,0,0,0,0,0,0,0],"26200035":[77727,"0026200035","11/07/1962","STL","Hawks","NYK","Knicks",0,2,0,0,0,0,0,0,0,0,0],"26200280":[77727,"0026200280","02/15/1963","NYK","Knicks","CHZ","Zephyrs",0,12,0,0,0,0,0,0,0,0,0],"26200333":[77727,"0026200333","03/07/1963","NYK","Knicks","SYR","Nationals",0,9,0,0,0,0,0,0,0,0,0],"26200288":[77727,"0026200288","02/17/1963","NYK","Knicks","CIN","Royals",0,10,0,0,0,0,0,0,0,0,0],"26200253":[77727,"0026200253","02/05/1963","NYK","Knicks","SYR","Nationals",0,8,0,0,0,0,0,0,0,0,0],"26200100":[77727,"0026200100","12/02/1962","STL","Hawks","SFW","Warriors",0,0,0,0,0,0,0,0,0,0,0],"26200278":[77727,"0026200278","02/14/1963","NYK","Knicks","STL","Hawks",0,13,0,0,0,0,0,0,0,0,0],"26200313":[77727,"0026200313","02/27/1963","NYK","Knicks","CIN","Royals",0,15,0,0,0,0,0,0,0,0,0],"26200315":[77727,"0026200315","02/28/1963","NYK","Knicks","SYR","Nationals",0,13,0,0,0,0,0,0,0,0,0],"26200125":[77727,"0026200125","12/12/1962","STL","Hawks","BOS","Celtics",0,0,0,0,0,0,0,0,0,0,0],"26200335":[77727,"0026200335","03/08/1963","NYK","Knicks","STL","Hawks",0,15,0,0,0,0,0,0,0,0,0],"26200340":[77727,"0026200340","03/10/1963","NYK","Knicks","STL","Hawks",0,30,0,0,0,0,0,0,0,0,0],"26200047":[77727,"0026200047","11/11/1962","STL","Hawks","DET","Pistons",0,4,0,0,0,0,0,0,0,0,0],"26200276":[77727,"0026200276","02/13/1963","NYK","Knicks","STL","Hawks",0,13,0,0,0,0,0,0,0,0,0],"26200107":[77727,"0026200107","12/06/1962","STL","Hawks","CHZ","Zephyrs",0,2,0,0,0,0,0,0,0,0,0],"26200250":[77727,"0026200250","02/03/1963","NYK","Knicks","LAL","Lakers",0,11,0,0,0,0,0,0,0,0,0],"26200103":[77727,"0026200103","12/04/1962","STL","Hawks","CHZ","Zephyrs",0,2,0,0,0,0,0,0,0,0,0],"26200350":[77727,"0026200350","03/13/1963","NYK","Knicks","DET","Pistons",0,10,0,0,0,0,0,0,0,0,0],"26200266":[77727,"0026200266","02/10/1963","NYK","Knicks","BOS","Celtics",0,13,0,0,0,0,0,0,0,0,0],"26200052":[77727,"0026200052","11/13/1962","STL","Hawks","SFW","Warriors",0,2,0,0,0,0,0,0,0,0,0],"26200142":[77727,"0026200142","12/19/1962","STL","Hawks","LAL","Lakers",0,4,0,0,0,0,0,0,0,0,0],"26200179":[77727,"0026200179","01/06/1963","STL","Hawks","SFW","Warriors",0,0,0,0,0,0,0,0,0,0,0],"26200025":[77727,"0026200025","10/31/1962","STL","Hawks","SYR","Nationals",0,0,0,0,0,0,0,0,0,0,0],"26200358":[77727,"0026200358","03/17/1963","NYK","Knicks","CIN","Royals",0,5,0,0,0,0,0,0,0,0,0],"26200296":[77727,"0026200296","02/21/1963","NYK","Knicks","CIN","Royals",0,2,0,0,0,0,0,0,0,0,0],"26200290":[77727,"0026200290","02/19/1963","NYK","Knicks","DET","Pistons",0,15,0,0,0,0,0,0,0,0,0],"26200352":[77727,"0026200352","03/15/1963","NYK","Knicks","CHZ","Zephyrs",0,8,0,0,0,0,0,0,0,0,0],"26200263":[77727,"0026200263","02/09/1963","NYK","Knicks","SYR","Nationals",0,4,0,0,0,0,0,0,0,0,0],"26200058":[77727,"0026200058","11/16/1962","STL","Hawks","CIN","Royals",0,0,0,0,0,0,0,0,0,0,0]},"data":[23.0,53,null,18.9,2.9,6.0,0.489,null,null,null,1.1,2.3,0.484,null,null,6.0,0.9,null,null,null,2.9,7.0],"rank":{"PerGame":[null,null,null,null,null,null,null,null,null,null,null,null,null,null,null,null,null,null,null],"Totals":[76,74,76,null,null,null,null,81,73,null,null,null,54,82,null,null,null,77,5]},"team":"STL"},"1963":{"GameList":{"26300168":[77727,"0026300168","01/05/1964","STL","Hawks","DET","Pistons",0,0,0,0,0,0,0,0,0,0,0],"26300170":[77727,"0026300170","01/07/1964","STL","Hawks","BLT","Bullets",0,2,0,0,0,0,0,0,0,0,0],"26300130":[77727,"0026300130","12/18/1963","STL","Hawks","SFW","Warriors",0,0,0,0,0,0,0,0,0,0,0],"26300155":[77727,"0026300155","12/31/1963","STL","Hawks","LAL","Lakers",0,5,0,0,0,0,0,0,0,0,0],"26300139":[77727,"0026300139","12/22/1963","STL","Hawks","BLT","Bullets",0,6,0,0,0,0,0,0,0,0,0],"26300150":[77727,"0026300150","12/28/1963","STL","Hawks","BOS","Celtics",0,0,0,0,0,0,0,0,0,0,0],"26300126":[77727,"0026300126","12/17/1963","STL","Hawks","SFW","Warriors",0,4,0,0,0,0,0,0,0,0,0],"26300138":[77727,"0026300138","12/21/1963","STL","Hawks","DET","Pistons",0,0,0,0,0,0,0,0,0,0,0],"26300111":[77727,"0026300111","12/10/1963","STL","Hawks","PHL","76ers",0,4,0,0,0,0,0,0,0,0,0],"26300122":[77727,"0026300122","12/14/1963","STL","Hawks","DET","Pistons",0,4,0,0,0,0,0,0,0,0,0],"26300124":[77727,"0026300124","12/15/1963","STL","Hawks","LAL","Lakers",0,2,0,0,0,0,0,0,0,0,0],"26300114":[77727,"0026300114","12/11/1963","STL","Hawks","BOS","Celtics",0,2,0,0,0,0,0,0,0,0,0]},"data":[24.0,19,null,13.6,1.4,3.5,0.409,null,null,null,0.5,1.0,0.474,null,null,3.4,0.3,null,null,null,2.7,3.3],"rank":{"PerGame":[null,null,null,null,null,null,null,null,null,null,null,null,null,null,null,null,null,null,null],"Totals":[100,101,101,null,null,null,null,102,100,null,null,null,97,107,null,null,null,101,10]},"team":"STL"}},"headerData":["PLAYER_AGE","GP","GS","MIN","FGM","FGA","FG_PCT","FG3M","FG3A","FG3_PCT","FTM","FTA","FT_PCT","OREB","DREB","REB","AST","STL","BLK","TOV","PF","PTS"],"PostSeason":{"1961":{"GameList":{"46100223":[77727,"0046100223","03/18/1962","CIN","Royals","DET","Pistons",0,0,0,0,0,0,0,0,0,0,0],"46100222":[77727,"0046100222","03/17/1962","CIN","Royals","DET","Pistons",0,0,0,0,0,0,0,0,0,0,0]},"data":[22.0,2,null,2.5,0.0,0.5,0.0,null,null,null,0.0,0.0,null,null,null,1.0,0.0,null,null,null,0.5,0.0],"rank":{"PerGame":[null,null,null,null,null,null,null,null,null,null,null,null,null,null,null,null,null,null,null],"Totals":[62,62,63,null,null,null,null,62,62,null,null,null,61,58,null,null,null,63,1]},"team":"CIN"}}}}