{"info":{"FIRST_NAME":"Bill","LAST_NAME":"Miller","WEIGHT":"190","COUNTRY":"USA","SCHOOL":"North Carolina","BIRTHDATE":"1924-11-24T00:00:00","HEIGHT":"6-3","TO_YEAR":1948,"DLEAGUE":"N","FROM_YEAR":1948,"TEAM":"CHS","PERSON_ID":77605,"SEASON_EXP":0,"POSITION":"Forward","ROSTERSTATUS":"Active","ALL_STAR":0,"PIE":0,"JERSEY":""},"career":{"header":["MIN","FGM","FGA","FG_PCT","FG3M","FG3A","FG3_PCT","FTM","FTA","FT_PCT","OREB","DREB","REB","AST","STL","BLK","TOV","PF","PTS"],"RegularSeason":{"PerGame":[0.0,0.8,2.6,0.292,null,null,null,0.4,0.7,0.55,null,null,0.0,0.7,null,null,null,1.1,1.9],"GS":null,"GP":28},"PostSeason":{"PerGame":[null,0.0,0.0,0.0,null,null,null,0.0,2.0,0.0,null,null,null,0.0,null,null,null,0.0,0.0],"GS":null,"GP":1}},"season":{"headerRank":["RANK_PG_MIN","RANK_PG_FGM","RANK_PG_FGA","RANK_FG_PCT","RANK_PG_FG3M","RANK_PG_FG3A","RANK_FG3_PCT","RANK_PG_FTM","RANK_PG_FTA","RANK_FT_PCT","RANK_PG_OREB","RANK_PG_DREB","RANK_PG_REB","RANK_PG_AST","RANK_PG_STL","RANK_PG_BLK","RANK_PG_TOV","RANK_PG_PTS","RANK_PG_EFF"],"headerGame":["PLAYER_ID","SEASON_YEAR","TOV","PTS","FGM","FG3M","FG3A","PF","BLK","STL","AST","REB"],"RegularSeason":{"1948":{"GameList":{"24800192":[77605,"0024800192","01/16/1949","CHS","Stags","WAS","Capitols",0,2,0,0,0,0,0,0,0,0,0],"24800341":[77605,"0024800341","03/13/1949","BOM","Bombers","JET","Jets",0,2,0,0,0,0,0,0,0,0,0],"24800206":[77605,"0024800206","01/21/1949","CHS","Stags","BOS","Celtics",0,3,0,0,0,0,0,0,0,0,0],"24800199":[77605,"0024800199","01/19/1949","CHS","Stags","FTW","Pistons",0,1,0,0,0,0,0,0,0,0,0],"24800349":[77605,"0024800349","03/16/1949","BOM","Bombers","PRO","Steamrollers",0,4,0,0,0,0,0,0,0,0,0],"24800175":[77605,"0024800175","01/09/1949","CHS","Stags","ROC","Royals",0,0,0,0,0,0,0,0,0,0,0],"24800155":[77605,"0024800155","01/02/1949","CHS","Stags","NYK","Knicks",0,0,0,0,0,0,0,0,0,0,0],"24800203":[77605,"0024800203","01/20/1949","CHS","Stags","PHW","Warriors",0,2,0,0,0,0,0,0,0,0,0],"24800220":[77605,"0024800220","01/26/1949","CHS","Stags","MNL","Lakers",0,2,0,0,0,0,0,0,0,0,0],"24800158":[77605,"0024800158","01/04/1949","CHS","Stags","PRO","Steamrollers",0,0,0,0,0,0,0,0,0,0,0],"24800249":[77605,"0024800249","02/06/1949","BOM","Bombers","PHW","Warriors",0,2,0,0,0,0,0,0,0,0,0],"24800258":[77605,"0024800258","02/09/1949","BOM","Bombers","NYK","Knicks",0,4,0,0,0,0,0,0,0,0,0],"24800181":[77605,"0024800181","01/12/1949","CHS","Stags","BOM","Bombers",0,0,0,0,0,0,0,0,0,0,0],"24800351":[77605,"0024800351","03/17/1949","BOM","Bombers","CHS","Stags",0,6,0,0,0,0,0,0,0,0,0],"24800186":[77605,"0024800186","01/14/1949","CHS","Stags","JET","Jets",0,0,0,0,0,0,0,0,0,0,0],"24800273":[77605,"0024800273","02/15/1949","BOM","Bombers","NYK","Knicks",0,1,0,0,0,0,0,0,0,0,0],"24800355":[77605,"0024800355","03/19/1949","BOM","Bombers","PHW","Warriors",0,0,0,0,0,0,0,0,0,0,0],"24800165":[77605,"0024800165","01/06/1949","CHS","Stags","PRO","Steamrollers",0,3,0,0,0,0,0,0,0,0,0],"24800255":[77605,"0024800255","02/08/1949","BOM","Bombers","CHS","Stags",0,5,0,0,0,0,0,0,0,0,0],"24800359":[77605,"0024800359","03/20/1949","BOM","Bombers","FTW","Pistons",0,7,0,0,0,0,0,0,0,0,0],"24800146":[77605,"0024800146","12/30/1948","CHS","Stags","PRO","Steamrollers",0,1,0,0,0,0,0,0,0,0,0],"24800332":[77605,"0024800332","03/10/1949","BOM","Bombers","MNL","Lakers",0,2,0,0,0,0,0,0,0,0,0],"24800336":[77605,"0024800336","03/12/1949","BOM","Bombers","ROC","Royals",0,8,0,0,0,0,0,0,0,0,0],"24800140":[77605,"0024800140","12/28/1948","CHS","Stags","BOS","Celtics",0,0,0,0,0,0,0,0,0,0,0],"24800299":[77605,"0024800299","02/25/1949","BOM","Bombers","BOS","Celtics",0,0,0,0,0,0,0,0,0,0,0],"24800314":[77605,"0024800314","03/03/1949","BOM","Bombers","BAL","Bullets",0,0,0,0,0,0,0,0,0,0,0]},"data":[24.0,14,null,0.0,1.1,3.5,0.327,null,null,null,0.5,0.8,0.636,null,null,0.0,0.9,null,null,null,1.1,2.8],"rank":{},"team":"TOT"}},"headerData":["PLAYER_AGE","GP","GS","MIN","FGM","FGA","FG_PCT","FG3M","FG3A","FG3_PCT","FTM","FTA","FT_PCT","OREB","DREB","REB","AST","STL","BLK","TOV","PF","PTS"],"PostSeason":{"1948":{"GameList":{"44800221":[77605,"0044800221","03/22/1949","BOM","Bombers","ROC","Royals",0,0,0,0,0,0,0,0,0,0,0]},"data":[24.0,1,null,null,0.0,0.0,null,null,null,null,0.0,2.0,0.0,null,null,null,0.0,null,null,null,0.0,0.0],"rank":{},"team":"BOM"}}}}