{"info":{"FIRST_NAME":"Bill","LAST_NAME":"Henry","WEIGHT":"215","COUNTRY":"USA","SCHOOL":"Rice","BIRTHDATE":"1924-12-27T00:00:00","HEIGHT":"6-9","TO_YEAR":1949,"DLEAGUE":"N","FROM_YEAR":1948,"TEAM":"FTW","PERSON_ID":77004,"SEASON_EXP":1,"POSITION":"Center","ROSTERSTATUS":"Active","ALL_STAR":0,"PIE":0,"JERSEY":"16"},"career":{"header":["MIN","FGM","FGA","FG_PCT","FG3M","FG3A","FG3_PCT","FTM","FTA","FT_PCT","OREB","DREB","REB","AST","STL","BLK","TOV","PF","PTS"],"RegularSeason":{"PerGame":[0.0,1.9,6.1,0.32,null,null,null,2.6,4.0,0.641,null,null,0.0,1.1,null,null,null,2.4,6.5],"GS":null,"GP":95},"PostSeason":{"PerGame":[null,0.7,0.0,0.0,null,null,null,1.7,3.0,0.556,null,null,null,0.0,null,null,null,4.7,3.0],"GS":null,"GP":3}},"season":{"headerRank":["RANK_PG_MIN","RANK_PG_FGM","RANK_PG_FGA","RANK_FG_PCT","RANK_PG_FG3M","RANK_PG_FG3A","RANK_FG3_PCT","RANK_PG_FTM","RANK_PG_FTA","RANK_FT_PCT","RANK_PG_OREB","RANK_PG_DREB","RANK_PG_REB","RANK_PG_AST","RANK_PG_STL","RANK_PG_BLK","RANK_PG_TOV","RANK_PG_PTS","RANK_PG_EFF"],"headerGame":["PLAYER_ID","SEASON_YEAR","TOV","PTS","FGM","FG3M","FG3A","PF","BLK","STL","AST","REB"],"RegularSeason":{"1948":{"GameList":{"24800191":[77004,"0024800191","01/15/1949","FTW","Pistons","ROC","Royals",0,11,0,0,0,0,0,0,0,0,0],"24800194":[77004,"0024800194","01/16/1949","FTW","Pistons","PRO","Steamrollers",0,14,0,0,0,0,0,0,0,0,0],"24800342":[77004,"0024800342","03/13/1949","FTW","Pistons","CHS","Stags",0,15,0,0,0,0,0,0,0,0,0],"24800172":[77004,"0024800172","01/08/1949","FTW","Pistons","PHW","Warriors",0,2,0,0,0,0,0,0,0,0,0],"24800199":[77004,"0024800199","01/19/1949","FTW","Pistons","CHS","Stags",0,10,0,0,0,0,0,0,0,0,0],"24800247":[77004,"0024800247","02/05/1949","FTW","Pistons","ROC","Royals",0,9,0,0,0,0,0,0,0,0,0],"24800305":[77004,"0024800305","02/27/1949","FTW","Pistons","MNL","Lakers",0,13,0,0,0,0,0,0,0,0,0],"24800174":[77004,"0024800174","01/09/1949","FTW","Pistons","JET","Jets",0,0,0,0,0,0,0,0,0,0,0],"24800321":[77004,"0024800321","03/06/1949","FTW","Pistons","ROC","Royals",0,16,0,0,0,0,0,0,0,0,0],"24800225":[77004,"0024800225","01/28/1949","FTW","Pistons","JET","Jets",0,0,0,0,0,0,0,0,0,0,0],"24800327":[77004,"0024800327","03/09/1949","FTW","Pistons","PRO","Steamrollers",0,6,0,0,0,0,0,0,0,0,0],"24800205":[77004,"0024800205","01/20/1949","FTW","Pistons","MNL","Lakers",0,3,0,0,0,0,0,0,0,0,0],"24800325":[77004,"0024800325","03/08/1949","FTW","Pistons","BOS","Celtics",0,8,0,0,0,0,0,0,0,0,0],"24800289":[77004,"0024800289","02/20/1949","FTW","Pistons","BOM","Bombers",0,4,0,0,0,0,0,0,0,0,0],"24800359":[77004,"0024800359","03/20/1949","FTW","Pistons","BOM","Bombers",0,16,0,0,0,0,0,0,0,0,0],"24800275":[77004,"0024800275","02/15/1949","FTW","Pistons","CHS","Stags",0,8,0,0,0,0,0,0,0,0,0],"24800277":[77004,"0024800277","02/16/1949","FTW","Pistons","BAL","Bullets",0,20,0,0,0,0,0,0,0,0,0],"24800269":[77004,"0024800269","02/12/1949","FTW","Pistons","NYK","Knicks",0,7,0,0,0,0,0,0,0,0,0],"24800271":[77004,"0024800271","02/13/1949","FTW","Pistons","NYK","Knicks",0,6,0,0,0,0,0,0,0,0,0],"24800357":[77004,"0024800357","03/19/1949","FTW","Pistons","BAL","Bullets",0,17,0,0,0,0,0,0,0,0,0],"24800259":[77004,"0024800259","02/09/1949","FTW","Pistons","JET","Jets",0,17,0,0,0,0,0,0,0,0,0],"24800230":[77004,"0024800230","01/29/1949","FTW","Pistons","BOM","Bombers",0,11,0,0,0,0,0,0,0,0,0],"24800232":[77004,"0024800232","01/31/1949","FTW","Pistons","BAL","Bullets",0,13,0,0,0,0,0,0,0,0,0],"24800251":[77004,"0024800251","02/06/1949","FTW","Pistons","WAS","Capitols",0,9,0,0,0,0,0,0,0,0,0],"24800236":[77004,"0024800236","02/02/1949","FTW","Pistons","MNL","Lakers",0,3,0,0,0,0,0,0,0,0,0],"24800316":[77004,"0024800316","03/04/1949","FTW","Pistons","BOS","Celtics",0,10,0,0,0,0,0,0,0,0,0],"24800211":[77004,"0024800211","01/23/1949","FTW","Pistons","ROC","Royals",0,15,0,0,0,0,0,0,0,0,0],"24800339":[77004,"0024800339","03/12/1949","FTW","Pistons","WAS","Capitols",0,7,0,0,0,0,0,0,0,0,0],"24800218":[77004,"0024800218","01/26/1949","FTW","Pistons","PHW","Warriors",0,4,0,0,0,0,0,0,0,0,0],"24800352":[77004,"0024800352","03/17/1949","FTW","Pistons","PRO","Steamrollers",0,9,0,0,0,0,0,0,0,0,0],"24800254":[77004,"0024800254","02/08/1949","FTW","Pistons","PHW","Warriors",0,20,0,0,0,0,0,0,0,0,0],"24800297":[77004,"0024800297","02/24/1949","FTW","Pistons","MNL","Lakers",0,14,0,0,0,0,0,0,0,0,0]},"data":[24.0,32,null,null,3.0,9.4,0.32,null,null,null,3.9,6.3,0.616,null,null,null,1.7,null,null,null,3.4,9.9],"rank":{"PerGame":[null,38,37,null,null,null,null,10,5,66,null,null,null,null,null,null,null,null,null],"Totals":[null,95,94,null,null,null,null,51,41,66,null,null,35,101,null,null,null,84,35]},"team":"FTW"},"1949":{"GameList":{"24900289":[77004,"0024900289","01/12/1950","FTW","Pistons","SYR","Nationals",0,6,0,0,0,0,0,0,0,0,0],"24900064":[77004,"0024900064","11/16/1949","FTW","Pistons","CHS","Stags",0,9,0,0,0,0,0,0,0,0,0],"24900303":[77004,"0024900303","01/15/1950","FTW","Pistons","PHW","Warriors",0,5,0,0,0,0,0,0,0,0,0],"24900387":[77004,"0024900387","02/05/1950","FTW","Pistons","AND","Packers",0,7,0,0,0,0,0,0,0,0,0],"24900270":[77004,"0024900270","01/07/1950","FTW","Pistons","NYK","Knicks",0,5,0,0,0,0,0,0,0,0,0],"24900103":[77004,"0024900103","11/26/1949","FTW","Pistons","WAS","Capitols",0,9,0,0,0,0,0,0,0,0,0],"24900173":[77004,"0024900173","12/14/1949","FTW","Pistons","SYR","Nationals",0,1,0,0,0,0,0,0,0,0,0],"24900257":[77004,"0024900257","01/04/1950","FTW","Pistons","MNL","Lakers",0,3,0,0,0,0,0,0,0,0,0],"24900220":[77004,"0024900220","12/25/1949","FTW","Pistons","MNL","Lakers",0,0,0,0,0,0,0,0,0,0,0],"24900344":[77004,"0024900344","01/25/1950","FTW","Pistons","NYK","Knicks",0,6,0,0,0,0,0,0,0,0,0],"24900110":[77004,"0024900110","11/27/1949","FTW","Pistons","NYK","Knicks",0,8,0,0,0,0,0,0,0,0,0],"24900496":[77004,"0024900496","03/03/1950","TCB","Blackhawks","INO","Olympians",0,1,0,0,0,0,0,0,0,0,0],"24900260":[77004,"0024900260","01/05/1950","FTW","Pistons","BOM","Bombers",0,0,0,0,0,0,0,0,0,0,0],"24900073":[77004,"0024900073","11/19/1949","FTW","Pistons","TCB","Blackhawks",0,11,0,0,0,0,0,0,0,0,0],"24900052":[77004,"0024900052","11/13/1949","FTW","Pistons","DN","Nuggets",0,8,0,0,0,0,0,0,0,0,0],"24900243":[77004,"0024900243","12/31/1949","FTW","Pistons","PHW","Warriors",0,0,0,0,0,0,0,0,0,0,0],"24900323":[77004,"0024900323","01/21/1950","FTW","Pistons","INO","Olympians",0,4,0,0,0,0,0,0,0,0,0],"24900097":[77004,"0024900097","11/24/1949","FTW","Pistons","BOS","Celtics",0,5,0,0,0,0,0,0,0,0,0],"24900209":[77004,"0024900209","12/22/1949","FTW","Pistons","BOM","Bombers",0,4,0,0,0,0,0,0,0,0,0],"24900455":[77004,"0024900455","02/22/1950","TCB","Blackhawks","AND","Packers",0,5,0,0,0,0,0,0,0,0,0],"24900476":[77004,"0024900476","02/26/1950","TCB","Blackhawks","MNL","Lakers",0,4,0,0,0,0,0,0,0,0,0],"24900553":[77004,"0024900553","03/18/1950","TCB","Blackhawks","SYR","Nationals",0,1,0,0,0,0,0,0,0,0,0],"24900191":[77004,"0024900191","12/18/1949","FTW","Pistons","BAL","Bullets",0,7,0,0,0,0,0,0,0,0,0],"24900432":[77004,"0024900432","02/16/1950","TCB","Blackhawks","SYR","Nationals",0,6,0,0,0,0,0,0,0,0,0],"24900415":[77004,"0024900415","02/12/1950","TCB","Blackhawks","INO","Olympians",0,0,0,0,0,0,0,0,0,0,0],"24900479":[77004,"0024900479","02/27/1950","TCB","Blackhawks","DN","Nuggets",0,8,0,0,0,0,0,0,0,0,0],"24900515":[77004,"0024900515","03/08/1950","TCB","Blackhawks","AND","Packers",0,5,0,0,0,0,0,0,0,0,0],"24900437":[77004,"0024900437","02/18/1950","TCB","Blackhawks","WAT","Hawks",0,11,0,0,0,0,0,0,0,0,0],"24900503":[77004,"0024900503","03/05/1950","TCB","Blackhawks","DN","Nuggets",0,2,0,0,0,0,0,0,0,0,0],"24900398":[77004,"0024900398","02/08/1950","TCB","Blackhawks","PHW","Warriors",0,0,0,0,0,0,0,0,0,0,0],"24900222":[77004,"0024900222","12/26/1949","FTW","Pistons","CHS","Stags",0,9,0,0,0,0,0,0,0,0,0],"24900121":[77004,"0024900121","11/30/1949","FTW","Pistons","WAT","Hawks",0,3,0,0,0,0,0,0,0,0,0],"24900239":[77004,"0024900239","12/30/1949","FTW","Pistons","BOS","Celtics",0,5,0,0,0,0,0,0,0,0,0],"24900359":[77004,"0024900359","01/29/1950","FTW","Pistons","NYK","Knicks",0,0,0,0,0,0,0,0,0,0,0],"24900125":[77004,"0024900125","12/01/1949","FTW","Pistons","PHW","Warriors",0,0,0,0,0,0,0,0,0,0,0],"24900355":[77004,"0024900355","01/28/1950","FTW","Pistons","BAL","Bullets",0,3,0,0,0,0,0,0,0,0,0],"24900040":[77004,"0024900040","11/10/1949","FTW","Pistons","WAT","Hawks",0,4,0,0,0,0,0,0,0,0,0],"24900025":[77004,"0024900025","11/06/1949","FTW","Pistons","CHS","Stags",0,1,0,0,0,0,0,0,0,0,0],"24900231":[77004,"0024900231","12/28/1949","FTW","Pistons","TCB","Blackhawks",0,11,0,0,0,0,0,0,0,0,0],"24900045":[77004,"0024900045","11/12/1949","FTW","Pistons","BAL","Bullets",0,12,0,0,0,0,0,0,0,0,0],"24900350":[77004,"0024900350","01/26/1950","FTW","Pistons","BOS","Celtics",0,0,0,0,0,0,0,0,0,0,0],"24900235":[77004,"0024900235","12/29/1949","FTW","Pistons","ROC","Royals",0,11,0,0,0,0,0,0,0,0,0],"24900140":[77004,"0024900140","12/04/1949","FTW","Pistons","WAS","Capitols",0,14,0,0,0,0,0,0,0,0,0],"24900310":[77004,"0024900310","01/18/1950","FTW","Pistons","SHE","Redskins",0,4,0,0,0,0,0,0,0,0,0],"24900165":[77004,"0024900165","12/11/1949","FTW","Pistons","INO","Olympians",0,1,0,0,0,0,0,0,0,0,0],"24900373":[77004,"0024900373","02/02/1950","FTW","Pistons","MNL","Lakers",0,1,0,0,0,0,0,0,0,0,0],"24900448":[77004,"0024900448","02/19/1950","TCB","Blackhawks","WAT","Hawks",0,0,0,0,0,0,0,0,0,0,0],"24900160":[77004,"0024900160","12/10/1949","FTW","Pistons","WAS","Capitols",0,8,0,0,0,0,0,0,0,0,0],"24900013":[77004,"0024900013","11/03/1949","FTW","Pistons","NYK","Knicks",0,5,0,0,0,0,0,0,0,0,0],"24900332":[77004,"0024900332","01/22/1950","FTW","Pistons","WAS","Capitols",0,7,0,0,0,0,0,0,0,0,0],"24900275":[77004,"0024900275","01/08/1950","FTW","Pistons","SHE","Redskins",0,6,0,0,0,0,0,0,0,0,0],"24900336":[77004,"0024900336","01/24/1950","FTW","Pistons","PHW","Warriors",0,1,0,0,0,0,0,0,0,0,0],"24900168":[77004,"0024900168","12/12/1949","FTW","Pistons","AND","Packers",0,6,0,0,0,0,0,0,0,0,0],"24900082":[77004,"0024900082","11/20/1949","FTW","Pistons","BOS","Celtics",0,3,0,0,0,0,0,0,0,0,0],"24900508":[77004,"0024900508","03/06/1950","TCB","Blackhawks","AND","Packers",0,6,0,0,0,0,0,0,0,0,0],"24900320":[77004,"0024900320","01/19/1950","FTW","Pistons","BOM","Bombers",0,2,0,0,0,0,0,0,0,0,0],"24900402":[77004,"0024900402","02/09/1950","TCB","Blackhawks","SHE","Redskins",0,0,0,0,0,0,0,0,0,0,0],"24900461":[77004,"0024900461","02/23/1950","TCB","Blackhawks","BAL","Bullets",0,4,0,0,0,0,0,0,0,0,0],"24900529":[77004,"0024900529","03/11/1950","TCB","Blackhawks","SHE","Redskins",0,7,0,0,0,0,0,0,0,0,0],"24900558":[77004,"0024900558","03/19/1950","TCB","Blackhawks","WAT","Hawks",0,8,0,0,0,0,0,0,0,0,0],"24900469":[77004,"0024900469","02/25/1950","TCB","Blackhawks","SHE","Redskins",0,13,0,0,0,0,0,0,0,0,0],"24900424":[77004,"0024900424","02/15/1950","TCB","Blackhawks","WAS","Capitols",0,1,0,0,0,0,0,0,0,0,0]},"data":[25.0,19,null,0.0,1.3,3.6,0.348,null,null,null,1.8,2.7,0.667,null,null,0.0,0.5,null,null,null,1.2,4.3],"rank":{},"team":"TOT"}},"headerData":["PLAYER_AGE","GP","GS","MIN","FGM","FGA","FG_PCT","FG3M","FG3A","FG3_PCT","FTM","FTA","FT_PCT","OREB","DREB","REB","AST","STL","BLK","TOV","PF","PTS"],"PostSeason":{"1949":{"GameList":{"44900241":[77004,"0044900241","03/21/1950","TCB","Blackhawks","AND","Packers",0,3,0,0,0,0,0,0,0,0,0],"44900243":[77004,"0044900243","03/24/1950","TCB","Blackhawks","AND","Packers",0,1,0,0,0,0,0,0,0,0,0],"44900242":[77004,"0044900242","03/23/1950","TCB","Blackhawks","AND","Packers",0,5,0,0,0,0,0,0,0,0,0]},"data":[25.0,3,null,null,0.7,0.0,null,null,null,null,1.7,3.0,0.556,null,null,null,0.0,null,null,null,4.7,3.0],"rank":{},"team":"TCB"}}}}