{"info":{"FIRST_NAME":"Bill","LAST_NAME":"Chamberlain","WEIGHT":"188","COUNTRY":"USA","SCHOOL":"North Carolina","BIRTHDATE":"1949-12-16T00:00:00","HEIGHT":"6-6","TO_YEAR":1973,"DLEAGUE":"N","FROM_YEAR":1973,"TEAM":"PHX","PERSON_ID":76374,"SEASON_EXP":0,"POSITION":"Forward","ROSTERSTATUS":"Active","ALL_STAR":0,"PIE":0,"JERSEY":"24"},"career":{"header":["MIN","FGM","FGA","FG_PCT","FG3M","FG3A","FG3_PCT","FTM","FTA","FT_PCT","OREB","DREB","REB","AST","STL","BLK","TOV","PF","PTS"],"RegularSeason":{"PerGame":[13.1,2.0,4.6,0.438,null,null,null,1.4,2.0,0.696,1.2,1.7,2.9,1.3,0.7,0.4,null,2.6,5.5],"GS":null,"GP":28},"PostSeason":{}},"season":{"headerRank":["RANK_PG_MIN","RANK_PG_FGM","RANK_PG_FGA","RANK_FG_PCT","RANK_PG_FG3M","RANK_PG_FG3A","RANK_FG3_PCT","RANK_PG_FTM","RANK_PG_FTA","RANK_FT_PCT","RANK_PG_OREB","RANK_PG_DREB","RANK_PG_REB","RANK_PG_AST","RANK_PG_STL","RANK_PG_BLK","RANK_PG_TOV","RANK_PG_PTS","RANK_PG_EFF"],"headerGame":["PLAYER_ID","SEASON_YEAR","TOV","PTS","FGM","FG3M","FG3A","PF","BLK","STL","AST","REB"],"RegularSeason":{"1973":{"GameList":{"27300497":[76374,"0027300497","02/10/1974","PHX","Suns","GOS","Warriors",0,4,0,0,0,0,0,0,0,0,0],"27300695":[76374,"0027300695","03/27/1974","PHX","Suns","SEA","SuperSonics",0,4,0,0,0,0,0,0,0,0,0],"27300505":[76374,"0027300505","02/12/1974","PHX","Suns","POR","Trail Blazers",0,8,0,0,0,0,0,0,0,0,0],"27300522":[76374,"0027300522","02/16/1974","PHX","Suns","ATL","Hawks",0,6,0,0,0,0,0,0,0,0,0],"27300653":[76374,"0027300653","03/17/1974","PHX","Suns","SEA","SuperSonics",0,0,0,0,0,0,0,0,0,0,0],"27300673":[76374,"0027300673","03/22/1974","PHX","Suns","BUF","Braves",0,8,0,0,0,0,0,0,0,0,0],"27300616":[76374,"0027300616","03/09/1974","PHX","Suns","CLE","Cavaliers",0,19,0,0,0,0,0,0,0,0,0],"27300567":[76374,"0027300567","02/26/1974","PHX","Suns","GOS","Warriors",0,9,0,0,0,0,0,0,0,0,0],"27300631":[76374,"0027300631","03/13/1974","PHX","Suns","BOS","Celtics",0,10,0,0,0,0,0,0,0,0,0],"27300635":[76374,"0027300635","03/15/1974","PHX","Suns","PHL","76ers",0,0,0,0,0,0,0,0,0,0,0],"27300553":[76374,"0027300553","02/23/1974","PHX","Suns","DET","Pistons",0,12,0,0,0,0,0,0,0,0,0],"27300549":[76374,"0027300549","02/22/1974","PHX","Suns","KCK","Kings",0,2,0,0,0,0,0,0,0,0,0],"27300684":[76374,"0027300684","03/24/1974","PHX","Suns","GOS","Warriors",0,15,0,0,0,0,0,0,0,0,0],"27300593":[76374,"0027300593","03/03/1974","PHX","Suns","KCK","Kings",0,0,0,0,0,0,0,0,0,0,0],"27300512":[76374,"0027300512","02/14/1974","PHX","Suns","HOU","Rockets",0,2,0,0,0,0,0,0,0,0,0],"27300478":[76374,"0027300478","02/06/1974","PHX","Suns","CAP","Bullets",0,1,0,0,0,0,0,0,0,0,0],"27300437":[76374,"0027300437","01/27/1974","PHX","Suns","CAP","Bullets",0,2,0,0,0,0,0,0,0,0,0],"27300536":[76374,"0027300536","02/19/1974","PHX","Suns","CHI","Bulls",0,0,0,0,0,0,0,0,0,0,0],"27300530":[76374,"0027300530","02/17/1974","PHX","Suns","POR","Trail Blazers",0,4,0,0,0,0,0,0,0,0,0],"27300664":[76374,"0027300664","03/20/1974","PHX","Suns","NYK","Knicks",0,13,0,0,0,0,0,0,0,0,0],"27300598":[76374,"0027300598","03/05/1974","PHX","Suns","CHI","Bulls",0,5,0,0,0,0,0,0,0,0,0],"27300573":[76374,"0027300573","02/27/1974","PHX","Suns","CHI","Bulls",0,2,0,0,0,0,0,0,0,0,0],"27300468":[76374,"0027300468","02/05/1974","PHX","Suns","NYK","Knicks",0,0,0,0,0,0,0,0,0,0,0],"27300455":[76374,"0027300455","02/01/1974","PHX","Suns","LAL","Lakers",0,2,0,0,0,0,0,0,0,0,0],"27300607":[76374,"0027300607","03/07/1974","PHX","Suns","BOS","Celtics",0,2,0,0,0,0,0,0,0,0,0],"27300623":[76374,"0027300623","03/11/1974","PHX","Suns","MIL","Bucks",0,11,0,0,0,0,0,0,0,0,0],"27300624":[76374,"0027300624","03/12/1974","PHX","Suns","BUF","Braves",0,4,0,0,0,0,0,0,0,0,0],"27300558":[76374,"0027300558","02/24/1974","PHX","Suns","CLE","Cavaliers",0,8,0,0,0,0,0,0,0,0,0]},"data":[24.0,28,null,13.1,2.0,4.6,0.438,null,null,null,1.4,2.0,0.696,1.2,1.7,2.9,1.3,0.7,0.4,null,2.6,5.5],"rank":{"PerGame":[null,null,null,null,null,null,null,null,null,null,null,null,null,null,null,null,null,null,null],"Totals":[186,184,182,null,null,null,null,160,161,null,163,173,172,169,162,126,null,178,1]},"team":"PHX"}},"headerData":["PLAYER_AGE","GP","GS","MIN","FGM","FGA","FG_PCT","FG3M","FG3A","FG3_PCT","FTM","FTA","FT_PCT","OREB","DREB","REB","AST","STL","BLK","TOV","PF","PTS"],"PostSeason":{}}}