{"info":{"FIRST_NAME":"Bill","LAST_NAME":"Ligon","WEIGHT":"180","COUNTRY":"USA","SCHOOL":"Vanderbilt","BIRTHDATE":"1952-05-19T00:00:00","HEIGHT":"6-4","TO_YEAR":1974,"DLEAGUE":"N","FROM_YEAR":1974,"TEAM":"DET","PERSON_ID":77388,"SEASON_EXP":0,"POSITION":"Guard","ROSTERSTATUS":"Active","ALL_STAR":0,"PIE":0,"JERSEY":"26"},"career":{"header":["MIN","FGM","FGA","FG_PCT","FG3M","FG3A","FG3_PCT","FTM","FTA","FT_PCT","OREB","DREB","REB","AST","STL","BLK","TOV","PF","PTS"],"RegularSeason":{"PerGame":[7.2,1.4,3.8,0.385,null,null,null,0.4,0.7,0.64,0.4,0.3,0.7,0.7,0.2,0.2,null,0.8,3.3],"GS":null,"GP":38},"PostSeason":{"PerGame":[3.5,0.5,0.5,1.0,null,null,null,0.0,0.0,0.0,0.0,0.0,0.0,0.0,0.0,0.0,null,0.5,1.0],"GS":null,"GP":2}},"season":{"headerRank":["RANK_PG_MIN","RANK_PG_FGM","RANK_PG_FGA","RANK_FG_PCT","RANK_PG_FG3M","RANK_PG_FG3A","RANK_FG3_PCT","RANK_PG_FTM","RANK_PG_FTA","RANK_FT_PCT","RANK_PG_OREB","RANK_PG_DREB","RANK_PG_REB","RANK_PG_AST","RANK_PG_STL","RANK_PG_BLK","RANK_PG_TOV","RANK_PG_PTS","RANK_PG_EFF"],"headerGame":["PLAYER_ID","SEASON_YEAR","TOV","PTS","FGM","FG3M","FG3A","PF","BLK","STL","AST","REB"],"RegularSeason":{"1974":{"GameList":{"27400417":[77388,"0027400417","01/30/1975","DET","Pistons","HOU","Rockets",0,8,0,0,0,0,0,0,0,0,0],"27400582":[77388,"0027400582","03/09/1975","DET","Pistons","KCK","Kings",0,0,0,0,0,0,0,0,0,0,0],"27400130":[77388,"0027400130","11/17/1974","DET","Pistons","NOJ","Jazz",0,0,0,0,0,0,0,0,0,0,0],"27400269":[77388,"0027400269","12/22/1974","DET","Pistons","SEA","SuperSonics",0,6,0,0,0,0,0,0,0,0,0],"27400226":[77388,"0027400226","12/11/1974","DET","Pistons","WAS","Bullets",0,4,0,0,0,0,0,0,0,0,0],"27400221":[77388,"0027400221","12/10/1974","DET","Pistons","MIL","Bucks",0,0,0,0,0,0,0,0,0,0,0],"27400080":[77388,"0027400080","11/06/1974","DET","Pistons","KCK","Kings",0,0,0,0,0,0,0,0,0,0,0],"27400345":[77388,"0027400345","01/11/1975","DET","Pistons","ATL","Hawks",0,0,0,0,0,0,0,0,0,0,0],"27400204":[77388,"0027400204","12/06/1974","DET","Pistons","CLE","Cavaliers",0,2,0,0,0,0,0,0,0,0,0],"27400264":[77388,"0027400264","12/21/1974","DET","Pistons","POR","Trail Blazers",0,4,0,0,0,0,0,0,0,0,0],"27400575":[77388,"0027400575","03/08/1975","DET","Pistons","NYK","Knicks",0,0,0,0,0,0,0,0,0,0,0],"27400455":[77388,"0027400455","02/07/1975","DET","Pistons","CHI","Bulls",0,15,0,0,0,0,0,0,0,0,0],"27400476":[77388,"0027400476","02/12/1975","DET","Pistons","CHI","Bulls",0,0,0,0,0,0,0,0,0,0,0],"27400532":[77388,"0027400532","02/26/1975","DET","Pistons","MIL","Bucks",0,0,0,0,0,0,0,0,0,0,0],"27400125":[77388,"0027400125","11/16/1974","DET","Pistons","HOU","Rockets",0,4,0,0,0,0,0,0,0,0,0],"27400041":[77388,"0027400041","10/26/1974","DET","Pistons","GOS","Warriors",0,2,0,0,0,0,0,0,0,0,0],"27400620":[77388,"0027400620","03/18/1975","DET","Pistons","BOS","Celtics",0,0,0,0,0,0,0,0,0,0,0],"27400510":[77388,"0027400510","02/21/1975","DET","Pistons","WAS","Bullets",0,4,0,0,0,0,0,0,0,0,0],"27400434":[77388,"0027400434","02/03/1975","DET","Pistons","BOS","Celtics",0,6,0,0,0,0,0,0,0,0,0],"27400641":[77388,"0027400641","03/23/1975","DET","Pistons","NOJ","Jazz",0,0,0,0,0,0,0,0,0,0,0],"27400389":[77388,"0027400389","01/24/1975","DET","Pistons","ATL","Hawks",0,2,0,0,0,0,0,0,0,0,0],"27400092":[77388,"0027400092","11/09/1974","DET","Pistons","BUF","Braves",0,3,0,0,0,0,0,0,0,0,0],"27400096":[77388,"0027400096","11/10/1974","DET","Pistons","BUF","Braves",0,0,0,0,0,0,0,0,0,0,0],"27400198":[77388,"0027400198","12/04/1974","DET","Pistons","HOU","Rockets",0,0,0,0,0,0,0,0,0,0,0],"27400561":[77388,"0027400561","03/04/1975","DET","Pistons","MIL","Bucks",0,12,0,0,0,0,0,0,0,0,0],"27400448":[77388,"0027400448","02/06/1975","DET","Pistons","ATL","Hawks",0,8,0,0,0,0,0,0,0,0,0],"27400012":[77388,"0027400012","10/19/1974","DET","Pistons","POR","Trail Blazers",0,0,0,0,0,0,0,0,0,0,0],"27400466":[77388,"0027400466","02/10/1975","DET","Pistons","MIL","Bucks",0,10,0,0,0,0,0,0,0,0,0],"27400462":[77388,"0027400462","02/09/1975","DET","Pistons","LAL","Lakers",0,0,0,0,0,0,0,0,0,0,0],"27400117":[77388,"0027400117","11/15/1974","DET","Pistons","SEA","SuperSonics",0,8,0,0,0,0,0,0,0,0,0],"27400698":[77388,"0027400698","04/05/1975","DET","Pistons","MIL","Bucks",0,14,0,0,0,0,0,0,0,0,0],"27403021":[77388,"0027403021","02/02/1975","DET","Pistons","CLE","Cavaliers",0,4,0,0,0,0,0,0,0,0,0],"27400290":[77388,"0027400290","12/28/1974","DET","Pistons","CHI","Bulls",0,2,0,0,0,0,0,0,0,0,0],"27400652":[77388,"0027400652","03/26/1975","DET","Pistons","POR","Trail Blazers",0,0,0,0,0,0,0,0,0,0,0],"27400398":[77388,"0027400398","01/25/1975","DET","Pistons","CHI","Bulls",0,4,0,0,0,0,0,0,0,0,0],"27400541":[77388,"0027400541","02/28/1975","DET","Pistons","WAS","Bullets",0,4,0,0,0,0,0,0,0,0,0],"27400659":[77388,"0027400659","03/27/1975","DET","Pistons","PHX","Suns",0,0,0,0,0,0,0,0,0,0,0]},"data":[23.0,38,null,7.2,1.4,3.8,0.385,null,null,null,0.4,0.7,0.64,0.4,0.3,0.7,0.7,0.2,0.2,null,0.8,3.3],"rank":{"PerGame":[null,null,null,null,null,null,null,null,null,null,null,null,null,null,null,null,null,null,null],"Totals":[209,194,193,null,null,null,null,206,205,null,204,220,217,195,207,142,null,197,1]},"team":"DET"}},"headerData":["PLAYER_AGE","GP","GS","MIN","FGM","FGA","FG_PCT","FG3M","FG3A","FG3_PCT","FTM","FTA","FT_PCT","OREB","DREB","REB","AST","STL","BLK","TOV","PF","PTS"],"PostSeason":{"1974":{"GameList":{"47400122":[77388,"0047400122","04/10/1975","DET","Pistons","SEA","SuperSonics",0,0,0,0,0,0,0,0,0,0,0],"47400123":[77388,"0047400123","04/12/1975","DET","Pistons","SEA","SuperSonics",0,2,0,0,0,0,0,0,0,0,0]},"data":[23.0,2,null,3.5,0.5,0.5,1.0,null,null,null,0.0,0.0,null,0.0,0.0,0.0,0.0,0.0,0.0,null,0.5,1.0],"rank":{"PerGame":[null,null,null,null,null,null,null,null,null,null,null,null,null,null,null,null,null,null,null],"Totals":[107,102,112,null,null,null,null,100,101,null,102,107,111,106,94,75,null,105,1]},"team":"DET"}}}}