{"info":{"FIRST_NAME":"Billy","LAST_NAME":"Thomas","WEIGHT":"220","COUNTRY":"USA","SCHOOL":"Kansas","BIRTHDATE":"1975-12-23T00:00:00","HEIGHT":"6-5","TO_YEAR":2007,"DLEAGUE":"Y","FROM_YEAR":2004,"TEAM":"CLE","PERSON_ID":2873,"SEASON_EXP":3,"POSITION":"Guard","ROSTERSTATUS":"Active","ALL_STAR":0,"PIE":0,"JERSEY":"12"},"career":{"header":["MIN","FGM","FGA","FG_PCT","FG3M","FG3A","FG3_PCT","FTM","FTA","FT_PCT","OREB","DREB","REB","AST","STL","BLK","TOV","PF","PTS"],"RegularSeason":{"PerGame":[10.0,1.0,2.8,0.338,0.6,1.9,0.304,0.2,0.2,0.846,0.2,0.8,1.0,0.5,0.5,0.0,0.4,1.0,2.7],"GS":0,"GP":53},"PostSeason":{"PerGame":[3.0,0.1,1.3,0.1,0.1,0.8,0.167,0.3,0.5,0.5,0.0,0.3,0.3,0.1,0.1,0.0,0.0,0.4,0.6],"GS":0,"GP":8}},"season":{"headerRank":["RANK_PG_MIN","RANK_PG_FGM","RANK_PG_FGA","RANK_FG_PCT","RANK_PG_FG3M","RANK_PG_FG3A","RANK_FG3_PCT","RANK_PG_FTM","RANK_PG_FTA","RANK_FT_PCT","RANK_PG_OREB","RANK_PG_DREB","RANK_PG_REB","RANK_PG_AST","RANK_PG_STL","RANK_PG_BLK","RANK_PG_TOV","RANK_PG_PTS","RANK_PG_EFF"],"headerGame":["PLAYER_ID","GAME_ID","GAME_DATE","TEAM_ABBREVIATION","TEAM_NAME","VS_TEAM_ABBREVIATION","VS_TEAM_NAME","TOV","PTS","FGM","FGA","FG3M","FG3A","PF","BLK","STL","AST","REB"],"RegularSeason":{"2007":{"shotchart":{"Averages":{"header":["SHOT_ZONE_BASIC","SHOT_ZONE_AREA","SHOT_ZONE_RANGE","FGA","FGM","FG_PCT"],"row":[["Above the Break 3","Back Court(BC)","Back Court Shot",129,3,0.023],["Above the Break 3","Center(C)","24+ ft.",6849,2374,0.347],["Above the Break 3","Left Side Center(LC)","24+ ft.",12540,4481,0.357],["Above the Break 3","Right Side Center(RC)","24+ ft.",12323,4426,0.359],["Backcourt","Back Court(BC)","Back Court Shot",468,10,0.021],["In The Paint (Non-RA)","Center(C)","8-16 ft.",6435,2577,0.4],["In The Paint (Non-RA)","Center(C)","Less Than 8 ft.",15001,6210,0.414],["In The Paint (Non-RA)","Left Side(L)","8-16 ft.",2249,880,0.391],["In The Paint (Non-RA)","Right Side(R)","8-16 ft.",2226,918,0.412],["Left Corner 3","Left Side(L)","24+ ft.",6340,2479,0.391],["Mid-Range","Center(C)","16-24 ft.",8386,3433,0.409],["Mid-Range","Center(C)","8-16 ft.",1688,721,0.427],["Mid-Range","Left Side Center(LC)","16-24 ft.",10377,4195,0.404],["Mid-Range","Left Side(L)","16-24 ft.",9213,3787,0.411],["Mid-Range","Left Side(L)","8-16 ft.",8623,3268,0.379],["Mid-Range","Right Side Center(RC)","16-24 ft.",10936,4413,0.404],["Mid-Range","Right Side(R)","16-24 ft.",8205,3428,0.418],["Mid-Range","Right Side(R)","8-16 ft.",8558,3283,0.384],["Restricted Area","Center(C)","Less Than 8 ft.",64133,38456,0.6],["Right Corner 3","Right Side(R)","24+ ft.",5822,2327,0.4]]},"Details":{"header":["GAME_ID","GAME_EVENT_ID","PERIOD","MINUTES_REMAINING","SECONDS_REMAINING","EVENT_TYPE","ACTION_TYPE","SHOT_TYPE","SHOT_ZONE_BASIC","SHOT_ZONE_AREA","SHOT_ZONE_RANGE","SHOT_DISTANCE","LOC_X","LOC_Y","SHOT_ATTEMPTED_FLAG","SHOT_MADE_FLAG"],"row":[["0020700484",60,1,4,5,"Missed Shot","Jump Shot","3PT Field Goal","Right Corner 3","Right Side(R)","24+ ft.",24,243,25,1,0],["0020700484",88,1,1,13,"Missed Shot","Jump Shot","3PT Field Goal","Right Corner 3","Right Side(R)","24+ ft.",25,248,33,1,0],["0020700484",94,1,0,20,"Missed Shot","Jump Shot","3PT Field Goal","Above the Break 3","Left Side Center(LC)","24+ ft.",26,-217,150,1,0],["0020700807",49,1,4,7,"Missed Shot","Jump Shot","3PT Field Goal","Above the Break 3","Left Side Center(LC)","24+ ft.",25,-136,215,1,0],["0020700807",65,1,3,0,"Made Shot","Jump Shot","3PT Field Goal","Above the Break 3","Right Side Center(RC)","24+ ft.",24,223,99,1,1],["0020700807",78,1,2,7,"Made Shot","Jump Shot","3PT Field Goal","Above the Break 3","Left Side Center(LC)","24+ ft.",25,-161,201,1,1],["0020700807",103,2,11,45,"Missed Shot","Jump Shot","3PT Field Goal","Above the Break 3","Right Side Center(RC)","24+ ft.",25,199,158,1,0],["0020700807",116,2,10,42,"Missed Shot","Jump Shot","3PT Field Goal","Above the Break 3","Left Side Center(LC)","24+ ft.",25,-126,222,1,0],["0020700807",133,2,9,0,"Missed Shot","Jump Shot","3PT Field Goal","Left Corner 3","Left Side(L)","24+ ft.",22,-228,-3,1,0],["0020700807",321,3,0,0,"Missed Shot","Jump Shot","3PT Field Goal","Right Corner 3","Right Side(R)","24+ ft.",22,227,13,1,0],["0020700807",327,4,11,33,"Missed Shot","Jump Shot","3PT Field Goal","Right Corner 3","Right Side(R)","24+ ft.",23,225,51,1,0],["0020700807",342,4,9,49,"Missed Shot","Jump Shot","3PT Field Goal","Above the Break 3","Left Side Center(LC)","24+ ft.",24,-228,94,1,0],["0020700807",359,4,8,32,"Made Shot","Jump Shot","3PT Field Goal","Left Corner 3","Left Side(L)","24+ ft.",24,-240,-6,1,1],["0020700807",366,4,7,47,"Missed Shot","Jump Shot","3PT Field Goal","Above the Break 3","Left Side Center(LC)","24+ ft.",25,-140,214,1,0],["0020700909",484,4,2,42,"Made Shot","Jump Shot","3PT Field Goal","Left Corner 3","Left Side(L)","24+ ft.",23,-228,43,1,1],["0020701219",411,4,6,59,"Missed Shot","Jump Shot","2PT Field Goal","In The Paint (Non-RA)","Center(C)","8-16 ft.",11,1,112,1,0],["0020701219",463,4,1,23,"Missed Shot","Jump Shot","3PT Field Goal","Above the Break 3","Right Side Center(RC)","24+ ft.",25,163,201,1,0]]}},"GameList":{"20700412":[2873,"0020700412","12/26/2007","NJN","Nets","DET","Pistons",0,0,0,0,0,0,0,0,0,0,0],"20700900":[2873,"0020700900","03/05/2008","CLE","Cavaliers","NYK","Knicks",0,0,0,0,0,0,0,0,0,0,0],"20701219":[2873,"0020701219","04/16/2008","CLE","Cavaliers","DET","Pistons",0,0,0,2,0,1,0,0,1,0,0],"20700849":[2873,"0020700849","02/27/2008","CLE","Cavaliers","BOS","Celtics",0,0,0,0,0,0,0,0,0,0,0],"20700909":[2873,"0020700909","03/06/2008","CLE","Cavaliers","CHI","Bulls",0,3,1,1,1,1,1,0,0,0,0],"20700807":[2873,"0020700807","02/22/2008","CLE","Cavaliers","WAS","Wizards",3,9,3,11,3,11,2,0,0,0,2],"20700826":[2873,"0020700826","02/24/2008","CLE","Cavaliers","MEM","Grizzlies",0,0,0,0,0,0,0,0,0,0,0],"20700861":[2873,"0020700861","02/29/2008","CLE","Cavaliers","MIN","Timberwolves",0,0,0,0,0,0,1,0,0,0,0],"20700423":[2873,"0020700423","12/28/2007","NJN","Nets","WAS","Wizards",0,0,0,0,0,0,0,0,0,0,0],"20700439":[2873,"0020700439","12/29/2007","NJN","Nets","MIL","Bucks",0,2,0,0,0,0,0,0,0,0,0],"20700484":[2873,"0020700484","01/05/2008","NJN","Nets","ATL","Hawks",1,0,0,3,0,3,0,0,0,0,0]},"data":[32.0,4,0,2.0,0.0,0.8,0.0,0.0,0.8,0.0,0.5,0.5,1.0,0.0,0.0,0.0,0.0,0.0,0.0,0.3,0.0,0.5],"rank":{"PerGame":[null,null,null,null,null,null,null,null,null,null,null,null,null,null,null,null,null,null,null],"Totals":[430,431,424,null,255,258,null,419,426,null,437,439,441,437,416,415,415,426,450]},"team":"TOT"},"2004":{"shotchart":{"Averages":{"header":["SHOT_ZONE_BASIC","SHOT_ZONE_AREA","SHOT_ZONE_RANGE","FGA","FGM","FG_PCT"],"row":[["Above the Break 3","Back Court(BC)","Back Court Shot",115,2,0.017],["Above the Break 3","Center(C)","24+ ft.",5850,2027,0.346],["Above the Break 3","Left Side Center(LC)","24+ ft.",10956,3840,0.35],["Above the Break 3","Right Side Center(RC)","24+ ft.",10539,3717,0.353],["Backcourt","Back Court(BC)","Back Court Shot",363,3,0.008],["In The Paint (Non-RA)","Center(C)","8-16 ft.",5303,2099,0.396],["In The Paint (Non-RA)","Center(C)","Less Than 8 ft.",16703,6636,0.397],["In The Paint (Non-RA)","Left Side(L)","8-16 ft.",1918,787,0.41],["In The Paint (Non-RA)","Right Side(R)","8-16 ft.",1834,725,0.395],["Left Corner 3","Left Side(L)","24+ ft.",5541,2090,0.377],["Mid-Range","Center(C)","16-24 ft.",6879,2790,0.406],["Mid-Range","Center(C)","8-16 ft.",1894,817,0.431],["Mid-Range","Left Side Center(LC)","16-24 ft.",10027,4066,0.406],["Mid-Range","Left Side(L)","16-24 ft.",10301,4043,0.392],["Mid-Range","Left Side(L)","8-16 ft.",11101,4131,0.372],["Mid-Range","Right Side Center(RC)","16-24 ft.",10601,4255,0.401],["Mid-Range","Right Side(R)","16-24 ft.",8849,3516,0.397],["Mid-Range","Right Side(R)","8-16 ft.",10381,3850,0.371],["Restricted Area","Center(C)","Less Than 8 ft.",63160,36973,0.585],["Right Corner 3","Right Side(R)","24+ ft.",5307,2066,0.389]]},"Details":{"header":["GAME_ID","GAME_EVENT_ID","PERIOD","MINUTES_REMAINING","SECONDS_REMAINING","EVENT_TYPE","ACTION_TYPE","SHOT_TYPE","SHOT_ZONE_BASIC","SHOT_ZONE_AREA","SHOT_ZONE_RANGE","SHOT_DISTANCE","LOC_X","LOC_Y","SHOT_ATTEMPTED_FLAG","SHOT_MADE_FLAG"],"row":[["0020400575",343,3,2,57,"Missed Shot","Jump Shot","2PT Field Goal","Mid-Range","Left Side(L)","16-24 ft.",18,-186,20,1,0],["0020400596",108,2,11,0,"Missed Shot","Jump Shot","3PT Field Goal","Left Corner 3","Left Side(L)","24+ ft.",24,-241,8,1,0],["0020400596",124,2,9,25,"Made Shot","Jump Shot","2PT Field Goal","Mid-Range","Left Side(L)","8-16 ft.",15,-158,2,1,1],["0020400596",160,2,5,28,"Missed Shot","Jump Shot","3PT Field Goal","Above the Break 3","Left Side Center(LC)","24+ ft.",25,-195,164,1,0],["0020400610",97,1,1,24,"Made Shot","Jump Shot","3PT Field Goal","Above the Break 3","Left Side Center(LC)","24+ ft.",24,-138,207,1,1],["0020400610",161,2,6,41,"Missed Shot","Jump Shot","3PT Field Goal","Above the Break 3","Right Side Center(RC)","24+ ft.",24,163,184,1,0],["0020400610",187,2,4,20,"Missed Shot","Jump Shot","2PT Field Goal","Mid-Range","Left Side Center(LC)","16-24 ft.",18,-105,155,1,0],["0020400610",288,3,4,50,"Made Shot","Jump Shot","2PT Field Goal","Mid-Range","Right Side Center(RC)","16-24 ft.",20,131,164,1,1],["0020400610",292,3,3,44,"Made Shot","Jump Shot","3PT Field Goal","Right Corner 3","Right Side(R)","24+ ft.",23,227,61,1,1],["0020400610",296,3,3,0,"Missed Shot","Jump Shot","3PT Field Goal","Above the Break 3","Right Side Center(RC)","24+ ft.",24,186,161,1,0],["0020400610",311,3,1,43,"Made Shot","Layup Shot","2PT Field Goal","Restricted Area","Center(C)","Less Than 8 ft.",0,0,0,1,1],["0020400610",360,4,8,13,"Missed Shot","Jump Shot","2PT Field Goal","Mid-Range","Center(C)","8-16 ft.",15,1,153,1,0],["0020400610",385,4,4,52,"Missed Shot","Jump Shot","3PT Field Goal","Left Corner 3","Left Side(L)","24+ ft.",23,-230,-23,1,0],["0020400610",403,4,3,44,"Made Shot","Layup Shot","2PT Field Goal","Restricted Area","Center(C)","Less Than 8 ft.",0,0,0,1,1],["0020400610",435,4,0,55,"Missed Shot","Jump Shot","3PT Field Goal","Left Corner 3","Left Side(L)","24+ ft.",23,-232,-6,1,0],["0020400623",130,2,9,44,"Made Shot","Jump Shot","3PT Field Goal","Above the Break 3","Left Side Center(LC)","24+ ft.",24,-149,189,1,1],["0020400623",329,4,11,23,"Missed Shot","Jump Shot","3PT Field Goal","Left Corner 3","Left Side(L)","24+ ft.",23,-232,46,1,0],["0020400623",358,4,9,0,"Made Shot","Layup Shot","2PT Field Goal","Restricted Area","Center(C)","Less Than 8 ft.",2,-21,13,1,1],["0020400623",361,4,8,39,"Made Shot","Jump Shot","3PT Field Goal","Left Corner 3","Left Side(L)","24+ ft.",24,-245,-29,1,1],["0020400623",363,4,8,24,"Made Shot","Dunk Shot","2PT Field Goal","Restricted Area","Center(C)","Less Than 8 ft.",0,0,0,1,1],["0020400623",438,4,1,47,"Made Shot","Jump Shot","2PT Field Goal","Mid-Range","Left Side Center(LC)","16-24 ft.",21,-146,155,1,1],["0020400637",163,2,6,20,"Missed Shot","Jump Shot","3PT Field Goal","Above the Break 3","Right Side Center(RC)","24+ ft.",26,177,191,1,0],["0020400637",203,2,3,5,"Missed Shot","Jump Shot","2PT Field Goal","Mid-Range","Center(C)","16-24 ft.",21,-13,214,1,0],["0020400637",242,2,0,12,"Made Shot","Jump Shot","3PT Field Goal","Right Corner 3","Right Side(R)","24+ ft.",23,236,13,1,1],["0020400637",364,4,10,42,"Made Shot","Jump Shot","3PT Field Goal","Above the Break 3","Right Side Center(RC)","24+ ft.",24,131,212,1,1],["0020400646",354,4,9,10,"Missed Shot","Jump Shot","2PT Field Goal","Mid-Range","Left Side Center(LC)","16-24 ft.",20,-92,183,1,0],["0020400646",409,4,3,5,"Made Shot","Jump Shot","2PT Field Goal","Mid-Range","Right Side(R)","16-24 ft.",20,200,2,1,1],["0020400646",413,4,2,40,"Missed Shot","Jump Shot","2PT Field Goal","Mid-Range","Right Side(R)","8-16 ft.",14,120,86,1,0],["0020400646",425,4,1,0,"Missed Shot","Jump Shot","3PT Field Goal","Left Corner 3","Left Side(L)","24+ ft.",23,-238,-21,1,0],["0020400661",159,2,5,6,"Missed Shot","Jump Shot","3PT Field Goal","Left Corner 3","Left Side(L)","24+ ft.",24,-232,68,1,0],["0020400661",324,3,2,3,"Missed Shot","Jump Shot","3PT Field Goal","Left Corner 3","Left Side(L)","24+ ft.",22,-223,-8,1,0],["0020400661",367,4,11,3,"Made Shot","Driving Layup Shot","2PT Field Goal","Restricted Area","Center(C)","Less Than 8 ft.",0,0,0,1,1],["0020400661",407,4,6,19,"Missed Shot","Jump Shot","3PT Field Goal","Right Corner 3","Right Side(R)","24+ ft.",22,228,-1,1,0],["0020400661",436,4,3,9,"Made Shot","Driving Layup Shot","2PT Field Goal","Restricted Area","Center(C)","Less Than 8 ft.",0,0,0,1,1],["0020400661",446,4,2,6,"Missed Shot","Jump Shot","2PT Field Goal","In The Paint (Non-RA)","Center(C)","Less Than 8 ft.",7,77,8,1,0],["0020400669",125,2,10,5,"Missed Shot","Jump Shot","3PT Field Goal","Above the Break 3","Center(C)","24+ ft.",25,-44,253,1,0],["0020400669",265,3,11,1,"Missed Shot","Jump Shot","3PT Field Goal","Above the Break 3","Left Side Center(LC)","24+ ft.",24,-182,164,1,0],["0020400669",281,3,8,26,"Made Shot","Layup Shot","2PT Field Goal","Restricted Area","Center(C)","Less Than 8 ft.",1,11,-1,1,1],["0020400669",390,4,8,11,"Made Shot","Jump Shot","3PT Field Goal","Left Corner 3","Left Side(L)","24+ ft.",22,-225,0,1,1],["0020400669",393,4,7,39,"Made Shot","Jump Shot","3PT Field Goal","Left Corner 3","Left Side(L)","24+ ft.",23,-232,8,1,1],["0020400669",405,4,6,20,"Missed Shot","Jump Shot","3PT Field Goal","Left Corner 3","Left Side(L)","24+ ft.",23,-232,10,1,0],["0020400669",428,4,4,16,"Missed Shot","Jump Shot","2PT Field Goal","Mid-Range","Left Side(L)","8-16 ft.",15,-148,51,1,0],["0020400669",461,4,0,0,"Made Shot","Jump Shot","3PT Field Goal","Left Corner 3","Left Side(L)","24+ ft.",23,-230,-9,1,1],["0020400689",78,1,0,29,"Made Shot","Jump Shot","2PT Field Goal","Mid-Range","Center(C)","16-24 ft.",17,49,168,1,1],["0020400689",116,2,8,47,"Missed Shot","Jump Shot","3PT Field Goal","Above the Break 3","Right Side Center(RC)","24+ ft.",28,136,247,1,0],["0020400689",360,4,9,14,"Made Shot","Jump Shot","3PT Field Goal","Above the Break 3","Left Side Center(LC)","24+ ft.",25,-135,222,1,1],["0020400689",367,4,8,43,"Missed Shot","Jump Shot","3PT Field Goal","Right Corner 3","Right Side(R)","24+ ft.",22,222,-13,1,0],["0020400704",89,1,0,0,"Missed Shot","Jump Shot","3PT Field Goal","Above the Break 3","Back Court(BC)","Back Court Shot",45,-214,404,1,0],["0020400704",129,2,7,22,"Made Shot","Jump Shot","3PT Field Goal","Left Corner 3","Left Side(L)","24+ ft.",23,-232,41,1,1],["0020400704",137,2,6,30,"Missed Shot","Jump Shot","3PT Field Goal","Left Corner 3","Left Side(L)","24+ ft.",23,-225,51,1,0],["0020400704",317,4,11,20,"Missed Shot","Jump Shot","3PT Field Goal","Above the Break 3","Left Side Center(LC)","24+ ft.",24,-166,176,1,0],["0020400704",340,4,9,8,"Missed Shot","Jump Shot","2PT Field Goal","Mid-Range","Right Side(R)","8-16 ft.",14,149,-5,1,0],["0020400704",431,4,0,33,"Missed Shot","Jump Shot","3PT Field Goal","Right Corner 3","Right Side(R)","24+ ft.",22,225,-9,1,0],["0020400722",97,2,11,43,"Missed Shot","Jump Shot","3PT Field Goal","Right Corner 3","Right Side(R)","24+ ft.",23,230,-6,1,0],["0020400722",145,2,7,43,"Missed Shot","Tip Shot","2PT Field Goal","Restricted Area","Center(C)","Less Than 8 ft.",0,0,0,1,0],["0020400722",155,2,6,43,"Missed Shot","Jump Shot","2PT Field Goal","Mid-Range","Left Side(L)","16-24 ft.",19,-187,64,1,0],["0020400722",175,2,4,41,"Made Shot","Jump Shot","3PT Field Goal","Above the Break 3","Left Side Center(LC)","24+ ft.",24,-176,174,1,1],["0020400722",203,2,2,6,"Made Shot","Jump Shot","3PT Field Goal","Above the Break 3","Left Side Center(LC)","24+ ft.",24,-120,215,1,1],["0020400722",211,2,1,22,"Made Shot","Jump Shot","2PT Field Goal","Mid-Range","Center(C)","16-24 ft.",18,11,184,1,1],["0020400722",215,2,0,51,"Missed Shot","Jump Shot","2PT Field Goal","Mid-Range","Left Side Center(LC)","16-24 ft.",19,-89,173,1,0],["0020400722",269,3,5,42,"Made Shot","Jump Shot","3PT Field Goal","Above the Break 3","Right Side Center(RC)","24+ ft.",24,156,191,1,1],["0020400722",279,3,4,11,"Missed Shot","Jump Shot","3PT Field Goal","Above the Break 3","Right Side Center(RC)","24+ ft.",26,100,245,1,0],["0020400722",302,3,2,16,"Made Shot","Jump Shot","3PT Field Goal","Left Corner 3","Left Side(L)","24+ ft.",23,-232,56,1,1],["0020400722",321,3,0,2,"Missed Shot","Jump Shot","3PT Field Goal","Above the Break 3","Center(C)","24+ ft.",32,-89,317,1,0],["0020400722",379,4,6,40,"Missed Shot","Driving Layup Shot","2PT Field Goal","Restricted Area","Center(C)","Less Than 8 ft.",0,0,0,1,0],["0020400722",400,4,5,6,"Missed Shot","Jump Shot","3PT Field Goal","Right Corner 3","Right Side(R)","24+ ft.",23,233,-3,1,0],["0020400722",434,4,1,49,"Missed Shot","Jump Shot","3PT Field Goal","Above the Break 3","Left Side Center(LC)","24+ ft.",26,-103,243,1,0],["0020400722",493,5,1,0,"Missed Shot","Driving Layup Shot","2PT Field Goal","Restricted Area","Center(C)","Less Than 8 ft.",0,0,0,1,0],["0020400735",169,2,5,39,"Missed Shot","Jump Shot","3PT Field Goal","Left Corner 3","Left Side(L)","24+ ft.",22,-225,-8,1,0],["0020400735",302,3,4,6,"Missed Shot","Jump Shot","3PT Field Goal","Left Corner 3","Left Side(L)","24+ ft.",23,-235,-6,1,0],["0020400750",91,2,11,29,"Made Shot","Jump Shot","2PT Field Goal","Mid-Range","Center(C)","16-24 ft.",18,-2,187,1,1],["0020400750",101,2,10,8,"Missed Shot","Jump Shot","3PT Field Goal","Right Corner 3","Right Side(R)","24+ ft.",24,226,86,1,0],["0020400750",105,2,9,38,"Missed Shot","Jump Shot","3PT Field Goal","Above the Break 3","Right Side Center(RC)","24+ ft.",24,176,168,1,0],["0020400750",339,4,8,58,"Missed Shot","Jump Shot","2PT Field Goal","Mid-Range","Right Side(R)","8-16 ft.",14,146,0,1,0],["0020400750",368,4,5,54,"Missed Shot","Jump Shot","3PT Field Goal","Above the Break 3","Left Side Center(LC)","24+ ft.",24,-100,225,1,0],["0020400750",412,4,1,7,"Made Shot","Jump Shot","2PT Field Goal","Mid-Range","Right Side(R)","8-16 ft.",10,103,0,1,1],["0020400764",363,4,8,4,"Missed Shot","Jump Shot","3PT Field Goal","Above the Break 3","Left Side Center(LC)","24+ ft.",26,-158,207,1,0],["0020400764",372,4,6,54,"Missed Shot","Jump Shot","3PT Field Goal","Left Corner 3","Left Side(L)","24+ ft.",23,-233,18,1,0],["0020400764",382,4,5,27,"Missed Shot","Jump Shot","3PT Field Goal","Above the Break 3","Right Side Center(RC)","24+ ft.",24,174,166,1,0],["0020400784",77,1,3,26,"Made Shot","Jump Shot","3PT Field Goal","Left Corner 3","Left Side(L)","24+ ft.",24,-240,0,1,1],["0020400784",88,1,2,26,"Missed Shot","Jump Shot","3PT Field Goal","Left Corner 3","Left Side(L)","24+ ft.",24,-246,8,1,0],["0020400784",109,1,0,1,"Made Shot","Driving Layup Shot","2PT Field Goal","Restricted Area","Center(C)","Less Than 8 ft.",0,0,0,1,1],["0020400784",132,2,9,20,"Missed Shot","Layup Shot","2PT Field Goal","Restricted Area","Center(C)","Less Than 8 ft.",0,0,0,1,0],["0020400793",102,1,0,0,"Made Shot","Jump Shot","2PT Field Goal","Mid-Range","Right Side(R)","8-16 ft.",15,140,63,1,1],["0020400793",116,2,10,19,"Made Shot","Jump Shot","3PT Field Goal","Left Corner 3","Left Side(L)","24+ ft.",23,-238,-21,1,1],["0020400793",122,2,9,31,"Missed Shot","Jump Shot","3PT Field Goal","Above the Break 3","Right Side Center(RC)","24+ ft.",25,215,141,1,0],["0020400804",317,3,4,47,"Missed Shot","Jump Shot","3PT Field Goal","Above the Break 3","Center(C)","24+ ft.",25,-20,250,1,0],["0020400957",419,4,0,20,"Missed Shot","Jump Shot","3PT Field Goal","Above the Break 3","Right Side Center(RC)","24+ ft.",24,92,229,1,0],["0020401022",434,4,1,19,"Missed Shot","Jump Shot","3PT Field Goal","Left Corner 3","Left Side(L)","24+ ft.",24,-232,63,1,0],["0020401022",437,4,1,6,"Missed Shot","Layup Shot","2PT Field Goal","Restricted Area","Center(C)","Less Than 8 ft.",0,0,0,1,0],["0020401056",410,4,0,42,"Missed Shot","Jump Shot","2PT Field Goal","Mid-Range","Left Side(L)","8-16 ft.",15,-156,-8,1,0],["0020401096",419,4,0,29,"Missed Shot","Jump Shot","2PT Field Goal","Mid-Range","Right Side(R)","16-24 ft.",17,172,31,1,0],["0020401131",211,2,1,46,"Missed Shot","Jump Shot","2PT Field Goal","Mid-Range","Right Side Center(RC)","16-24 ft.",17,140,105,1,0],["0020401131",448,4,1,0,"Missed Shot","Layup Shot","2PT Field Goal","Restricted Area","Center(C)","Less Than 8 ft.",0,0,0,1,0]]}},"GameList":{"20401056":[2873,"0020401056","03/30/2005","NJN","Nets","LAC","Clippers",0,0,0,1,0,0,0,0,1,0,0],"20400646":[2873,"0020400646","01/29/2005","NJN","Nets","UTA","Jazz",1,4,1,4,0,1,2,0,0,0,4],"20400661":[2873,"0020400661","02/01/2005","NJN","Nets","CHI","Bulls",2,4,2,6,0,3,1,0,2,1,2],"20400784":[2873,"0020400784","02/22/2005","NJN","Nets","TOR","Raptors",2,5,2,4,1,2,2,0,0,0,1],"20400575":[2873,"0020400575","01/21/2005","NJN","Nets","BOS","Celtics",0,0,0,1,0,0,2,0,0,1,2],"20401096":[2873,"0020401096","04/05/2005","NJN","Nets","CLE","Cavaliers",0,0,0,1,0,0,0,0,1,0,2],"20400669":[2873,"0020400669","02/02/2005","NJN","Nets","BOS","Celtics",0,13,4,8,3,6,4,0,0,1,2],"20400689":[2873,"0020400689","02/05/2005","NJN","Nets","DET","Pistons",0,5,2,4,1,3,1,0,2,1,3],"20400991":[2873,"0020400991","03/22/2005","NJN","Nets","IND","Pacers",0,0,0,0,0,0,1,0,0,0,0],"20400804":[2873,"0020400804","02/25/2005","NJN","Nets","CHA","Bobcats",1,0,0,1,0,1,0,1,0,1,1],"20400623":[2873,"0020400623","01/26/2005","NJN","Nets","GSW","Warriors",0,12,5,6,2,3,2,0,0,1,2],"20400764":[2873,"0020400764","02/15/2005","NJN","Nets","MIN","Timberwolves",0,0,0,3,0,3,0,0,0,1,1],"20400637":[2873,"0020400637","01/28/2005","NJN","Nets","LAL","Lakers",0,6,2,4,2,3,1,0,0,1,2],"20401007":[2873,"0020401007","03/24/2005","NJN","Nets","MEM","Grizzlies",0,0,0,0,0,0,0,0,0,0,0],"20400957":[2873,"0020400957","03/18/2005","NJN","Nets","UTA","Jazz",0,0,0,1,0,1,0,0,1,0,0],"20400735":[2873,"0020400735","02/11/2005","NJN","Nets","SAS","Spurs",0,0,0,2,0,2,4,0,0,0,3],"20401022":[2873,"0020401022","03/26/2005","NJN","Nets","MIN","Timberwolves",0,0,0,2,0,1,1,0,0,0,1],"20400610":[2873,"0020400610","01/25/2005","NJN","Nets","SAC","Kings",0,12,5,11,2,6,3,0,3,2,2],"20400750":[2873,"0020400750","02/13/2005","NJN","Nets","DEN","Nuggets",0,6,2,6,0,3,0,0,1,2,1],"20400793":[2873,"0020400793","02/23/2005","NJN","Nets","MIL","Bucks",0,5,2,3,1,2,1,0,0,0,0],"20400596":[2873,"0020400596","01/23/2005","NJN","Nets","PHX","Suns",0,3,1,3,0,2,1,0,0,1,1],"20400704":[2873,"0020400704","02/07/2005","NJN","Nets","PHI","76ers",0,3,1,6,1,5,1,0,0,2,2],"20401131":[2873,"0020401131","04/09/2005","NJN","Nets","BOS","Celtics",2,0,0,2,0,0,1,0,0,0,0],"20400926":[2873,"0020400926","03/13/2005","NJN","Nets","ORL","Magic",0,0,0,0,0,0,0,0,0,0,0],"20400722":[2873,"0020400722","02/09/2005","NJN","Nets","LAL","Lakers",1,14,5,15,4,9,1,0,3,2,4]},"data":[29.0,25,0,14.2,1.4,3.8,0.362,0.7,2.2,0.304,0.3,0.4,0.778,0.3,1.2,1.4,0.7,0.6,0.0,0.4,1.2,3.7],"rank":{"PerGame":[null,null,null,null,null,null,null,null,null,null,null,null,null,null,null,null,null,null,null],"Totals":[360,365,358,null,183,189,null,396,406,null,395,375,385,357,328,399,394,363,375]},"team":"NJN"},"2005":{"shotchart":{"Averages":{"header":["SHOT_ZONE_BASIC","SHOT_ZONE_AREA","SHOT_ZONE_RANGE","FGA","FGM","FG_PCT"],"row":[["Above the Break 3","Back Court(BC)","Back Court Shot",110,3,0.027],["Above the Break 3","Center(C)","24+ ft.",6026,2107,0.35],["Above the Break 3","Left Side Center(LC)","24+ ft.",10936,3868,0.354],["Above the Break 3","Right Side Center(RC)","24+ ft.",10744,3774,0.351],["Backcourt","Back Court(BC)","Back Court Shot",371,9,0.024],["In The Paint (Non-RA)","Center(C)","8-16 ft.",5007,2063,0.412],["In The Paint (Non-RA)","Center(C)","Less Than 8 ft.",16599,6703,0.404],["In The Paint (Non-RA)","Left Side(L)","8-16 ft.",1802,737,0.409],["In The Paint (Non-RA)","Right Side(R)","8-16 ft.",1699,664,0.391],["Left Corner 3","Left Side(L)","24+ ft.",5668,2184,0.385],["Mid-Range","Center(C)","16-24 ft.",6981,2746,0.393],["Mid-Range","Center(C)","8-16 ft.",1767,756,0.428],["Mid-Range","Left Side Center(LC)","16-24 ft.",9926,4102,0.413],["Mid-Range","Left Side(L)","16-24 ft.",9829,3960,0.403],["Mid-Range","Left Side(L)","8-16 ft.",10072,3876,0.385],["Mid-Range","Right Side Center(RC)","16-24 ft.",10594,4246,0.401],["Mid-Range","Right Side(R)","16-24 ft.",8627,3536,0.41],["Mid-Range","Right Side(R)","8-16 ft.",9130,3405,0.373],["Restricted Area","Center(C)","Less Than 8 ft.",63017,37304,0.592],["Right Corner 3","Right Side(R)","24+ ft.",5409,2123,0.392]]},"Details":{"header":["GAME_ID","GAME_EVENT_ID","PERIOD","MINUTES_REMAINING","SECONDS_REMAINING","EVENT_TYPE","ACTION_TYPE","SHOT_TYPE","SHOT_ZONE_BASIC","SHOT_ZONE_AREA","SHOT_ZONE_RANGE","SHOT_DISTANCE","LOC_X","LOC_Y","SHOT_ATTEMPTED_FLAG","SHOT_MADE_FLAG"],"row":[["0020500919",402,4,2,17,"Missed Shot","Jump Shot","2PT Field Goal","Mid-Range","Left Side(L)","8-16 ft.",15,-130,77,1,0],["0020500992",432,4,0,36,"Missed Shot","Jump Shot","3PT Field Goal","Above the Break 3","Right Side Center(RC)","24+ ft.",24,194,156,1,0],["0020501027",470,4,3,21,"Missed Shot","Jump Shot","3PT Field Goal","Left Corner 3","Left Side(L)","24+ ft.",24,-245,15,1,0],["0020501027",477,4,2,54,"Made Shot","Jump Shot","3PT Field Goal","Above the Break 3","Left Side Center(LC)","24+ ft.",27,-136,235,1,1],["0020501027",493,4,1,34,"Made Shot","Jump Shot","3PT Field Goal","Above the Break 3","Left Side Center(LC)","24+ ft.",26,-153,222,1,1],["0020501027",517,4,0,55,"Missed Shot","Jump Shot","2PT Field Goal","Mid-Range","Left Side(L)","16-24 ft.",19,-194,28,1,0],["0020501027",524,4,0,28,"Missed Shot","Jump Shot","3PT Field Goal","Above the Break 3","Right Side Center(RC)","24+ ft.",24,125,207,1,0],["0020501046",170,2,6,18,"Made Shot","Jump Shot","3PT Field Goal","Left Corner 3","Left Side(L)","24+ ft.",23,-238,18,1,1],["0020501046",188,2,4,31,"Missed Shot","Jump Shot","3PT Field Goal","Above the Break 3","Right Side Center(RC)","24+ ft.",25,169,189,1,0],["0020501046",220,2,2,21,"Missed Shot","Jump Shot","3PT Field Goal","Above the Break 3","Left Side Center(LC)","24+ ft.",25,-115,232,1,0],["0020501052",85,1,2,10,"Made Shot","Jump Shot","2PT Field Goal","Mid-Range","Center(C)","16-24 ft.",17,-34,168,1,1],["0020501052",117,2,11,49,"Missed Shot","Jump Shot","3PT Field Goal","Above the Break 3","Right Side Center(RC)","24+ ft.",24,190,150,1,0],["0020501052",332,3,2,59,"Made Shot","Jump Shot","3PT Field Goal","Left Corner 3","Left Side(L)","24+ ft.",22,-227,-3,1,1],["0020501052",343,3,1,44,"Missed Shot","Jump Shot","2PT Field Goal","Mid-Range","Right Side Center(RC)","16-24 ft.",18,125,143,1,0],["0020501052",348,3,1,1,"Made Shot","Jump Shot","3PT Field Goal","Right Corner 3","Right Side(R)","24+ ft.",22,227,28,1,1],["0020501052",390,4,7,26,"Made Shot","Driving Layup Shot","2PT Field Goal","Restricted Area","Center(C)","Less Than 8 ft.",0,0,0,1,1],["0020501052",395,4,6,59,"Missed Shot","Jump Shot","3PT Field Goal","Above the Break 3","Right Side Center(RC)","24+ ft.",24,209,135,1,0],["0020501052",399,4,6,24,"Missed Shot","Jump Shot","3PT Field Goal","Left Corner 3","Left Side(L)","24+ ft.",23,-230,7,1,0],["0020501052",414,4,4,55,"Made Shot","Jump Shot","2PT Field Goal","Mid-Range","Left Side(L)","16-24 ft.",21,-217,13,1,1],["0020501052",446,4,2,2,"Missed Shot","Jump Shot","3PT Field Goal","Above the Break 3","Center(C)","24+ ft.",26,-20,260,1,0],["0020501074",143,2,6,40,"Missed Shot","Jump Shot","3PT Field Goal","Above the Break 3","Center(C)","24+ ft.",25,-5,250,1,0],["0020501096",451,4,5,57,"Missed Shot","Jump Shot","3PT Field Goal","Above the Break 3","Right Side Center(RC)","24+ ft.",24,204,140,1,0],["0020501096",470,4,3,37,"Missed Shot","Jump Shot","3PT Field Goal","Right Corner 3","Right Side(R)","24+ ft.",24,248,-24,1,0],["0020501108",158,2,5,34,"Missed Shot","Jump Shot","2PT Field Goal","Mid-Range","Center(C)","16-24 ft.",22,8,227,1,0],["0020501108",431,4,0,36,"Missed Shot","Jump Shot","3PT Field Goal","Left Corner 3","Left Side(L)","24+ ft.",23,-235,-3,1,0],["0020501122",225,2,7,41,"Missed Shot","Jump Shot","3PT Field Goal","Left Corner 3","Left Side(L)","24+ ft.",23,-235,-3,1,0],["0020501122",547,4,1,57,"Made Shot","Jump Shot","3PT Field Goal","Left Corner 3","Left Side(L)","24+ ft.",24,-246,-24,1,1],["0020501122",564,4,0,51,"Missed Shot","Jump Shot","3PT Field Goal","Above the Break 3","Left Side Center(LC)","24+ ft.",27,-214,169,1,0],["0020501149",75,1,2,32,"Made Shot","Jump Shot","3PT Field Goal","Above the Break 3","Right Side Center(RC)","24+ ft.",24,189,163,1,1],["0020501149",157,2,6,50,"Missed Shot","Jump Shot","2PT Field Goal","Mid-Range","Right Side Center(RC)","16-24 ft.",17,72,156,1,0],["0020501149",349,3,0,1,"Missed Shot","Jump Shot","3PT Field Goal","Backcourt","Back Court(BC)","Back Court Shot",67,-18,676,1,0],["0020501184",218,2,3,3,"Made Shot","Jump Shot","3PT Field Goal","Left Corner 3","Left Side(L)","24+ ft.",22,-227,-8,1,1],["0020501184",227,2,2,33,"Missed Shot","Jump Shot","3PT Field Goal","Left Corner 3","Left Side(L)","24+ ft.",23,-230,3,1,0],["0020501197",362,4,9,49,"Missed Shot","Jump Shot","3PT Field Goal","Above the Break 3","Right Side Center(RC)","24+ ft.",24,177,174,1,0],["0020501213",163,2,4,58,"Made Shot","Jump Shot","3PT Field Goal","Above the Break 3","Center(C)","24+ ft.",25,18,252,1,1],["0020501222",183,2,5,13,"Missed Shot","Jump Shot","3PT Field Goal","Left Corner 3","Left Side(L)","24+ ft.",24,-246,15,1,0],["0020501222",228,2,0,30,"Made Shot","Jump Shot","3PT Field Goal","Right Corner 3","Right Side(R)","24+ ft.",23,232,38,1,1],["0020501222",374,4,8,41,"Missed Shot","Jump Shot","3PT Field Goal","Above the Break 3","Left Side Center(LC)","24+ ft.",25,-89,243,1,0],["0020501222",387,4,7,4,"Missed Shot","Jump Shot","2PT Field Goal","Mid-Range","Left Side(L)","16-24 ft.",16,-156,56,1,0],["0020501222",445,4,0,47,"Missed Shot","Jump Shot","2PT Field Goal","Mid-Range","Right Side(R)","16-24 ft.",17,176,15,1,0]]}},"GameList":{"20501213":[2873,"0020501213","04/18/2006","WAS","Wizards","MIL","Bucks",0,3,1,1,1,1,0,0,0,0,0],"20501046":[2873,"0020501046","03/27/2006","WAS","Wizards","GSW","Warriors",0,3,1,3,1,3,1,0,3,2,1],"20501122":[2873,"0020501122","04/07/2006","WAS","Wizards","ATL","Hawks",2,3,1,3,1,3,2,0,0,3,2],"20501222":[2873,"0020501222","04/19/2006","WAS","Wizards","DET","Pistons",0,3,1,5,1,3,2,0,0,0,2],"20500992":[2873,"0020500992","03/21/2006","WAS","Wizards","NJN","Nets",0,0,0,1,0,1,0,0,0,0,0],"20500919":[2873,"0020500919","03/11/2006","WAS","Wizards","DET","Pistons",0,0,0,1,0,0,0,0,0,0,0],"20501074":[2873,"0020501074","03/31/2006","WAS","Wizards","HOU","Rockets",0,0,0,1,0,1,0,0,0,0,1],"20501082":[2873,"0020501082","04/01/2006","WAS","Wizards","SAS","Spurs",0,0,0,0,0,0,1,0,0,0,0],"20501134":[2873,"0020501134","04/08/2006","WAS","Wizards","MIA","Heat",1,0,0,0,0,0,0,0,0,0,0],"20501096":[2873,"0020501096","04/04/2006","WAS","Wizards","NYK","Knicks",0,0,0,2,0,2,1,0,0,0,0],"20501149":[2873,"0020501149","04/10/2006","WAS","Wizards","PHI","76ers",1,3,1,3,1,2,5,0,3,2,3],"20501108":[2873,"0020501108","04/05/2006","WAS","Wizards","BOS","Celtics",0,0,0,2,0,1,0,1,0,1,0],"20501168":[2873,"0020501168","04/12/2006","WAS","Wizards","MIL","Bucks",0,0,0,0,0,0,0,0,0,0,0],"20501184":[2873,"0020501184","04/14/2006","WAS","Wizards","CHI","Bulls",0,3,1,2,1,2,1,0,0,0,2],"20501197":[2873,"0020501197","04/16/2006","WAS","Wizards","CLE","Cavaliers",1,0,0,1,0,1,0,0,0,0,1],"20501052":[2873,"0020501052","03/28/2006","WAS","Wizards","SAC","Kings",1,14,5,10,2,6,3,0,3,1,1],"20501027":[2873,"0020501027","03/25/2006","WAS","Wizards","LAC","Clippers",0,6,2,5,2,4,3,0,1,0,1]},"data":[30.0,17,0,7.7,0.8,2.4,0.325,0.6,1.8,0.333,0.1,0.1,1.0,0.3,0.5,0.8,0.5,0.6,0.1,0.4,1.1,2.2],"rank":{"PerGame":[null,null,null,null,null,null,null,null,null,null,null,null,null,null,null,null,null,null,null],"Totals":[411,412,403,null,198,205,null,427,433,null,394,426,420,373,343,387,412,408,408]},"team":"WAS"}},"headerData":["PLAYER_AGE","GP","GS","MIN","FGM","FGA","FG_PCT","FG3M","FG3A","FG3_PCT","FTM","FTA","FT_PCT","OREB","DREB","REB","AST","STL","BLK","TOV","PF","PTS"],"PostSeason":{"2007":{"shotchart":{"Averages":{"header":["SHOT_ZONE_BASIC","SHOT_ZONE_AREA","SHOT_ZONE_RANGE","FGA","FGM","FG_PCT"],"row":[["Above the Break 3","Back Court(BC)","Back Court Shot",7,0,0.0],["Above the Break 3","Center(C)","24+ ft.",485,149,0.307],["Above the Break 3","Left Side Center(LC)","24+ ft.",903,308,0.341],["Above the Break 3","Right Side Center(RC)","24+ ft.",771,276,0.358],["Backcourt","Back Court(BC)","Back Court Shot",36,0,0.0],["In The Paint (Non-RA)","Center(C)","8-16 ft.",467,197,0.422],["In The Paint (Non-RA)","Center(C)","Less Than 8 ft.",891,369,0.414],["In The Paint (Non-RA)","Left Side(L)","8-16 ft.",140,64,0.457],["In The Paint (Non-RA)","Right Side(R)","8-16 ft.",172,72,0.419],["Left Corner 3","Left Side(L)","24+ ft.",422,165,0.391],["Mid-Range","Center(C)","8-16 ft.",128,54,0.422],["Mid-Range","Center(C)","16-24 ft.",486,183,0.377],["Mid-Range","Left Side Center(LC)","16-24 ft.",638,243,0.381],["Mid-Range","Left Side(L)","16-24 ft.",715,268,0.375],["Mid-Range","Left Side(L)","8-16 ft.",714,273,0.382],["Mid-Range","Right Side Center(RC)","16-24 ft.",625,269,0.43],["Mid-Range","Right Side(R)","16-24 ft.",581,225,0.387],["Mid-Range","Right Side(R)","8-16 ft.",531,190,0.358],["Restricted Area","Center(C)","Less Than 8 ft.",4260,2475,0.581],["Right Corner 3","Right Side(R)","24+ ft.",382,153,0.401]]},"Details":{"header":["GAME_ID","GAME_EVENT_ID","PERIOD","MINUTES_REMAINING","SECONDS_REMAINING","EVENT_TYPE","ACTION_TYPE","SHOT_TYPE","SHOT_ZONE_BASIC","SHOT_ZONE_AREA","SHOT_ZONE_RANGE","SHOT_DISTANCE","LOC_X","LOC_Y","SHOT_ATTEMPTED_FLAG","SHOT_MADE_FLAG"],"row":[["0040700132",493,4,1,45,"Made Shot","Jump Shot","3PT Field Goal","Above the Break 3","Left Side Center(LC)","24+ ft.",25,-218,132,1,1],["0040700133",450,4,3,11,"Missed Shot","Jump Shot","3PT Field Goal","Above the Break 3","Right Side Center(RC)","24+ ft.",24,202,146,1,0]]}},"GameList":{"40700133":[2873,"0040700133","04/24/2008","CLE","Cavaliers","WAS","Wizards",0,0,0,1,0,1,0,0,1,0,1],"40700132":[2873,"0040700132","04/21/2008","CLE","Cavaliers","WAS","Wizards",0,3,1,1,1,1,0,0,0,1,0],"40700134":[2873,"0040700134","04/27/2008","CLE","Cavaliers","WAS","Wizards",0,0,0,0,0,0,0,0,0,0,0]},"data":[32.0,3,0,2.7,0.3,0.7,0.5,0.3,0.7,0.5,0.0,0.0,0.0,0.0,0.3,0.3,0.3,0.3,0.0,0.0,0.0,1.0],"rank":{"PerGame":[null,null,null,null,null,null,null,null,null,null,null,null,null,null,null,null,null,null,null],"Totals":[178,167,178,null,91,110,null,162,165,null,163,168,173,146,138,131,165,172,170]},"team":"CLE"},"2004":{"shotchart":{"Averages":{"header":["SHOT_ZONE_BASIC","SHOT_ZONE_AREA","SHOT_ZONE_RANGE","FGA","FGM","FG_PCT"],"row":[["Above the Break 3","Back Court(BC)","Back Court Shot",14,3,0.214],["Above the Break 3","Center(C)","24+ ft.",425,144,0.339],["Above the Break 3","Left Side Center(LC)","24+ ft.",869,306,0.352],["Above the Break 3","Right Side Center(RC)","24+ ft.",743,274,0.369],["Backcourt","Back Court(BC)","Back Court Shot",29,2,0.069],["In The Paint (Non-RA)","Center(C)","8-16 ft.",421,187,0.444],["In The Paint (Non-RA)","Center(C)","Less Than 8 ft.",1157,467,0.404],["In The Paint (Non-RA)","Left Side(L)","8-16 ft.",167,61,0.365],["In The Paint (Non-RA)","Right Side(R)","8-16 ft.",156,60,0.385],["Left Corner 3","Left Side(L)","24+ ft.",410,149,0.363],["Mid-Range","Center(C)","8-16 ft.",161,63,0.391],["Mid-Range","Center(C)","16-24 ft.",362,155,0.428],["Mid-Range","Left Side Center(LC)","16-24 ft.",540,220,0.407],["Mid-Range","Left Side(L)","16-24 ft.",615,260,0.423],["Mid-Range","Left Side(L)","8-16 ft.",832,325,0.391],["Mid-Range","Right Side Center(RC)","16-24 ft.",532,200,0.376],["Mid-Range","Right Side(R)","16-24 ft.",509,179,0.352],["Mid-Range","Right Side(R)","8-16 ft.",642,271,0.422],["Restricted Area","Center(C)","Less Than 8 ft.",4309,2480,0.576],["Right Corner 3","Right Side(R)","24+ ft.",396,151,0.381]]},"Details":{"header":["GAME_ID","GAME_EVENT_ID","PERIOD","MINUTES_REMAINING","SECONDS_REMAINING","EVENT_TYPE","ACTION_TYPE","SHOT_TYPE","SHOT_ZONE_BASIC","SHOT_ZONE_AREA","SHOT_ZONE_RANGE","SHOT_DISTANCE","LOC_X","LOC_Y","SHOT_ATTEMPTED_FLAG","SHOT_MADE_FLAG"],"row":[["0040400104",512,4,0,29,"Missed Shot","Jump Shot","2PT Field Goal","Mid-Range","Center(C)","16-24 ft.",17,6,176,1,0]]}},"GameList":{"40400101":[2873,"0040400101","04/24/2005","NJN","Nets","MIA","Heat",0,0,0,0,0,0,0,0,0,0,0],"40400104":[2873,"0040400104","05/01/2005","NJN","Nets","MIA","Heat",0,0,0,1,0,0,0,0,0,0,0]},"data":[29.0,2,0,1.0,0.0,0.5,0.0,0.0,0.0,0.0,0.0,0.0,0.0,0.0,0.0,0.0,0.0,0.0,0.0,0.0,0.0,0.0],"rank":{"PerGame":[null,null,null,null,null,null,null,null,null,null,null,null,null,null,null,null,null,null,null],"Totals":[186,173,176,null,104,125,null,162,165,null,164,176,178,165,157,130,167,174,184]},"team":"NJN"},"2005":{"shotchart":{"Averages":{"header":["SHOT_ZONE_BASIC","SHOT_ZONE_AREA","SHOT_ZONE_RANGE","FGA","FGM","FG_PCT"],"row":[["Above the Break 3","Back Court(BC)","Back Court Shot",7,0,0.0],["Above the Break 3","Center(C)","24+ ft.",402,132,0.328],["Above the Break 3","Left Side Center(LC)","24+ ft.",915,334,0.365],["Above the Break 3","Right Side Center(RC)","24+ ft.",830,273,0.329],["Backcourt","Back Court(BC)","Back Court Shot",24,1,0.042],["In The Paint (Non-RA)","Center(C)","8-16 ft.",503,191,0.38],["In The Paint (Non-RA)","Center(C)","Less Than 8 ft.",1163,495,0.426],["In The Paint (Non-RA)","Left Side(L)","8-16 ft.",159,69,0.434],["In The Paint (Non-RA)","Right Side(R)","8-16 ft.",179,74,0.413],["Left Corner 3","Left Side(L)","24+ ft.",469,174,0.371],["Mid-Range","Center(C)","8-16 ft.",136,60,0.441],["Mid-Range","Center(C)","16-24 ft.",385,152,0.395],["Mid-Range","Left Side Center(LC)","16-24 ft.",572,228,0.399],["Mid-Range","Left Side(L)","16-24 ft.",616,243,0.394],["Mid-Range","Left Side(L)","8-16 ft.",808,337,0.417],["Mid-Range","Right Side Center(RC)","16-24 ft.",652,263,0.403],["Mid-Range","Right Side(R)","16-24 ft.",558,216,0.387],["Mid-Range","Right Side(R)","8-16 ft.",663,245,0.37],["Restricted Area","Center(C)","Less Than 8 ft.",4315,2678,0.621],["Right Corner 3","Right Side(R)","24+ ft.",415,157,0.378]]},"Details":{"header":["GAME_ID","GAME_EVENT_ID","PERIOD","MINUTES_REMAINING","SECONDS_REMAINING","EVENT_TYPE","ACTION_TYPE","SHOT_TYPE","SHOT_ZONE_BASIC","SHOT_ZONE_AREA","SHOT_ZONE_RANGE","SHOT_DISTANCE","LOC_X","LOC_Y","SHOT_ATTEMPTED_FLAG","SHOT_MADE_FLAG"],"row":[["0040500131",273,3,7,19,"Missed Shot","Jump Shot","2PT Field Goal","Mid-Range","Left Side(L)","16-24 ft.",16,-159,-24,1,0],["0040500131",289,3,5,34,"Missed Shot","Jump Shot","2PT Field Goal","Mid-Range","Left Side(L)","16-24 ft.",18,-186,-32,1,0],["0040500131",306,3,3,32,"Missed Shot","Jump Shot","3PT Field Goal","Above the Break 3","Right Side Center(RC)","24+ ft.",24,197,150,1,0],["0040500131",338,3,0,2,"Missed Shot","Jump Shot","3PT Field Goal","Left Corner 3","Left Side(L)","24+ ft.",24,-240,-29,1,0],["0040500131",471,4,0,38,"Missed Shot","Jump Shot","3PT Field Goal","Above the Break 3","Right Side Center(RC)","24+ ft.",24,174,169,1,0],["0040500132",410,4,11,36,"Missed Shot","Jump Shot","3PT Field Goal","Above the Break 3","Left Side Center(LC)","24+ ft.",25,-87,242,1,0],["0040500132",421,4,9,55,"Missed Shot","Layup Shot","2PT Field Goal","Restricted Area","Center(C)","Less Than 8 ft.",0,-3,-3,1,0]]}},"GameList":{"40500135":[2873,"0040500135","05/03/2006","WAS","Wizards","CLE","Cavaliers",0,0,0,0,0,0,1,0,0,0,0],"40500132":[2873,"0040500132","04/25/2006","WAS","Wizards","CLE","Cavaliers",0,2,0,2,0,1,1,0,0,0,0],"40500131":[2873,"0040500131","04/22/2006","WAS","Wizards","CLE","Cavaliers",0,0,0,5,0,3,1,0,0,0,1]},"data":[30.0,3,0,4.7,0.0,2.3,0.0,0.0,1.3,0.0,0.7,1.3,0.5,0.0,0.3,0.3,0.0,0.0,0.0,0.0,1.0,0.7],"rank":{"PerGame":[null,null,null,null,null,null,null,null,null,null,null,null,null,null,null,null,null,null,null],"Totals":[167,176,147,null,103,96,null,133,127,null,163,166,175,162,159,127,164,169,195]},"team":"WAS"}}}}