{"info":{"FIRST_NAME":"Bill","LAST_NAME":"Edwards","WEIGHT":"215","COUNTRY":"USA","SCHOOL":"Wright State","BIRTHDATE":"1971-09-22T00:00:00","HEIGHT":"6-8","TO_YEAR":1993,"DLEAGUE":"N","FROM_YEAR":1993,"TEAM":"PHL","PERSON_ID":76646,"SEASON_EXP":0,"POSITION":"Forward","ROSTERSTATUS":"Active","ALL_STAR":0,"PIE":0,"JERSEY":"40"},"career":{"header":["MIN","FGM","FGA","FG_PCT","FG3M","FG3A","FG3_PCT","FTM","FTA","FT_PCT","OREB","DREB","REB","AST","STL","BLK","TOV","PF","PTS"],"RegularSeason":{"PerGame":[14.7,0.7,6.0,0.111,0.0,1.7,0.0,0.7,1.7,0.4,1.7,3.0,4.7,1.3,1.0,0.3,1.3,2.0,2.0],"GS":0,"GP":3},"PostSeason":{}},"season":{"headerRank":["RANK_PG_MIN","RANK_PG_FGM","RANK_PG_FGA","RANK_FG_PCT","RANK_PG_FG3M","RANK_PG_FG3A","RANK_FG3_PCT","RANK_PG_FTM","RANK_PG_FTA","RANK_FT_PCT","RANK_PG_OREB","RANK_PG_DREB","RANK_PG_REB","RANK_PG_AST","RANK_PG_STL","RANK_PG_BLK","RANK_PG_TOV","RANK_PG_PTS","RANK_PG_EFF"],"headerGame":["PLAYER_ID","GAME_ID","GAME_DATE","TEAM_ABBREVIATION","TEAM_NAME","VS_TEAM_ABBREVIATION","VS_TEAM_NAME","TOV","PTS","FGM","FGA","FG3M","FG3A","PF","BLK","STL","AST","REB"],"RegularSeason":{"1993":{"GameList":{"29300762":[76646,"0029300762","03/05/1994","PHL","76ers","MIA","Heat",2,4,1,11,0,3,3,0,2,1,8],"29300723":[76646,"0029300723","02/26/1994","PHL","76ers","ATL","Hawks",1,2,1,1,0,0,0,0,1,1,2],"29300753":[76646,"0029300753","03/03/1994","PHL","76ers","CLE","Cavaliers",1,0,0,6,0,2,3,1,0,2,4]},"data":[22.0,3,0,14.7,0.7,6.0,0.111,0.0,1.7,0.0,0.7,1.7,0.4,1.7,3.0,4.7,1.3,1.0,0.3,1.3,2.0,2.0],"rank":{"PerGame":[null,null,null,null,null,null,null,null,null,null,null,null,null,null,null,null,null,null,null],"Totals":[379,387,372,null,247,234,null,375,371,null,359,360,362,360,351,341,374,386,389]},"team":"PHL"}},"headerData":["PLAYER_AGE","GP","GS","MIN","FGM","FGA","FG_PCT","FG3M","FG3A","FG3_PCT","FTM","FTA","FT_PCT","OREB","DREB","REB","AST","STL","BLK","TOV","PF","PTS"],"PostSeason":{}}}