{"info":{"FIRST_NAME":"Bill","LAST_NAME":"Buntin","WEIGHT":"250","COUNTRY":"USA","SCHOOL":"Michigan","BIRTHDATE":"1942-05-05T00:00:00","HEIGHT":"6-7","TO_YEAR":1965,"DLEAGUE":"N","FROM_YEAR":1965,"TEAM":"DET","PERSON_ID":76302,"SEASON_EXP":0,"POSITION":"Center","ROSTERSTATUS":"Active","ALL_STAR":0,"PIE":0,"JERSEY":"17"},"career":{"header":["MIN","FGM","FGA","FG_PCT","FG3M","FG3A","FG3_PCT","FTM","FTA","FT_PCT","OREB","DREB","REB","AST","STL","BLK","TOV","PF","PTS"],"RegularSeason":{"PerGame":[17.0,2.8,7.1,0.395,null,null,null,2.1,3.4,0.615,null,null,6.0,0.9,null,null,null,2.8,7.7],"GS":null,"GP":42},"PostSeason":{}},"season":{"headerRank":["RANK_PG_MIN","RANK_PG_FGM","RANK_PG_FGA","RANK_FG_PCT","RANK_PG_FG3M","RANK_PG_FG3A","RANK_FG3_PCT","RANK_PG_FTM","RANK_PG_FTA","RANK_FT_PCT","RANK_PG_OREB","RANK_PG_DREB","RANK_PG_REB","RANK_PG_AST","RANK_PG_STL","RANK_PG_BLK","RANK_PG_TOV","RANK_PG_PTS","RANK_PG_EFF"],"headerGame":["PLAYER_ID","SEASON_YEAR","TOV","PTS","FGM","FG3M","FG3A","PF","BLK","STL","AST","REB"],"RegularSeason":{"1965":{"GameList":{"26500048":[76302,"0026500048","11/09/1965","DET","Pistons","SFW","Warriors",0,2,0,0,0,0,0,0,0,0,0],"26500023":[76302,"0026500023","10/29/1965","DET","Pistons","BOS","Celtics",0,12,0,0,0,0,0,0,0,0,0],"26500087":[76302,"0026500087","11/26/1965","DET","Pistons","BOS","Celtics",0,8,0,0,0,0,0,0,0,0,0],"26500082":[76302,"0026500082","11/24/1965","DET","Pistons","BLT","Bullets",0,9,0,0,0,0,0,0,0,0,0],"26500080":[76302,"0026500080","11/23/1965","DET","Pistons","CIN","Royals",0,9,0,0,0,0,0,0,0,0,0],"26500028":[76302,"0026500028","10/31/1965","DET","Pistons","CIN","Royals",0,17,0,0,0,0,0,0,0,0,0],"26500143":[76302,"0026500143","12/22/1965","DET","Pistons","SFW","Warriors",0,2,0,0,0,0,0,0,0,0,0],"26500027":[76302,"0026500027","10/30/1965","DET","Pistons","STL","Hawks",0,10,0,0,0,0,0,0,0,0,0],"26500339":[76302,"0026500339","03/13/1966","DET","Pistons","SFW","Warriors",0,7,0,0,0,0,0,0,0,0,0],"26500312":[76302,"0026500312","03/02/1966","DET","Pistons","SFW","Warriors",0,3,0,0,0,0,0,0,0,0,0],"26500144":[76302,"0026500144","12/23/1965","DET","Pistons","LAL","Lakers",0,6,0,0,0,0,0,0,0,0,0],"26500060":[76302,"0026500060","11/13/1965","DET","Pistons","BOS","Celtics",0,7,0,0,0,0,0,0,0,0,0],"26500049":[76302,"0026500049","11/10/1965","DET","Pistons","LAL","Lakers",0,13,0,0,0,0,0,0,0,0,0],"26500004":[76302,"0026500004","10/16/1965","DET","Pistons","NYK","Knicks",0,0,0,0,0,0,0,0,0,0,0],"26500065":[76302,"0026500065","11/16/1965","DET","Pistons","NYK","Knicks",0,3,0,0,0,0,0,0,0,0,0],"26500356":[76302,"0026500356","03/20/1966","DET","Pistons","STL","Hawks",0,5,0,0,0,0,0,0,0,0,0],"26500043":[76302,"0026500043","11/06/1965","DET","Pistons","SFW","Warriors",0,2,0,0,0,0,0,0,0,0,0],"26500010":[76302,"0026500010","10/20/1965","DET","Pistons","NYK","Knicks",0,16,0,0,0,0,0,0,0,0,0],"26500040":[76302,"0026500040","11/05/1965","DET","Pistons","CIN","Royals",0,10,0,0,0,0,0,0,0,0,0],"26500297":[76302,"0026500297","02/23/1966","DET","Pistons","NYK","Knicks",0,10,0,0,0,0,0,0,0,0,0],"26500101":[76302,"0026500101","12/01/1965","DET","Pistons","STL","Hawks",0,11,0,0,0,0,0,0,0,0,0],"26500056":[76302,"0026500056","11/12/1965","DET","Pistons","SFW","Warriors",0,7,0,0,0,0,0,0,0,0,0],"26500118":[76302,"0026500118","12/10/1965","DET","Pistons","PHL","76ers",0,0,0,0,0,0,0,0,0,0,0],"26500094":[76302,"0026500094","11/28/1965","DET","Pistons","LAL","Lakers",0,10,0,0,0,0,0,0,0,0,0],"26500323":[76302,"0026500323","03/06/1966","DET","Pistons","CIN","Royals",0,10,0,0,0,0,0,0,0,0,0],"26500105":[76302,"0026500105","12/04/1965","DET","Pistons","BLT","Bullets",0,14,0,0,0,0,0,0,0,0,0],"26500309":[76302,"0026500309","03/01/1966","DET","Pistons","BLT","Bullets",0,4,0,0,0,0,0,0,0,0,0],"26500305":[76302,"0026500305","02/27/1966","DET","Pistons","STL","Hawks",0,2,0,0,0,0,0,0,0,0,0],"26500034":[76302,"0026500034","11/03/1965","DET","Pistons","PHL","76ers",0,7,0,0,0,0,0,0,0,0,0],"26500015":[76302,"0026500015","10/23/1965","DET","Pistons","PHL","76ers",0,14,0,0,0,0,0,0,0,0,0],"26500113":[76302,"0026500113","12/08/1965","DET","Pistons","SFW","Warriors",0,5,0,0,0,0,0,0,0,0,0],"26500138":[76302,"0026500138","12/18/1965","DET","Pistons","BLT","Bullets",0,7,0,0,0,0,0,0,0,0,0],"26500344":[76302,"0026500344","03/15/1966","DET","Pistons","LAL","Lakers",0,10,0,0,0,0,0,0,0,0,0],"26500288":[76302,"0026500288","02/20/1966","DET","Pistons","CIN","Royals",0,7,0,0,0,0,0,0,0,0,0],"26500316":[76302,"0026500316","03/04/1966","DET","Pistons","NYK","Knicks",0,2,0,0,0,0,0,0,0,0,0],"26500349":[76302,"0026500349","03/17/1966","DET","Pistons","BOS","Celtics",0,6,0,0,0,0,0,0,0,0,0],"26500075":[76302,"0026500075","11/20/1965","DET","Pistons","STL","Hawks",0,6,0,0,0,0,0,0,0,0,0],"26500018":[76302,"0026500018","10/26/1965","DET","Pistons","BLT","Bullets",0,12,0,0,0,0,0,0,0,0,0],"26500019":[76302,"0026500019","10/27/1965","DET","Pistons","BLT","Bullets",0,25,0,0,0,0,0,0,0,0,0],"26500070":[76302,"0026500070","11/19/1965","DET","Pistons","NYK","Knicks",0,12,0,0,0,0,0,0,0,0,0],"26500134":[76302,"0026500134","12/17/1965","DET","Pistons","BOS","Celtics",0,2,0,0,0,0,0,0,0,0,0]},"data":[24.0,42,null,17.0,2.8,7.1,0.395,null,null,null,2.1,3.4,0.615,null,null,6.0,0.9,null,null,null,2.8,7.7],"rank":{"PerGame":[null,null,null,null,null,null,null,null,null,null,null,null,null,null,null,null,null,null,null],"Totals":[86,83,81,null,null,null,null,70,66,null,null,null,64,87,null,null,null,81,1]},"team":"DET"}},"headerData":["PLAYER_AGE","GP","GS","MIN","FGM","FGA","FG_PCT","FG3M","FG3A","FG3_PCT","FTM","FTA","FT_PCT","OREB","DREB","REB","AST","STL","BLK","TOV","PF","PTS"],"PostSeason":{}}}