{"info":{"FIRST_NAME":"Billyray","LAST_NAME":"Bates","WEIGHT":"210","COUNTRY":"USA","SCHOOL":"Kentucky State","BIRTHDATE":"1956-05-31T00:00:00","HEIGHT":"6-4","TO_YEAR":1982,"DLEAGUE":"N","FROM_YEAR":1979,"TEAM":"LAL","PERSON_ID":76121,"SEASON_EXP":3,"POSITION":"Guard","ROSTERSTATUS":"Active","ALL_STAR":0,"PIE":0,"JERSEY":"35"},"career":{"header":["MIN","FGM","FGA","FG_PCT","FG3M","FG3A","FG3_PCT","FTM","FTA","FT_PCT","OREB","DREB","REB","AST","STL","BLK","TOV","PF","PTS"],"RegularSeason":{"PerGame":[17.8,4.8,10.1,0.474,0.2,0.6,0.303,2.0,2.5,0.796,0.8,0.9,1.7,1.9,0.8,0.1,1.5,1.4,11.7],"GS":7,"GP":187},"PostSeason":{"PerGame":[36.5,11.0,20.2,0.545,0.5,1.3,0.375,4.2,5.2,0.806,0.8,2.0,2.8,4.2,1.7,0.3,4.3,4.0,26.7],"GS":null,"GP":6}},"season":{"headerRank":["RANK_PG_MIN","RANK_PG_FGM","RANK_PG_FGA","RANK_FG_PCT","RANK_PG_FG3M","RANK_PG_FG3A","RANK_FG3_PCT","RANK_PG_FTM","RANK_PG_FTA","RANK_FT_PCT","RANK_PG_OREB","RANK_PG_DREB","RANK_PG_REB","RANK_PG_AST","RANK_PG_STL","RANK_PG_BLK","RANK_PG_TOV","RANK_PG_PTS","RANK_PG_EFF"],"headerGame":["PLAYER_ID","SEASON_YEAR","TOV","PTS","FGM","FG3M","FG3A","PF","BLK","STL","AST","REB"],"RegularSeason":{"1982":{"GameList":{"28200063":[76121,"0028200063","11/09/1982","WAS","Bullets","DET","Pistons",0,17,0,0,0,0,0,0,0,0,0],"28200150":[76121,"0028200150","11/24/1982","WAS","Bullets","PHX","Suns",0,0,0,0,0,0,0,0,0,0,0],"28200917":[76121,"0028200917","04/13/1983","LAL","Lakers","SAN","Spurs",0,0,0,0,0,0,0,0,0,0,0],"28200003":[76121,"0028200003","10/29/1982","WAS","Bullets","IND","Pacers",0,4,0,0,0,0,0,0,0,0,0],"28200166":[76121,"0028200166","11/27/1982","WAS","Bullets","POR","Trail Blazers",0,2,0,0,0,0,0,0,0,0,0],"28200046":[76121,"0028200046","11/05/1982","WAS","Bullets","BOS","Celtics",0,15,0,0,0,0,0,0,0,0,0],"28200054":[76121,"0028200054","11/06/1982","WAS","Bullets","IND","Pacers",0,14,0,0,0,0,0,0,0,0,0],"28200084":[76121,"0028200084","11/12/1982","WAS","Bullets","NYK","Knicks",0,14,0,0,0,0,0,0,0,0,0],"28200099":[76121,"0028200099","11/14/1982","WAS","Bullets","PHL","76ers",0,8,0,0,0,0,0,0,0,0,0],"28200160":[76121,"0028200160","11/26/1982","WAS","Bullets","IND","Pacers",0,2,0,0,0,0,0,0,0,0,0],"28200130":[76121,"0028200130","11/20/1982","WAS","Bullets","SDC","Clippers",0,6,0,0,0,0,0,0,0,0,0],"28200121":[76121,"0028200121","11/19/1982","WAS","Bullets","LAL","Lakers",0,6,0,0,0,0,0,0,0,0,0],"28200115":[76121,"0028200115","11/17/1982","WAS","Bullets","SAN","Spurs",0,14,0,0,0,0,0,0,0,0,0],"28200017":[76121,"0028200017","10/30/1982","WAS","Bullets","CHI","Bulls",0,10,0,0,0,0,0,0,0,0,0],"28200030":[76121,"0028200030","11/03/1982","WAS","Bullets","NJN","Nets",0,2,0,0,0,0,0,0,0,0,0],"28200025":[76121,"0028200025","11/02/1982","WAS","Bullets","ATL","Hawks",0,4,0,0,0,0,0,0,0,0,0],"28200903":[76121,"0028200903","04/12/1983","LAL","Lakers","HOU","Rockets",0,3,0,0,0,0,0,0,0,0,0],"28200926":[76121,"0028200926","04/15/1983","LAL","Lakers","SEA","SuperSonics",0,2,0,0,0,0,0,0,0,0,0]},"data":[27.0,15,3,18.5,3.5,8.6,0.411,0.1,0.3,0.4,0.7,1.3,0.5,0.7,0.5,1.2,0.9,0.9,0.2,0.8,1.2,7.9],"rank":{"PerGame":[null,null,null,null,null,null,null,null,null,null,null,null,null,null,null,null,null,null,null],"Totals":[273,258,253,null,87,145,null,280,273,null,281,298,289,279,255,256,285,259,283]},"team":"TOT"},"1979":{"GameList":{"27900886":[76121,"0027900886","03/28/1980","POR","Trail Blazers","PHX","Suns",0,20,0,0,0,0,0,0,0,0,0],"27900730":[76121,"0027900730","02/29/1980","POR","Trail Blazers","UTH","Jazz",0,13,0,0,0,0,0,0,0,0,0],"27900880":[76121,"0027900880","03/27/1980","POR","Trail Blazers","SDC","Clippers",0,2,0,0,0,0,0,0,0,0,0],"27900857":[76121,"0027900857","03/23/1980","POR","Trail Blazers","SDC","Clippers",0,11,0,0,0,0,0,0,0,0,0],"27900846":[76121,"0027900846","03/21/1980","POR","Trail Blazers","PHX","Suns",0,16,0,0,0,0,0,0,0,0,0],"27900801":[76121,"0027900801","03/14/1980","POR","Trail Blazers","MIL","Bucks",0,14,0,0,0,0,0,0,0,0,0],"27900793":[76121,"0027900793","03/12/1980","POR","Trail Blazers","LAL","Lakers",0,2,0,0,0,0,0,0,0,0,0],"27900822":[76121,"0027900822","03/18/1980","POR","Trail Blazers","MIL","Bucks",0,20,0,0,0,0,0,0,0,0,0],"27900779":[76121,"0027900779","03/09/1980","POR","Trail Blazers","LAL","Lakers",0,0,0,0,0,0,0,0,0,0,0],"27900863":[76121,"0027900863","03/25/1980","POR","Trail Blazers","KCK","Kings",0,8,0,0,0,0,0,0,0,0,0],"27900807":[76121,"0027900807","03/15/1980","POR","Trail Blazers","CHI","Bulls",0,26,0,0,0,0,0,0,0,0,0],"27900893":[76121,"0027900893","03/30/1980","POR","Trail Blazers","SEA","SuperSonics",0,16,0,0,0,0,0,0,0,0,0],"27900759":[76121,"0027900759","03/06/1980","POR","Trail Blazers","UTH","Jazz",0,6,0,0,0,0,0,0,0,0,0],"27900748":[76121,"0027900748","03/04/1980","POR","Trail Blazers","SEA","SuperSonics",0,2,0,0,0,0,0,0,0,0,0],"27900696":[76121,"0027900696","02/23/1980","POR","Trail Blazers","DET","Pistons",0,2,0,0,0,0,0,0,0,0,0],"27900836":[76121,"0027900836","03/19/1980","POR","Trail Blazers","GOS","Warriors",0,22,0,0,0,0,0,0,0,0,0]},"data":[24.0,16,0,14.7,4.5,9.1,0.493,0.5,1.2,0.421,1.8,2.4,0.718,0.8,1.0,1.8,1.9,0.9,0.1,1.3,1.6,11.3],"rank":{"PerGame":[null,null,null,null,null,null,null,null,null,null,null,null,null,null,null,null,null,null,null],"Totals":[251,227,233,null,41,66,null,232,237,null,250,257,254,235,231,255,247,229,242]},"team":"POR"},"1980":{"GameList":{"28000473":[76121,"0028000473","01/04/1981","POR","Trail Blazers","BOS","Celtics",0,13,0,0,0,0,0,0,0,0,0],"28000249":[76121,"0028000249","11/25/1980","POR","Trail Blazers","ATL","Hawks",0,10,0,0,0,0,0,0,0,0,0],"28000325":[76121,"0028000325","12/07/1980","POR","Trail Blazers","SAN","Spurs",0,21,0,0,0,0,0,0,0,0,0],"28000617":[76121,"0028000617","01/29/1981","POR","Trail Blazers","SDC","Clippers",0,16,0,0,0,0,0,0,0,0,0],"28000201":[76121,"0028000201","11/15/1980","POR","Trail Blazers","DEN","Nuggets",0,0,0,0,0,0,0,0,0,0,0],"28000527":[76121,"0028000527","01/14/1981","POR","Trail Blazers","KCK","Kings",0,10,0,0,0,0,0,0,0,0,0],"28000269":[76121,"0028000269","11/28/1980","POR","Trail Blazers","PHL","76ers",0,8,0,0,0,0,0,0,0,0,0],"28000855":[76121,"0028000855","03/15/1981","POR","Trail Blazers","DAL","Mavericks",0,35,0,0,0,0,0,0,0,0,0],"28000479":[76121,"0028000479","01/06/1981","POR","Trail Blazers","DET","Pistons",0,15,0,0,0,0,0,0,0,0,0],"28000209":[76121,"0028000209","11/16/1980","POR","Trail Blazers","PHX","Suns",0,4,0,0,0,0,0,0,0,0,0],"28000718":[76121,"0028000718","02/19/1981","POR","Trail Blazers","DET","Pistons",0,24,0,0,0,0,0,0,0,0,0],"28000328":[76121,"0028000328","12/09/1980","POR","Trail Blazers","SEA","SuperSonics",0,6,0,0,0,0,0,0,0,0,0],"28000699":[76121,"0028000699","02/15/1981","POR","Trail Blazers","UTH","Jazz",0,25,0,0,0,0,0,0,0,0,0],"28000812":[76121,"0028000812","03/08/1981","POR","Trail Blazers","GOS","Warriors",0,11,0,0,0,0,0,0,0,0,0],"28000911":[76121,"0028000911","03/25/1981","POR","Trail Blazers","SEA","SuperSonics",0,24,0,0,0,0,0,0,0,0,0],"28000559":[76121,"0028000559","01/20/1981","POR","Trail Blazers","CLE","Cavaliers",0,15,0,0,0,0,0,0,0,0,0],"28000796":[76121,"0028000796","03/05/1981","POR","Trail Blazers","KCK","Kings",0,4,0,0,0,0,0,0,0,0,0],"28000550":[76121,"0028000550","01/18/1981","POR","Trail Blazers","MIL","Bucks",0,0,0,0,0,0,0,0,0,0,0],"28000941":[76121,"0028000941","03/29/1981","POR","Trail Blazers","SDC","Clippers",0,40,0,0,0,0,0,0,0,0,0],"28000363":[76121,"0028000363","12/14/1980","POR","Trail Blazers","PHX","Suns",0,15,0,0,0,0,0,0,0,0,0],"28000274":[76121,"0028000274","11/29/1980","POR","Trail Blazers","NYK","Knicks",0,18,0,0,0,0,0,0,0,0,0],"28000347":[76121,"0028000347","12/12/1980","POR","Trail Blazers","HOU","Rockets",0,18,0,0,0,0,0,0,0,0,0],"28000539":[76121,"0028000539","01/16/1981","POR","Trail Blazers","CHI","Bulls",0,14,0,0,0,0,0,0,0,0,0],"28000021":[76121,"0028000021","10/12/1980","POR","Trail Blazers","SEA","SuperSonics",0,18,0,0,0,0,0,0,0,0,0],"28000658":[76121,"0028000658","02/08/1981","POR","Trail Blazers","KCK","Kings",0,16,0,0,0,0,0,0,0,0,0],"28000076":[76121,"0028000076","10/24/1980","POR","Trail Blazers","DAL","Mavericks",0,12,0,0,0,0,0,0,0,0,0],"28000881":[76121,"0028000881","03/20/1981","POR","Trail Blazers","HOU","Rockets",0,21,0,0,0,0,0,0,0,0,0],"28000110":[76121,"0028000110","10/29/1980","POR","Trail Blazers","KCK","Kings",0,4,0,0,0,0,0,0,0,0,0],"28000592":[76121,"0028000592","01/25/1981","POR","Trail Blazers","SAN","Spurs",0,13,0,0,0,0,0,0,0,0,0],"28000290":[76121,"0028000290","12/02/1980","POR","Trail Blazers","NJN","Nets",0,26,0,0,0,0,0,0,0,0,0],"28000503":[76121,"0028000503","01/10/1981","POR","Trail Blazers","HOU","Rockets",0,6,0,0,0,0,0,0,0,0,0],"28000210":[76121,"0028000210","11/18/1980","POR","Trail Blazers","DEN","Nuggets",0,9,0,0,0,0,0,0,0,0,0],"28000401":[76121,"0028000401","12/20/1980","POR","Trail Blazers","ATL","Hawks",0,28,0,0,0,0,0,0,0,0,0],"28000596":[76121,"0028000596","01/26/1981","POR","Trail Blazers","LAL","Lakers",0,21,0,0,0,0,0,0,0,0,0],"28000405":[76121,"0028000405","12/21/1980","POR","Trail Blazers","PHX","Suns",0,22,0,0,0,0,0,0,0,0,0],"28000644":[76121,"0028000644","02/06/1981","POR","Trail Blazers","SAN","Spurs",0,10,0,0,0,0,0,0,0,0,0],"28000426":[76121,"0028000426","12/26/1980","POR","Trail Blazers","SEA","SuperSonics",0,13,0,0,0,0,0,0,0,0,0],"28000707":[76121,"0028000707","02/17/1981","POR","Trail Blazers","WAS","Bullets",0,11,0,0,0,0,0,0,0,0,0],"28000096":[76121,"0028000096","10/28/1980","POR","Trail Blazers","SAN","Spurs",0,13,0,0,0,0,0,0,0,0,0],"28000624":[76121,"0028000624","02/03/1981","POR","Trail Blazers","WAS","Bullets",0,24,0,0,0,0,0,0,0,0,0],"28000727":[76121,"0028000727","02/20/1981","POR","Trail Blazers","NJN","Nets",0,21,0,0,0,0,0,0,0,0,0],"28000094":[76121,"0028000094","10/26/1980","POR","Trail Blazers","SEA","SuperSonics",0,7,0,0,0,0,0,0,0,0,0],"28000193":[76121,"0028000193","11/14/1980","POR","Trail Blazers","DAL","Mavericks",0,0,0,0,0,0,0,0,0,0,0],"28000842":[76121,"0028000842","03/13/1981","POR","Trail Blazers","HOU","Rockets",0,8,0,0,0,0,0,0,0,0,0],"28000469":[76121,"0028000469","01/03/1981","POR","Trail Blazers","UTH","Jazz",0,11,0,0,0,0,0,0,0,0,0],"28000251":[76121,"0028000251","11/26/1980","POR","Trail Blazers","BOS","Celtics",0,15,0,0,0,0,0,0,0,0,0],"28000926":[76121,"0028000926","03/27/1981","POR","Trail Blazers","DAL","Mavericks",0,24,0,0,0,0,0,0,0,0,0],"28000028":[76121,"0028000028","10/15/1980","POR","Trail Blazers","GOS","Warriors",0,9,0,0,0,0,0,0,0,0,0],"28000375":[76121,"0028000375","12/17/1980","POR","Trail Blazers","GOS","Warriors",0,19,0,0,0,0,0,0,0,0,0],"28000889":[76121,"0028000889","03/21/1981","POR","Trail Blazers","LAL","Lakers",0,17,0,0,0,0,0,0,0,0,0],"28000688":[76121,"0028000688","02/13/1981","POR","Trail Blazers","DEN","Nuggets",0,23,0,0,0,0,0,0,0,0,0],"28000312":[76121,"0028000312","12/05/1980","POR","Trail Blazers","CHI","Bulls",0,27,0,0,0,0,0,0,0,0,0],"28000008":[76121,"0028000008","10/10/1980","POR","Trail Blazers","UTH","Jazz",0,10,0,0,0,0,0,0,0,0,0],"28000246":[76121,"0028000246","11/23/1980","POR","Trail Blazers","DAL","Mavericks",0,8,0,0,0,0,0,0,0,0,0],"28000806":[76121,"0028000806","03/06/1981","POR","Trail Blazers","PHX","Suns",0,13,0,0,0,0,0,0,0,0,0],"28000822":[76121,"0028000822","03/10/1981","POR","Trail Blazers","DEN","Nuggets",0,0,0,0,0,0,0,0,0,0,0],"28000449":[76121,"0028000449","12/30/1980","POR","Trail Blazers","PHL","76ers",0,6,0,0,0,0,0,0,0,0,0],"28000492":[76121,"0028000492","01/09/1981","POR","Trail Blazers","SAN","Spurs",0,7,0,0,0,0,0,0,0,0,0],"28000226":[76121,"0028000226","11/20/1980","POR","Trail Blazers","MIL","Bucks",0,5,0,0,0,0,0,0,0,0,0],"28000042":[76121,"0028000042","10/17/1980","POR","Trail Blazers","HOU","Rockets",0,14,0,0,0,0,0,0,0,0,0],"28000864":[76121,"0028000864","03/17/1981","POR","Trail Blazers","SDC","Clippers",0,13,0,0,0,0,0,0,0,0,0],"28000387":[76121,"0028000387","12/19/1980","POR","Trail Blazers","LAL","Lakers",0,18,0,0,0,0,0,0,0,0,0],"28000064":[76121,"0028000064","10/21/1980","POR","Trail Blazers","LAL","Lakers",0,13,0,0,0,0,0,0,0,0,0],"28000742":[76121,"0028000742","02/22/1981","POR","Trail Blazers","IND","Pacers",0,7,0,0,0,0,0,0,0,0,0],"28000770":[76121,"0028000770","03/01/1981","POR","Trail Blazers","UTH","Jazz",0,9,0,0,0,0,0,0,0,0,0],"28000128":[76121,"0028000128","11/01/1980","POR","Trail Blazers","UTH","Jazz",0,2,0,0,0,0,0,0,0,0,0],"28000415":[76121,"0028000415","12/23/1980","POR","Trail Blazers","LAL","Lakers",0,3,0,0,0,0,0,0,0,0,0],"28000746":[76121,"0028000746","02/24/1981","POR","Trail Blazers","SDC","Clippers",0,23,0,0,0,0,0,0,0,0,0],"28000417":[76121,"0028000417","12/25/1980","POR","Trail Blazers","GOS","Warriors",0,8,0,0,0,0,0,0,0,0,0],"28000574":[76121,"0028000574","01/23/1981","POR","Trail Blazers","NYK","Knicks",0,27,0,0,0,0,0,0,0,0,0],"28000779":[76121,"0028000779","03/03/1981","POR","Trail Blazers","IND","Pacers",0,9,0,0,0,0,0,0,0,0,0],"28000451":[76121,"0028000451","01/01/1981","POR","Trail Blazers","DEN","Nuggets",0,18,0,0,0,0,0,0,0,0,0],"28000760":[76121,"0028000760","02/27/1981","POR","Trail Blazers","PHX","Suns",0,11,0,0,0,0,0,0,0,0,0],"28000635":[76121,"0028000635","02/04/1981","POR","Trail Blazers","GOS","Warriors",0,13,0,0,0,0,0,0,0,0,0],"28000678":[76121,"0028000678","02/12/1981","POR","Trail Blazers","SEA","SuperSonics",0,12,0,0,0,0,0,0,0,0,0],"28000303":[76121,"0028000303","12/04/1980","POR","Trail Blazers","SDC","Clippers",0,15,0,0,0,0,0,0,0,0,0],"28000902":[76121,"0028000902","03/24/1981","POR","Trail Blazers","PHX","Suns",0,4,0,0,0,0,0,0,0,0,0]},"data":[25.0,77,4,20.3,5.7,11.7,0.487,0.2,0.7,0.259,2.2,2.6,0.854,0.9,1.1,2.0,2.5,1.1,0.1,1.9,1.6,13.8],"rank":{"PerGame":[139,61,56,74,14,14,null,84,99,10,129,152,147,86,70,164,98,68,116],"Totals":[159,67,62,74,18,16,null,99,117,10,161,196,180,101,80,220,108,77,124]},"team":"POR"},"1981":{"GameList":{"28100492":[76121,"0028100492","02/02/1982","POR","Trail Blazers","KCK","Kings",0,12,0,0,0,0,0,0,0,0,0],"28100864":[76121,"0028100864","04/06/1982","POR","Trail Blazers","DEN","Nuggets",0,24,0,0,0,0,0,0,0,0,0],"28100096":[76121,"0028100096","11/15/1981","POR","Trail Blazers","SAN","Spurs",0,15,0,0,0,0,0,0,0,0,0],"28100942":[76121,"0028100942","04/18/1982","POR","Trail Blazers","SEA","SuperSonics",0,16,0,0,0,0,0,0,0,0,0],"28100635":[76121,"0028100635","02/26/1982","POR","Trail Blazers","NJN","Nets",0,13,0,0,0,0,0,0,0,0,0],"28100900":[76121,"0028100900","04/13/1982","POR","Trail Blazers","SEA","SuperSonics",0,14,0,0,0,0,0,0,0,0,0],"28100386":[76121,"0028100386","01/10/1982","POR","Trail Blazers","HOU","Rockets",0,15,0,0,0,0,0,0,0,0,0],"28100821":[76121,"0028100821","03/30/1982","POR","Trail Blazers","KCK","Kings",0,2,0,0,0,0,0,0,0,0,0],"28100639":[76121,"0028100639","02/27/1982","POR","Trail Blazers","NYK","Knicks",0,10,0,0,0,0,0,0,0,0,0],"28100922":[76121,"0028100922","04/16/1982","POR","Trail Blazers","PHX","Suns",0,8,0,0,0,0,0,0,0,0,0],"28100758":[76121,"0028100758","03/19/1982","POR","Trail Blazers","UTH","Jazz",0,4,0,0,0,0,0,0,0,0,0],"28100717":[76121,"0028100717","03/12/1982","POR","Trail Blazers","SAN","Spurs",0,17,0,0,0,0,0,0,0,0,0],"28100613":[76121,"0028100613","02/23/1982","POR","Trail Blazers","CHI","Bulls",0,18,0,0,0,0,0,0,0,0,0],"28100652":[76121,"0028100652","03/02/1982","POR","Trail Blazers","PHX","Suns",0,7,0,0,0,0,0,0,0,0,0],"28100737":[76121,"0028100737","03/16/1982","POR","Trail Blazers","LAL","Lakers",0,8,0,0,0,0,0,0,0,0,0],"28100167":[76121,"0028100167","11/29/1981","POR","Trail Blazers","CHI","Bulls",0,4,0,0,0,0,0,0,0,0,0],"28100674":[76121,"0028100674","03/05/1982","POR","Trail Blazers","CLE","Cavaliers",0,22,0,0,0,0,0,0,0,0,0],"28100146":[76121,"0028100146","11/25/1981","POR","Trail Blazers","SEA","SuperSonics",0,0,0,0,0,0,0,0,0,0,0],"28100002":[76121,"0028100002","10/30/1981","POR","Trail Blazers","PHX","Suns",0,6,0,0,0,0,0,0,0,0,0],"28100531":[76121,"0028100531","02/07/1982","POR","Trail Blazers","NYK","Knicks",0,10,0,0,0,0,0,0,0,0,0],"28100077":[76121,"0028100077","11/12/1981","POR","Trail Blazers","SDC","Clippers",0,8,0,0,0,0,0,0,0,0,0],"28100347":[76121,"0028100347","01/03/1982","POR","Trail Blazers","KCK","Kings",0,4,0,0,0,0,0,0,0,0,0],"28100573":[76121,"0028100573","02/16/1982","POR","Trail Blazers","WAS","Bullets",0,9,0,0,0,0,0,0,0,0,0],"28100406":[76121,"0028100406","01/14/1982","POR","Trail Blazers","HOU","Rockets",0,6,0,0,0,0,0,0,0,0,0],"28100430":[76121,"0028100430","01/19/1982","POR","Trail Blazers","ATL","Hawks",0,22,0,0,0,0,0,0,0,0,0],"28100252":[76121,"0028100252","12/15/1981","POR","Trail Blazers","SDC","Clippers",0,14,0,0,0,0,0,0,0,0,0],"28100024":[76121,"0028100024","11/03/1981","POR","Trail Blazers","LAL","Lakers",0,2,0,0,0,0,0,0,0,0,0],"28100551":[76121,"0028100551","02/11/1982","POR","Trail Blazers","MIL","Bucks",0,4,0,0,0,0,0,0,0,0,0],"28100438":[76121,"0028100438","01/20/1982","POR","Trail Blazers","PHL","76ers",0,14,0,0,0,0,0,0,0,0,0],"28100450":[76121,"0028100450","01/22/1982","POR","Trail Blazers","WAS","Bullets",0,10,0,0,0,0,0,0,0,0,0],"28100281":[76121,"0028100281","12/19/1981","POR","Trail Blazers","DAL","Mavericks",0,6,0,0,0,0,0,0,0,0,0],"28100080":[76121,"0028100080","11/13/1981","POR","Trail Blazers","LAL","Lakers",0,13,0,0,0,0,0,0,0,0,0],"28100895":[76121,"0028100895","04/11/1982","POR","Trail Blazers","GOS","Warriors",0,12,0,0,0,0,0,0,0,0,0],"28100568":[76121,"0028100568","02/14/1982","POR","Trail Blazers","IND","Pacers",0,4,0,0,0,0,0,0,0,0,0],"28100180":[76121,"0028100180","12/02/1981","POR","Trail Blazers","KCK","Kings",0,4,0,0,0,0,0,0,0,0,0],"28100795":[76121,"0028100795","03/26/1982","POR","Trail Blazers","GOS","Warriors",0,7,0,0,0,0,0,0,0,0,0],"28100855":[76121,"0028100855","04/04/1982","POR","Trail Blazers","LAL","Lakers",0,18,0,0,0,0,0,0,0,0,0],"28100484":[76121,"0028100484","01/28/1982","POR","Trail Blazers","SDC","Clippers",0,6,0,0,0,0,0,0,0,0,0],"28100919":[76121,"0028100919","04/15/1982","POR","Trail Blazers","SDC","Clippers",0,27,0,0,0,0,0,0,0,0,0],"28100621":[76121,"0028100621","02/24/1982","POR","Trail Blazers","KCK","Kings",0,0,0,0,0,0,0,0,0,0,0],"28100873":[76121,"0028100873","04/08/1982","POR","Trail Blazers","PHX","Suns",0,16,0,0,0,0,0,0,0,0,0],"28100607":[76121,"0028100607","02/21/1982","POR","Trail Blazers","ATL","Hawks",0,15,0,0,0,0,0,0,0,0,0],"28100748":[76121,"0028100748","03/18/1982","POR","Trail Blazers","GOS","Warriors",0,13,0,0,0,0,0,0,0,0,0],"28100833":[76121,"0028100833","04/01/1982","POR","Trail Blazers","SAN","Spurs",0,8,0,0,0,0,0,0,0,0,0],"28100812":[76121,"0028100812","03/28/1982","POR","Trail Blazers","SEA","SuperSonics",0,6,0,0,0,0,0,0,0,0,0],"28100879":[76121,"0028100879","04/09/1982","POR","Trail Blazers","SDC","Clippers",0,22,0,0,0,0,0,0,0,0,0],"28100772":[76121,"0028100772","03/21/1982","POR","Trail Blazers","DAL","Mavericks",0,11,0,0,0,0,0,0,0,0,0],"28100707":[76121,"0028100707","03/10/1982","POR","Trail Blazers","DAL","Mavericks",0,23,0,0,0,0,0,0,0,0,0],"28100722":[76121,"0028100722","03/13/1982","POR","Trail Blazers","HOU","Rockets",0,10,0,0,0,0,0,0,0,0,0],"28100020":[76121,"0028100020","11/01/1981","POR","Trail Blazers","SEA","SuperSonics",0,12,0,0,0,0,0,0,0,0,0],"28100590":[76121,"0028100590","02/19/1982","POR","Trail Blazers","BOS","Celtics",0,13,0,0,0,0,0,0,0,0,0],"28100170":[76121,"0028100170","12/01/1981","POR","Trail Blazers","DEN","Nuggets",0,4,0,0,0,0,0,0,0,0,0],"28100351":[76121,"0028100351","01/05/1982","POR","Trail Blazers","SAN","Spurs",0,25,0,0,0,0,0,0,0,0,0],"28100513":[76121,"0028100513","02/05/1982","POR","Trail Blazers","UTH","Jazz",0,29,0,0,0,0,0,0,0,0,0],"28100059":[76121,"0028100059","11/10/1981","POR","Trail Blazers","DAL","Mavericks",0,14,0,0,0,0,0,0,0,0,0],"28100331":[76121,"0028100331","12/30/1981","POR","Trail Blazers","PHX","Suns",0,10,0,0,0,0,0,0,0,0,0],"28100116":[76121,"0028100116","11/20/1981","POR","Trail Blazers","NJN","Nets",0,20,0,0,0,0,0,0,0,0,0],"28100504":[76121,"0028100504","02/03/1982","POR","Trail Blazers","UTH","Jazz",0,13,0,0,0,0,0,0,0,0,0],"28100684":[76121,"0028100684","03/07/1982","POR","Trail Blazers","GOS","Warriors",0,13,0,0,0,0,0,0,0,0,0],"28100243":[76121,"0028100243","12/13/1981","POR","Trail Blazers","DET","Pistons",0,4,0,0,0,0,0,0,0,0,0],"28100422":[76121,"0028100422","01/16/1982","POR","Trail Blazers","DAL","Mavericks",0,15,0,0,0,0,0,0,0,0,0],"28100334":[76121,"0028100334","01/01/1982","POR","Trail Blazers","PHL","76ers",0,14,0,0,0,0,0,0,0,0,0],"28100789":[76121,"0028100789","03/25/1982","POR","Trail Blazers","HOU","Rockets",0,11,0,0,0,0,0,0,0,0,0],"28100540":[76121,"0028100540","02/10/1982","POR","Trail Blazers","CLE","Cavaliers",0,2,0,0,0,0,0,0,0,0,0],"28100200":[76121,"0028100200","12/05/1981","POR","Trail Blazers","HOU","Rockets",0,0,0,0,0,0,0,0,0,0,0],"28100034":[76121,"0028100034","11/04/1981","POR","Trail Blazers","GOS","Warriors",0,7,0,0,0,0,0,0,0,0,0],"28100467":[76121,"0028100467","01/24/1982","POR","Trail Blazers","BOS","Celtics",0,26,0,0,0,0,0,0,0,0,0],"28100206":[76121,"0028100206","12/08/1981","POR","Trail Blazers","GOS","Warriors",0,2,0,0,0,0,0,0,0,0,0],"28100777":[76121,"0028100777","03/23/1982","POR","Trail Blazers","MIL","Bucks",0,2,0,0,0,0,0,0,0,0,0],"28100392":[76121,"0028100392","01/12/1982","POR","Trail Blazers","IND","Pacers",0,12,0,0,0,0,0,0,0,0,0],"28100056":[76121,"0028100056","11/08/1981","POR","Trail Blazers","DEN","Nuggets",0,16,0,0,0,0,0,0,0,0,0],"28100193":[76121,"0028100193","12/04/1981","POR","Trail Blazers","SAN","Spurs",0,7,0,0,0,0,0,0,0,0,0],"28100148":[76121,"0028100148","11/27/1981","POR","Trail Blazers","UTH","Jazz",0,2,0,0,0,0,0,0,0,0,0],"28100840":[76121,"0028100840","04/02/1982","POR","Trail Blazers","DEN","Nuggets",0,11,0,0,0,0,0,0,0,0,0],"28100040":[76121,"0028100040","11/06/1981","POR","Trail Blazers","UTH","Jazz",0,9,0,0,0,0,0,0,0,0,0]},"data":[26.0,75,0,16.4,4.4,9.2,0.473,0.2,0.5,0.293,2.2,2.8,0.787,0.7,0.7,1.4,1.5,0.5,0.1,1.2,1.3,11.1],"rank":{"PerGame":[160,92,85,94,18,21,null,77,80,51,140,171,168,122,136,162,143,87,151],"Totals":[176,110,101,94,25,29,null,92,101,51,186,231,220,153,163,233,163,106,170]},"team":"POR"}},"headerData":["PLAYER_AGE","GP","GS","MIN","FGM","FGA","FG_PCT","FG3M","FG3A","FG3_PCT","FTM","FTA","FT_PCT","OREB","DREB","REB","AST","STL","BLK","TOV","PF","PTS"],"PostSeason":{"1979":{"GameList":{"47900010":[76121,"0047900010","04/06/1980","POR","Trail Blazers","SEA","SuperSonics",0,26,0,0,0,0,0,0,0,0,0],"47900004":[76121,"0047900004","04/02/1980","POR","Trail Blazers","SEA","SuperSonics",0,29,0,0,0,0,0,0,0,0,0],"47900007":[76121,"0047900007","04/04/1980","POR","Trail Blazers","SEA","SuperSonics",0,20,0,0,0,0,0,0,0,0,0]},"data":[24.0,3,null,34.7,10.3,19.7,0.525,0.7,2.3,0.286,3.7,4.7,0.786,0.7,2.7,3.3,4.0,1.7,0.3,5.0,4.3,25.0],"rank":{"PerGame":[33,4,8,15,6,5,null,16,16,36,78,49,62,23,12,44,1,4,19],"Totals":[72,40,48,15,11,15,null,48,50,36,88,79,85,52,49,62,31,41,57]},"team":"POR"},"1980":{"GameList":{"48000004":[76121,"0048000004","04/01/1981","POR","Trail Blazers","KCK","Kings",0,25,0,0,0,0,0,0,0,0,0],"48000007":[76121,"0048000007","04/03/1981","POR","Trail Blazers","KCK","Kings",0,26,0,0,0,0,0,0,0,0,0],"48000011":[76121,"0048000011","04/05/1981","POR","Trail Blazers","KCK","Kings",0,34,0,0,0,0,0,0,0,0,0]},"data":[25.0,3,null,38.3,11.7,20.7,0.565,0.3,0.3,1.0,4.7,5.7,0.824,1.0,1.3,2.3,4.3,1.7,0.3,3.7,3.7,28.3],"rank":{"PerGame":[20,1,4,9,7,25,null,11,17,13,64,84,80,18,17,52,4,1,10],"Totals":[72,37,48,9,10,35,null,47,50,13,88,97,99,53,49,58,49,42,58]},"team":"POR"}}}}