{"info":{"FIRST_NAME":"Bill","LAST_NAME":"Mayfield","WEIGHT":"205","COUNTRY":"USA","SCHOOL":"Iowa","BIRTHDATE":"1957-10-17T00:00:00","HEIGHT":"6-7","TO_YEAR":1980,"DLEAGUE":"N","FROM_YEAR":1980,"TEAM":"GOS","PERSON_ID":77495,"SEASON_EXP":0,"POSITION":"Forward","ROSTERSTATUS":"Active","ALL_STAR":0,"PIE":0,"JERSEY":"36"},"career":{"header":["MIN","FGM","FGA","FG_PCT","FG3M","FG3A","FG3_PCT","FTM","FTA","FT_PCT","OREB","DREB","REB","AST","STL","BLK","TOV","PF","PTS"],"RegularSeason":{"PerGame":[7.7,1.1,2.6,0.444,0.0,0.0,0.0,0.1,0.3,0.5,1.0,0.3,1.3,0.1,0.0,0.1,0.4,1.1,2.4],"GS":null,"GP":7},"PostSeason":{}},"season":{"headerRank":["RANK_PG_MIN","RANK_PG_FGM","RANK_PG_FGA","RANK_FG_PCT","RANK_PG_FG3M","RANK_PG_FG3A","RANK_FG3_PCT","RANK_PG_FTM","RANK_PG_FTA","RANK_FT_PCT","RANK_PG_OREB","RANK_PG_DREB","RANK_PG_REB","RANK_PG_AST","RANK_PG_STL","RANK_PG_BLK","RANK_PG_TOV","RANK_PG_PTS","RANK_PG_EFF"],"headerGame":["PLAYER_ID","SEASON_YEAR","TOV","PTS","FGM","FG3M","FG3A","PF","BLK","STL","AST","REB"],"RegularSeason":{"1980":{"GameList":{"28000828":[77495,"0028000828","03/11/1981","GOS","Warriors","HOU","Rockets",0,3,0,0,0,0,0,0,0,0,0],"28000876":[77495,"0028000876","03/19/1981","GOS","Warriors","SDC","Clippers",0,6,0,0,0,0,0,0,0,0,0],"28000812":[77495,"0028000812","03/08/1981","GOS","Warriors","POR","Trail Blazers",0,2,0,0,0,0,0,0,0,0,0],"28000833":[77495,"0028000833","03/12/1981","GOS","Warriors","DAL","Mavericks",0,2,0,0,0,0,0,0,0,0,0],"28000807":[77495,"0028000807","03/07/1981","GOS","Warriors","SEA","SuperSonics",0,4,0,0,0,0,0,0,0,0,0],"28000758":[77495,"0028000758","02/27/1981","GOS","Warriors","DEN","Nuggets",0,0,0,0,0,0,0,0,0,0,0],"28000803":[77495,"0028000803","03/06/1981","GOS","Warriors","DAL","Mavericks",0,0,0,0,0,0,0,0,0,0,0]},"data":[23.0,7,null,7.7,1.1,2.6,0.444,0.0,0.0,null,0.1,0.3,0.5,1.0,0.3,1.3,0.1,0.0,0.1,0.4,1.1,2.4],"rank":{"PerGame":[null,null,null,null,null,null,null,null,null,null,null,null,null,null,null,null,null,null,null],"Totals":[289,287,288,null,140,240,null,291,294,null,276,289,287,296,293,268,291,287,289]},"team":"GOS"}},"headerData":["PLAYER_AGE","GP","GS","MIN","FGM","FGA","FG_PCT","FG3M","FG3A","FG3_PCT","FTM","FTA","FT_PCT","OREB","DREB","REB","AST","STL","BLK","TOV","PF","PTS"],"PostSeason":{}}}