{"info":{"FIRST_NAME":"George","LAST_NAME":"Glamack","WEIGHT":"225","COUNTRY":"USA","SCHOOL":"North Carolina","BIRTHDATE":"1919-06-07T00:00:00","HEIGHT":"6-6","TO_YEAR":1948,"DLEAGUE":"N","FROM_YEAR":1948,"TEAM":"JET","PERSON_ID":76820,"SEASON_EXP":0,"POSITION":"Center","ROSTERSTATUS":"Active","ALL_STAR":0,"PIE":0,"JERSEY":""},"career":{"header":["MIN","FGM","FGA","FG_PCT","FG3M","FG3A","FG3_PCT","FTM","FTA","FT_PCT","OREB","DREB","REB","AST","STL","BLK","TOV","PF","PTS"],"RegularSeason":{"PerGame":[null,2.7,11.0,0.248,null,null,null,3.8,5.0,0.764,null,null,null,1.7,null,null,null,2.5,9.3],"GS":null,"GP":11},"PostSeason":{}},"season":{"headerRank":["RANK_PG_MIN","RANK_PG_FGM","RANK_PG_FGA","RANK_FG_PCT","RANK_PG_FG3M","RANK_PG_FG3A","RANK_FG3_PCT","RANK_PG_FTM","RANK_PG_FTA","RANK_FT_PCT","RANK_PG_OREB","RANK_PG_DREB","RANK_PG_REB","RANK_PG_AST","RANK_PG_STL","RANK_PG_BLK","RANK_PG_TOV","RANK_PG_PTS","RANK_PG_EFF"],"headerGame":["PLAYER_ID","SEASON_YEAR","TOV","PTS","FGM","FG3M","FG3A","PF","BLK","STL","AST","REB"],"RegularSeason":{"1948":{"GameList":{"24800017":[76820,"0024800017","11/09/1948","JET","Jets","BAL","Bullets",0,12,0,0,0,0,0,0,0,0,0],"24800001":[76820,"0024800001","11/01/1948","JET","Jets","BOM","Bombers",0,25,0,0,0,0,0,0,0,0,0],"24800011":[76820,"0024800011","11/06/1948","JET","Jets","ROC","Royals",0,4,0,0,0,0,0,0,0,0,0],"24800007":[76820,"0024800007","11/05/1948","JET","Jets","NYK","Knicks",0,11,0,0,0,0,0,0,0,0,0],"24800035":[76820,"0024800035","11/16/1948","JET","Jets","PHW","Warriors",0,11,0,0,0,0,0,0,0,0,0],"24800034":[76820,"0024800034","11/14/1948","JET","Jets","FTW","Pistons",0,19,0,0,0,0,0,0,0,0,0],"24800054":[76820,"0024800054","11/23/1948","JET","Jets","MNL","Lakers",0,5,0,0,0,0,0,0,0,0,0],"24800046":[76820,"0024800046","11/19/1948","JET","Jets","BOS","Celtics",0,0,0,0,0,0,0,0,0,0,0],"24800047":[76820,"0024800047","11/20/1948","JET","Jets","PRO","Steamrollers",0,2,0,0,0,0,0,0,0,0,0],"24800042":[76820,"0024800042","11/18/1948","JET","Jets","PHW","Warriors",0,3,0,0,0,0,0,0,0,0,0],"24800029":[76820,"0024800029","11/13/1948","JET","Jets","CHS","Stags",0,10,0,0,0,0,0,0,0,0,0]},"data":[30.0,11,null,null,2.7,11.0,0.248,null,null,null,3.8,5.0,0.764,null,null,null,1.7,null,null,null,2.5,9.3],"rank":{},"team":"JET"}},"headerData":["PLAYER_AGE","GP","GS","MIN","FGM","FGA","FG_PCT","FG3M","FG3A","FG3_PCT","FTM","FTA","FT_PCT","OREB","DREB","REB","AST","STL","BLK","TOV","PF","PTS"],"PostSeason":{}}}