{"info":{"FIRST_NAME":"Bo","LAST_NAME":"Erias","WEIGHT":"220","COUNTRY":"USA","SCHOOL":"Niagara","BIRTHDATE":"1932-07-30T00:00:00","HEIGHT":"6-3","TO_YEAR":1957,"DLEAGUE":"N","FROM_YEAR":1957,"TEAM":"MNL","PERSON_ID":76679,"SEASON_EXP":0,"POSITION":"Forward","ROSTERSTATUS":"Active","ALL_STAR":0,"PIE":0,"JERSEY":" "},"career":{"header":["MIN","FGM","FGA","FG_PCT","FG3M","FG3A","FG3_PCT","FTM","FTA","FT_PCT","OREB","DREB","REB","AST","STL","BLK","TOV","PF","PTS"],"RegularSeason":{"PerGame":[22.3,3.3,9.4,0.347,null,null,null,1.7,2.6,0.638,null,null,4.6,1.4,null,null,null,2.9,8.2],"GS":null,"GP":18},"PostSeason":{}},"season":{"headerRank":["RANK_PG_MIN","RANK_PG_FGM","RANK_PG_FGA","RANK_FG_PCT","RANK_PG_FG3M","RANK_PG_FG3A","RANK_FG3_PCT","RANK_PG_FTM","RANK_PG_FTA","RANK_FT_PCT","RANK_PG_OREB","RANK_PG_DREB","RANK_PG_REB","RANK_PG_AST","RANK_PG_STL","RANK_PG_BLK","RANK_PG_TOV","RANK_PG_PTS","RANK_PG_EFF"],"headerGame":["PLAYER_ID","SEASON_YEAR","TOV","PTS","FGM","FG3M","FG3A","PF","BLK","STL","AST","REB"],"RegularSeason":{"1957":{"GameList":{"25700275":[76679,"0025700275","03/06/1958","MNL","Lakers","DET","Pistons",0,4,0,0,0,0,0,0,0,0,0],"25700289":[76679,"0025700289","03/12/1958","MNL","Lakers","CIN","Royals",0,6,0,0,0,0,0,0,0,0,0],"25700270":[76679,"0025700270","03/02/1958","MNL","Lakers","PHW","Warriors",0,4,0,0,0,0,0,0,0,0,0],"25700264":[76679,"0025700264","02/27/1958","MNL","Lakers","DET","Pistons",0,7,0,0,0,0,0,0,0,0,0],"25700263":[76679,"0025700263","02/26/1958","MNL","Lakers","SYR","Nationals",0,4,0,0,0,0,0,0,0,0,0],"25700257":[76679,"0025700257","02/24/1958","MNL","Lakers","PHW","Warriors",0,4,0,0,0,0,0,0,0,0,0],"25700281":[76679,"0025700281","03/09/1958","MNL","Lakers","STL","Hawks",0,14,0,0,0,0,0,0,0,0,0],"25700255":[76679,"0025700255","02/23/1958","MNL","Lakers","CIN","Royals",0,4,0,0,0,0,0,0,0,0,0],"25700232":[76679,"0025700232","02/14/1958","MNL","Lakers","STL","Hawks",0,11,0,0,0,0,0,0,0,0,0],"25700253":[76679,"0025700253","02/22/1958","MNL","Lakers","CIN","Royals",0,6,0,0,0,0,0,0,0,0,0],"25700234":[76679,"0025700234","02/15/1958","MNL","Lakers","DET","Pistons",0,17,0,0,0,0,0,0,0,0,0],"25700241":[76679,"0025700241","02/18/1958","MNL","Lakers","STL","Hawks",0,4,0,0,0,0,0,0,0,0,0],"25700238":[76679,"0025700238","02/16/1958","MNL","Lakers","PHW","Warriors",0,9,0,0,0,0,0,0,0,0,0],"25700224":[76679,"0025700224","02/11/1958","MNL","Lakers","CIN","Royals",0,7,0,0,0,0,0,0,0,0,0],"25700278":[76679,"0025700278","03/08/1958","MNL","Lakers","STL","Hawks",0,10,0,0,0,0,0,0,0,0,0],"25700219":[76679,"0025700219","02/09/1958","MNL","Lakers","CIN","Royals",0,9,0,0,0,0,0,0,0,0,0],"25700243":[76679,"0025700243","02/19/1958","MNL","Lakers","DET","Pistons",0,17,0,0,0,0,0,0,0,0,0],"25700229":[76679,"0025700229","02/12/1958","MNL","Lakers","NYK","Knicks",0,11,0,0,0,0,0,0,0,0,0]},"data":[25.0,18,null,22.3,3.3,9.4,0.347,null,null,null,1.7,2.6,0.638,null,null,4.6,1.4,null,null,null,2.9,8.2],"rank":{"PerGame":[null,null,null,null,null,null,null,null,null,null,null,null,null,null,null,null,null,null,null],"Totals":[80,78,78,null,null,null,null,79,79,null,null,null,82,82,null,null,null,79,1]},"team":"MNL"}},"headerData":["PLAYER_AGE","GP","GS","MIN","FGM","FGA","FG_PCT","FG3M","FG3A","FG3_PCT","FTM","FTA","FT_PCT","OREB","DREB","REB","AST","STL","BLK","TOV","PF","PTS"],"PostSeason":{}}}