{"info":{"FIRST_NAME":"Bob","LAST_NAME":"Shea","WEIGHT":"194","COUNTRY":"USA","SCHOOL":"Rhode Island","BIRTHDATE":"1924-09-11T00:00:00","HEIGHT":"6-2","TO_YEAR":1946,"DLEAGUE":"N","FROM_YEAR":1946,"TEAM":"PRO","PERSON_ID":78130,"SEASON_EXP":0,"POSITION":"Forward","ROSTERSTATUS":"Active","ALL_STAR":0,"PIE":0,"JERSEY":""},"career":{"header":["MIN","FGM","FGA","FG_PCT","FG3M","FG3A","FG3_PCT","FTM","FTA","FT_PCT","OREB","DREB","REB","AST","STL","BLK","TOV","PF","PTS"],"RegularSeason":{"PerGame":[null,0.9,3.6,0.242,null,null,null,0.4,0.8,0.576,null,null,null,0.1,null,null,null,1.0,2.2],"GS":null,"GP":43},"PostSeason":{}},"season":{"headerRank":["RANK_PG_MIN","RANK_PG_FGM","RANK_PG_FGA","RANK_FG_PCT","RANK_PG_FG3M","RANK_PG_FG3A","RANK_FG3_PCT","RANK_PG_FTM","RANK_PG_FTA","RANK_FT_PCT","RANK_PG_OREB","RANK_PG_DREB","RANK_PG_REB","RANK_PG_AST","RANK_PG_STL","RANK_PG_BLK","RANK_PG_TOV","RANK_PG_PTS","RANK_PG_EFF"],"headerGame":["PLAYER_ID","SEASON_YEAR","TOV","PTS","FGM","FG3M","FG3A","PF","BLK","STL","AST","REB"],"RegularSeason":{"1946":{"GameList":{"24600224":[78130,"0024600224","02/13/1947","PRO","Steamrollers","CHS","Stags",0,2,0,0,0,0,0,0,0,0,0],"24600044":[78130,"0024600044","11/23/1946","PRO","Steamrollers","BOM","Bombers",0,0,0,0,0,0,0,0,0,0,0],"24600040":[78130,"0024600040","11/21/1946","PRO","Steamrollers","WAS","Capitols",0,9,0,0,0,0,0,0,0,0,0],"24600029":[78130,"0024600029","11/16/1946","PRO","Steamrollers","DEF","Falcons",0,0,0,0,0,0,0,0,0,0,0],"24600109":[78130,"0024600109","12/21/1946","PRO","Steamrollers","NYK","Knicks",0,2,0,0,0,0,0,0,0,0,0],"24600002":[78130,"0024600002","11/02/1946","PRO","Steamrollers","BOS","Celtics",0,2,0,0,0,0,0,0,0,0,0],"24600120":[78130,"0024600120","12/28/1946","PRO","Steamrollers","BOS","Celtics",0,5,0,0,0,0,0,0,0,0,0],"24600229":[78130,"0024600229","02/15/1947","PRO","Steamrollers","PIT","Ironmen",0,2,0,0,0,0,0,0,0,0,0],"24600021":[78130,"0024600021","11/13/1946","PRO","Steamrollers","DEF","Falcons",0,1,0,0,0,0,0,0,0,0,0],"24600177":[78130,"0024600177","01/23/1947","PRO","Steamrollers","CHS","Stags",0,1,0,0,0,0,0,0,0,0,0],"24600293":[78130,"0024600293","03/13/1947","PRO","Steamrollers","HUS","Huskies",0,2,0,0,0,0,0,0,0,0,0],"24600160":[78130,"0024600160","01/15/1947","PRO","Steamrollers","PIT","Ironmen",0,2,0,0,0,0,0,0,0,0,0],"24600238":[78130,"0024600238","02/19/1947","PRO","Steamrollers","NYK","Knicks",0,2,0,0,0,0,0,0,0,0,0],"24600310":[78130,"0024600310","03/22/1947","PRO","Steamrollers","PHW","Warriors",0,3,0,0,0,0,0,0,0,0,0],"24600094":[78130,"0024600094","12/14/1946","PRO","Steamrollers","DEF","Falcons",0,8,0,0,0,0,0,0,0,0,0],"24600214":[78130,"0024600214","02/08/1947","PRO","Steamrollers","PHW","Warriors",0,0,0,0,0,0,0,0,0,0,0],"24600150":[78130,"0024600150","01/11/1947","PRO","Steamrollers","BOS","Celtics",0,0,0,0,0,0,0,0,0,0,0],"24600262":[78130,"0024600262","02/27/1947","PRO","Steamrollers","NYK","Knicks",0,0,0,0,0,0,0,0,0,0,0],"24600019":[78130,"0024600019","11/11/1946","PRO","Steamrollers","PIT","Ironmen",0,4,0,0,0,0,0,0,0,0,0],"24600252":[78130,"0024600252","02/23/1947","PRO","Steamrollers","BOS","Celtics",0,0,0,0,0,0,0,0,0,0,0],"24600257":[78130,"0024600257","02/25/1947","PRO","Steamrollers","HUS","Huskies",0,0,0,0,0,0,0,0,0,0,0],"24600273":[78130,"0024600273","03/04/1947","PRO","Steamrollers","CLR","Rebels",0,0,0,0,0,0,0,0,0,0,0],"24600011":[78130,"0024600011","11/07/1946","PRO","Steamrollers","CHS","Stags",0,0,0,0,0,0,0,0,0,0,0],"24600135":[78130,"0024600135","01/04/1947","PRO","Steamrollers","PHW","Warriors",0,0,0,0,0,0,0,0,0,0,0],"24600015":[78130,"0024600015","11/09/1946","PRO","Steamrollers","PIT","Ironmen",0,7,0,0,0,0,0,0,0,0,0],"24600049":[78130,"0024600049","11/25/1946","PRO","Steamrollers","BOS","Celtics",0,8,0,0,0,0,0,0,0,0,0],"24600088":[78130,"0024600088","12/11/1946","PRO","Steamrollers","NYK","Knicks",0,4,0,0,0,0,0,0,0,0,0],"24600132":[78130,"0024600132","01/02/1947","PRO","Steamrollers","PHW","Warriors",0,2,0,0,0,0,0,0,0,0,0],"24600319":[78130,"0024600319","03/26/1947","PRO","Steamrollers","NYK","Knicks",0,2,0,0,0,0,0,0,0,0,0],"24600058":[78130,"0024600058","11/28/1946","PRO","Steamrollers","NYK","Knicks",0,0,0,0,0,0,0,0,0,0,0],"24600189":[78130,"0024600189","01/29/1947","PRO","Steamrollers","DEF","Falcons",0,0,0,0,0,0,0,0,0,0,0],"24600280":[78130,"0024600280","03/08/1947","PRO","Steamrollers","CHS","Stags",0,5,0,0,0,0,0,0,0,0,0],"24600265":[78130,"0024600265","03/01/1947","PRO","Steamrollers","DEF","Falcons",0,0,0,0,0,0,0,0,0,0,0],"24600285":[78130,"0024600285","03/10/1947","PRO","Steamrollers","BOS","Celtics",0,12,0,0,0,0,0,0,0,0,0],"24600325":[78130,"0024600325","03/29/1947","PRO","Steamrollers","CHS","Stags",0,2,0,0,0,0,0,0,0,0,0],"24600070":[78130,"0024600070","12/04/1946","PRO","Steamrollers","WAS","Capitols",0,0,0,0,0,0,0,0,0,0,0],"24600080":[78130,"0024600080","12/07/1946","PRO","Steamrollers","HUS","Huskies",0,0,0,0,0,0,0,0,0,0,0],"24600025":[78130,"0024600025","11/15/1946","PRO","Steamrollers","HUS","Huskies",0,2,0,0,0,0,0,0,0,0,0],"24600062":[78130,"0024600062","11/30/1946","PRO","Steamrollers","HUS","Huskies",0,0,0,0,0,0,0,0,0,0,0],"24600147":[78130,"0024600147","01/09/1947","PRO","Steamrollers","CLR","Rebels",0,0,0,0,0,0,0,0,0,0,0],"24600143":[78130,"0024600143","01/08/1947","PRO","Steamrollers","WAS","Capitols",0,4,0,0,0,0,0,0,0,0,0]},"data":[22.0,43,null,null,0.9,3.6,0.242,null,null,null,0.4,0.8,0.576,null,null,null,0.1,null,null,null,1.0,2.2],"rank":{},"team":"PRO"}},"headerData":["PLAYER_AGE","GP","GS","MIN","FGM","FGA","FG_PCT","FG3M","FG3A","FG3_PCT","FTM","FTA","FT_PCT","OREB","DREB","REB","AST","STL","BLK","TOV","PF","PTS"],"PostSeason":{}}}