{"info":{"FIRST_NAME":"Bob","LAST_NAME":"Warlick","WEIGHT":"200","COUNTRY":"USA","SCHOOL":"Pepperdine","BIRTHDATE":"1941-03-20T00:00:00","HEIGHT":"6-5","TO_YEAR":1968,"DLEAGUE":"N","FROM_YEAR":1965,"TEAM":"PHX","PERSON_ID":78459,"SEASON_EXP":3,"POSITION":"Guard","ROSTERSTATUS":"Active","ALL_STAR":0,"PIE":0,"JERSEY":"23"},"career":{"header":["MIN","FGM","FGA","FG_PCT","FG3M","FG3A","FG3_PCT","FTM","FTA","FT_PCT","OREB","DREB","REB","AST","STL","BLK","TOV","PF","PTS"],"RegularSeason":{"PerGame":[15.7,3.2,7.7,0.41,null,null,null,1.2,2.1,0.582,null,null,2.9,2.0,null,null,null,1.9,7.5],"GS":null,"GP":157},"PostSeason":{"PerGame":[19.5,4.6,10.0,0.458,null,null,null,2.3,3.1,0.757,null,null,4.4,2.1,null,null,null,2.2,11.5],"GS":null,"GP":12}},"season":{"headerRank":["RANK_PG_MIN","RANK_PG_FGM","RANK_PG_FGA","RANK_FG_PCT","RANK_PG_FG3M","RANK_PG_FG3A","RANK_FG3_PCT","RANK_PG_FTM","RANK_PG_FTA","RANK_FT_PCT","RANK_PG_OREB","RANK_PG_DREB","RANK_PG_REB","RANK_PG_AST","RANK_PG_STL","RANK_PG_BLK","RANK_PG_TOV","RANK_PG_PTS","RANK_PG_EFF"],"headerGame":["PLAYER_ID","SEASON_YEAR","TOV","PTS","FGM","FG3M","FG3A","PF","BLK","STL","AST","REB"],"RegularSeason":{"1965":{"GameList":{"26500207":[78459,"0026500207","01/19/1966","DET","Pistons","PHL","76ers",0,2,0,0,0,0,0,0,0,0,0],"26500143":[78459,"0026500143","12/22/1965","DET","Pistons","SFW","Warriors",0,4,0,0,0,0,0,0,0,0,0],"26500144":[78459,"0026500144","12/23/1965","DET","Pistons","LAL","Lakers",0,4,0,0,0,0,0,0,0,0,0],"26500189":[78459,"0026500189","01/09/1966","DET","Pistons","LAL","Lakers",0,0,0,0,0,0,0,0,0,0,0],"26500176":[78459,"0026500176","01/05/1966","DET","Pistons","CIN","Royals",0,2,0,0,0,0,0,0,0,0,0],"26500138":[78459,"0026500138","12/18/1965","DET","Pistons","BLT","Bullets",0,2,0,0,0,0,0,0,0,0,0],"26500087":[78459,"0026500087","11/26/1965","DET","Pistons","BOS","Celtics",0,2,0,0,0,0,0,0,0,0,0],"26500154":[78459,"0026500154","12/28/1965","DET","Pistons","SFW","Warriors",0,2,0,0,0,0,0,0,0,0,0],"26500094":[78459,"0026500094","11/28/1965","DET","Pistons","LAL","Lakers",0,5,0,0,0,0,0,0,0,0,0],"26500101":[78459,"0026500101","12/01/1965","DET","Pistons","STL","Hawks",0,1,0,0,0,0,0,0,0,0,0]},"data":[25.0,10,null,7.8,1.1,3.8,0.289,null,null,null,0.2,0.6,0.333,null,null,1.6,1.0,null,null,null,0.8,2.4],"rank":{"PerGame":[null,null,null,null,null,null,null,null,null,null,null,null,null,null,null,null,null,null,null],"Totals":[103,104,101,null,null,null,null,106,102,null,null,null,102,100,null,null,null,104,1]},"team":"DET"},"1966":{"GameList":{"26600256":[78459,"0026600256","01/27/1967","SFW","Warriors","BLT","Bullets",0,4,0,0,0,0,0,0,0,0,0],"26600219":[78459,"0026600219","01/14/1967","SFW","Warriors","DET","Pistons",0,2,0,0,0,0,0,0,0,0,0],"26600247":[78459,"0026600247","01/24/1967","SFW","Warriors","BLT","Bullets",0,6,0,0,0,0,0,0,0,0,0],"26600305":[78459,"0026600305","02/12/1967","SFW","Warriors","DET","Pistons",0,0,0,0,0,0,0,0,0,0,0],"26600375":[78459,"0026600375","03/10/1967","SFW","Warriors","STL","Hawks",0,2,0,0,0,0,0,0,0,0,0],"26600230":[78459,"0026600230","01/18/1967","SFW","Warriors","CHI","Bulls",0,0,0,0,0,0,0,0,0,0,0],"26600238":[78459,"0026600238","01/20/1967","SFW","Warriors","STL","Hawks",0,3,0,0,0,0,0,0,0,0,0],"26600335":[78459,"0026600335","02/24/1967","SFW","Warriors","CIN","Royals",0,2,0,0,0,0,0,0,0,0,0],"26600386":[78459,"0026600386","03/13/1967","SFW","Warriors","DET","Pistons",0,10,0,0,0,0,0,0,0,0,0],"26600278":[78459,"0026600278","02/03/1967","SFW","Warriors","LAL","Lakers",0,2,0,0,0,0,0,0,0,0,0],"26600400":[78459,"0026600400","03/18/1967","SFW","Warriors","CIN","Royals",0,5,0,0,0,0,0,0,0,0,0]},"data":[26.0,12,null,5.4,1.3,4.3,0.288,null,null,null,0.5,0.9,0.545,null,null,1.7,0.8,null,null,null,0.3,3.0],"rank":{"PerGame":[null,null,null,null,null,null,null,null,null,null,null,null,null,null,null,null,null,null,null],"Totals":[118,115,112,null,null,null,null,118,119,null,null,null,119,112,null,null,null,116,1]},"team":"SFW"},"1967":{"GameList":{"26700136":[78459,"0026700136","11/29/1967","SFW","Warriors","PHL","76ers",0,4,0,0,0,0,0,0,0,0,0],"26700463":[78459,"0026700463","03/12/1968","SFW","Warriors","BOS","Celtics",0,20,0,0,0,0,0,0,0,0,0],"26700232":[78459,"0026700232","12/31/1967","SFW","Warriors","SEA","SuperSonics",0,8,0,0,0,0,0,0,0,0,0],"26700283":[78459,"0026700283","01/17/1968","SFW","Warriors","DET","Pistons",0,6,0,0,0,0,0,0,0,0,0],"26700357":[78459,"0026700357","02/09/1968","SFW","Warriors","LAL","Lakers",0,10,0,0,0,0,0,0,0,0,0],"26700419":[78459,"0026700419","02/28/1968","SFW","Warriors","BOS","Celtics",0,22,0,0,0,0,0,0,0,0,0],"26700218":[78459,"0026700218","12/26/1967","SFW","Warriors","BOS","Celtics",0,5,0,0,0,0,0,0,0,0,0],"26700237":[78459,"0026700237","01/02/1968","SFW","Warriors","LAL","Lakers",0,6,0,0,0,0,0,0,0,0,0],"26700353":[78459,"0026700353","02/08/1968","SFW","Warriors","CIN","Royals",0,6,0,0,0,0,0,0,0,0,0],"26700377":[78459,"0026700377","02/15/1968","SFW","Warriors","SDR","Rockets",0,9,0,0,0,0,0,0,0,0,0],"26700312":[78459,"0026700312","01/28/1968","SFW","Warriors","NYK","Knicks",0,2,0,0,0,0,0,0,0,0,0],"26700210":[78459,"0026700210","12/24/1967","SFW","Warriors","SEA","SuperSonics",0,16,0,0,0,0,0,0,0,0,0],"26700192":[78459,"0026700192","12/17/1967","SFW","Warriors","STL","Hawks",0,0,0,0,0,0,0,0,0,0,0],"26700317":[78459,"0026700317","01/30/1968","SFW","Warriors","CHI","Bulls",0,11,0,0,0,0,0,0,0,0,0],"26700409":[78459,"0026700409","02/24/1968","SFW","Warriors","CIN","Royals",0,9,0,0,0,0,0,0,0,0,0],"26700252":[78459,"0026700252","01/06/1968","SFW","Warriors","BOS","Celtics",0,10,0,0,0,0,0,0,0,0,0],"26700469":[78459,"0026700469","03/13/1968","SFW","Warriors","LAL","Lakers",0,11,0,0,0,0,0,0,0,0,0],"26700013":[78459,"0026700013","10/19/1967","SFW","Warriors","CHI","Bulls",0,8,0,0,0,0,0,0,0,0,0],"26700010":[78459,"0026700010","10/18/1967","SFW","Warriors","CIN","Royals",0,14,0,0,0,0,0,0,0,0,0],"26700338":[78459,"0026700338","02/04/1968","SFW","Warriors","PHL","76ers",0,4,0,0,0,0,0,0,0,0,0],"26700131":[78459,"0026700131","11/28/1967","SFW","Warriors","BLT","Bullets",0,0,0,0,0,0,0,0,0,0,0],"26700278":[78459,"0026700278","01/16/1968","SFW","Warriors","CIN","Royals",0,6,0,0,0,0,0,0,0,0,0],"26700390":[78459,"0026700390","02/18/1968","SFW","Warriors","DET","Pistons",0,15,0,0,0,0,0,0,0,0,0],"26700037":[78459,"0026700037","10/27/1967","SFW","Warriors","BLT","Bullets",0,3,0,0,0,0,0,0,0,0,0],"26700371":[78459,"0026700371","02/13/1968","SFW","Warriors","PHL","76ers",0,14,0,0,0,0,0,0,0,0,0],"26700177":[78459,"0026700177","12/13/1967","SFW","Warriors","CHI","Bulls",0,13,0,0,0,0,0,0,0,0,0],"26700398":[78459,"0026700398","02/21/1968","SFW","Warriors","BLT","Bullets",0,10,0,0,0,0,0,0,0,0,0],"26700428":[78459,"0026700428","03/02/1968","SFW","Warriors","BLT","Bullets",0,17,0,0,0,0,0,0,0,0,0],"26700291":[78459,"0026700291","01/20/1968","SFW","Warriors","LAL","Lakers",0,5,0,0,0,0,0,0,0,0,0],"26700109":[78459,"0026700109","11/21/1967","SFW","Warriors","DET","Pistons",0,8,0,0,0,0,0,0,0,0,0],"26700483":[78459,"0026700483","03/17/1968","SFW","Warriors","NYK","Knicks",0,21,0,0,0,0,0,0,0,0,0],"26700485":[78459,"0026700485","03/18/1968","SFW","Warriors","NYK","Knicks",0,13,0,0,0,0,0,0,0,0,0],"26700425":[78459,"0026700425","03/01/1968","SFW","Warriors","CIN","Royals",0,13,0,0,0,0,0,0,0,0,0],"26700018":[78459,"0026700018","10/21/1967","SFW","Warriors","STL","Hawks",0,10,0,0,0,0,0,0,0,0,0],"26700125":[78459,"0026700125","11/25/1967","SFW","Warriors","LAL","Lakers",0,6,0,0,0,0,0,0,0,0,0],"26700224":[78459,"0026700224","12/28/1967","SFW","Warriors","CIN","Royals",0,16,0,0,0,0,0,0,0,0,0],"26700081":[78459,"0026700081","11/11/1967","SFW","Warriors","STL","Hawks",0,2,0,0,0,0,0,0,0,0,0],"26700394":[78459,"0026700394","02/20/1968","SFW","Warriors","NYK","Knicks",0,0,0,0,0,0,0,0,0,0,0],"26700344":[78459,"0026700344","02/06/1968","SFW","Warriors","CHI","Bulls",0,6,0,0,0,0,0,0,0,0,0],"26700208":[78459,"0026700208","12/23/1967","SFW","Warriors","SEA","SuperSonics",0,12,0,0,0,0,0,0,0,0,0],"26700207":[78459,"0026700207","12/22/1967","SFW","Warriors","SDR","Rockets",0,4,0,0,0,0,0,0,0,0,0],"26700260":[78459,"0026700260","01/09/1968","SFW","Warriors","DET","Pistons",0,11,0,0,0,0,0,0,0,0,0],"26700229":[78459,"0026700229","12/29/1967","SFW","Warriors","CHI","Bulls",0,9,0,0,0,0,0,0,0,0,0],"26700100":[78459,"0026700100","11/18/1967","SFW","Warriors","SDR","Rockets",0,2,0,0,0,0,0,0,0,0,0],"26700200":[78459,"0026700200","02/11/1968","SFW","Warriors","SEA","SuperSonics",0,11,0,0,0,0,0,0,0,0,0],"26700452":[78459,"0026700452","03/09/1968","SFW","Warriors","LAL","Lakers",0,20,0,0,0,0,0,0,0,0,0],"26700307":[78459,"0026700307","01/26/1968","SFW","Warriors","BLT","Bullets",0,5,0,0,0,0,0,0,0,0,0],"26700150":[78459,"0026700150","12/05/1967","SFW","Warriors","SEA","SuperSonics",0,9,0,0,0,0,0,0,0,0,0],"26700456":[78459,"0026700456","03/10/1968","SFW","Warriors","SEA","SuperSonics",0,14,0,0,0,0,0,0,0,0,0],"26700325":[78459,"0026700325","02/01/1968","SFW","Warriors","SDR","Rockets",0,20,0,0,0,0,0,0,0,0,0],"26700244":[78459,"0026700244","01/04/1968","SFW","Warriors","STL","Hawks",0,17,0,0,0,0,0,0,0,0,0],"26700328":[78459,"0026700328","02/02/1968","SFW","Warriors","SDR","Rockets",0,8,0,0,0,0,0,0,0,0,0],"26700006":[78459,"0026700006","10/17/1967","SFW","Warriors","NYK","Knicks",0,8,0,0,0,0,0,0,0,0,0],"26700472":[78459,"0026700472","03/15/1968","SFW","Warriors","DET","Pistons",0,14,0,0,0,0,0,0,0,0,0],"26700002":[78459,"0026700002","10/13/1967","SFW","Warriors","SEA","SuperSonics",0,18,0,0,0,0,0,0,0,0,0],"26700005":[78459,"0026700005","10/15/1967","SFW","Warriors","STL","Hawks",0,4,0,0,0,0,0,0,0,0,0],"26700043":[78459,"0026700043","10/29/1967","SFW","Warriors","CHI","Bulls",0,4,0,0,0,0,0,0,0,0,0],"26700415":[78459,"0026700415","02/27/1968","SFW","Warriors","PHL","76ers",0,7,0,0,0,0,0,0,0,0,0],"26700023":[78459,"0026700023","10/22/1967","SFW","Warriors","SDR","Rockets",0,8,0,0,0,0,0,0,0,0,0],"26700437":[78459,"0026700437","03/05/1968","SFW","Warriors","STL","Hawks",0,18,0,0,0,0,0,0,0,0,0],"26700063":[78459,"0026700063","11/07/1967","SFW","Warriors","SEA","SuperSonics",0,2,0,0,0,0,0,0,0,0,0],"26700141":[78459,"0026700141","12/01/1967","SFW","Warriors","STL","Hawks",0,5,0,0,0,0,0,0,0,0,0],"26700165":[78459,"0026700165","12/09/1967","SFW","Warriors","CHI","Bulls",0,2,0,0,0,0,0,0,0,0,0],"26700162":[78459,"0026700162","12/08/1967","SFW","Warriors","SDR","Rockets",0,6,0,0,0,0,0,0,0,0,0],"26700403":[78459,"0026700403","02/23/1968","SFW","Warriors","BOS","Celtics",0,2,0,0,0,0,0,0,0,0,0],"26700380":[78459,"0026700380","02/16/1968","SFW","Warriors","LAL","Lakers",0,0,0,0,0,0,0,0,0,0,0],"26700147":[78459,"0026700147","12/02/1967","SFW","Warriors","SDR","Rockets",0,12,0,0,0,0,0,0,0,0,0]},"data":[27.0,69,null,19.1,3.7,8.8,0.421,null,null,null,1.4,2.5,0.567,null,null,3.8,2.3,null,null,null,2.4,8.9],"rank":{"PerGame":[null,null,null,null,null,null,null,null,null,null,null,null,null,null,null,null,null,null,null],"Totals":[89,78,81,null,null,null,null,98,89,null,null,null,77,58,null,null,null,83,1]},"team":"SFW"},"1968":{"GameList":{"26800135":[78459,"0026800135","11/26/1968","PHX","Suns","PHL","76ers",0,1,0,0,0,0,0,0,0,0,0],"26800159":[78459,"0026800159","12/02/1968","PHX","Suns","SEA","SuperSonics",0,2,0,0,0,0,0,0,0,0,0],"26800244":[78459,"0026800244","12/26/1968","PHX","Suns","SFW","Warriors",0,7,0,0,0,0,0,0,0,0,0],"26800092":[78459,"0026800092","11/15/1968","PHX","Suns","SEA","SuperSonics",0,2,0,0,0,0,0,0,0,0,0],"26800090":[78459,"0026800090","11/14/1968","PHX","Suns","DET","Pistons",0,4,0,0,0,0,0,0,0,0,0],"26800193":[78459,"0026800193","12/11/1968","PHX","Suns","PHL","76ers",0,10,0,0,0,0,0,0,0,0,0],"26800148":[78459,"0026800148","11/29/1968","PHX","Suns","BLT","Bullets",0,7,0,0,0,0,0,0,0,0,0],"26800567":[78459,"0026800567","03/23/1969","PHX","Suns","MIL","Bucks",0,1,0,0,0,0,0,0,0,0,0],"26800034":[78459,"0026800034","10/26/1968","MIL","Bucks","BOS","Celtics",0,4,0,0,0,0,0,0,0,0,0],"26800494":[78459,"0026800494","03/04/1969","PHX","Suns","CIN","Royals",0,2,0,0,0,0,0,0,0,0,0],"26800390":[78459,"0026800390","02/04/1969","PHX","Suns","PHL","76ers",0,12,0,0,0,0,0,0,0,0,0],"26800318":[78459,"0026800318","01/17/1969","PHX","Suns","ATL","Hawks",0,19,0,0,0,0,0,0,0,0,0],"26800519":[78459,"0026800519","03/10/1969","PHX","Suns","BLT","Bullets",0,6,0,0,0,0,0,0,0,0,0],"26800140":[78459,"0026800140","11/27/1968","PHX","Suns","DET","Pistons",0,3,0,0,0,0,0,0,0,0,0],"26800513":[78459,"0026800513","03/09/1969","PHX","Suns","SDR","Rockets",0,6,0,0,0,0,0,0,0,0,0],"26800409":[78459,"0026800409","02/08/1969","PHX","Suns","LAL","Lakers",0,2,0,0,0,0,0,0,0,0,0],"26800511":[78459,"0026800511","03/07/1969","PHX","Suns","NYK","Knicks",0,18,0,0,0,0,0,0,0,0,0],"26800104":[78459,"0026800104","11/17/1968","PHX","Suns","BOS","Celtics",0,10,0,0,0,0,0,0,0,0,0],"26800106":[78459,"0026800106","11/19/1968","PHX","Suns","PHL","76ers",0,11,0,0,0,0,0,0,0,0,0],"26800354":[78459,"0026800354","01/26/1969","PHX","Suns","SFW","Warriors",0,0,0,0,0,0,0,0,0,0,0],"26800459":[78459,"0026800459","02/22/1969","PHX","Suns","BOS","Celtics",0,5,0,0,0,0,0,0,0,0,0],"26800472":[78459,"0026800472","02/25/1969","PHX","Suns","BOS","Celtics",0,6,0,0,0,0,0,0,0,0,0],"26800413":[78459,"0026800413","02/09/1969","PHX","Suns","LAL","Lakers",0,20,0,0,0,0,0,0,0,0,0],"26800474":[78459,"0026800474","02/26/1969","PHX","Suns","PHL","76ers",0,8,0,0,0,0,0,0,0,0,0],"26800125":[78459,"0026800125","11/23/1968","PHX","Suns","MIL","Bucks",0,6,0,0,0,0,0,0,0,0,0],"26800339":[78459,"0026800339","01/22/1969","PHX","Suns","ATL","Hawks",0,23,0,0,0,0,0,0,0,0,0],"26800453":[78459,"0026800453","02/21/1969","PHX","Suns","CHI","Bulls",0,3,0,0,0,0,0,0,0,0,0],"26800537":[78459,"0026800537","03/15/1969","PHX","Suns","SDR","Rockets",0,7,0,0,0,0,0,0,0,0,0],"26800450":[78459,"0026800450","02/20/1969","PHX","Suns","BLT","Bullets",0,4,0,0,0,0,0,0,0,0,0],"26800314":[78459,"0026800314","01/16/1969","PHX","Suns","ATL","Hawks",0,25,0,0,0,0,0,0,0,0,0],"26800284":[78459,"0026800284","01/05/1969","PHX","Suns","ATL","Hawks",0,6,0,0,0,0,0,0,0,0,0],"26800401":[78459,"0026800401","02/07/1969","PHX","Suns","SDR","Rockets",0,9,0,0,0,0,0,0,0,0,0],"26800170":[78459,"0026800170","12/04/1968","PHX","Suns","SFW","Warriors",0,8,0,0,0,0,0,0,0,0,0],"26800186":[78459,"0026800186","12/08/1968","PHX","Suns","ATL","Hawks",0,9,0,0,0,0,0,0,0,0,0],"26800188":[78459,"0026800188","12/10/1968","PHX","Suns","NYK","Knicks",0,3,0,0,0,0,0,0,0,0,0],"26800241":[78459,"0026800241","12/25/1968","PHX","Suns","LAL","Lakers",0,8,0,0,0,0,0,0,0,0,0],"26800235":[78459,"0026800235","12/22/1968","PHX","Suns","MIL","Bucks",0,21,0,0,0,0,0,0,0,0,0],"26800155":[78459,"0026800155","11/30/1968","PHX","Suns","CHI","Bulls",0,5,0,0,0,0,0,0,0,0,0],"26800282":[78459,"0026800282","01/04/1969","PHX","Suns","CHI","Bulls",0,5,0,0,0,0,0,0,0,0,0],"26800022":[78459,"0026800022","10/23/1968","MIL","Bucks","NYK","Knicks",0,2,0,0,0,0,0,0,0,0,0],"26800485":[78459,"0026800485","03/01/1969","PHX","Suns","SFW","Warriors",0,3,0,0,0,0,0,0,0,0,0],"26800400":[78459,"0026800400","02/06/1969","PHX","Suns","CIN","Royals",0,4,0,0,0,0,0,0,0,0,0],"26800480":[78459,"0026800480","02/28/1969","PHX","Suns","LAL","Lakers",0,5,0,0,0,0,0,0,0,0,0],"26800039":[78459,"0026800039","10/29/1968","MIL","Bucks","BLT","Bullets",0,0,0,0,0,0,0,0,0,0,0],"26800381":[78459,"0026800381","02/02/1969","PHX","Suns","MIL","Bucks",0,9,0,0,0,0,0,0,0,0,0],"26800213":[78459,"0026800213","12/17/1968","PHX","Suns","PHL","76ers",0,12,0,0,0,0,0,0,0,0,0],"26800212":[78459,"0026800212","12/15/1968","PHX","Suns","CIN","Royals",0,8,0,0,0,0,0,0,0,0,0],"26800365":[78459,"0026800365","01/29/1969","PHX","Suns","MIL","Bucks",0,9,0,0,0,0,0,0,0,0,0],"26800552":[78459,"0026800552","03/19/1969","PHX","Suns","MIL","Bucks",0,2,0,0,0,0,0,0,0,0,0],"26800121":[78459,"0026800121","11/22/1968","PHX","Suns","BOS","Celtics",0,9,0,0,0,0,0,0,0,0,0],"26800325":[78459,"0026800325","01/19/1969","PHX","Suns","SDR","Rockets",0,18,0,0,0,0,0,0,0,0,0],"26800426":[78459,"0026800426","02/14/1969","PHX","Suns","DET","Pistons",0,3,0,0,0,0,0,0,0,0,0],"26800218":[78459,"0026800218","12/18/1968","PHX","Suns","CIN","Royals",0,4,0,0,0,0,0,0,0,0,0],"26800503":[78459,"0026800503","03/06/1969","PHX","Suns","CHI","Bulls",0,0,0,0,0,0,0,0,0,0,0],"26800230":[78459,"0026800230","12/21/1968","PHX","Suns","BLT","Bullets",0,13,0,0,0,0,0,0,0,0,0],"26800347":[78459,"0026800347","01/25/1969","PHX","Suns","SDR","Rockets",0,8,0,0,0,0,0,0,0,0,0],"26800346":[78459,"0026800346","01/24/1969","PHX","Suns","CHI","Bulls",0,15,0,0,0,0,0,0,0,0,0],"26800545":[78459,"0026800545","03/17/1969","PHX","Suns","DET","Pistons",0,11,0,0,0,0,0,0,0,0,0],"26800298":[78459,"0026800298","01/09/1969","PHX","Suns","NYK","Knicks",0,8,0,0,0,0,0,0,0,0,0],"26800521":[78459,"0026800521","03/11/1969","PHX","Suns","SDR","Rockets",0,5,0,0,0,0,0,0,0,0,0],"26800434":[78459,"0026800434","02/16/1969","PHX","Suns","CIN","Royals",0,2,0,0,0,0,0,0,0,0,0],"26800423":[78459,"0026800423","02/12/1969","PHX","Suns","NYK","Knicks",0,20,0,0,0,0,0,0,0,0,0],"26800444":[78459,"0026800444","02/18/1969","PHX","Suns","BOS","Celtics",0,17,0,0,0,0,0,0,0,0,0],"26800463":[78459,"0026800463","02/23/1969","PHX","Suns","MIL","Bucks",0,18,0,0,0,0,0,0,0,0,0],"26800305":[78459,"0026800305","01/11/1969","PHX","Suns","BLT","Bullets",0,0,0,0,0,0,0,0,0,0,0]},"data":[28.0,3,null,7.3,0.3,2.7,0.125,null,null,null,1.3,1.7,0.8,null,null,0.3,0.3,null,null,null,1.0,2.0],"rank":{},"team":"TOT"}},"headerData":["PLAYER_AGE","GP","GS","MIN","FGM","FGA","FG_PCT","FG3M","FG3A","FG3_PCT","FTM","FTA","FT_PCT","OREB","DREB","REB","AST","STL","BLK","TOV","PF","PTS"],"PostSeason":{"1966":{"GameList":{"46600412":[78459,"0046600412","04/16/1967","SFW","Warriors","PHL","76ers",0,0,0,0,0,0,0,0,0,0,0]},"data":[26.0,2,null,4.0,0.0,1.0,0.0,null,null,null,0.0,0.0,null,null,null,0.0,0.5,null,null,null,0.0,0.0],"rank":{"PerGame":[null,null,null,null,null,null,null,null,null,null,null,null,null,null,null,null,null,null,null],"Totals":[79,81,82,null,null,null,null,75,77,null,null,null,87,69,null,null,null,83,1]},"team":"SFW"},"1967":{"GameList":{"46700216":[78459,"0046700216","04/02/1968","SFW","Warriors","STL","Hawks",0,20,0,0,0,0,0,0,0,0,0],"46700322":[78459,"0046700322","04/10/1968","SFW","Warriors","LAL","Lakers",0,6,0,0,0,0,0,0,0,0,0],"46700324":[78459,"0046700324","04/13/1968","SFW","Warriors","LAL","Lakers",0,13,0,0,0,0,0,0,0,0,0],"46700215":[78459,"0046700215","03/31/1968","SFW","Warriors","STL","Hawks",0,21,0,0,0,0,0,0,0,0,0],"46700212":[78459,"0046700212","03/23/1968","SFW","Warriors","STL","Hawks",0,8,0,0,0,0,0,0,0,0,0],"46700323":[78459,"0046700323","04/11/1968","SFW","Warriors","LAL","Lakers",0,20,0,0,0,0,0,0,0,0,0],"46700213":[78459,"0046700213","03/26/1968","SFW","Warriors","STL","Hawks",0,10,0,0,0,0,0,0,0,0,0],"46700321":[78459,"0046700321","04/05/1968","SFW","Warriors","LAL","Lakers",0,15,0,0,0,0,0,0,0,0,0],"46700211":[78459,"0046700211","03/22/1968","SFW","Warriors","STL","Hawks",0,15,0,0,0,0,0,0,0,0,0],"46700214":[78459,"0046700214","03/29/1968","SFW","Warriors","STL","Hawks",0,10,0,0,0,0,0,0,0,0,0]},"data":[27.0,10,null,22.6,5.5,11.8,0.466,null,null,null,2.8,3.7,0.757,null,null,5.3,2.4,null,null,null,2.6,13.8],"rank":{"PerGame":[46,27,32,13,null,null,null,33,32,19,null,null,33,24,null,null,null,29,1],"Totals":[32,21,20,13,null,null,null,22,28,19,null,null,29,19,null,null,null,21,1]},"team":"SFW"}}}}