{"info":{"FIRST_NAME":"Bob","LAST_NAME":"Wood","WEIGHT":"","COUNTRY":"USA","SCHOOL":"Northern Illinois","BIRTHDATE":"1921-10-07T00:00:00","HEIGHT":"5-10","TO_YEAR":1949,"DLEAGUE":"N","FROM_YEAR":1949,"TEAM":"SHE","PERSON_ID":78612,"SEASON_EXP":0,"POSITION":"Guard","ROSTERSTATUS":"Active","ALL_STAR":0,"PIE":0,"JERSEY":""},"career":{"header":["MIN","FGM","FGA","FG_PCT","FG3M","FG3A","FG3_PCT","FTM","FTA","FT_PCT","OREB","DREB","REB","AST","STL","BLK","TOV","PF","PTS"],"RegularSeason":{"PerGame":[null,0.5,2.3,0.214,null,null,null,0.2,0.2,1.0,null,null,null,0.2,null,null,null,1.0,1.2],"GS":null,"GP":6},"PostSeason":{}},"season":{"headerRank":["RANK_PG_MIN","RANK_PG_FGM","RANK_PG_FGA","RANK_FG_PCT","RANK_PG_FG3M","RANK_PG_FG3A","RANK_FG3_PCT","RANK_PG_FTM","RANK_PG_FTA","RANK_FT_PCT","RANK_PG_OREB","RANK_PG_DREB","RANK_PG_REB","RANK_PG_AST","RANK_PG_STL","RANK_PG_BLK","RANK_PG_TOV","RANK_PG_PTS","RANK_PG_EFF"],"headerGame":["PLAYER_ID","SEASON_YEAR","TOV","PTS","FGM","FG3M","FG3A","PF","BLK","STL","AST","REB"],"RegularSeason":{"1949":{"GameList":{"24900012":[78612,"0024900012","11/03/1949","SHE","Redskins","BOS","Celtics",0,2,0,0,0,0,0,0,0,0,0],"24900105":[78612,"0024900105","11/26/1949","SHE","Redskins","INO","Olympians",0,1,0,0,0,0,0,0,0,0,0],"24900066":[78612,"0024900066","11/17/1949","SHE","Redskins","WAT","Hawks",0,2,0,0,0,0,0,0,0,0,0],"24900063":[78612,"0024900063","11/16/1949","SHE","Redskins","WAT","Hawks",0,2,0,0,0,0,0,0,0,0,0],"24900005":[78612,"0024900005","11/01/1949","SHE","Redskins","ROC","Royals",0,0,0,0,0,0,0,0,0,0,0]},"data":[28.0,6,null,null,0.5,2.3,0.214,null,null,null,0.2,0.2,1.0,null,null,null,0.2,null,null,null,1.0,1.2],"rank":{"PerGame":[null,null,null,null,null,null,null,null,null,null,null,null,null,null,null,null,null,null,null],"Totals":[null,209,209,null,null,null,null,210,213,null,null,null,39,214,null,null,null,210,39]},"team":"SHE"}},"headerData":["PLAYER_AGE","GP","GS","MIN","FGM","FGA","FG_PCT","FG3M","FG3A","FG3_PCT","FTM","FTA","FT_PCT","OREB","DREB","REB","AST","STL","BLK","TOV","PF","PTS"],"PostSeason":{}}}