{"info":{"FIRST_NAME":"Bob","LAST_NAME":"Allen","WEIGHT":"205","COUNTRY":"USA","SCHOOL":"Marshall","BIRTHDATE":"1946-07-17T00:00:00","HEIGHT":"6-9","TO_YEAR":1968,"DLEAGUE":"N","FROM_YEAR":1968,"TEAM":"SFW","PERSON_ID":76028,"SEASON_EXP":0,"POSITION":"Forward","ROSTERSTATUS":"Active","ALL_STAR":0,"PIE":0,"JERSEY":"50"},"career":{"header":["MIN","FGM","FGA","FG_PCT","FG3M","FG3A","FG3_PCT","FTM","FTA","FT_PCT","OREB","DREB","REB","AST","STL","BLK","TOV","PF","PTS"],"RegularSeason":{"PerGame":[8.6,0.5,1.6,0.326,null,null,null,0.7,1.3,0.556,null,null,2.1,0.4,null,null,null,1.0,1.8],"GS":null,"GP":27},"PostSeason":{"PerGame":[6.3,0.0,1.3,0.0,null,null,null,1.3,2.3,0.571,null,null,2.0,0.0,null,null,null,0.7,1.3],"GS":null,"GP":3}},"season":{"headerRank":["RANK_PG_MIN","RANK_PG_FGM","RANK_PG_FGA","RANK_FG_PCT","RANK_PG_FG3M","RANK_PG_FG3A","RANK_FG3_PCT","RANK_PG_FTM","RANK_PG_FTA","RANK_FT_PCT","RANK_PG_OREB","RANK_PG_DREB","RANK_PG_REB","RANK_PG_AST","RANK_PG_STL","RANK_PG_BLK","RANK_PG_TOV","RANK_PG_PTS","RANK_PG_EFF"],"headerGame":["PLAYER_ID","SEASON_YEAR","TOV","PTS","FGM","FG3M","FG3A","PF","BLK","STL","AST","REB"],"RegularSeason":{"1968":{"GameList":{"26800197":[76028,"0026800197","12/11/1968","SFW","Warriors","MIL","Bucks",0,2,0,0,0,0,0,0,0,0,0],"26800096":[76028,"0026800096","11/15/1968","SFW","Warriors","DET","Pistons",0,2,0,0,0,0,0,0,0,0,0],"26800491":[76028,"0026800491","03/02/1969","SFW","Warriors","LAL","Lakers",0,0,0,0,0,0,0,0,0,0,0],"26800518":[76028,"0026800518","03/09/1969","SFW","Warriors","BOS","Celtics",0,5,0,0,0,0,0,0,0,0,0],"26800146":[76028,"0026800146","11/29/1968","SFW","Warriors","MIL","Bucks",0,0,0,0,0,0,0,0,0,0,0],"26800049":[76028,"0026800049","11/01/1968","SFW","Warriors","ATL","Hawks",0,0,0,0,0,0,0,0,0,0,0],"26800044":[76028,"0026800044","10/30/1968","SFW","Warriors","BLT","Bullets",0,2,0,0,0,0,0,0,0,0,0],"26800226":[76028,"0026800226","12/20/1968","SFW","Warriors","LAL","Lakers",0,1,0,0,0,0,0,0,0,0,0],"26800209":[76028,"0026800209","12/14/1968","SFW","Warriors","PHL","76ers",0,3,0,0,0,0,0,0,0,0,0],"26800221":[76028,"0026800221","12/18/1968","SFW","Warriors","BLT","Bullets",0,2,0,0,0,0,0,0,0,0,0],"26800107":[76028,"0026800107","11/19/1968","SFW","Warriors","CHI","Bulls",0,0,0,0,0,0,0,0,0,0,0],"26800354":[76028,"0026800354","01/26/1969","SFW","Warriors","PHX","Suns",0,3,0,0,0,0,0,0,0,0,0],"26800285":[76028,"0026800285","01/05/1969","SFW","Warriors","BOS","Celtics",0,2,0,0,0,0,0,0,0,0,0],"26803001":[76028,"0026803001","10/29/1968","SFW","Warriors","NYK","Knicks",0,4,0,0,0,0,0,0,0,0,0],"26800180":[76028,"0026800180","12/07/1968","SFW","Warriors","SEA","SuperSonics",0,4,0,0,0,0,0,0,0,0,0],"26800086":[76028,"0026800086","11/12/1968","SFW","Warriors","ATL","Hawks",0,1,0,0,0,0,0,0,0,0,0],"26800061":[76028,"0026800061","11/04/1968","SFW","Warriors","PHX","Suns",0,0,0,0,0,0,0,0,0,0,0],"26800215":[76028,"0026800215","12/17/1968","SFW","Warriors","NYK","Knicks",0,4,0,0,0,0,0,0,0,0,0],"26800237":[76028,"0026800237","12/23/1968","SFW","Warriors","SDR","Rockets",0,10,0,0,0,0,0,0,0,0,0],"26800176":[76028,"0026800176","12/06/1968","SFW","Warriors","SEA","SuperSonics",0,1,0,0,0,0,0,0,0,0,0],"26800170":[76028,"0026800170","12/04/1968","SFW","Warriors","PHX","Suns",0,2,0,0,0,0,0,0,0,0,0],"26800254":[76028,"0026800254","12/28/1968","SFW","Warriors","DET","Pistons",0,0,0,0,0,0,0,0,0,0,0],"26800547":[76028,"0026800547","03/18/1969","SFW","Warriors","ATL","Hawks",0,0,0,0,0,0,0,0,0,0,0],"26800055":[76028,"0026800055","11/02/1968","SFW","Warriors","MIL","Bucks",0,0,0,0,0,0,0,0,0,0,0],"26800565":[76028,"0026800565","03/22/1969","SFW","Warriors","NYK","Knicks",0,0,0,0,0,0,0,0,0,0,0],"26800447":[76028,"0026800447","02/19/1969","SFW","Warriors","PHL","76ers",0,0,0,0,0,0,0,0,0,0,0]},"data":[22.0,27,null,8.6,0.5,1.6,0.326,null,null,null,0.7,1.3,0.556,null,null,2.1,0.4,null,null,null,1.0,1.8],"rank":{"PerGame":[null,null,null,null,null,null,null,null,null,null,null,null,null,null,null,null,null,null,null],"Totals":[145,159,159,null,null,null,null,143,140,null,null,null,143,152,null,null,null,156,1]},"team":"SFW"}},"headerData":["PLAYER_AGE","GP","GS","MIN","FGM","FGA","FG_PCT","FG3M","FG3A","FG3_PCT","FTM","FTA","FT_PCT","OREB","DREB","REB","AST","STL","BLK","TOV","PF","PTS"],"PostSeason":{"1968":{"GameList":{"46800235":[76028,"0046800235","04/04/1969","SFW","Warriors","LAL","Lakers",0,0,0,0,0,0,0,0,0,0,0],"46800234":[76028,"0046800234","04/02/1969","SFW","Warriors","LAL","Lakers",0,4,0,0,0,0,0,0,0,0,0]},"data":[22.0,3,null,6.3,0.0,1.3,0.0,null,null,null,1.3,2.3,0.571,null,null,2.0,0.0,null,null,null,0.7,1.3],"rank":{"PerGame":[null,null,null,null,null,null,null,null,null,null,null,null,null,null,null,null,null,null,null],"Totals":[74,78,73,null,null,null,null,60,59,null,null,null,68,76,null,null,null,71,1]},"team":"SFW"}}}}