{"info":{"FIRST_NAME":"Bob","LAST_NAME":"Santini","WEIGHT":"190","COUNTRY":"USA","SCHOOL":"Iona","BIRTHDATE":"1935-02-17T00:00:00","HEIGHT":"6-5","TO_YEAR":1955,"DLEAGUE":"N","FROM_YEAR":1955,"TEAM":"NYK","PERSON_ID":78061,"SEASON_EXP":0,"POSITION":"Forward","ROSTERSTATUS":"Active","ALL_STAR":0,"PIE":0,"JERSEY":"5"},"career":{"header":["MIN","FGM","FGA","FG_PCT","FG3M","FG3A","FG3_PCT","FTM","FTA","FT_PCT","OREB","DREB","REB","AST","STL","BLK","TOV","PF","PTS"],"RegularSeason":{"PerGame":[5.8,1.3,2.5,0.5,null,null,null,0.3,0.5,0.5,null,null,0.8,0.3,null,null,null,1.0,2.8],"GS":null,"GP":4},"PostSeason":{}},"season":{"headerRank":["RANK_PG_MIN","RANK_PG_FGM","RANK_PG_FGA","RANK_FG_PCT","RANK_PG_FG3M","RANK_PG_FG3A","RANK_FG3_PCT","RANK_PG_FTM","RANK_PG_FTA","RANK_FT_PCT","RANK_PG_OREB","RANK_PG_DREB","RANK_PG_REB","RANK_PG_AST","RANK_PG_STL","RANK_PG_BLK","RANK_PG_TOV","RANK_PG_PTS","RANK_PG_EFF"],"headerGame":["PLAYER_ID","SEASON_YEAR","TOV","PTS","FGM","FG3M","FG3A","PF","BLK","STL","AST","REB"],"RegularSeason":{"1955":{"GameList":{"25500017":[78061,"0025500017","11/15/1955","NYK","Knicks","STL","Hawks",0,5,0,0,0,0,0,0,0,0,0],"25500020":[78061,"0025500020","11/17/1955","NYK","Knicks","FTW","Pistons",0,0,0,0,0,0,0,0,0,0,0],"25500008":[78061,"0025500008","11/10/1955","NYK","Knicks","MNL","Lakers",0,0,0,0,0,0,0,0,0,0,0],"25500002":[78061,"0025500002","11/05/1955","NYK","Knicks","ROC","Royals",0,6,0,0,0,0,0,0,0,0,0]},"data":[21.0,4,null,5.8,1.3,2.5,0.5,null,null,null,0.3,0.5,0.5,null,null,0.8,0.3,null,null,null,1.0,2.8],"rank":{"PerGame":[null,null,null,null,null,null,null,null,null,null,null,null,null,null,null,null,null,null,null],"Totals":[91,90,90,null,null,null,null,92,90,null,null,null,92,90,null,null,null,91,1]},"team":"NYK"}},"headerData":["PLAYER_AGE","GP","GS","MIN","FGM","FGA","FG_PCT","FG3M","FG3A","FG3_PCT","FTM","FTA","FT_PCT","OREB","DREB","REB","AST","STL","BLK","TOV","PF","PTS"],"PostSeason":{}}}