{"info":{"FIRST_NAME":"Bob","LAST_NAME":"Greacen","WEIGHT":"206","COUNTRY":"USA","SCHOOL":"Rutgers","BIRTHDATE":"1947-09-15T00:00:00","HEIGHT":"6-7","TO_YEAR":1970,"DLEAGUE":"N","FROM_YEAR":1969,"TEAM":"MIL","PERSON_ID":76865,"SEASON_EXP":1,"POSITION":"Forward","ROSTERSTATUS":"Active","ALL_STAR":0,"PIE":0,"JERSEY":"18"},"career":{"header":["MIN","FGM","FGA","FG_PCT","FG3M","FG3A","FG3_PCT","FTM","FTA","FT_PCT","OREB","DREB","REB","AST","STL","BLK","TOV","PF","PTS"],"RegularSeason":{"PerGame":[7.8,1.0,2.8,0.372,null,null,null,0.5,0.8,0.6,null,null,1.5,0.9,null,null,null,1.3,2.6],"GS":null,"GP":43},"PostSeason":{"PerGame":[3.0,0.6,1.9,0.333,null,null,null,0.5,0.6,0.8,null,null,0.9,0.4,null,null,null,0.5,1.8],"GS":null,"GP":8}},"season":{"headerRank":["RANK_PG_MIN","RANK_PG_FGM","RANK_PG_FGA","RANK_FG_PCT","RANK_PG_FG3M","RANK_PG_FG3A","RANK_FG3_PCT","RANK_PG_FTM","RANK_PG_FTA","RANK_FT_PCT","RANK_PG_OREB","RANK_PG_DREB","RANK_PG_REB","RANK_PG_AST","RANK_PG_STL","RANK_PG_BLK","RANK_PG_TOV","RANK_PG_PTS","RANK_PG_EFF"],"headerGame":["PLAYER_ID","SEASON_YEAR","TOV","PTS","FGM","FG3M","FG3A","PF","BLK","STL","AST","REB"],"RegularSeason":{"1969":{"GameList":{"26900511":[76865,"0026900511","03/08/1970","MIL","Bucks","BOS","Celtics",0,8,0,0,0,0,0,0,0,0,0],"26900108":[76865,"0026900108","11/18/1969","MIL","Bucks","SFW","Warriors",0,14,0,0,0,0,0,0,0,0,0],"26900517":[76865,"0026900517","03/10/1970","MIL","Bucks","ATL","Hawks",0,0,0,0,0,0,0,0,0,0,0],"26900516":[76865,"0026900516","03/09/1970","MIL","Bucks","SEA","SuperSonics",0,4,0,0,0,0,0,0,0,0,0],"26900245":[76865,"0026900245","12/26/1969","MIL","Bucks","DET","Pistons",0,0,0,0,0,0,0,0,0,0,0],"26900360":[76865,"0026900360","01/26/1970","MIL","Bucks","PHL","76ers",0,4,0,0,0,0,0,0,0,0,0],"26900472":[76865,"0026900472","02/24/1970","MIL","Bucks","DET","Pistons",0,3,0,0,0,0,0,0,0,0,0],"26900416":[76865,"0026900416","02/08/1970","MIL","Bucks","BLT","Bullets",0,2,0,0,0,0,0,0,0,0,0],"26900535":[76865,"0026900535","03/15/1970","MIL","Bucks","CHI","Bulls",0,1,0,0,0,0,0,0,0,0,0],"26900365":[76865,"0026900365","01/28/1970","MIL","Bucks","CIN","Royals",0,0,0,0,0,0,0,0,0,0,0],"26900124":[76865,"0026900124","11/22/1969","MIL","Bucks","CHI","Bulls",0,3,0,0,0,0,0,0,0,0,0],"26900263":[76865,"0026900263","12/31/1969","MIL","Bucks","SDR","Rockets",0,2,0,0,0,0,0,0,0,0,0],"26900328":[76865,"0026900328","01/17/1970","MIL","Bucks","CHI","Bulls",0,0,0,0,0,0,0,0,0,0,0],"26900149":[76865,"0026900149","11/29/1969","MIL","Bucks","PHL","76ers",0,2,0,0,0,0,0,0,0,0,0],"26900208":[76865,"0026900208","12/14/1969","MIL","Bucks","SDR","Rockets",0,0,0,0,0,0,0,0,0,0,0],"26900080":[76865,"0026900080","11/11/1969","MIL","Bucks","BOS","Celtics",0,0,0,0,0,0,0,0,0,0,0],"26900305":[76865,"0026900305","01/10/1970","MIL","Bucks","BOS","Celtics",0,2,0,0,0,0,0,0,0,0,0],"26900140":[76865,"0026900140","11/26/1969","MIL","Bucks","LAL","Lakers",0,2,0,0,0,0,0,0,0,0,0],"26900395":[76865,"0026900395","02/04/1970","MIL","Bucks","SDR","Rockets",0,0,0,0,0,0,0,0,0,0,0],"26900480":[76865,"0026900480","02/27/1970","MIL","Bucks","DET","Pistons",0,0,0,0,0,0,0,0,0,0,0],"26900072":[76865,"0026900072","11/08/1969","MIL","Bucks","DET","Pistons",0,0,0,0,0,0,0,0,0,0,0],"26900457":[76865,"0026900457","02/20/1970","MIL","Bucks","LAL","Lakers",0,9,0,0,0,0,0,0,0,0,0],"26900197":[76865,"0026900197","12/12/1969","MIL","Bucks","SFW","Warriors",0,0,0,0,0,0,0,0,0,0,0],"26900055":[76865,"0026900055","11/03/1969","MIL","Bucks","NYK","Knicks",0,18,0,0,0,0,0,0,0,0,0],"26900545":[76865,"0026900545","03/18/1970","MIL","Bucks","NYK","Knicks",0,0,0,0,0,0,0,0,0,0,0],"26900405":[76865,"0026900405","02/06/1970","MIL","Bucks","LAL","Lakers",0,0,0,0,0,0,0,0,0,0,0],"26900290":[76865,"0026900290","01/07/1970","MIL","Bucks","CIN","Royals",0,2,0,0,0,0,0,0,0,0,0],"26900374":[76865,"0026900374","01/30/1970","MIL","Bucks","CHI","Bulls",0,2,0,0,0,0,0,0,0,0,0],"26900502":[76865,"0026900502","03/05/1970","MIL","Bucks","ATL","Hawks",0,2,0,0,0,0,0,0,0,0,0],"26900354":[76865,"0026900354","01/25/1970","MIL","Bucks","ATL","Hawks",0,0,0,0,0,0,0,0,0,0,0],"26900132":[76865,"0026900132","11/25/1969","MIL","Bucks","ATL","Hawks",0,0,0,0,0,0,0,0,0,0,0],"26900154":[76865,"0026900154","11/30/1969","MIL","Bucks","SDR","Rockets",0,0,0,0,0,0,0,0,0,0,0],"26900130":[76865,"0026900130","11/24/1969","MIL","Bucks","CIN","Royals",0,8,0,0,0,0,0,0,0,0,0],"26900216":[76865,"0026900216","12/17/1969","MIL","Bucks","BOS","Celtics",0,0,0,0,0,0,0,0,0,0,0],"26900172":[76865,"0026900172","12/05/1969","MIL","Bucks","SEA","SuperSonics",0,1,0,0,0,0,0,0,0,0,0],"26900093":[76865,"0026900093","11/14/1969","MIL","Bucks","CHI","Bulls",0,3,0,0,0,0,0,0,0,0,0],"26900177":[76865,"0026900177","12/06/1969","MIL","Bucks","NYK","Knicks",0,2,0,0,0,0,0,0,0,0,0],"26900315":[76865,"0026900315","01/13/1970","MIL","Bucks","CIN","Royals",0,0,0,0,0,0,0,0,0,0,0],"26900332":[76865,"0026900332","01/18/1970","MIL","Bucks","SFW","Warriors",0,0,0,0,0,0,0,0,0,0,0],"26900559":[76865,"0026900559","03/22/1970","MIL","Bucks","CHI","Bulls",0,6,0,0,0,0,0,0,0,0,0],"26900550":[76865,"0026900550","03/20/1970","MIL","Bucks","PHL","76ers",0,6,0,0,0,0,0,0,0,0,0],"26900435":[76865,"0026900435","02/14/1970","MIL","Bucks","BOS","Celtics",0,0,0,0,0,0,0,0,0,0,0]},"data":[22.0,41,null,7.1,1.1,2.7,0.404,null,null,null,0.4,0.7,0.643,null,null,1.4,0.7,null,null,null,1.2,2.6],"rank":{"PerGame":[null,null,null,null,null,null,null,null,null,null,null,null,null,null,null,null,null,null,null],"Totals":[149,150,149,null,null,null,null,154,154,null,null,null,150,146,null,null,null,152,1]},"team":"MIL"},"1970":{"GameList":{"27000668":[76865,"0027000668","03/16/1971","MIL","Bucks","PHX","Suns",0,0,0,0,0,0,0,0,0,0,0],"27000794":[76865,"0027000794","03/19/1971","MIL","Bucks","SDR","Rockets",0,5,0,0,0,0,0,0,0,0,0]},"data":[23.0,2,null,21.5,0.5,6.0,0.083,null,null,null,1.5,3.5,0.429,null,null,3.0,6.5,null,null,null,3.5,2.5],"rank":{"PerGame":[null,null,null,null,null,null,null,null,null,null,null,null,null,null,null,null,null,null,null],"Totals":[207,212,207,null,null,null,null,208,205,null,null,null,209,188,null,null,null,212,1]},"team":"MIL"}},"headerData":["PLAYER_AGE","GP","GS","MIN","FGM","FGA","FG_PCT","FG3M","FG3A","FG3_PCT","FTM","FTA","FT_PCT","OREB","DREB","REB","AST","STL","BLK","TOV","PF","PTS"],"PostSeason":{"1969":{"GameList":{"46900233":[76865,"0046900233","03/30/1970","MIL","Bucks","PHL","76ers",0,2,0,0,0,0,0,0,0,0,0]},"data":[22.0,1,null,8.0,1.0,4.0,0.25,null,null,null,0.0,1.0,0.0,null,null,2.0,3.0,null,null,null,0.0,2.0],"rank":{"PerGame":[null,null,null,null,null,null,null,null,null,null,null,null,null,null,null,null,null,null,null],"Totals":[83,85,82,null,null,null,null,80,79,null,null,null,84,66,null,null,null,86,1]},"team":"MIL"},"1970":{"GameList":{"47000232":[76865,"0047000232","03/29/1971","MIL","Bucks","SFW","Warriors",0,0,0,0,0,0,0,0,0,0,0],"47000325":[76865,"0047000325","04/18/1971","MIL","Bucks","LAL","Lakers",0,2,0,0,0,0,0,0,0,0,0],"47000323":[76865,"0047000323","04/14/1971","MIL","Bucks","LAL","Lakers",0,2,0,0,0,0,0,0,0,0,0],"47000321":[76865,"0047000321","04/09/1971","MIL","Bucks","LAL","Lakers",0,2,0,0,0,0,0,0,0,0,0],"47000414":[76865,"0047000414","04/30/1971","MIL","Bucks","BLT","Bullets",0,0,0,0,0,0,0,0,0,0,0],"47000235":[76865,"0047000235","04/04/1971","MIL","Bucks","SFW","Warriors",0,6,0,0,0,0,0,0,0,0,0]},"data":[23.0,7,null,2.3,0.6,1.6,0.364,null,null,null,0.6,0.6,1.0,null,null,0.7,0.0,null,null,null,0.6,1.7],"rank":{"PerGame":[null,null,null,null,null,null,null,null,null,null,null,null,null,null,null,null,null,null,null],"Totals":[75,67,69,null,null,null,null,57,66,null,null,null,70,76,null,null,null,66,1]},"team":"MIL"}}}}