{"info":{"FIRST_NAME":"Bob","LAST_NAME":"Armstrong","WEIGHT":"220","COUNTRY":"USA","SCHOOL":"Michigan State","BIRTHDATE":"1933-06-17T00:00:00","HEIGHT":"6-8","TO_YEAR":1956,"DLEAGUE":"N","FROM_YEAR":1956,"TEAM":"PHW","PERSON_ID":76061,"SEASON_EXP":0,"POSITION":"Center","ROSTERSTATUS":"Active","ALL_STAR":0,"PIE":0,"JERSEY":"19"},"career":{"header":["MIN","FGM","FGA","FG_PCT","FG3M","FG3A","FG3_PCT","FTM","FTA","FT_PCT","OREB","DREB","REB","AST","STL","BLK","TOV","PF","PTS"],"RegularSeason":{"PerGame":[5.8,0.6,1.9,0.297,null,null,null,0.3,0.6,0.5,null,null,2.1,0.2,null,null,null,0.7,1.5],"GS":null,"GP":19},"PostSeason":{}},"season":{"headerRank":["RANK_PG_MIN","RANK_PG_FGM","RANK_PG_FGA","RANK_FG_PCT","RANK_PG_FG3M","RANK_PG_FG3A","RANK_FG3_PCT","RANK_PG_FTM","RANK_PG_FTA","RANK_FT_PCT","RANK_PG_OREB","RANK_PG_DREB","RANK_PG_REB","RANK_PG_AST","RANK_PG_STL","RANK_PG_BLK","RANK_PG_TOV","RANK_PG_PTS","RANK_PG_EFF"],"headerGame":["PLAYER_ID","SEASON_YEAR","TOV","PTS","FGM","FG3M","FG3A","PF","BLK","STL","AST","REB"],"RegularSeason":{"1956":{"GameList":{"25600063":[76061,"0025600063","12/01/1956","PHW","Warriors","STL","Hawks",0,0,0,0,0,0,0,0,0,0,0],"25600061":[76061,"0025600061","11/30/1956","PHW","Warriors","NYK","Knicks",0,0,0,0,0,0,0,0,0,0,0],"25600055":[76061,"0025600055","11/27/1956","PHW","Warriors","MNL","Lakers",0,2,0,0,0,0,0,0,0,0,0],"25600067":[76061,"0025600067","12/02/1956","PHW","Warriors","MNL","Lakers",0,0,0,0,0,0,0,0,0,0,0],"25600053":[76061,"0025600053","11/25/1956","PHW","Warriors","FTW","Pistons",0,4,0,0,0,0,0,0,0,0,0],"25600084":[76061,"0025600084","12/11/1956","PHW","Warriors","MNL","Lakers",0,2,0,0,0,0,0,0,0,0,0],"25600037":[76061,"0025600037","11/18/1956","PHW","Warriors","SYR","Nationals",0,0,0,0,0,0,0,0,0,0,0],"25600033":[76061,"0025600033","11/17/1956","PHW","Warriors","SYR","Nationals",0,2,0,0,0,0,0,0,0,0,0],"25600089":[76061,"0025600089","12/15/1956","PHW","Warriors","SYR","Nationals",0,0,0,0,0,0,0,0,0,0,0],"25600049":[76061,"0025600049","11/24/1956","PHW","Warriors","FTW","Pistons",0,0,0,0,0,0,0,0,0,0,0],"25600123":[76061,"0025600123","01/01/1957","PHW","Warriors","BOS","Celtics",0,0,0,0,0,0,0,0,0,0,0],"25600108":[76061,"0025600108","12/26/1956","PHW","Warriors","BOS","Celtics",0,4,0,0,0,0,0,0,0,0,0],"25600045":[76061,"0025600045","11/22/1956","PHW","Warriors","BOS","Celtics",0,0,0,0,0,0,0,0,0,0,0],"25600126":[76061,"0025600126","01/03/1957","PHW","Warriors","STL","Hawks",0,1,0,0,0,0,0,0,0,0,0],"25600128":[76061,"0025600128","01/04/1957","PHW","Warriors","STL","Hawks",0,0,0,0,0,0,0,0,0,0,0],"25600042":[76061,"0025600042","11/21/1956","PHW","Warriors","BOS","Celtics",0,0,0,0,0,0,0,0,0,0,0],"25600113":[76061,"0025600113","12/27/1956","PHW","Warriors","NYK","Knicks",0,6,0,0,0,0,0,0,0,0,0],"25600031":[76061,"0025600031","11/15/1956","PHW","Warriors","ROC","Royals",0,0,0,0,0,0,0,0,0,0,0],"25600032":[76061,"0025600032","11/16/1956","PHW","Warriors","MNL","Lakers",0,7,0,0,0,0,0,0,0,0,0],"25600156":[76061,"0025600156","01/18/1957","PHW","Warriors","SYR","Nationals",0,0,0,0,0,0,0,0,0,0,0]},"data":[24.0,19,null,5.8,0.6,1.9,0.297,null,null,null,0.3,0.6,0.5,null,null,2.1,0.2,null,null,null,0.7,1.5],"rank":{"PerGame":[null,null,null,null,null,null,null,null,null,null,null,null,null,null,null,null,null,null,null],"Totals":[87,88,88,null,null,null,null,87,86,null,null,null,84,86,null,null,null,88,1]},"team":"PHW"}},"headerData":["PLAYER_AGE","GP","GS","MIN","FGM","FGA","FG_PCT","FG3M","FG3A","FG3_PCT","FTM","FTA","FT_PCT","OREB","DREB","REB","AST","STL","BLK","TOV","PF","PTS"],"PostSeason":{}}}