{"info":{"FIRST_NAME":"Bob","LAST_NAME":"Hubbard","WEIGHT":"215","COUNTRY":"USA","SCHOOL":"Springfield","BIRTHDATE":"1922-12-27T00:00:00","HEIGHT":"6-6","TO_YEAR":1948,"DLEAGUE":"N","FROM_YEAR":1947,"TEAM":"PRO","PERSON_ID":77072,"SEASON_EXP":1,"POSITION":"Center","ROSTERSTATUS":"Active","ALL_STAR":0,"PIE":0,"JERSEY":""},"career":{"header":["MIN","FGM","FGA","FG_PCT","FG3M","FG3A","FG3_PCT","FTM","FTA","FT_PCT","OREB","DREB","REB","AST","STL","BLK","TOV","PF","PTS"],"RegularSeason":{"PerGame":[null,1.3,5.4,0.249,null,null,null,0.9,1.4,0.674,null,null,null,0.5,null,null,null,1.2,3.6],"GS":null,"GP":62},"PostSeason":{}},"season":{"headerRank":["RANK_PG_MIN","RANK_PG_FGM","RANK_PG_FGA","RANK_FG_PCT","RANK_PG_FG3M","RANK_PG_FG3A","RANK_FG3_PCT","RANK_PG_FTM","RANK_PG_FTA","RANK_FT_PCT","RANK_PG_OREB","RANK_PG_DREB","RANK_PG_REB","RANK_PG_AST","RANK_PG_STL","RANK_PG_BLK","RANK_PG_TOV","RANK_PG_PTS","RANK_PG_EFF"],"headerGame":["PLAYER_ID","SEASON_YEAR","TOV","PTS","FGM","FG3M","FG3A","PF","BLK","STL","AST","REB"],"RegularSeason":{"1948":{"GameList":{"24800183":[77072,"0024800183","01/12/1949","PRO","Steamrollers","MNL","Lakers",0,2,0,0,0,0,0,0,0,0,0],"24800179":[77072,"0024800179","01/11/1949","PRO","Steamrollers","JET","Jets",0,1,0,0,0,0,0,0,0,0,0],"24800194":[77072,"0024800194","01/16/1949","PRO","Steamrollers","FTW","Pistons",0,1,0,0,0,0,0,0,0,0,0],"24800141":[77072,"0024800141","12/29/1948","PRO","Steamrollers","BAL","Bullets",0,4,0,0,0,0,0,0,0,0,0],"24800343":[77072,"0024800343","03/15/1949","PRO","Steamrollers","JET","Jets",0,0,0,0,0,0,0,0,0,0,0],"24800301":[77072,"0024800301","02/26/1949","PRO","Steamrollers","BOM","Bombers",0,0,0,0,0,0,0,0,0,0,0],"24800171":[77072,"0024800171","01/08/1949","PRO","Steamrollers","BOS","Celtics",0,0,0,0,0,0,0,0,0,0,0],"24800349":[77072,"0024800349","03/16/1949","PRO","Steamrollers","BOM","Bombers",0,1,0,0,0,0,0,0,0,0,0],"24800201":[77072,"0024800201","01/20/1949","PRO","Steamrollers","WAS","Capitols",0,0,0,0,0,0,0,0,0,0,0],"24800222":[77072,"0024800222","01/27/1949","PRO","Steamrollers","BAL","Bullets",0,1,0,0,0,0,0,0,0,0,0],"24800152":[77072,"0024800152","01/01/1949","PRO","Steamrollers","JET","Jets",0,4,0,0,0,0,0,0,0,0,0],"24800324":[77072,"0024800324","03/08/1949","PRO","Steamrollers","CHS","Stags",0,2,0,0,0,0,0,0,0,0,0],"24800113":[77072,"0024800113","12/16/1948","PRO","Steamrollers","FTW","Pistons",0,11,0,0,0,0,0,0,0,0,0],"24800158":[77072,"0024800158","01/04/1949","PRO","Steamrollers","CHS","Stags",0,2,0,0,0,0,0,0,0,0,0],"24800117":[77072,"0024800117","12/18/1948","PRO","Steamrollers","PHW","Warriors",0,15,0,0,0,0,0,0,0,0,0],"24800284":[77072,"0024800284","02/19/1949","PRO","Steamrollers","MNL","Lakers",0,3,0,0,0,0,0,0,0,0,0],"24800319":[77072,"0024800319","03/05/1949","PRO","Steamrollers","ROC","Royals",0,0,0,0,0,0,0,0,0,0,0],"24800131":[77072,"0024800131","12/25/1948","PRO","Steamrollers","BAL","Bullets",0,2,0,0,0,0,0,0,0,0,0],"24800352":[77072,"0024800352","03/17/1949","PRO","Steamrollers","FTW","Pistons",0,0,0,0,0,0,0,0,0,0,0],"24800165":[77072,"0024800165","01/06/1949","PRO","Steamrollers","CHS","Stags",0,1,0,0,0,0,0,0,0,0,0],"24800189":[77072,"0024800189","01/15/1949","PRO","Steamrollers","BOM","Bombers",0,0,0,0,0,0,0,0,0,0,0],"24800278":[77072,"0024800278","02/17/1949","PRO","Steamrollers","BAL","Bullets",0,1,0,0,0,0,0,0,0,0,0],"24800146":[77072,"0024800146","12/30/1948","PRO","Steamrollers","CHS","Stags",0,6,0,0,0,0,0,0,0,0,0],"24800315":[77072,"0024800315","03/03/1949","PRO","Steamrollers","NYK","Knicks",0,0,0,0,0,0,0,0,0,0,0],"24800215":[77072,"0024800215","01/25/1949","PRO","Steamrollers","BOS","Celtics",0,4,0,0,0,0,0,0,0,0,0],"24800337":[77072,"0024800337","03/12/1949","PRO","Steamrollers","PHW","Warriors",0,0,0,0,0,0,0,0,0,0,0],"24800128":[77072,"0024800128","12/23/1948","PRO","Steamrollers","BOM","Bombers",0,5,0,0,0,0,0,0,0,0,0],"24800219":[77072,"0024800219","01/26/1949","PRO","Steamrollers","NYK","Knicks",0,0,0,0,0,0,0,0,0,0,0],"24800148":[77072,"0024800148","12/31/1948","PRO","Steamrollers","BOS","Celtics",0,1,0,0,0,0,0,0,0,0,0],"24800322":[77072,"0024800322","03/06/1949","PRO","Steamrollers","MNL","Lakers",0,3,0,0,0,0,0,0,0,0,0],"24800227":[77072,"0024800227","01/29/1949","PRO","Steamrollers","BOS","Celtics",0,0,0,0,0,0,0,0,0,0,0],"24800293":[77072,"0024800293","02/23/1949","PRO","Steamrollers","WAS","Capitols",0,0,0,0,0,0,0,0,0,0,0],"24800296":[77072,"0024800296","02/24/1949","PRO","Steamrollers","NYK","Knicks",0,0,0,0,0,0,0,0,0,0,0],"24800127":[77072,"0024800127","12/22/1948","PRO","Steamrollers","WAS","Capitols",0,2,0,0,0,0,0,0,0,0,0]},"data":[26.0,34,null,null,0.7,4.0,0.185,null,null,null,0.6,1.0,0.647,null,null,null,0.5,null,null,null,1.1,2.1],"rank":{},"team":"PRO"},"1947":{"GameList":{"24700081":[77072,"0024700081","01/06/1948","PRO","Steamrollers","BAL","Bullets",0,2,0,0,0,0,0,0,0,0,0],"24700087":[77072,"0024700087","01/10/1948","PRO","Steamrollers","BOS","Celtics",0,0,0,0,0,0,0,0,0,0,0],"24700113":[77072,"0024700113","01/28/1948","PRO","Steamrollers","NYK","Knicks",0,14,0,0,0,0,0,0,0,0,0],"24700112":[77072,"0024700112","01/27/1948","PRO","Steamrollers","BOM","Bombers",0,4,0,0,0,0,0,0,0,0,0],"24700136":[77072,"0024700136","02/11/1948","PRO","Steamrollers","NYK","Knicks",0,14,0,0,0,0,0,0,0,0,0],"24700134":[77072,"0024700134","02/10/1948","PRO","Steamrollers","WAS","Capitols",0,4,0,0,0,0,0,0,0,0,0],"24700119":[77072,"0024700119","01/31/1948","PRO","Steamrollers","BAL","Bullets",0,6,0,0,0,0,0,0,0,0,0],"24700117":[77072,"0024700117","01/30/1948","PRO","Steamrollers","BOS","Celtics",0,7,0,0,0,0,0,0,0,0,0],"24700130":[77072,"0024700130","02/07/1948","PRO","Steamrollers","WAS","Capitols",0,6,0,0,0,0,0,0,0,0,0],"24700173":[77072,"0024700173","03/09/1948","PRO","Steamrollers","BOM","Bombers",0,0,0,0,0,0,0,0,0,0,0],"24700179":[77072,"0024700179","03/13/1948","PRO","Steamrollers","BOS","Celtics",0,2,0,0,0,0,0,0,0,0,0],"24700191":[77072,"0024700191","03/20/1948","PRO","Steamrollers","BAL","Bullets",0,2,0,0,0,0,0,0,0,0,0],"24700150":[77072,"0024700150","02/21/1948","PRO","Steamrollers","CHS","Stags",0,5,0,0,0,0,0,0,0,0,0],"24700107":[77072,"0024700107","01/24/1948","PRO","Steamrollers","WAS","Capitols",0,17,0,0,0,0,0,0,0,0,0],"24700105":[77072,"0024700105","01/22/1948","PRO","Steamrollers","CHS","Stags",0,2,0,0,0,0,0,0,0,0,0],"24700098":[77072,"0024700098","01/18/1948","PRO","Steamrollers","BOM","Bombers",0,7,0,0,0,0,0,0,0,0,0],"24700125":[77072,"0024700125","02/04/1948","PRO","Steamrollers","NYK","Knicks",0,4,0,0,0,0,0,0,0,0,0],"24700126":[77072,"0024700126","02/05/1948","PRO","Steamrollers","BAL","Bullets",0,16,0,0,0,0,0,0,0,0,0],"24700077":[77072,"0024700077","01/03/1948","PRO","Steamrollers","CHS","Stags",0,3,0,0,0,0,0,0,0,0,0],"24700123":[77072,"0024700123","02/03/1948","PRO","Steamrollers","NYK","Knicks",0,8,0,0,0,0,0,0,0,0,0],"24700160":[77072,"0024700160","02/28/1948","PRO","Steamrollers","PHW","Warriors",0,0,0,0,0,0,0,0,0,0,0],"24700188":[77072,"0024700188","03/18/1948","PRO","Steamrollers","PHW","Warriors",0,5,0,0,0,0,0,0,0,0,0],"24700143":[77072,"0024700143","02/15/1948","PRO","Steamrollers","CHS","Stags",0,7,0,0,0,0,0,0,0,0,0],"24700140":[77072,"0024700140","02/13/1948","PRO","Steamrollers","BOS","Celtics",0,5,0,0,0,0,0,0,0,0,0],"24700182":[77072,"0024700182","03/16/1948","PRO","Steamrollers","PHW","Warriors",0,6,0,0,0,0,0,0,0,0,0],"24700184":[77072,"0024700184","03/17/1948","PRO","Steamrollers","WAS","Capitols",0,2,0,0,0,0,0,0,0,0,0],"24700149":[77072,"0024700149","02/19/1948","PRO","Steamrollers","BOM","Bombers",0,4,0,0,0,0,0,0,0,0,0]},"data":[25.0,28,null,null,2.1,7.1,0.291,null,null,null,1.3,1.9,0.692,null,null,null,0.4,null,null,null,1.2,5.4],"rank":{},"team":"PRO"}},"headerData":["PLAYER_AGE","GP","GS","MIN","FGM","FGA","FG_PCT","FG3M","FG3A","FG3_PCT","FTM","FTA","FT_PCT","OREB","DREB","REB","AST","STL","BLK","TOV","PF","PTS"],"PostSeason":{}}}