{"info":{"FIRST_NAME":"Bob","LAST_NAME":"Gantt","WEIGHT":"205","COUNTRY":"USA","SCHOOL":"Duke","BIRTHDATE":"1922-06-22T00:00:00","HEIGHT":"6-4","TO_YEAR":1946,"DLEAGUE":"N","FROM_YEAR":1946,"TEAM":"WAS","PERSON_ID":76776,"SEASON_EXP":0,"POSITION":"Forward","ROSTERSTATUS":"Active","ALL_STAR":0,"PIE":0,"JERSEY":""},"career":{"header":["MIN","FGM","FGA","FG_PCT","FG3M","FG3A","FG3_PCT","FTM","FTA","FT_PCT","OREB","DREB","REB","AST","STL","BLK","TOV","PF","PTS"],"RegularSeason":{"PerGame":[null,1.3,3.9,0.326,null,null,null,0.6,1.2,0.464,null,null,null,0.2,null,null,null,2.0,3.1],"GS":null,"GP":23},"PostSeason":{"PerGame":[null,0.5,1.5,0.333,null,null,null,0.0,0.5,0.0,null,null,null,0.0,null,null,null,0.0,1.0],"GS":null,"GP":2}},"season":{"headerRank":["RANK_PG_MIN","RANK_PG_FGM","RANK_PG_FGA","RANK_FG_PCT","RANK_PG_FG3M","RANK_PG_FG3A","RANK_FG3_PCT","RANK_PG_FTM","RANK_PG_FTA","RANK_FT_PCT","RANK_PG_OREB","RANK_PG_DREB","RANK_PG_REB","RANK_PG_AST","RANK_PG_STL","RANK_PG_BLK","RANK_PG_TOV","RANK_PG_PTS","RANK_PG_EFF"],"headerGame":["PLAYER_ID","SEASON_YEAR","TOV","PTS","FGM","FG3M","FG3A","PF","BLK","STL","AST","REB"],"RegularSeason":{"1946":{"GameList":{"24600248":[76776,"0024600248","02/22/1947","WAS","Capitols","PIT","Ironmen",0,4,0,0,0,0,0,0,0,0,0],"24600249":[76776,"0024600249","02/23/1947","WAS","Capitols","CLR","Rebels",0,8,0,0,0,0,0,0,0,0,0],"24600260":[76776,"0024600260","02/26/1947","WAS","Capitols","NYK","Knicks",0,4,0,0,0,0,0,0,0,0,0],"24600266":[76776,"0024600266","03/01/1947","WAS","Capitols","BOS","Celtics",0,2,0,0,0,0,0,0,0,0,0],"24600296":[76776,"0024600296","03/14/1947","WAS","Capitols","NYK","Knicks",0,0,0,0,0,0,0,0,0,0,0],"24600222":[76776,"0024600222","02/12/1947","WAS","Capitols","NYK","Knicks",0,3,0,0,0,0,0,0,0,0,0],"24600292":[76776,"0024600292","03/13/1947","WAS","Capitols","CHS","Stags",0,4,0,0,0,0,0,0,0,0,0],"24600312":[76776,"0024600312","03/22/1947","WAS","Capitols","NYK","Knicks",0,0,0,0,0,0,0,0,0,0,0],"24600195":[76776,"0024600195","01/31/1947","WAS","Capitols","HUS","Huskies",0,0,0,0,0,0,0,0,0,0,0],"24600218":[76776,"0024600218","02/10/1947","WAS","Capitols","PIT","Ironmen",0,0,0,0,0,0,0,0,0,0,0],"24600191":[76776,"0024600191","01/29/1947","WAS","Capitols","BOS","Celtics",0,0,0,0,0,0,0,0,0,0,0],"24600199":[76776,"0024600199","02/02/1947","WAS","Capitols","CLR","Rebels",0,6,0,0,0,0,0,0,0,0,0],"24600279":[76776,"0024600279","03/07/1947","WAS","Capitols","HUS","Huskies",0,8,0,0,0,0,0,0,0,0,0],"24600255":[76776,"0024600255","02/24/1947","WAS","Capitols","BOS","Celtics",0,7,0,0,0,0,0,0,0,0,0],"24600230":[76776,"0024600230","02/15/1947","WAS","Capitols","PHW","Warriors",0,0,0,0,0,0,0,0,0,0,0],"24600239":[76776,"0024600239","02/19/1947","WAS","Capitols","HUS","Huskies",0,2,0,0,0,0,0,0,0,0,0],"24600274":[76776,"0024600274","03/05/1947","WAS","Capitols","DEF","Falcons",0,0,0,0,0,0,0,0,0,0,0],"24600281":[76776,"0024600281","03/08/1947","WAS","Capitols","BOM","Bombers",0,2,0,0,0,0,0,0,0,0,0],"24600286":[76776,"0024600286","03/11/1947","WAS","Capitols","PHW","Warriors",0,0,0,0,0,0,0,0,0,0,0],"24600320":[76776,"0024600320","03/26/1947","WAS","Capitols","CHS","Stags",0,7,0,0,0,0,0,0,0,0,0],"24600326":[76776,"0024600326","03/29/1947","WAS","Capitols","CLR","Rebels",0,6,0,0,0,0,0,0,0,0,0],"24600303":[76776,"0024600303","03/19/1947","WAS","Capitols","PRO","Steamrollers",0,2,0,0,0,0,0,0,0,0,0]},"data":[25.0,23,null,null,1.3,3.9,0.326,null,null,null,0.6,1.2,0.464,null,null,null,0.2,null,null,null,2.0,3.1],"rank":{},"team":"WAS"}},"headerData":["PLAYER_AGE","GP","GS","MIN","FGM","FGA","FG_PCT","FG3M","FG3A","FG3_PCT","FTM","FTA","FT_PCT","OREB","DREB","REB","AST","STL","BLK","TOV","PF","PTS"],"PostSeason":{"1946":{"GameList":{"44600226":[76776,"0044600226","04/13/1947","WAS","Capitols","CHS","Stags",0,0,0,0,0,0,0,0,0,0,0],"44600222":[76776,"0044600222","04/03/1947","WAS","Capitols","CHS","Stags",0,0,0,0,0,0,0,0,0,0,0],"44600221":[76776,"0044600221","04/02/1947","WAS","Capitols","CHS","Stags",0,2,0,0,0,0,0,0,0,0,0]},"data":[25.0,2,null,null,0.5,1.5,0.333,null,null,null,0.0,0.5,0.0,null,null,null,0.0,null,null,null,0.0,1.0],"rank":{},"team":"WAS"}}}}