{"info":{"FIRST_NAME":"Bob","LAST_NAME":"Knight","WEIGHT":"185","COUNTRY":"USA","SCHOOL":null,"BIRTHDATE":"1905-04-14T00:00:00","HEIGHT":"6-2","TO_YEAR":1954,"DLEAGUE":"N","FROM_YEAR":1954,"TEAM":"NYK","PERSON_ID":77287,"SEASON_EXP":0,"POSITION":"Guard-Forward","ROSTERSTATUS":"Active","ALL_STAR":0,"PIE":0,"JERSEY":"3"},"career":{"header":["MIN","FGM","FGA","FG_PCT","FG3M","FG3A","FG3_PCT","FTM","FTA","FT_PCT","OREB","DREB","REB","AST","STL","BLK","TOV","PF","PTS"],"RegularSeason":{"PerGame":[14.5,1.5,3.5,0.429,null,null,null,0.5,0.5,1.0,null,null,0.5,4.0,null,null,null,3.0,3.5],"GS":null,"GP":2},"PostSeason":{}},"season":{"headerRank":["RANK_PG_MIN","RANK_PG_FGM","RANK_PG_FGA","RANK_FG_PCT","RANK_PG_FG3M","RANK_PG_FG3A","RANK_FG3_PCT","RANK_PG_FTM","RANK_PG_FTA","RANK_FT_PCT","RANK_PG_OREB","RANK_PG_DREB","RANK_PG_REB","RANK_PG_AST","RANK_PG_STL","RANK_PG_BLK","RANK_PG_TOV","RANK_PG_PTS","RANK_PG_EFF"],"headerGame":["PLAYER_ID","SEASON_YEAR","TOV","PTS","FGM","FG3M","FG3A","PF","BLK","STL","AST","REB"],"RegularSeason":{"1954":{"GameList":{"25400042":[77287,"0025400042","11/28/1954","NYK","Knicks","SYR","Nationals",0,1,0,0,0,0,0,0,0,0,0],"25400039":[77287,"0025400039","11/27/1954","NYK","Knicks","SYR","Nationals",0,6,0,0,0,0,0,0,0,0,0]},"data":[50.0,2,null,14.5,1.5,3.5,0.429,null,null,null,0.5,0.5,1.0,null,null,0.5,4.0,null,null,null,3.0,3.5],"rank":{"PerGame":[null,null,null,null,null,null,null,null,null,null,null,null,null,null,null,null,null,null,null],"Totals":[99,96,100,null,null,null,null,99,100,null,null,null,102,90,null,null,null,99,1]},"team":"NYK"}},"headerData":["PLAYER_AGE","GP","GS","MIN","FGM","FGA","FG_PCT","FG3M","FG3A","FG3_PCT","FTM","FTA","FT_PCT","OREB","DREB","REB","AST","STL","BLK","TOV","PF","PTS"],"PostSeason":{}}}