{"info":{"FIRST_NAME":"Bob","LAST_NAME":"Anderegg","WEIGHT":"200","COUNTRY":"USA","SCHOOL":"Michigan State","BIRTHDATE":"1937-08-24T00:00:00","HEIGHT":"6-3","TO_YEAR":1959,"DLEAGUE":"N","FROM_YEAR":1959,"TEAM":"NYK","PERSON_ID":76034,"SEASON_EXP":0,"POSITION":"Forward","ROSTERSTATUS":"Active","ALL_STAR":0,"PIE":0,"JERSEY":"18"},"career":{"header":["MIN","FGM","FGA","FG_PCT","FG3M","FG3A","FG3_PCT","FTM","FTA","FT_PCT","OREB","DREB","REB","AST","STL","BLK","TOV","PF","PTS"],"RegularSeason":{"PerGame":[11.3,1.7,4.3,0.385,null,null,null,0.7,1.3,0.548,null,null,2.1,0.9,null,null,null,1.0,4.0],"GS":null,"GP":33},"PostSeason":{}},"season":{"headerRank":["RANK_PG_MIN","RANK_PG_FGM","RANK_PG_FGA","RANK_FG_PCT","RANK_PG_FG3M","RANK_PG_FG3A","RANK_FG3_PCT","RANK_PG_FTM","RANK_PG_FTA","RANK_FT_PCT","RANK_PG_OREB","RANK_PG_DREB","RANK_PG_REB","RANK_PG_AST","RANK_PG_STL","RANK_PG_BLK","RANK_PG_TOV","RANK_PG_PTS","RANK_PG_EFF"],"headerGame":["PLAYER_ID","SEASON_YEAR","TOV","PTS","FGM","FG3M","FG3A","PF","BLK","STL","AST","REB"],"RegularSeason":{"1959":{"GameList":{"25900057":[76034,"0025900057","11/22/1959","NYK","Knicks","DET","Pistons",0,2,0,0,0,0,0,0,0,0,0],"25900139":[76034,"0025900139","01/02/1960","NYK","Knicks","CIN","Royals",0,2,0,0,0,0,0,0,0,0,0],"25900019":[76034,"0025900019","11/04/1959","NYK","Knicks","DET","Pistons",0,1,0,0,0,0,0,0,0,0,0],"25900034":[76034,"0025900034","11/12/1959","NYK","Knicks","SYR","Nationals",0,4,0,0,0,0,0,0,0,0,0],"25900037":[76034,"0025900037","11/14/1959","NYK","Knicks","SYR","Nationals",0,1,0,0,0,0,0,0,0,0,0],"25900117":[76034,"0025900117","12/22/1959","NYK","Knicks","CIN","Royals",0,0,0,0,0,0,0,0,0,0,0],"25900132":[76034,"0025900132","12/30/1959","NYK","Knicks","DET","Pistons",0,2,0,0,0,0,0,0,0,0,0],"25900115":[76034,"0025900115","12/20/1959","NYK","Knicks","CIN","Royals",0,4,0,0,0,0,0,0,0,0,0],"25900017":[76034,"0025900017","11/03/1959","NYK","Knicks","MNL","Lakers",0,2,0,0,0,0,0,0,0,0,0],"25900135":[76034,"0025900135","12/31/1959","NYK","Knicks","MNL","Lakers",0,10,0,0,0,0,0,0,0,0,0],"25900110":[76034,"0025900110","12/19/1959","NYK","Knicks","BOS","Celtics",0,4,0,0,0,0,0,0,0,0,0],"25900161":[76034,"0025900161","01/10/1960","NYK","Knicks","PHW","Warriors",0,5,0,0,0,0,0,0,0,0,0],"25900081":[76034,"0025900081","12/04/1959","NYK","Knicks","BOS","Celtics",0,6,0,0,0,0,0,0,0,0,0],"25900084":[76034,"0025900084","12/05/1959","NYK","Knicks","DET","Pistons",0,6,0,0,0,0,0,0,0,0,0],"25900148":[76034,"0025900148","01/05/1960","NYK","Knicks","DET","Pistons",0,10,0,0,0,0,0,0,0,0,0],"25900089":[76034,"0025900089","12/08/1959","NYK","Knicks","BOS","Celtics",0,0,0,0,0,0,0,0,0,0,0],"25900060":[76034,"0025900060","11/24/1959","NYK","Knicks","SYR","Nationals",0,0,0,0,0,0,0,0,0,0,0],"25900011":[76034,"0025900011","10/31/1959","NYK","Knicks","BOS","Celtics",0,0,0,0,0,0,0,0,0,0,0],"25900101":[76034,"0025900101","12/13/1959","NYK","Knicks","DET","Pistons",0,9,0,0,0,0,0,0,0,0,0],"25900045":[76034,"0025900045","11/17/1959","NYK","Knicks","STL","Hawks",0,0,0,0,0,0,0,0,0,0,0],"25900042":[76034,"0025900042","11/15/1959","NYK","Knicks","DET","Pistons",0,12,0,0,0,0,0,0,0,0,0],"25900106":[76034,"0025900106","12/16/1959","NYK","Knicks","SYR","Nationals",0,0,0,0,0,0,0,0,0,0,0],"25900109":[76034,"0025900109","12/17/1959","NYK","Knicks","BOS","Celtics",0,14,0,0,0,0,0,0,0,0,0],"25900120":[76034,"0025900120","12/25/1959","NYK","Knicks","BOS","Celtics",0,4,0,0,0,0,0,0,0,0,0],"25900049":[76034,"0025900049","11/19/1959","NYK","Knicks","CIN","Royals",0,9,0,0,0,0,0,0,0,0,0],"25900075":[76034,"0025900075","12/01/1959","NYK","Knicks","MNL","Lakers",0,1,0,0,0,0,0,0,0,0,0],"25900149":[76034,"0025900149","01/06/1960","NYK","Knicks","CIN","Royals",0,4,0,0,0,0,0,0,0,0,0],"25900144":[76034,"0025900144","01/03/1960","NYK","Knicks","STL","Hawks",0,3,0,0,0,0,0,0,0,0,0],"25900097":[76034,"0025900097","12/11/1959","NYK","Knicks","SYR","Nationals",0,9,0,0,0,0,0,0,0,0,0],"25900123":[76034,"0025900123","12/26/1959","NYK","Knicks","PHW","Warriors",0,2,0,0,0,0,0,0,0,0,0],"25900077":[76034,"0025900077","12/02/1959","NYK","Knicks","CIN","Royals",0,7,0,0,0,0,0,0,0,0,0]},"data":[22.0,33,null,11.3,1.7,4.3,0.385,null,null,null,0.7,1.3,0.548,null,null,2.1,0.9,null,null,null,1.0,4.0],"rank":{"PerGame":[null,null,null,null,null,null,null,null,null,null,null,null,null,null,null,null,null,null,null],"Totals":[84,84,83,null,null,null,null,85,80,null,null,null,85,80,null,null,null,84,1]},"team":"NYK"}},"headerData":["PLAYER_AGE","GP","GS","MIN","FGM","FGA","FG_PCT","FG3M","FG3A","FG3_PCT","FTM","FTA","FT_PCT","OREB","DREB","REB","AST","STL","BLK","TOV","PF","PTS"],"PostSeason":{}}}