{"info":{"FIRST_NAME":"Bob","LAST_NAME":"Williams","WEIGHT":"230","COUNTRY":"USA","SCHOOL":"Florida A&M","BIRTHDATE":"1931-05-12T00:00:00","HEIGHT":"6-6","TO_YEAR":1956,"DLEAGUE":"N","FROM_YEAR":1955,"TEAM":"MNL","PERSON_ID":78564,"SEASON_EXP":1,"POSITION":"Forward","ROSTERSTATUS":"Active","ALL_STAR":0,"PIE":0,"JERSEY":"33"},"career":{"header":["MIN","FGM","FGA","FG_PCT","FG3M","FG3A","FG3_PCT","FTM","FTA","FT_PCT","OREB","DREB","REB","AST","STL","BLK","TOV","PF","PTS"],"RegularSeason":{"PerGame":[8.5,0.9,2.1,0.44,null,null,null,1.1,2.0,0.542,null,null,2.5,0.3,null,null,null,1.6,2.9],"GS":null,"GP":24},"PostSeason":{}},"season":{"headerRank":["RANK_PG_MIN","RANK_PG_FGM","RANK_PG_FGA","RANK_FG_PCT","RANK_PG_FG3M","RANK_PG_FG3A","RANK_FG3_PCT","RANK_PG_FTM","RANK_PG_FTA","RANK_FT_PCT","RANK_PG_OREB","RANK_PG_DREB","RANK_PG_REB","RANK_PG_AST","RANK_PG_STL","RANK_PG_BLK","RANK_PG_TOV","RANK_PG_PTS","RANK_PG_EFF"],"headerGame":["PLAYER_ID","SEASON_YEAR","TOV","PTS","FGM","FG3M","FG3A","PF","BLK","STL","AST","REB"],"RegularSeason":{"1955":{"GameList":{"25500037":[78564,"0025500037","11/26/1955","MNL","Lakers","STL","Hawks",0,2,0,0,0,0,0,0,0,0,0],"25500007":[78564,"0025500007","11/09/1955","MNL","Lakers","PHW","Warriors",0,8,0,0,0,0,0,0,0,0,0],"25500008":[78564,"0025500008","11/10/1955","MNL","Lakers","NYK","Knicks",0,7,0,0,0,0,0,0,0,0,0],"25500024":[78564,"0025500024","11/19/1955","MNL","Lakers","ROC","Royals",0,2,0,0,0,0,0,0,0,0,0],"25500032":[78564,"0025500032","11/24/1955","MNL","Lakers","STL","Hawks",0,1,0,0,0,0,0,0,0,0,0],"25500071":[78564,"0025500071","12/13/1955","MNL","Lakers","NYK","Knicks",0,5,0,0,0,0,0,0,0,0,0],"25500005":[78564,"0025500005","11/06/1955","MNL","Lakers","FTW","Pistons",0,3,0,0,0,0,0,0,0,0,0],"25500014":[78564,"0025500014","11/12/1955","MNL","Lakers","BOS","Celtics",0,2,0,0,0,0,0,0,0,0,0],"25500018":[78564,"0025500018","11/16/1955","MNL","Lakers","SYR","Nationals",0,2,0,0,0,0,0,0,0,0,0],"25500011":[78564,"0025500011","11/12/1955","MNL","Lakers","PHW","Warriors",0,1,0,0,0,0,0,0,0,0,0],"25500074":[78564,"0025500074","12/14/1955","MNL","Lakers","FTW","Pistons",0,3,0,0,0,0,0,0,0,0,0],"25500053":[78564,"0025500053","12/04/1955","MNL","Lakers","SYR","Nationals",0,0,0,0,0,0,0,0,0,0,0],"25500050":[78564,"0025500050","12/03/1955","MNL","Lakers","SYR","Nationals",0,4,0,0,0,0,0,0,0,0,0],"25500057":[78564,"0025500057","12/06/1955","MNL","Lakers","PHW","Warriors",0,5,0,0,0,0,0,0,0,0,0],"25500045":[78564,"0025500045","11/30/1955","MNL","Lakers","STL","Hawks",0,5,0,0,0,0,0,0,0,0,0],"25500060":[78564,"0025500060","12/07/1955","MNL","Lakers","ROC","Royals",0,4,0,0,0,0,0,0,0,0,0],"25500048":[78564,"0025500048","12/01/1955","MNL","Lakers","NYK","Knicks",0,0,0,0,0,0,0,0,0,0,0],"25500026":[78564,"0025500026","11/20/1955","MNL","Lakers","ROC","Royals",0,8,0,0,0,0,0,0,0,0,0],"25500003":[78564,"0025500003","11/05/1955","MNL","Lakers","STL","Hawks",0,3,0,0,0,0,0,0,0,0,0],"25500065":[78564,"0025500065","12/10/1955","MNL","Lakers","BOS","Celtics",0,0,0,0,0,0,0,0,0,0,0]},"data":[25.0,20,null,8.7,1.1,2.3,0.457,null,null,null,1.2,2.3,0.533,null,null,2.7,0.4,null,null,null,1.8,3.3],"rank":{"PerGame":[null,null,null,null,null,null,null,null,null,null,null,null,null,null,null,null,null,null,null],"Totals":[86,86,86,null,null,null,null,84,81,null,null,null,81,87,null,null,null,86,1]},"team":"MNL"},"1956":{"GameList":{"25600005":[78564,"0025600005","10/28/1956","MNL","Lakers","FTW","Pistons",0,2,0,0,0,0,0,0,0,0,0],"25600004":[78564,"0025600004","10/27/1956","MNL","Lakers","STL","Hawks",0,1,0,0,0,0,0,0,0,0,0],"25600007":[78564,"0025600007","11/01/1956","MNL","Lakers","ROC","Royals",0,0,0,0,0,0,0,0,0,0,0],"25600009":[78564,"0025600009","11/03/1956","MNL","Lakers","ROC","Royals",0,1,0,0,0,0,0,0,0,0,0],"25600012":[78564,"0025600012","11/04/1956","MNL","Lakers","ROC","Royals",0,0,0,0,0,0,0,0,0,0,0]},"data":[26.0,4,null,7.5,0.3,1.0,0.25,null,null,null,0.5,0.8,0.667,null,null,1.3,0.0,null,null,null,0.5,1.0],"rank":{"PerGame":[null,null,null,null,null,null,null,null,null,null,null,null,null,null,null,null,null,null,null],"Totals":[94,96,96,null,null,null,null,91,93,null,null,null,93,95,null,null,null,95,1]},"team":"MNL"}},"headerData":["PLAYER_AGE","GP","GS","MIN","FGM","FGA","FG_PCT","FG3M","FG3A","FG3_PCT","FTM","FTA","FT_PCT","OREB","DREB","REB","AST","STL","BLK","TOV","PF","PTS"],"PostSeason":{}}}