{"info":{"FIRST_NAME":"Bobby","LAST_NAME":"Wilson","WEIGHT":"175","COUNTRY":"USA","SCHOOL":"Wichita State","BIRTHDATE":"1951-01-15T00:00:00","HEIGHT":"6-2","TO_YEAR":1977,"DLEAGUE":"N","FROM_YEAR":1974,"TEAM":"IND","PERSON_ID":78585,"SEASON_EXP":3,"POSITION":"Guard","ROSTERSTATUS":"Active","ALL_STAR":0,"PIE":0,"JERSEY":"7"},"career":{"header":["MIN","FGM","FGA","FG_PCT","FG3M","FG3A","FG3_PCT","FTM","FTA","FT_PCT","OREB","DREB","REB","AST","STL","BLK","TOV","PF","PTS"],"RegularSeason":{"PerGame":[10.5,2.4,5.7,0.426,null,null,null,0.7,0.9,0.773,0.4,0.8,1.2,0.8,0.4,0.0,0.0,1.3,5.5],"GS":null,"GP":143},"PostSeason":{"PerGame":[9.3,1.7,4.1,0.415,null,null,null,1.0,1.2,0.833,0.2,0.9,1.1,0.4,0.4,0.0,null,1.0,4.4],"GS":null,"GP":10}},"season":{"headerRank":["RANK_PG_MIN","RANK_PG_FGM","RANK_PG_FGA","RANK_FG_PCT","RANK_PG_FG3M","RANK_PG_FG3A","RANK_FG3_PCT","RANK_PG_FTM","RANK_PG_FTA","RANK_FT_PCT","RANK_PG_OREB","RANK_PG_DREB","RANK_PG_REB","RANK_PG_AST","RANK_PG_STL","RANK_PG_BLK","RANK_PG_TOV","RANK_PG_PTS","RANK_PG_EFF"],"headerGame":["PLAYER_ID","SEASON_YEAR","TOV","PTS","FGM","FG3M","FG3A","PF","BLK","STL","AST","REB"],"RegularSeason":{"1977":{"GameList":{"27700017":[78585,"0027700017","10/21/1977","IND","Pacers","CHI","Bulls",0,12,0,0,0,0,0,0,0,0,0],"27700173":[78585,"0027700173","11/22/1977","IND","Pacers","NOJ","Jazz",0,0,0,0,0,0,0,0,0,0,0],"27700012":[78585,"0027700012","10/19/1977","IND","Pacers","LAL","Lakers",0,8,0,0,0,0,0,0,0,0,0],"27700052":[78585,"0027700052","10/28/1977","IND","Pacers","WAS","Bullets",0,2,0,0,0,0,0,0,0,0,0],"27700198":[78585,"0027700198","11/26/1977","IND","Pacers","DEN","Nuggets",0,0,0,0,0,0,0,0,0,0,0],"27700087":[78585,"0027700087","11/04/1977","IND","Pacers","LAL","Lakers",0,0,0,0,0,0,0,0,0,0,0],"27700213":[78585,"0027700213","11/30/1977","IND","Pacers","MIL","Bucks",0,2,0,0,0,0,0,0,0,0,0],"27700234":[78585,"0027700234","12/03/1977","IND","Pacers","DET","Pistons",0,2,0,0,0,0,0,0,0,0,0],"27700035":[78585,"0027700035","10/25/1977","IND","Pacers","DEN","Nuggets",0,4,0,0,0,0,0,0,0,0,0],"27700157":[78585,"0027700157","11/19/1977","IND","Pacers","NYK","Knicks",0,0,0,0,0,0,0,0,0,0,0],"27700021":[78585,"0027700021","10/22/1977","IND","Pacers","KCK","Kings",0,0,0,0,0,0,0,0,0,0,0],"27700117":[78585,"0027700117","11/11/1977","IND","Pacers","SEA","SuperSonics",0,0,0,0,0,0,0,0,0,0,0]},"data":[27.0,12,null,7.2,1.2,3.0,0.389,null,null,null,0.2,0.3,0.667,0.5,0.5,1.0,0.7,0.2,0.1,0.5,1.3,2.5],"rank":{"PerGame":[null,null,null,null,null,null,null,null,null,null,null,null,null,null,null,null,null,null,null],"Totals":[267,261,260,null,null,null,null,272,274,null,255,268,266,261,265,253,267,263,266]},"team":"IND"},"1976":{"GameList":{"27600756":[78585,"0027600756","03/22/1977","BOS","Celtics","SAN","Spurs",0,0,0,0,0,0,0,0,0,0,0],"27600677":[78585,"0027600677","03/06/1977","BOS","Celtics","DEN","Nuggets",0,0,0,0,0,0,0,0,0,0,0],"27600734":[78585,"0027600734","03/17/1977","BOS","Celtics","MIL","Bucks",0,4,0,0,0,0,0,0,0,0,0],"27600639":[78585,"0027600639","02/26/1977","BOS","Celtics","PHX","Suns",0,0,0,0,0,0,0,0,0,0,0],"27600617":[78585,"0027600617","02/22/1977","BOS","Celtics","POR","Trail Blazers",0,2,0,0,0,0,0,0,0,0,0],"27600525":[78585,"0027600525","02/02/1977","BOS","Celtics","NYN","Nets",0,0,0,0,0,0,0,0,0,0,0],"27600495":[78585,"0027600495","01/28/1977","BOS","Celtics","MIL","Bucks",0,0,0,0,0,0,0,0,0,0,0],"27600589":[78585,"0027600589","02/16/1977","BOS","Celtics","WAS","Bullets",0,9,0,0,0,0,0,0,0,0,0],"27600712":[78585,"0027600712","03/13/1977","BOS","Celtics","PHX","Suns",0,7,0,0,0,0,0,0,0,0,0],"27600645":[78585,"0027600645","02/27/1977","BOS","Celtics","DEN","Nuggets",0,4,0,0,0,0,0,0,0,0,0],"27600765":[78585,"0027600765","03/23/1977","BOS","Celtics","ATL","Hawks",0,0,0,0,0,0,0,0,0,0,0],"27600600":[78585,"0027600600","02/15/1977","BOS","Celtics","DET","Pistons",0,4,0,0,0,0,0,0,0,0,0],"27600740":[78585,"0027600740","03/18/1977","BOS","Celtics","ATL","Hawks",0,0,0,0,0,0,0,0,0,0,0],"27600546":[78585,"0027600546","02/06/1977","BOS","Celtics","BUF","Braves",0,0,0,0,0,0,0,0,0,0,0],"27600608":[78585,"0027600608","02/20/1977","BOS","Celtics","GOS","Warriors",0,2,0,0,0,0,0,0,0,0,0],"27600748":[78585,"0027600748","03/20/1977","BOS","Celtics","KCK","Kings",0,0,0,0,0,0,0,0,0,0,0],"27600723":[78585,"0027600723","03/15/1977","BOS","Celtics","CHI","Bulls",0,0,0,0,0,0,0,0,0,0,0],"27600567":[78585,"0027600567","02/11/1977","BOS","Celtics","NYK","Knicks",0,0,0,0,0,0,0,0,0,0,0],"27600652":[78585,"0027600652","03/01/1977","BOS","Celtics","GOS","Warriors",0,4,0,0,0,0,0,0,0,0,0],"27600668":[78585,"0027600668","03/04/1977","BOS","Celtics","DET","Pistons",0,3,0,0,0,0,0,0,0,0,0],"27600590":[78585,"0027600590","02/17/1977","BOS","Celtics","KCK","Kings",0,0,0,0,0,0,0,0,0,0,0],"27600697":[78585,"0027600697","03/09/1977","BOS","Celtics","SEA","SuperSonics",0,0,0,0,0,0,0,0,0,0,0],"27600635":[78585,"0027600635","02/25/1977","BOS","Celtics","SEA","SuperSonics",0,0,0,0,0,0,0,0,0,0,0],"27600775":[78585,"0027600775","03/25/1977","BOS","Celtics","WAS","Bullets",0,10,0,0,0,0,0,0,0,0,0],"27600512":[78585,"0027600512","01/30/1977","BOS","Celtics","GOS","Warriors",0,0,0,0,0,0,0,0,0,0,0]},"data":[26.0,25,null,5.2,0.8,2.4,0.322,null,null,null,0.4,0.5,0.846,0.1,0.2,0.4,0.6,0.1,0.0,null,0.8,2.0],"rank":{"PerGame":[null,null,null,null,null,null,null,null,null,null,null,null,null,null,null,null,null,null,null],"Totals":[273,273,267,null,null,null,null,267,272,null,284,278,284,261,272,275,null,273,1]},"team":"BOS"},"1975":{"GameList":{"27500082":[78585,"0027500082","11/13/1975","CHI","Bulls","GOS","Warriors",0,2,0,0,0,0,0,0,0,0,0],"27500679":[78585,"0027500679","03/31/1976","CHI","Bulls","DET","Pistons",0,19,0,0,0,0,0,0,0,0,0],"27500620":[78585,"0027500620","03/19/1976","CHI","Bulls","ATL","Hawks",0,6,0,0,0,0,0,0,0,0,0],"27500706":[78585,"0027500706","04/05/1976","CHI","Bulls","MIL","Bucks",0,15,0,0,0,0,0,0,0,0,0],"27500086":[78585,"0027500086","11/14/1975","CHI","Bulls","POR","Trail Blazers",0,0,0,0,0,0,0,0,0,0,0],"27500162":[78585,"0027500162","12/03/1975","CHI","Bulls","BOS","Celtics",0,20,0,0,0,0,0,0,0,0,0],"27500723":[78585,"0027500723","04/09/1976","CHI","Bulls","POR","Trail Blazers",0,2,0,0,0,0,0,0,0,0,0],"27500102":[78585,"0027500102","11/21/1975","CHI","Bulls","KCK","Kings",0,2,0,0,0,0,0,0,0,0,0],"27500268":[78585,"0027500268","12/27/1975","CHI","Bulls","DET","Pistons",0,4,0,0,0,0,0,0,0,0,0],"27500009":[78585,"0027500009","10/25/1975","CHI","Bulls","MIL","Bucks",0,6,0,0,0,0,0,0,0,0,0],"27500645":[78585,"0027500645","03/24/1976","CHI","Bulls","BOS","Celtics",0,0,0,0,0,0,0,0,0,0,0],"27500430":[78585,"0027500430","02/01/1976","CHI","Bulls","ATL","Hawks",0,0,0,0,0,0,0,0,0,0,0],"27500007":[78585,"0027500007","10/24/1975","CHI","Bulls","PHL","76ers",0,1,0,0,0,0,0,0,0,0,0],"27500343":[78585,"0027500343","01/13/1976","CHI","Bulls","LAL","Lakers",0,2,0,0,0,0,0,0,0,0,0],"27500571":[78585,"0027500571","03/07/1976","CHI","Bulls","LAL","Lakers",0,11,0,0,0,0,0,0,0,0,0],"27500516":[78585,"0027500516","02/22/1976","CHI","Bulls","MIL","Bucks",0,0,0,0,0,0,0,0,0,0,0],"27500021":[78585,"0027500021","10/28/1975","CHI","Bulls","SEA","SuperSonics",0,8,0,0,0,0,0,0,0,0,0],"27500048":[78585,"0027500048","11/04/1975","CHI","Bulls","PHX","Suns",0,18,0,0,0,0,0,0,0,0,0],"27500360":[78585,"0027500360","01/17/1976","CHI","Bulls","BOS","Celtics",0,0,0,0,0,0,0,0,0,0,0],"27500181":[78585,"0027500181","12/07/1975","CHI","Bulls","PHX","Suns",0,12,0,0,0,0,0,0,0,0,0],"27500632":[78585,"0027500632","03/21/1976","CHI","Bulls","KCK","Kings",0,15,0,0,0,0,0,0,0,0,0],"27500689":[78585,"0027500689","04/02/1976","CHI","Bulls","NYK","Knicks",0,12,0,0,0,0,0,0,0,0,0],"27500206":[78585,"0027500206","12/13/1975","CHI","Bulls","BUF","Braves",0,6,0,0,0,0,0,0,0,0,0],"27500324":[78585,"0027500324","01/09/1976","CHI","Bulls","BUF","Braves",0,0,0,0,0,0,0,0,0,0,0],"27503021":[78585,"0027503021","02/12/1976","CHI","Bulls","CLE","Cavaliers",0,0,0,0,0,0,0,0,0,0,0],"27500524":[78585,"0027500524","02/24/1976","CHI","Bulls","WAS","Bullets",0,8,0,0,0,0,0,0,0,0,0],"27500557":[78585,"0027500557","03/04/1976","CHI","Bulls","GOS","Warriors",0,4,0,0,0,0,0,0,0,0,0],"27500581":[78585,"0027500581","03/09/1976","CHI","Bulls","SEA","SuperSonics",0,4,0,0,0,0,0,0,0,0,0],"27500712":[78585,"0027500712","04/07/1976","CHI","Bulls","SEA","SuperSonics",0,6,0,0,0,0,0,0,0,0,0],"27500179":[78585,"0027500179","12/06/1975","CHI","Bulls","POR","Trail Blazers",0,17,0,0,0,0,0,0,0,0,0],"27500481":[78585,"0027500481","02/14/1976","CHI","Bulls","MIL","Bucks",0,0,0,0,0,0,0,0,0,0,0],"27500536":[78585,"0027500536","02/28/1976","CHI","Bulls","NYK","Knicks",0,16,0,0,0,0,0,0,0,0,0],"27500157":[78585,"0027500157","12/02/1975","CHI","Bulls","HOU","Rockets",0,6,0,0,0,0,0,0,0,0,0],"27500613":[78585,"0027500613","03/17/1976","CHI","Bulls","PHL","76ers",0,12,0,0,0,0,0,0,0,0,0],"27500098":[78585,"0027500098","11/16/1975","CHI","Bulls","LAL","Lakers",0,9,0,0,0,0,0,0,0,0,0],"27500733":[78585,"0027500733","04/11/1976","CHI","Bulls","MIL","Bucks",0,14,0,0,0,0,0,0,0,0,0],"27500507":[78585,"0027500507","02/20/1976","CHI","Bulls","POR","Trail Blazers",0,14,0,0,0,0,0,0,0,0,0],"27500397":[78585,"0027500397","01/25/1976","CHI","Bulls","KCK","Kings",0,4,0,0,0,0,0,0,0,0,0],"27500656":[78585,"0027500656","03/26/1976","CHI","Bulls","DET","Pistons",0,6,0,0,0,0,0,0,0,0,0],"27500462":[78585,"0027500462","02/10/1976","CHI","Bulls","PHL","76ers",0,0,0,0,0,0,0,0,0,0,0],"27500674":[78585,"0027500674","03/30/1976","CHI","Bulls","GOS","Warriors",0,28,0,0,0,0,0,0,0,0,0],"27500659":[78585,"0027500659","03/27/1976","CHI","Bulls","WAS","Bullets",0,10,0,0,0,0,0,0,0,0,0],"27500610":[78585,"0027500610","03/16/1976","CHI","Bulls","PHX","Suns",0,14,0,0,0,0,0,0,0,0,0],"27500425":[78585,"0027500425","01/31/1976","CHI","Bulls","KCK","Kings",0,4,0,0,0,0,0,0,0,0,0],"27500050":[78585,"0027500050","11/05/1975","CHI","Bulls","PHL","76ers",0,6,0,0,0,0,0,0,0,0,0],"27500694":[78585,"0027500694","04/03/1976","CHI","Bulls","DET","Pistons",0,18,0,0,0,0,0,0,0,0,0],"27500370":[78585,"0027500370","01/20/1976","CHI","Bulls","ATL","Hawks",0,2,0,0,0,0,0,0,0,0,0],"27500032":[78585,"0027500032","11/01/1975","CHI","Bulls","BOS","Celtics",0,20,0,0,0,0,0,0,0,0,0],"27500330":[78585,"0027500330","01/10/1976","CHI","Bulls","KCK","Kings",0,4,0,0,0,0,0,0,0,0,0],"27500058":[78585,"0027500058","11/07/1975","CHI","Bulls","DET","Pistons",0,2,0,0,0,0,0,0,0,0,0],"27500546":[78585,"0027500546","03/02/1976","CHI","Bulls","POR","Trail Blazers",0,2,0,0,0,0,0,0,0,0,0],"27500639":[78585,"0027500639","03/23/1976","CHI","Bulls","BUF","Braves",0,15,0,0,0,0,0,0,0,0,0],"27500282":[78585,"0027500282","12/30/1975","CHI","Bulls","WAS","Bullets",0,4,0,0,0,0,0,0,0,0,0],"27503001":[78585,"0027503001","10/30/1975","CHI","Bulls","CLE","Cavaliers",0,2,0,0,0,0,0,0,0,0,0],"27500191":[78585,"0027500191","12/10/1975","CHI","Bulls","SEA","SuperSonics",0,0,0,0,0,0,0,0,0,0,0],"27500597":[78585,"0027500597","03/13/1976","CHI","Bulls","NOJ","Jazz",0,16,0,0,0,0,0,0,0,0,0],"27500199":[78585,"0027500199","12/12/1975","CHI","Bulls","KCK","Kings",0,3,0,0,0,0,0,0,0,0,0],"27500592":[78585,"0027500592","03/12/1976","CHI","Bulls","KCK","Kings",0,6,0,0,0,0,0,0,0,0,0]},"data":[25.0,58,null,14.8,3.4,8.4,0.403,null,null,null,0.7,1.0,0.741,0.6,1.1,1.6,0.9,0.4,0.0,null,1.7,7.5],"rank":{"PerGame":[null,null,null,null,null,null,null,null,null,null,null,null,null,null,null,null,null,null,null],"Totals":[162,129,119,null,null,null,null,173,173,null,176,176,180,169,156,205,null,136,1]},"team":"CHI"},"1974":{"GameList":{"27400484":[78585,"0027400484","02/14/1975","CHI","Bulls","GOS","Warriors",0,2,0,0,0,0,0,0,0,0,0],"27400131":[78585,"0027400131","11/17/1974","CHI","Bulls","LAL","Lakers",0,2,0,0,0,0,0,0,0,0,0],"27400432":[78585,"0027400432","02/02/1975","CHI","Bulls","WAS","Bullets",0,4,0,0,0,0,0,0,0,0,0],"27400220":[78585,"0027400220","12/10/1974","CHI","Bulls","BOS","Celtics",0,4,0,0,0,0,0,0,0,0,0],"27400083":[78585,"0027400083","11/06/1974","CHI","Bulls","PHL","76ers",0,9,0,0,0,0,0,0,0,0,0],"27400261":[78585,"0027400261","12/20/1974","CHI","Bulls","KCK","Kings",0,1,0,0,0,0,0,0,0,0,0],"27400409":[78585,"0027400409","01/28/1975","CHI","Bulls","CLE","Cavaliers",0,10,0,0,0,0,0,0,0,0,0],"27400367":[78585,"0027400367","01/18/1975","CHI","Bulls","NYK","Knicks",0,6,0,0,0,0,0,0,0,0,0],"27400182":[78585,"0027400182","11/30/1974","CHI","Bulls","MIL","Bucks",0,0,0,0,0,0,0,0,0,0,0],"27400320":[78585,"0027400320","01/05/1975","CHI","Bulls","MIL","Bucks",0,2,0,0,0,0,0,0,0,0,0],"27400686":[78585,"0027400686","04/02/1975","CHI","Bulls","DET","Pistons",0,10,0,0,0,0,0,0,0,0,0],"27400326":[78585,"0027400326","01/07/1975","CHI","Bulls","HOU","Rockets",0,2,0,0,0,0,0,0,0,0,0],"27400005":[78585,"0027400005","10/18/1974","CHI","Bulls","ATL","Hawks",0,20,0,0,0,0,0,0,0,0,0],"27400359":[78585,"0027400359","01/17/1975","CHI","Bulls","PHX","Suns",0,12,0,0,0,0,0,0,0,0,0],"27400534":[78585,"0027400534","02/27/1975","CHI","Bulls","ATL","Hawks",0,2,0,0,0,0,0,0,0,0,0],"27400027":[78585,"0027400027","10/23/1974","CHI","Bulls","KCK","Kings",0,8,0,0,0,0,0,0,0,0,0],"27400025":[78585,"0027400025","10/22/1974","CHI","Bulls","MIL","Bucks",0,8,0,0,0,0,0,0,0,0,0],"27400042":[78585,"0027400042","10/26/1974","CHI","Bulls","BUF","Braves",0,14,0,0,0,0,0,0,0,0,0],"27403033":[78585,"0027403033","03/20/1975","CHI","Bulls","CLE","Cavaliers",0,2,0,0,0,0,0,0,0,0,0],"27400280":[78585,"0027400280","12/26/1974","CHI","Bulls","PHL","76ers",0,0,0,0,0,0,0,0,0,0,0],"27400649":[78585,"0027400649","03/25/1975","CHI","Bulls","HOU","Rockets",0,15,0,0,0,0,0,0,0,0,0],"27400419":[78585,"0027400419","01/31/1975","CHI","Bulls","GOS","Warriors",0,6,0,0,0,0,0,0,0,0,0],"27400306":[78585,"0027400306","01/03/1975","CHI","Bulls","PHX","Suns",0,18,0,0,0,0,0,0,0,0,0],"27400496":[78585,"0027400496","02/18/1975","CHI","Bulls","LAL","Lakers",0,0,0,0,0,0,0,0,0,0,0],"27400236":[78585,"0027400236","12/13/1974","CHI","Bulls","NOJ","Jazz",0,6,0,0,0,0,0,0,0,0,0],"27400095":[78585,"0027400095","11/09/1974","CHI","Bulls","WAS","Bullets",0,0,0,0,0,0,0,0,0,0,0],"27400315":[78585,"0027400315","01/04/1975","CHI","Bulls","KCK","Kings",0,13,0,0,0,0,0,0,0,0,0],"27400702":[78585,"0027400702","04/06/1975","CHI","Bulls","MIL","Bucks",0,10,0,0,0,0,0,0,0,0,0],"27400613":[78585,"0027400613","03/16/1975","CHI","Bulls","MIL","Bucks",0,10,0,0,0,0,0,0,0,0,0],"27400695":[78585,"0027400695","04/04/1975","CHI","Bulls","NOJ","Jazz",0,5,0,0,0,0,0,0,0,0,0],"27400658":[78585,"0027400658","03/27/1975","CHI","Bulls","CLE","Cavaliers",0,4,0,0,0,0,0,0,0,0,0],"27400568":[78585,"0027400568","03/06/1975","CHI","Bulls","PHX","Suns",0,0,0,0,0,0,0,0,0,0,0],"27400676":[78585,"0027400676","03/30/1975","CHI","Bulls","WAS","Bullets",0,8,0,0,0,0,0,0,0,0,0],"27400017":[78585,"0027400017","10/19/1974","CHI","Bulls","MIL","Bucks",0,10,0,0,0,0,0,0,0,0,0],"27400542":[78585,"0027400542","02/28/1975","CHI","Bulls","HOU","Rockets",0,6,0,0,0,0,0,0,0,0,0],"27400619":[78585,"0027400619","03/18/1975","CHI","Bulls","PHL","76ers",0,2,0,0,0,0,0,0,0,0,0],"27400290":[78585,"0027400290","12/28/1974","CHI","Bulls","DET","Pistons",0,10,0,0,0,0,0,0,0,0,0],"27400394":[78585,"0027400394","01/24/1975","CHI","Bulls","SEA","SuperSonics",0,3,0,0,0,0,0,0,0,0,0],"27400556":[78585,"0027400556","03/04/1975","CHI","Bulls","GOS","Warriors",0,2,0,0,0,0,0,0,0,0,0],"27400398":[78585,"0027400398","01/25/1975","CHI","Bulls","DET","Pistons",0,0,0,0,0,0,0,0,0,0,0],"27400634":[78585,"0027400634","03/21/1975","CHI","Bulls","KCK","Kings",0,0,0,0,0,0,0,0,0,0,0],"27400381":[78585,"0027400381","01/21/1975","CHI","Bulls","NYK","Knicks",0,6,0,0,0,0,0,0,0,0,0],"27400052":[78585,"0027400052","10/30/1974","CHI","Bulls","BOS","Celtics",0,0,0,0,0,0,0,0,0,0,0],"27400039":[78585,"0027400039","10/25/1974","CHI","Bulls","KCK","Kings",0,18,0,0,0,0,0,0,0,0,0],"27400051":[78585,"0027400051","10/29/1974","CHI","Bulls","WAS","Bullets",0,6,0,0,0,0,0,0,0,0,0]},"data":[24.0,48,null,8.9,2.4,4.7,0.511,null,null,null,1.0,1.2,0.793,0.4,0.7,1.1,0.8,0.5,0.0,null,1.1,5.8],"rank":{"PerGame":[null,null,null,null,null,null,null,null,null,null,null,null,null,null,null,null,null,null,null],"Totals":[195,163,170,null,null,null,null,167,172,null,196,197,199,186,169,214,null,166,1]},"team":"CHI"}},"headerData":["PLAYER_AGE","GP","GS","MIN","FGM","FGA","FG_PCT","FG3M","FG3A","FG3_PCT","FTM","FTA","FT_PCT","OREB","DREB","REB","AST","STL","BLK","TOV","PF","PTS"],"PostSeason":{"1974":{"GameList":{"47400322":[78585,"0047400322","04/30/1975","CHI","Bulls","GOS","Warriors",0,0,0,0,0,0,0,0,0,0,0],"47400321":[78585,"0047400321","04/27/1975","CHI","Bulls","GOS","Warriors",0,6,0,0,0,0,0,0,0,0,0],"47400324":[78585,"0047400324","05/06/1975","CHI","Bulls","GOS","Warriors",0,0,0,0,0,0,0,0,0,0,0],"47400234":[78585,"0047400234","04/18/1975","CHI","Bulls","KCK","Kings",0,12,0,0,0,0,0,0,0,0,0],"47400305":[78585,"0047400305","04/20/1975","CHI","Bulls","KCK","Kings",0,10,0,0,0,0,0,0,0,0,0],"47400236":[78585,"0047400236","04/23/1975","CHI","Bulls","KCK","Kings",0,6,0,0,0,0,0,0,0,0,0],"47400232":[78585,"0047400232","04/13/1975","CHI","Bulls","KCK","Kings",0,4,0,0,0,0,0,0,0,0,0],"47400233":[78585,"0047400233","04/16/1975","CHI","Bulls","KCK","Kings",0,6,0,0,0,0,0,0,0,0,0]},"data":[24.0,10,null,9.3,1.7,4.1,0.415,null,null,null,1.0,1.2,0.833,0.2,0.9,1.1,0.4,0.4,0.0,null,1.0,4.4],"rank":{"PerGame":[null,null,null,null,null,null,null,null,null,null,null,null,null,null,null,null,null,null,null],"Totals":[68,63,60,null,null,null,null,53,58,null,81,70,73,75,57,75,null,60,1]},"team":"CHI"}}}}