{"info":{"FIRST_NAME":"Bobby","LAST_NAME":"Jones","WEIGHT":"215","COUNTRY":"USA","SCHOOL":"Washington","BIRTHDATE":"1984-01-09T00:00:00","HEIGHT":"6-7","TO_YEAR":2007,"DLEAGUE":"Y","FROM_YEAR":2006,"TEAM":"DEN","PERSON_ID":200784,"SEASON_EXP":2,"POSITION":"Forward","ROSTERSTATUS":"Active","ALL_STAR":{"appearance":"4","yearList":[1977,1978,1981,1982]},"PIE":0,"JERSEY":"11"},"career":{"header":["MIN","FGM","FGA","FG_PCT","FG3M","FG3A","FG3_PCT","FTM","FTA","FT_PCT","OREB","DREB","REB","AST","STL","BLK","TOV","PF","PTS"],"RegularSeason":{"PerGame":[9.5,1.1,2.6,0.442,0.2,0.7,0.306,0.7,1.0,0.685,0.6,1.1,1.6,0.5,0.3,0.0,0.5,1.6,3.2],"GS":7,"GP":91},"PostSeason":{}},"season":{"headerRank":["RANK_PG_MIN","RANK_PG_FGM","RANK_PG_FGA","RANK_FG_PCT","RANK_PG_FG3M","RANK_PG_FG3A","RANK_FG3_PCT","RANK_PG_FTM","RANK_PG_FTA","RANK_FT_PCT","RANK_PG_OREB","RANK_PG_DREB","RANK_PG_REB","RANK_PG_AST","RANK_PG_STL","RANK_PG_BLK","RANK_PG_TOV","RANK_PG_PTS","RANK_PG_EFF"],"headerGame":["PLAYER_ID","GAME_ID","GAME_DATE","TEAM_ABBREVIATION","TEAM_NAME","VS_TEAM_ABBREVIATION","VS_TEAM_NAME","TOV","PTS","FGM","FGA","FG3M","FG3A","PF","BLK","STL","AST","REB"],"RegularSeason":{"2006":{"shotchart":{"Averages":{"header":["SHOT_ZONE_BASIC","SHOT_ZONE_AREA","SHOT_ZONE_RANGE","FGA","FGM","FG_PCT"],"row":[["Above the Break 3","Back Court(BC)","Back Court Shot",125,2,0.016],["Above the Break 3","Center(C)","24+ ft.",6301,2159,0.343],["Above the Break 3","Left Side Center(LC)","24+ ft.",11690,4127,0.353],["Above the Break 3","Right Side Center(RC)","24+ ft.",11408,4110,0.36],["Backcourt","Back Court(BC)","Back Court Shot",376,10,0.027],["In The Paint (Non-RA)","Center(C)","8-16 ft.",5347,2287,0.428],["In The Paint (Non-RA)","Center(C)","Less Than 8 ft.",16224,6700,0.413],["In The Paint (Non-RA)","Left Side(L)","8-16 ft.",1830,742,0.405],["In The Paint (Non-RA)","Right Side(R)","8-16 ft.",1812,681,0.376],["Left Corner 3","Left Side(L)","24+ ft.",6296,2420,0.384],["Mid-Range","Center(C)","16-24 ft.",7053,2804,0.398],["Mid-Range","Center(C)","8-16 ft.",1778,753,0.424],["Mid-Range","Left Side Center(LC)","16-24 ft.",9939,3929,0.395],["Mid-Range","Left Side(L)","16-24 ft.",9372,3773,0.403],["Mid-Range","Left Side(L)","8-16 ft.",9478,3607,0.381],["Mid-Range","Right Side Center(RC)","16-24 ft.",10491,4361,0.416],["Mid-Range","Right Side(R)","16-24 ft.",8162,3303,0.405],["Mid-Range","Right Side(R)","8-16 ft.",8486,3309,0.39],["Restricted Area","Center(C)","Less Than 8 ft.",64492,38707,0.6],["Right Corner 3","Right Side(R)","24+ ft.",5412,2076,0.384]]},"Details":{"header":["GAME_ID","GAME_EVENT_ID","PERIOD","MINUTES_REMAINING","SECONDS_REMAINING","EVENT_TYPE","ACTION_TYPE","SHOT_TYPE","SHOT_ZONE_BASIC","SHOT_ZONE_AREA","SHOT_ZONE_RANGE","SHOT_DISTANCE","LOC_X","LOC_Y","SHOT_ATTEMPTED_FLAG","SHOT_MADE_FLAG"],"row":[["0020600313",436,4,3,37,"Made Shot","Layup Shot","2PT Field Goal","Restricted Area","Center(C)","Less Than 8 ft.",0,0,0,1,1],["0020600335",328,4,9,47,"Made Shot","Turnaround Jump Shot","2PT Field Goal","In The Paint (Non-RA)","Center(C)","Less Than 8 ft.",7,62,33,1,1],["0020600414",152,2,9,54,"Missed Shot","Jump Shot","2PT Field Goal","In The Paint (Non-RA)","Center(C)","Less Than 8 ft.",5,-15,48,1,0],["0020600414",160,2,9,17,"Missed Shot","Jump Shot","2PT Field Goal","Mid-Range","Right Side(R)","16-24 ft.",18,184,-8,1,0],["0020600414",358,3,0,2,"Made Shot","Layup Shot","2PT Field Goal","Restricted Area","Center(C)","Less Than 8 ft.",2,0,20,1,1],["0020600414",453,4,3,31,"Made Shot","Running Jump Shot","2PT Field Goal","In The Paint (Non-RA)","Center(C)","Less Than 8 ft.",4,28,41,1,1],["0020600414",481,4,0,18,"Missed Shot","Jump Shot","3PT Field Goal","Above the Break 3","Left Side Center(LC)","24+ ft.",26,-105,245,1,0],["0020600423",426,4,2,1,"Missed Shot","Jump Shot","2PT Field Goal","In The Paint (Non-RA)","Center(C)","8-16 ft.",11,8,117,1,0],["0020600456",415,4,6,56,"Missed Shot","Jump Shot","2PT Field Goal","Mid-Range","Left Side(L)","16-24 ft.",18,-186,5,1,0],["0020600456",440,4,3,56,"Made Shot","Layup Shot","2PT Field Goal","Restricted Area","Center(C)","Less Than 8 ft.",0,0,0,1,1],["0020600456",462,4,2,0,"Made Shot","Layup Shot","2PT Field Goal","Restricted Area","Center(C)","Less Than 8 ft.",0,0,0,1,1],["0020600456",484,4,0,29,"Missed Shot","Jump Shot","2PT Field Goal","Mid-Range","Right Side(R)","16-24 ft.",18,186,3,1,0],["0020600474",451,4,0,24,"Made Shot","Tip Shot","2PT Field Goal","Restricted Area","Center(C)","Less Than 8 ft.",0,0,0,1,1],["0020600474",460,4,0,8,"Missed Shot","Jump Shot","2PT Field Goal","Mid-Range","Right Side Center(RC)","16-24 ft.",20,103,174,1,0],["0020600508",366,4,4,21,"Made Shot","Jump Bank Shot","2PT Field Goal","Mid-Range","Left Side(L)","16-24 ft.",16,-149,79,1,1],["0020600508",374,4,3,26,"Missed Shot","Jump Shot","2PT Field Goal","Mid-Range","Center(C)","8-16 ft.",15,3,153,1,0],["0020600508",377,4,3,4,"Made Shot","Jump Shot","3PT Field Goal","Right Corner 3","Right Side(R)","24+ ft.",24,246,17,1,1],["0020600508",392,4,2,2,"Missed Shot","Layup Shot","2PT Field Goal","Restricted Area","Center(C)","Less Than 8 ft.",0,0,0,1,0],["0020600508",394,4,2,0,"Made Shot","Layup Shot","2PT Field Goal","Restricted Area","Center(C)","Less Than 8 ft.",0,0,0,1,1],["0020600508",397,4,1,44,"Missed Shot","Jump Shot","2PT Field Goal","Mid-Range","Right Side(R)","8-16 ft.",9,92,3,1,0],["0020600519",203,2,2,10,"Made Shot","Tip Shot","2PT Field Goal","Restricted Area","Center(C)","Less Than 8 ft.",0,0,0,1,1],["0020600519",233,2,0,0,"Made Shot","Alley Oop Layup shot","2PT Field Goal","Restricted Area","Center(C)","Less Than 8 ft.",0,0,0,1,1],["0020600557",342,4,9,41,"Missed Shot","Jump Shot","2PT Field Goal","Mid-Range","Left Side(L)","8-16 ft.",13,-138,0,1,0],["0020600557",364,4,7,52,"Made Shot","Driving Layup Shot","2PT Field Goal","Restricted Area","Center(C)","Less Than 8 ft.",0,0,0,1,1],["0020600557",400,4,3,6,"Made Shot","Layup Shot","2PT Field Goal","Restricted Area","Center(C)","Less Than 8 ft.",0,0,0,1,1],["0020600615",105,1,0,56,"Made Shot","Jump Shot","2PT Field Goal","Mid-Range","Right Side Center(RC)","16-24 ft.",19,108,164,1,1],["0020600615",355,4,11,37,"Made Shot","Jump Shot","2PT Field Goal","Mid-Range","Right Side(R)","16-24 ft.",18,176,61,1,1],["0020600635",138,2,9,28,"Missed Shot","Layup Shot","2PT Field Goal","Restricted Area","Center(C)","Less Than 8 ft.",0,0,0,1,0],["0020600635",139,2,9,25,"Missed Shot","Layup Shot","2PT Field Goal","Restricted Area","Center(C)","Less Than 8 ft.",0,0,0,1,0],["0020600665",355,4,8,24,"Missed Shot","Jump Shot","2PT Field Goal","Mid-Range","Right Side(R)","16-24 ft.",19,197,10,1,0],["0020600665",389,4,4,45,"Missed Shot","Running Jump Shot","2PT Field Goal","In The Paint (Non-RA)","Center(C)","Less Than 8 ft.",6,49,45,1,0],["0020600665",413,4,2,17,"Missed Shot","Jump Shot","2PT Field Goal","Mid-Range","Left Side Center(LC)","16-24 ft.",19,-149,118,1,0],["0020600665",431,4,0,38,"Missed Shot","Jump Shot","3PT Field Goal","Above the Break 3","Right Side Center(RC)","24+ ft.",26,184,186,1,0],["0020600712",274,3,4,26,"Missed Shot","Jump Shot","2PT Field Goal","Mid-Range","Right Side(R)","8-16 ft.",11,118,13,1,0],["0020600761",468,4,0,21,"Missed Shot","Jump Shot","2PT Field Goal","Mid-Range","Right Side(R)","16-24 ft.",17,176,-6,1,0],["0020600801",433,4,0,48,"Missed Shot","Jump Shot","2PT Field Goal","Mid-Range","Center(C)","16-24 ft.",16,39,163,1,0],["0020600801",436,4,0,34,"Made Shot","Jump Shot","2PT Field Goal","Mid-Range","Left Side(L)","16-24 ft.",20,-186,97,1,1],["0020600948",443,4,6,52,"Made Shot","Layup Shot","2PT Field Goal","Restricted Area","Center(C)","Less Than 8 ft.",0,0,0,1,1],["0020600948",470,4,3,0,"Missed Shot","Layup Shot","2PT Field Goal","Restricted Area","Center(C)","Less Than 8 ft.",0,0,0,1,0],["0020600992",303,3,0,14,"Missed Shot","Layup Shot","2PT Field Goal","Restricted Area","Center(C)","Less Than 8 ft.",0,0,0,1,0],["0020600992",360,4,6,22,"Missed Shot","Jump Shot","3PT Field Goal","Right Corner 3","Right Side(R)","24+ ft.",24,230,79,1,0],["0020600992",386,4,3,45,"Made Shot","Jump Shot","2PT Field Goal","Mid-Range","Right Side(R)","16-24 ft.",20,189,66,1,1],["0020600992",400,4,2,10,"Missed Shot","Jump Shot","3PT Field Goal","Above the Break 3","Right Side Center(RC)","24+ ft.",26,205,164,1,0],["0020600992",426,4,0,19,"Missed Shot","Jump Shot","2PT Field Goal","Mid-Range","Right Side(R)","16-24 ft.",19,190,33,1,0],["0020601000",415,4,1,8,"Missed Shot","Jump Shot","3PT Field Goal","Right Corner 3","Right Side(R)","24+ ft.",23,233,12,1,0],["0020601021",200,2,0,54,"Made Shot","Jump Shot","2PT Field Goal","Mid-Range","Left Side(L)","16-24 ft.",18,-187,22,1,1],["0020601021",204,2,0,27,"Missed Shot","Layup Shot","2PT Field Goal","Restricted Area","Center(C)","Less Than 8 ft.",0,0,0,1,0],["0020601111",204,2,0,58,"Missed Shot","Jump Shot","2PT Field Goal","Mid-Range","Right Side(R)","8-16 ft.",10,108,-1,1,0],["0020601111",338,3,0,2,"Missed Shot","Jump Shot","3PT Field Goal","Left Corner 3","Left Side(L)","24+ ft.",23,-237,0,1,0],["0020601111",354,4,10,42,"Made Shot","Jump Shot","2PT Field Goal","Mid-Range","Left Side(L)","16-24 ft.",16,-156,40,1,1],["0020601147",163,2,7,11,"Missed Shot","Layup Shot","2PT Field Goal","Restricted Area","Center(C)","Less Than 8 ft.",0,0,0,1,0],["0020601147",199,2,3,44,"Missed Shot","Hook Shot","2PT Field Goal","Restricted Area","Center(C)","Less Than 8 ft.",2,0,23,1,0],["0020601147",407,4,7,29,"Made Shot","Driving Layup Shot","2PT Field Goal","Restricted Area","Center(C)","Less Than 8 ft.",0,0,0,1,1],["0020601147",420,4,6,25,"Missed Shot","Jump Shot","2PT Field Goal","Mid-Range","Right Side(R)","16-24 ft.",19,192,-9,1,0],["0020601157",61,1,5,25,"Missed Shot","Jump Shot","2PT Field Goal","Mid-Range","Right Side(R)","8-16 ft.",14,138,-28,1,0],["0020601157",152,2,8,41,"Missed Shot","Jump Shot","2PT Field Goal","Mid-Range","Center(C)","16-24 ft.",16,-29,164,1,0],["0020601157",259,3,10,48,"Made Shot","Tip Shot","2PT Field Goal","Restricted Area","Center(C)","Less Than 8 ft.",0,0,0,1,1],["0020601157",278,3,7,59,"Made Shot","Driving Layup Shot","2PT Field Goal","Restricted Area","Center(C)","Less Than 8 ft.",0,0,0,1,1],["0020601157",293,3,5,58,"Missed Shot","Jump Shot","2PT Field Goal","Mid-Range","Right Side(R)","16-24 ft.",17,154,76,1,0],["0020601164",16,1,10,10,"Made Shot","Driving Dunk Shot","2PT Field Goal","Restricted Area","Center(C)","Less Than 8 ft.",0,-8,2,1,1],["0020601164",27,1,8,41,"Made Shot","Jump Shot","2PT Field Goal","Mid-Range","Left Side(L)","16-24 ft.",19,-189,31,1,1],["0020601164",191,2,3,11,"Missed Shot","Jump Shot","2PT Field Goal","Mid-Range","Left Side(L)","16-24 ft.",19,-191,3,1,0],["0020601201",4,1,11,7,"Made Shot","Layup Shot","2PT Field Goal","Restricted Area","Center(C)","Less Than 8 ft.",0,0,0,1,1],["0020601201",42,1,4,43,"Missed Shot","Jump Shot","2PT Field Goal","Mid-Range","Right Side(R)","8-16 ft.",15,136,81,1,0],["0020601201",111,2,10,52,"Missed Shot","Jump Shot","2PT Field Goal","Mid-Range","Left Side(L)","16-24 ft.",17,-172,40,1,0],["0020601201",113,2,10,48,"Missed Shot","Layup Shot","2PT Field Goal","Restricted Area","Center(C)","Less Than 8 ft.",0,0,0,1,0],["0020601201",223,3,10,8,"Missed Shot","Jump Shot","2PT Field Goal","Mid-Range","Left Side(L)","16-24 ft.",17,-172,0,1,0],["0020601201",235,3,8,34,"Missed Shot","Layup Shot","2PT Field Goal","Restricted Area","Center(C)","Less Than 8 ft.",0,0,0,1,0],["0020601201",322,4,11,25,"Made Shot","Dunk Shot","2PT Field Goal","Restricted Area","Center(C)","Less Than 8 ft.",0,0,0,1,1],["0020601201",327,4,10,59,"Made Shot","Layup Shot","2PT Field Goal","Restricted Area","Center(C)","Less Than 8 ft.",0,0,0,1,1],["0020601201",335,4,10,0,"Missed Shot","Jump Shot","3PT Field Goal","Above the Break 3","Left Side Center(LC)","24+ ft.",26,-135,232,1,0],["0020601201",343,4,9,28,"Made Shot","Driving Layup Shot","2PT Field Goal","Restricted Area","Center(C)","Less Than 8 ft.",0,0,0,1,1],["0020601201",358,4,7,40,"Made Shot","Dunk Shot","2PT Field Goal","Restricted Area","Center(C)","Less Than 8 ft.",0,0,0,1,1],["0020601201",407,4,1,15,"Made Shot","Layup Shot","2PT Field Goal","Restricted Area","Center(C)","Less Than 8 ft.",0,0,0,1,1],["0020601201",414,4,0,50,"Missed Shot","Jump Shot","2PT Field Goal","Mid-Range","Right Side Center(RC)","16-24 ft.",17,108,135,1,0],["0020601211",24,1,8,15,"Missed Shot","Jump Shot","2PT Field Goal","Mid-Range","Right Side Center(RC)","16-24 ft.",20,118,166,1,0],["0020601211",53,1,4,49,"Made Shot","Layup Shot","2PT Field Goal","Restricted Area","Center(C)","Less Than 8 ft.",0,0,0,1,1],["0020601211",263,3,11,24,"Made Shot","Layup Shot","2PT Field Goal","Restricted Area","Center(C)","Less Than 8 ft.",0,0,0,1,1],["0020601211",282,3,8,36,"Made Shot","Layup Shot","2PT Field Goal","Restricted Area","Center(C)","Less Than 8 ft.",0,0,0,1,1],["0020601211",304,3,4,59,"Missed Shot","Layup Shot","2PT Field Goal","Restricted Area","Center(C)","Less Than 8 ft.",0,0,0,1,0],["0020601211",308,3,4,41,"Made Shot","Layup Shot","2PT Field Goal","Restricted Area","Center(C)","Less Than 8 ft.",0,0,0,1,1],["0020601211",395,4,6,28,"Missed Shot","Jump Shot","2PT Field Goal","Mid-Range","Right Side(R)","8-16 ft.",14,149,17,1,0],["0020601211",415,4,4,29,"Missed Shot","Layup Shot","2PT Field Goal","Restricted Area","Center(C)","Less Than 8 ft.",0,0,0,1,0],["0020601211",455,4,0,27,"Made Shot","Dunk Shot","2PT Field Goal","Restricted Area","Center(C)","Less Than 8 ft.",0,0,0,1,1],["0020601217",8,1,11,1,"Missed Shot","Driving Layup Shot","2PT Field Goal","Restricted Area","Center(C)","Less Than 8 ft.",0,0,0,1,0],["0020601217",35,1,8,8,"Made Shot","Jump Shot","2PT Field Goal","Mid-Range","Center(C)","16-24 ft.",16,41,160,1,1],["0020601217",286,3,8,18,"Made Shot","Reverse Layup Shot","2PT Field Goal","Restricted Area","Center(C)","Less Than 8 ft.",0,0,0,1,1],["0020601217",387,4,10,36,"Made Shot","Running Jump Shot","2PT Field Goal","In The Paint (Non-RA)","Center(C)","Less Than 8 ft.",5,-51,17,1,1],["0020601217",391,4,9,39,"Missed Shot","Jump Shot","3PT Field Goal","Left Corner 3","Left Side(L)","24+ ft.",23,-233,0,1,0],["0020601217",393,4,9,30,"Missed Shot","Layup Shot","2PT Field Goal","Restricted Area","Center(C)","Less Than 8 ft.",0,0,0,1,0],["0020601217",395,4,9,27,"Made Shot","Layup Shot","2PT Field Goal","Restricted Area","Center(C)","Less Than 8 ft.",0,0,0,1,1],["0020601217",398,4,8,51,"Made Shot","Layup Shot","2PT Field Goal","Restricted Area","Center(C)","Less Than 8 ft.",0,0,0,1,1],["0020601217",432,4,5,37,"Made Shot","Driving Finger Roll Shot","2PT Field Goal","Restricted Area","Center(C)","Less Than 8 ft.",0,0,0,1,1]]}},"GameList":{"20600348":[200784,"0020600348","12/16/2006","PHI","76ers","SAS","Spurs",1,0,0,0,0,0,0,0,0,0,1],"20601201":[200784,"0020601201","04/15/2007","PHI","76ers","DET","Pistons",1,13,6,13,0,1,4,0,1,2,3],"20601021":[200784,"0020601021","03/23/2007","PHI","76ers","CHA","Bobcats",0,3,1,2,0,0,1,0,0,0,1],"20601147":[200784,"0020601147","04/08/2007","PHI","76ers","ATL","Hawks",1,3,1,4,0,0,3,0,0,0,2],"20600335":[200784,"0020600335","12/15/2006","PHI","76ers","DAL","Mavericks",1,3,1,1,0,0,5,0,0,0,2],"20601164":[200784,"0020601164","04/11/2007","PHI","76ers","BOS","Celtics",0,4,2,3,0,0,2,0,2,0,4],"20600313":[200784,"0020600313","12/13/2006","PHI","76ers","BOS","Celtics",2,4,1,1,0,0,2,0,1,0,4],"20601121":[200784,"0020601121","04/06/2007","PHI","76ers","TOR","Raptors",0,1,0,0,0,0,1,0,0,1,2],"20600542":[200784,"0020600542","01/13/2007","PHI","76ers","CHA","Bobcats",0,0,0,0,0,0,0,0,0,0,0],"20600116":[200784,"0020600116","11/15/2006","PHI","76ers","SEA","SuperSonics",0,0,0,0,0,0,1,0,0,0,1],"20600364":[200784,"0020600364","12/20/2006","PHI","76ers","IND","Pacers",0,1,0,0,0,0,1,0,0,1,0],"20600646":[200784,"0020600646","01/27/2007","PHI","76ers","ATL","Hawks",0,0,0,0,0,0,1,0,0,0,0],"20601085":[200784,"0020601085","03/31/2007","PHI","76ers","NJN","Nets",0,0,0,0,0,0,0,0,0,0,0],"20600665":[200784,"0020600665","01/29/2007","PHI","76ers","HOU","Rockets",0,2,0,4,0,1,1,0,0,3,2],"20601187":[200784,"0020601187","04/14/2007","PHI","76ers","ORL","Magic",0,0,0,0,0,0,0,0,0,0,0],"20600712":[200784,"0020600712","02/05/2007","PHI","76ers","NJN","Nets",0,0,0,1,0,0,2,0,0,0,0],"20601000":[200784,"0020601000","03/20/2007","PHI","76ers","DET","Pistons",1,0,0,1,0,1,0,0,0,0,0],"20600508":[200784,"0020600508","01/09/2007","PHI","76ers","DET","Pistons",0,7,3,6,1,1,1,0,1,0,2],"20600151":[200784,"0020600151","11/21/2006","PHI","76ers","DET","Pistons",0,1,0,0,0,0,3,0,0,1,1],"20600615":[200784,"0020600615","01/23/2007","PHI","76ers","NOK","Hornets",0,4,2,2,0,0,1,0,0,0,2],"20600603":[200784,"0020600603","01/21/2007","PHI","76ers","SAS","Spurs",0,0,0,0,0,0,0,0,0,0,0],"20600992":[200784,"0020600992","03/18/2007","PHI","76ers","HOU","Rockets",2,4,1,5,0,2,3,0,0,0,3],"20600423":[200784,"0020600423","12/27/2006","PHI","76ers","SAC","Kings",0,0,0,1,0,0,1,0,0,0,0],"20601157":[200784,"0020601157","04/10/2007","PHI","76ers","IND","Pacers",1,4,2,5,0,0,3,0,0,1,5],"20600892":[200784,"0020600892","03/04/2007","PHI","76ers","NJN","Nets",1,0,0,0,0,0,1,0,0,0,0],"20601111":[200784,"0020601111","04/04/2007","PHI","76ers","NYK","Knicks",1,3,1,3,0,1,2,0,0,0,0],"20600188":[200784,"0020600188","11/25/2006","PHI","76ers","CLE","Cavaliers",0,0,0,0,0,0,0,0,0,0,0],"20600439":[200784,"0020600439","12/29/2006","PHI","76ers","POR","Trail Blazers",1,0,0,0,0,0,1,0,0,0,0],"20600474":[200784,"0020600474","01/03/2007","PHI","76ers","UTA","Jazz",0,2,1,2,0,0,0,0,0,0,1],"20600815":[200784,"0020600815","02/23/2007","PHI","76ers","CHA","Bobcats",1,0,0,0,0,0,0,0,0,0,0],"20600557":[200784,"0020600557","01/15/2007","PHI","76ers","TOR","Raptors",0,6,2,3,0,0,1,0,2,0,2],"20600456":[200784,"0020600456","12/31/2006","PHI","76ers","LAL","Lakers",0,4,2,4,0,0,0,1,0,1,2],"20600635":[200784,"0020600635","01/26/2007","PHI","76ers","CLE","Cavaliers",0,0,0,2,0,0,0,0,0,0,2],"20601211":[200784,"0020601211","04/17/2007","PHI","76ers","CLE","Cavaliers",0,13,5,9,0,0,4,0,2,1,0],"20600761":[200784,"0020600761","02/11/2007","PHI","76ers","DAL","Mavericks",0,0,0,1,0,0,2,0,0,0,0],"20601217":[200784,"0020601217","04/18/2007","PHI","76ers","TOR","Raptors",2,14,6,9,0,1,5,0,1,2,6],"20600573":[200784,"0020600573","01/17/2007","PHI","76ers","MEM","Grizzlies",1,2,0,0,0,0,1,0,0,0,0],"20600948":[200784,"0020600948","03/13/2007","PHI","76ers","ATL","Hawks",0,2,1,2,0,0,0,0,1,1,2],"20600384":[200784,"0020600384","12/22/2006","PHI","76ers","BOS","Celtics",0,0,0,0,0,0,0,0,0,0,0],"20600414":[200784,"0020600414","12/26/2006","PHI","76ers","GSW","Warriors",1,4,2,5,0,1,4,0,0,0,2],"20600163":[200784,"0020600163","11/22/2006","PHI","76ers","MIL","Bucks",0,0,0,0,0,0,0,0,0,0,0],"20600829":[200784,"0020600829","02/24/2007","PHI","76ers","MIL","Bucks",0,0,0,0,0,0,0,0,0,1,0],"20600801":[200784,"0020600801","02/21/2007","PHI","76ers","NYK","Knicks",0,2,1,2,0,0,0,0,0,0,1],"20600519":[200784,"0020600519","01/10/2007","PHI","76ers","NYK","Knicks",0,4,2,2,0,0,2,0,0,1,4]},"data":[23.0,44,5,7.6,1.0,2.1,0.462,0.0,0.2,0.111,0.5,0.9,0.561,0.5,0.8,1.3,0.4,0.3,0.0,0.4,1.3,2.5],"rank":{"PerGame":[null,null,null,null,null,null,null,null,null,null,null,null,null,null,null,null,null,null,null],"Totals":[357,343,345,null,279,272,null,337,318,null,302,356,342,348,340,379,354,345,355]},"team":"PHI"},"2007":{"shotchart":{"Averages":{"header":["SHOT_ZONE_BASIC","SHOT_ZONE_AREA","SHOT_ZONE_RANGE","FGA","FGM","FG_PCT"],"row":[["Above the Break 3","Back Court(BC)","Back Court Shot",129,3,0.023],["Above the Break 3","Center(C)","24+ ft.",6849,2374,0.347],["Above the Break 3","Left Side Center(LC)","24+ ft.",12540,4481,0.357],["Above the Break 3","Right Side Center(RC)","24+ ft.",12323,4426,0.359],["Backcourt","Back Court(BC)","Back Court Shot",468,10,0.021],["In The Paint (Non-RA)","Center(C)","8-16 ft.",6435,2577,0.4],["In The Paint (Non-RA)","Center(C)","Less Than 8 ft.",15001,6210,0.414],["In The Paint (Non-RA)","Left Side(L)","8-16 ft.",2249,880,0.391],["In The Paint (Non-RA)","Right Side(R)","8-16 ft.",2226,918,0.412],["Left Corner 3","Left Side(L)","24+ ft.",6340,2479,0.391],["Mid-Range","Center(C)","16-24 ft.",8386,3433,0.409],["Mid-Range","Center(C)","8-16 ft.",1688,721,0.427],["Mid-Range","Left Side Center(LC)","16-24 ft.",10377,4195,0.404],["Mid-Range","Left Side(L)","16-24 ft.",9213,3787,0.411],["Mid-Range","Left Side(L)","8-16 ft.",8623,3268,0.379],["Mid-Range","Right Side Center(RC)","16-24 ft.",10936,4413,0.404],["Mid-Range","Right Side(R)","16-24 ft.",8205,3428,0.418],["Mid-Range","Right Side(R)","8-16 ft.",8558,3283,0.384],["Restricted Area","Center(C)","Less Than 8 ft.",64133,38456,0.6],["Right Corner 3","Right Side(R)","24+ ft.",5822,2327,0.4]]},"Details":{"header":["GAME_ID","GAME_EVENT_ID","PERIOD","MINUTES_REMAINING","SECONDS_REMAINING","EVENT_TYPE","ACTION_TYPE","SHOT_TYPE","SHOT_ZONE_BASIC","SHOT_ZONE_AREA","SHOT_ZONE_RANGE","SHOT_DISTANCE","LOC_X","LOC_Y","SHOT_ATTEMPTED_FLAG","SHOT_MADE_FLAG"],"row":[["0020700058",385,4,7,53,"Missed Shot","Jump Shot","2PT Field Goal","In The Paint (Non-RA)","Center(C)","Less Than 8 ft.",4,-21,40,1,0],["0020700058",399,4,5,32,"Made Shot","Jump Shot","3PT Field Goal","Above the Break 3","Right Side Center(RC)","24+ ft.",26,141,219,1,1],["0020700058",437,4,1,50,"Made Shot","Jump Shot","3PT Field Goal","Mid-Range","Right Side Center(RC)","16-24 ft.",23,131,194,1,1],["0020700058",449,4,0,10,"Made Shot","Jump Shot","3PT Field Goal","Right Corner 3","Right Side(R)","24+ ft.",24,236,72,1,1],["0020700071",137,2,11,35,"Made Shot","Jump Shot","3PT Field Goal","Left Corner 3","Left Side(L)","24+ ft.",24,-243,0,1,1],["0020700071",161,2,9,25,"Missed Shot","Jump Shot","3PT Field Goal","Left Corner 3","Left Side(L)","24+ ft.",24,-243,-32,1,0],["0020700071",436,4,6,15,"Missed Shot","Jump Shot","3PT Field Goal","Above the Break 3","Right Side Center(RC)","24+ ft.",24,143,199,1,0],["0020700071",470,4,3,26,"Made Shot","Dunk Shot","2PT Field Goal","Restricted Area","Center(C)","Less Than 8 ft.",0,3,-8,1,1],["0020700071",494,4,1,46,"Made Shot","Jump Shot","3PT Field Goal","Right Corner 3","Right Side(R)","24+ ft.",22,228,-16,1,1],["0020700080",170,2,9,13,"Missed Shot","Jump Shot","3PT Field Goal","Above the Break 3","Right Side Center(RC)","24+ ft.",25,195,158,1,0],["0020700094",141,2,10,55,"Missed Shot","Jump Shot","2PT Field Goal","Mid-Range","Right Side(R)","16-24 ft.",19,194,12,1,0],["0020700094",173,2,7,52,"Made Shot","Driving Layup Shot","2PT Field Goal","Restricted Area","Center(C)","Less Than 8 ft.",0,0,0,1,1],["0020700094",176,2,7,19,"Missed Shot","Jump Shot","3PT Field Goal","Right Corner 3","Right Side(R)","24+ ft.",23,228,35,1,0],["0020700094",395,4,9,25,"Made Shot","Running Jump Shot","2PT Field Goal","In The Paint (Non-RA)","Right Side(R)","8-16 ft.",9,64,66,1,1],["0020700094",464,4,4,35,"Missed Shot","Driving Layup Shot","2PT Field Goal","Restricted Area","Center(C)","Less Than 8 ft.",0,0,0,1,0],["0020700094",501,4,2,6,"Made Shot","Jump Bank Shot","3PT Field Goal","Above the Break 3","Center(C)","24+ ft.",26,-18,263,1,1],["0020700114",147,2,8,22,"Made Shot","Dunk Shot","2PT Field Goal","Restricted Area","Center(C)","Less Than 8 ft.",0,0,0,1,1],["0020700114",467,4,2,49,"Made Shot","Layup Shot","2PT Field Goal","Restricted Area","Center(C)","Less Than 8 ft.",0,0,0,1,1],["0020700114",492,4,1,37,"Missed Shot","Jump Shot","3PT Field Goal","Above the Break 3","Center(C)","24+ ft.",27,-10,270,1,0],["0020700139",128,2,10,53,"Made Shot","Jump Shot","2PT Field Goal","Mid-Range","Right Side(R)","16-24 ft.",16,154,63,1,1],["0020700139",152,2,9,26,"Missed Shot","Jump Shot","3PT Field Goal","Right Corner 3","Right Side(R)","24+ ft.",23,234,-8,1,0],["0020700139",163,2,8,15,"Missed Shot","Jump Shot","3PT Field Goal","Right Corner 3","Right Side(R)","24+ ft.",23,233,25,1,0],["0020700139",174,2,7,12,"Missed Shot","Jump Shot","2PT Field Goal","Mid-Range","Right Side(R)","8-16 ft.",9,95,30,1,0],["0020700139",186,2,6,20,"Missed Shot","Reverse Layup Shot","2PT Field Goal","Restricted Area","Center(C)","Less Than 8 ft.",0,0,0,1,0],["0020700139",414,4,10,17,"Made Shot","Jump Shot","2PT Field Goal","Mid-Range","Left Side(L)","16-24 ft.",18,-159,104,1,1],["0020700139",424,4,8,55,"Missed Shot","Tip Shot","2PT Field Goal","Restricted Area","Center(C)","Less Than 8 ft.",0,0,0,1,0],["0020700155",409,4,9,37,"Missed Shot","Jump Shot","3PT Field Goal","Right Corner 3","Right Side(R)","24+ ft.",25,245,84,1,0],["0020700155",426,4,8,3,"Missed Shot","Layup Shot","2PT Field Goal","Restricted Area","Center(C)","Less Than 8 ft.",0,0,0,1,0],["0020700155",427,4,8,1,"Made Shot","Layup Shot","2PT Field Goal","Restricted Area","Center(C)","Less Than 8 ft.",0,0,0,1,1],["0020700169",157,2,10,29,"Missed Shot","Layup Shot","2PT Field Goal","Restricted Area","Center(C)","Less Than 8 ft.",0,0,0,1,0],["0020700169",189,2,8,2,"Missed Shot","Jump Shot","3PT Field Goal","Left Corner 3","Left Side(L)","24+ ft.",23,-235,10,1,0],["0020700169",200,2,7,2,"Missed Shot","Layup Shot","2PT Field Goal","Restricted Area","Center(C)","Less Than 8 ft.",0,0,0,1,0],["0020700169",201,2,6,58,"Made Shot","Tip Shot","2PT Field Goal","Restricted Area","Center(C)","Less Than 8 ft.",0,0,0,1,1],["0020700177",105,1,0,0,"Missed Shot","Jump Hook Shot","2PT Field Goal","In The Paint (Non-RA)","Center(C)","Less Than 8 ft.",7,69,18,1,0],["0020700177",132,2,9,45,"Missed Shot","Layup Shot","2PT Field Goal","Restricted Area","Center(C)","Less Than 8 ft.",0,0,0,1,0],["0020700177",368,3,2,5,"Missed Shot","Reverse Layup Shot","2PT Field Goal","Restricted Area","Center(C)","Less Than 8 ft.",0,0,0,1,0],["0020700177",375,3,1,13,"Missed Shot","Layup Shot","2PT Field Goal","Restricted Area","Center(C)","Less Than 8 ft.",0,0,0,1,0],["0020700189",437,4,9,2,"Made Shot","Layup Shot","2PT Field Goal","Restricted Area","Center(C)","Less Than 8 ft.",0,0,0,1,1],["0020700189",462,4,6,57,"Missed Shot","Layup Shot","2PT Field Goal","Restricted Area","Center(C)","Less Than 8 ft.",0,0,0,1,0],["0020700189",496,4,3,45,"Missed Shot","Jump Shot","3PT Field Goal","Right Corner 3","Right Side(R)","24+ ft.",23,230,51,1,0],["0020700189",526,4,0,53,"Missed Shot","Layup Shot","2PT Field Goal","Restricted Area","Center(C)","Less Than 8 ft.",0,0,0,1,0],["0020700222",461,4,5,8,"Missed Shot","Jump Shot","3PT Field Goal","Right Corner 3","Right Side(R)","24+ ft.",23,225,54,1,0],["0020700222",488,4,3,42,"Made Shot","Driving Slam Dunk Shot","2PT Field Goal","Restricted Area","Center(C)","Less Than 8 ft.",0,0,0,1,1],["0020700222",496,4,3,5,"Made Shot","Jump Shot","3PT Field Goal","Above the Break 3","Right Side Center(RC)","24+ ft.",25,141,207,1,1],["0020700222",519,4,1,39,"Made Shot","Layup Shot","2PT Field Goal","Restricted Area","Center(C)","Less Than 8 ft.",0,0,0,1,1],["0020700222",533,4,0,24,"Missed Shot","Jump Shot","3PT Field Goal","Above the Break 3","Right Side Center(RC)","24+ ft.",25,151,202,1,0],["0020700348",317,3,0,0,"Missed Shot","Jump Shot","3PT Field Goal","Backcourt","Back Court(BC)","Back Court Shot",49,-197,450,1,0],["0020700348",340,4,9,42,"Missed Shot","Jump Shot","2PT Field Goal","In The Paint (Non-RA)","Center(C)","Less Than 8 ft.",5,-6,54,1,0],["0020700348",352,4,7,35,"Made Shot","Jump Shot","3PT Field Goal","Left Corner 3","Left Side(L)","24+ ft.",23,-232,12,1,1],["0020700352",462,4,1,8,"Made Shot","Driving Finger Roll Layup Shot","2PT Field Goal","Restricted Area","Center(C)","Less Than 8 ft.",0,0,0,1,1],["0020700389",359,4,10,25,"Missed Shot","Layup Shot","2PT Field Goal","Restricted Area","Center(C)","Less Than 8 ft.",0,0,0,1,0],["0020700415",486,4,1,56,"Made Shot","Jump Shot","3PT Field Goal","Above the Break 3","Left Side Center(LC)","24+ ft.",25,-227,117,1,1],["0020700415",490,4,1,13,"Missed Shot","Jump Shot","3PT Field Goal","Above the Break 3","Left Side Center(LC)","24+ ft.",25,-230,104,1,0],["0020700415",494,4,1,0,"Made Shot","Dunk Shot","2PT Field Goal","Restricted Area","Center(C)","Less Than 8 ft.",0,0,0,1,1],["0020700532",339,3,0,45,"Missed Shot","Layup Shot","2PT Field Goal","Restricted Area","Center(C)","Less Than 8 ft.",2,-23,15,1,0],["0020700532",370,4,10,10,"Missed Shot","Jump Shot","3PT Field Goal","Right Corner 3","Right Side(R)","24+ ft.",24,245,5,1,0],["0020700532",389,4,8,22,"Missed Shot","Jump Shot","2PT Field Goal","In The Paint (Non-RA)","Center(C)","Less Than 8 ft.",6,-61,8,1,0],["0020700532",406,4,6,38,"Missed Shot","Jump Shot","3PT Field Goal","Right Corner 3","Right Side(R)","24+ ft.",23,233,-14,1,0],["0020700546",302,3,4,7,"Missed Shot","Tip Shot","2PT Field Goal","Restricted Area","Center(C)","Less Than 8 ft.",0,0,0,1,0],["0020700546",304,3,4,4,"Missed Shot","Tip Shot","2PT Field Goal","Restricted Area","Center(C)","Less Than 8 ft.",0,0,0,1,0],["0020700546",312,3,3,32,"Missed Shot","Jump Shot","2PT Field Goal","In The Paint (Non-RA)","Center(C)","Less Than 8 ft.",4,0,45,1,0],["0020700546",325,3,2,31,"Made Shot","Layup Shot","2PT Field Goal","Restricted Area","Center(C)","Less Than 8 ft.",0,0,0,1,1],["0020700558",513,5,0,27,"Made Shot","Jump Shot","3PT Field Goal","Above the Break 3","Left Side Center(LC)","24+ ft.",25,-156,204,1,1],["0020700578",13,1,10,23,"Missed Shot","Tip Shot","2PT Field Goal","Restricted Area","Center(C)","Less Than 8 ft.",0,0,0,1,0],["0020700578",20,1,9,28,"Made Shot","Layup Shot","2PT Field Goal","Restricted Area","Center(C)","Less Than 8 ft.",0,0,0,1,1],["0020700578",147,2,9,52,"Made Shot","Layup Shot","2PT Field Goal","Restricted Area","Center(C)","Less Than 8 ft.",0,0,0,1,1],["0020700578",165,2,8,29,"Made Shot","Dunk Shot","2PT Field Goal","Restricted Area","Center(C)","Less Than 8 ft.",0,0,0,1,1],["0020700578",253,2,0,7,"Made Shot","Layup Shot","2PT Field Goal","Restricted Area","Center(C)","Less Than 8 ft.",0,0,0,1,1],["0020700578",276,3,10,34,"Made Shot","Jump Shot","3PT Field Goal","Above the Break 3","Left Side Center(LC)","24+ ft.",25,-237,100,1,1],["0020700578",321,3,4,44,"Missed Shot","Jump Shot","3PT Field Goal","Above the Break 3","Right Side Center(RC)","24+ ft.",25,228,120,1,0],["0020700578",349,3,2,42,"Missed Shot","Jump Shot","3PT Field Goal","Above the Break 3","Left Side Center(LC)","24+ ft.",25,-181,181,1,0],["0020700578",367,3,0,30,"Missed Shot","Layup Shot","2PT Field Goal","Restricted Area","Center(C)","Less Than 8 ft.",0,0,0,1,0],["0020700578",439,4,6,11,"Made Shot","Jump Shot","3PT Field Goal","Above the Break 3","Right Side Center(RC)","24+ ft.",25,230,99,1,1],["0020700578",446,4,5,45,"Made Shot","Pullup Jump shot","2PT Field Goal","Mid-Range","Left Side Center(LC)","16-24 ft.",21,-122,181,1,1],["0020700578",452,4,4,56,"Missed Shot","Reverse Layup Shot","2PT Field Goal","Restricted Area","Center(C)","Less Than 8 ft.",0,0,0,1,0],["0020700578",466,4,2,32,"Made Shot","Layup Shot","2PT Field Goal","Restricted Area","Center(C)","Less Than 8 ft.",0,0,0,1,1],["0020700584",14,1,9,45,"Missed Shot","Jump Shot","2PT Field Goal","Mid-Range","Right Side Center(RC)","16-24 ft.",21,110,181,1,0],["0020700584",18,1,9,22,"Missed Shot","Layup Shot","2PT Field Goal","Restricted Area","Center(C)","Less Than 8 ft.",0,0,0,1,0],["0020700584",199,2,2,27,"Missed Shot","Jump Shot","3PT Field Goal","Left Corner 3","Left Side(L)","24+ ft.",24,-237,51,1,0],["0020700584",208,2,1,19,"Made Shot","Layup Shot","2PT Field Goal","Restricted Area","Center(C)","Less Than 8 ft.",0,0,0,1,1],["0020700584",210,2,0,49,"Missed Shot","Layup Shot","2PT Field Goal","Restricted Area","Center(C)","Less Than 8 ft.",0,0,0,1,0],["0020700584",234,3,10,43,"Missed Shot","Jump Shot","2PT Field Goal","In The Paint (Non-RA)","Center(C)","8-16 ft.",11,23,115,1,0],["0020700584",322,4,10,48,"Made Shot","Reverse Layup Shot","2PT Field Goal","Restricted Area","Center(C)","Less Than 8 ft.",0,0,0,1,1],["0020700584",345,4,8,46,"Missed Shot","Jump Shot","3PT Field Goal","Above the Break 3","Right Side Center(RC)","24+ ft.",26,222,140,1,0],["0020700614",93,1,0,0,"Missed Shot","Jump Shot","3PT Field Goal","Backcourt","Back Court(BC)","Back Court Shot",49,172,468,1,0],["0020700614",411,4,1,52,"Missed Shot","Jump Shot","3PT Field Goal","Above the Break 3","Right Side Center(RC)","24+ ft.",25,87,245,1,0],["0020700614",423,4,0,1,"Missed Shot","Jump Shot","3PT Field Goal","Above the Break 3","Left Side Center(LC)","24+ ft.",25,-149,206,1,0],["0020700626",94,1,2,26,"Made Shot","Driving Layup Shot","2PT Field Goal","Restricted Area","Center(C)","Less Than 8 ft.",2,-20,0,1,1],["0020700626",464,4,2,23,"Missed Shot","Jump Shot","3PT Field Goal","Above the Break 3","Right Side Center(RC)","24+ ft.",25,187,171,1,0],["0020700626",474,4,1,15,"Made Shot","Layup Shot","2PT Field Goal","Restricted Area","Center(C)","Less Than 8 ft.",0,1,-5,1,1],["0020700864",477,4,2,3,"Made Shot","Dunk Shot","2PT Field Goal","Restricted Area","Center(C)","Less Than 8 ft.",0,0,0,1,1],["0020700883",463,4,1,1,"Missed Shot","Layup Shot","2PT Field Goal","Restricted Area","Center(C)","Less Than 8 ft.",0,0,0,1,0],["0020700905",473,4,1,11,"Made Shot","Running Jump Shot","2PT Field Goal","In The Paint (Non-RA)","Center(C)","8-16 ft.",8,0,82,1,1],["0020700911",460,4,0,45,"Missed Shot","Jump Shot","2PT Field Goal","Mid-Range","Left Side Center(LC)","16-24 ft.",20,-87,184,1,0],["0020700956",105,1,1,12,"Missed Shot","Jump Shot","2PT Field Goal","Mid-Range","Right Side(R)","16-24 ft.",21,210,8,1,0],["0020700956",131,2,10,49,"Made Shot","Jump Shot","3PT Field Goal","Above the Break 3","Center(C)","24+ ft.",24,72,230,1,1],["0020700956",331,4,11,16,"Missed Shot","Jump Shot","2PT Field Goal","Mid-Range","Right Side Center(RC)","16-24 ft.",19,115,158,1,0],["0020700956",377,4,5,50,"Made Shot","Reverse Layup Shot","2PT Field Goal","Restricted Area","Center(C)","Less Than 8 ft.",0,0,0,1,1],["0020700968",81,1,2,55,"Made Shot","Jump Shot","3PT Field Goal","Above the Break 3","Left Side Center(LC)","24+ ft.",24,-176,173,1,1],["0020700968",290,3,2,48,"Made Shot","Jump Shot","3PT Field Goal","Right Corner 3","Right Side(R)","24+ ft.",22,228,8,1,1],["0020700968",326,4,10,52,"Made Shot","Jump Shot","3PT Field Goal","Right Corner 3","Right Side(R)","24+ ft.",24,240,10,1,1],["0020700984",358,4,10,47,"Made Shot","Jump Shot","2PT Field Goal","In The Paint (Non-RA)","Center(C)","Less Than 8 ft.",6,-3,63,1,1],["0020700984",382,4,7,18,"Missed Shot","Jump Shot","3PT Field Goal","Above the Break 3","Right Side Center(RC)","24+ ft.",24,159,187,1,0],["0020701000",64,1,3,49,"Missed Shot","Jump Shot","3PT Field Goal","Right Corner 3","Right Side(R)","24+ ft.",24,232,87,1,0],["0020701000",66,1,3,43,"Missed Shot","Layup Shot","2PT Field Goal","Restricted Area","Center(C)","Less Than 8 ft.",0,0,0,1,0],["0020701000",77,1,2,45,"Made Shot","Jump Shot","3PT Field Goal","Above the Break 3","Center(C)","24+ ft.",25,21,253,1,1],["0020701000",323,3,2,47,"Made Shot","Layup Shot","2PT Field Goal","Restricted Area","Center(C)","Less Than 8 ft.",0,0,0,1,1],["0020701000",330,3,2,3,"Made Shot","Jump Shot","2PT Field Goal","Mid-Range","Left Side(L)","16-24 ft.",16,-163,46,1,1],["0020701000",348,3,0,20,"Made Shot","Dunk Shot","2PT Field Goal","Restricted Area","Center(C)","Less Than 8 ft.",0,0,0,1,1],["0020701006",20,1,9,14,"Missed Shot","Jump Shot","3PT Field Goal","Right Corner 3","Right Side(R)","24+ ft.",22,228,25,1,0],["0020701006",48,1,5,26,"Missed Shot","Jump Shot","3PT Field Goal","Right Corner 3","Right Side(R)","24+ ft.",22,227,7,1,0],["0020701006",73,1,2,10,"Missed Shot","Jump Shot","3PT Field Goal","Above the Break 3","Right Side Center(RC)","24+ ft.",24,197,148,1,0],["0020701006",232,3,6,39,"Missed Shot","Driving Layup Shot","2PT Field Goal","Restricted Area","Center(C)","Less Than 8 ft.",0,0,0,1,0],["0020701006",248,3,4,55,"Made Shot","Layup Shot","2PT Field Goal","Restricted Area","Center(C)","Less Than 8 ft.",0,0,0,1,1],["0020701006",258,3,3,58,"Missed Shot","Driving Layup Shot","2PT Field Goal","Restricted Area","Center(C)","Less Than 8 ft.",0,0,0,1,0],["0020701006",313,4,9,28,"Missed Shot","Jump Shot","3PT Field Goal","Above the Break 3","Right Side Center(RC)","24+ ft.",25,164,194,1,0],["0020701006",392,4,0,10,"Missed Shot","Jump Shot","3PT Field Goal","Left Corner 3","Left Side(L)","24+ ft.",23,-230,12,1,0],["0020701023",104,2,10,48,"Made Shot","Driving Finger Roll Layup Shot","2PT Field Goal","Restricted Area","Center(C)","Less Than 8 ft.",0,0,0,1,1],["0020701023",106,2,10,16,"Missed Shot","Jump Shot","3PT Field Goal","Right Corner 3","Right Side(R)","24+ ft.",23,238,23,1,0],["0020701023",126,2,8,1,"Made Shot","Layup Shot","2PT Field Goal","Restricted Area","Center(C)","Less Than 8 ft.",0,0,0,1,1],["0020701023",136,2,6,27,"Missed Shot","Layup Shot","2PT Field Goal","Restricted Area","Center(C)","Less Than 8 ft.",0,0,0,1,0],["0020701023",206,2,0,28,"Missed Shot","Jump Shot","3PT Field Goal","Above the Break 3","Left Side Center(LC)","24+ ft.",26,-191,184,1,0],["0020701023",299,3,1,26,"Made Shot","Driving Finger Roll Layup Shot","2PT Field Goal","Restricted Area","Center(C)","Less Than 8 ft.",0,0,0,1,1],["0020701023",357,4,7,25,"Made Shot","Driving Layup Shot","2PT Field Goal","Restricted Area","Center(C)","Less Than 8 ft.",0,0,0,1,1],["0020701023",399,4,3,8,"Made Shot","Jump Shot","3PT Field Goal","Above the Break 3","Right Side Center(RC)","24+ ft.",26,141,224,1,1],["0020701023",401,4,2,46,"Made Shot","Layup Shot","2PT Field Goal","Restricted Area","Center(C)","Less Than 8 ft.",0,0,0,1,1],["0020701133",336,4,9,7,"Missed Shot","Jump Shot","2PT Field Goal","Mid-Range","Center(C)","8-16 ft.",15,75,140,1,0],["0020701133",370,4,5,57,"Missed Shot","Jump Shot","3PT Field Goal","Right Corner 3","Right Side(R)","24+ ft.",22,228,-3,1,0],["0020701133",407,4,1,34,"Missed Shot","Jump Shot","3PT Field Goal","Left Corner 3","Left Side(L)","24+ ft.",23,-233,23,1,0],["0020701172",402,4,0,3,"Made Shot","Jump Shot","2PT Field Goal","Mid-Range","Left Side(L)","16-24 ft.",21,-176,125,1,1],["0020701201",493,4,1,55,"Missed Shot","Jump Shot","2PT Field Goal","Mid-Range","Right Side(R)","8-16 ft.",15,149,36,1,0],["0020701201",498,4,1,12,"Missed Shot","Turnaround Jump Shot","2PT Field Goal","Restricted Area","Center(C)","Less Than 8 ft.",0,0,0,1,0],["0020701201",502,4,0,50,"Missed Shot","Jump Shot","2PT Field Goal","Mid-Range","Left Side Center(LC)","16-24 ft.",22,-158,160,1,0],["0020701201",506,4,0,31,"Made Shot","Driving Finger Roll Layup Shot","2PT Field Goal","Restricted Area","Center(C)","Less Than 8 ft.",0,0,0,1,1],["0020701228",424,4,8,36,"Missed Shot","Jump Shot","2PT Field Goal","Mid-Range","Right Side(R)","16-24 ft.",19,159,109,1,0],["0020701228",437,4,7,39,"Missed Shot","Layup Shot","2PT Field Goal","Restricted Area","Center(C)","Less Than 8 ft.",0,0,0,1,0],["0020701228",447,4,6,43,"Made Shot","Layup Shot","2PT Field Goal","Restricted Area","Center(C)","Less Than 8 ft.",0,0,0,1,1],["0020701228",471,4,4,44,"Missed Shot","Jump Shot","2PT Field Goal","Mid-Range","Left Side Center(LC)","16-24 ft.",21,-122,176,1,0],["0020701228",487,4,3,29,"Missed Shot","Layup Shot","2PT Field Goal","Restricted Area","Center(C)","Less Than 8 ft.",0,0,0,1,0],["0020701228",489,4,3,28,"Made Shot","Layup Shot","2PT Field Goal","Restricted Area","Center(C)","Less Than 8 ft.",0,0,0,1,1]]}},"GameList":{"20700905":[200784,"0020700905","03/05/2008","HOU","Rockets","IND","Pacers",0,2,1,1,0,0,1,0,0,0,0],"20700094":[200784,"0020700094","11/12/2007","DEN","Nuggets","CLE","Cavaliers",1,8,3,6,1,2,3,0,0,2,6],"20701110":[200784,"0020701110","04/01/2008","SAS","Spurs","GSW","Warriors",0,0,0,0,0,0,0,0,1,1,0],"20700883":[200784,"0020700883","03/02/2008","HOU","Rockets","DEN","Nuggets",0,0,0,1,0,0,0,0,0,0,1],"20700584":[200784,"0020700584","01/19/2008","MEM","Grizzlies","CHA","Bobcats",1,8,2,8,0,2,2,0,1,1,5],"20700155":[200784,"0020700155","11/20/2007","DEN","Nuggets","CHI","Bulls",3,4,1,3,0,1,2,0,0,2,4],"20700984":[200784,"0020700984","03/16/2008","MIA","Heat","DAL","Mavericks",2,4,1,2,0,1,2,0,1,1,6],"20700071":[200784,"0020700071","11/09/2007","DEN","Nuggets","WAS","Wizards",1,11,3,5,2,4,3,0,1,1,1],"20700209":[200784,"0020700209","11/27/2007","DEN","Nuggets","IND","Pacers",0,0,0,0,0,0,0,0,0,0,0],"20700222":[200784,"0020700222","11/29/2007","DEN","Nuggets","LAL","Lakers",0,8,3,5,1,3,1,0,0,0,0],"20700247":[200784,"0020700247","12/02/2007","DEN","Nuggets","MIA","Heat",0,1,0,0,0,0,3,0,1,0,0],"20701133":[200784,"0020701133","04/04/2008","SAS","Spurs","UTA","Jazz",1,0,0,3,0,2,1,0,0,0,2],"20700177":[200784,"0020700177","11/23/2007","DEN","Nuggets","MIN","Timberwolves",0,0,0,4,0,0,1,0,0,1,1],"20701172":[200784,"0020701172","04/09/2008","SAS","Spurs","PHX","Suns",0,2,1,1,0,0,0,0,1,0,0],"20700114":[200784,"0020700114","11/14/2007","DEN","Nuggets","POR","Trail Blazers",0,4,2,3,0,1,2,0,1,0,0],"20700348":[200784,"0020700348","12/15/2007","DEN","Nuggets","SAS","Spurs",0,3,1,3,1,2,2,1,1,1,2],"20700640":[200784,"0020700640","01/26/2008","MEM","Grizzlies","LAC","Clippers",1,0,0,0,0,0,3,0,0,0,2],"20701201":[200784,"0020701201","04/13/2008","DEN","Nuggets","HOU","Rockets",0,2,1,4,0,0,1,0,0,0,2],"20700956":[200784,"0020700956","03/12/2008","MIA","Heat","NYK","Knicks",1,5,2,4,1,1,3,0,0,1,5],"20700380":[200784,"0020700380","12/20/2007","DEN","Nuggets","HOU","Rockets",0,0,0,0,0,0,0,0,0,0,0],"20700604":[200784,"0020700604","01/21/2008","MEM","Grizzlies","CHI","Bulls",0,0,0,0,0,0,1,0,0,1,1],"20700546":[200784,"0020700546","01/13/2008","MEM","Grizzlies","LAL","Lakers",0,3,1,4,0,0,1,0,0,0,3],"20700233":[200784,"0020700233","11/30/2007","DEN","Nuggets","LAC","Clippers",0,0,0,0,0,0,0,0,0,0,0],"20700389":[200784,"0020700389","12/21/2007","DEN","Nuggets","POR","Trail Blazers",2,0,0,1,0,0,4,0,0,0,2],"20701228":[200784,"0020701228","04/16/2008","DEN","Nuggets","MEM","Grizzlies",0,5,2,6,0,0,4,0,0,0,4],"20700139":[200784,"0020700139","11/17/2007","DEN","Nuggets","NYK","Knicks",1,6,2,7,0,2,4,0,0,4,8],"20700080":[200784,"0020700080","11/10/2007","DEN","Nuggets","IND","Pacers",3,2,0,1,0,1,1,0,0,0,1],"20700911":[200784,"0020700911","03/06/2008","HOU","Rockets","DAL","Mavericks",0,0,0,1,0,0,0,0,1,0,0],"20701006":[200784,"0020701006","03/19/2008","MIA","Heat","TOR","Raptors",3,6,1,8,0,5,3,0,0,2,8],"20701000":[200784,"0020701000","03/18/2008","MIA","Heat","MIL","Bucks",0,9,4,6,1,2,5,0,0,0,2],"20700011":[200784,"0020700011","10/31/2007","DEN","Nuggets","SEA","SuperSonics",0,0,0,0,0,0,2,0,0,0,0],"20700023":[200784,"0020700023","11/02/2007","DEN","Nuggets","MIN","Timberwolves",0,3,0,0,0,0,0,0,0,0,0],"20700189":[200784,"0020700189","11/24/2007","DEN","Nuggets","HOU","Rockets",1,7,1,4,0,1,5,0,0,0,1],"20700352":[200784,"0020700352","12/16/2007","DEN","Nuggets","POR","Trail Blazers",0,2,1,1,0,0,1,0,0,0,1],"20700415":[200784,"0020700415","12/26/2007","DEN","Nuggets","MIL","Bucks",0,5,2,3,1,2,2,0,0,0,0],"20701023":[200784,"0020701023","03/21/2008","MIA","Heat","WAS","Wizards",0,15,6,9,1,3,2,0,0,1,3],"20700293":[200784,"0020700293","12/08/2007","DEN","Nuggets","SAC","Kings",0,0,0,0,0,0,0,0,0,0,0],"20700040":[200784,"0020700040","11/04/2007","DEN","Nuggets","NOH","Hornets",0,0,0,0,0,0,2,0,0,0,1],"20700169":[200784,"0020700169","11/21/2007","DEN","Nuggets","LAC","Clippers",0,3,1,4,0,1,3,0,0,0,2],"20700626":[200784,"0020700626","01/25/2008","MEM","Grizzlies","WAS","Wizards",1,4,2,3,0,1,3,1,0,2,0],"20700578":[200784,"0020700578","01/18/2008","MEM","Grizzlies","SEA","SuperSonics",1,20,8,13,2,4,4,1,3,7,13],"20700968":[200784,"0020700968","03/14/2008","MIA","Heat","ORL","Magic",1,9,3,3,3,3,3,0,1,0,0],"20700532":[200784,"0020700532","01/11/2008","MEM","Grizzlies","GSW","Warriors",0,2,0,4,0,2,1,0,1,0,2],"20700558":[200784,"0020700558","01/15/2008","MEM","Grizzlies","CLE","Cavaliers",0,3,1,1,1,1,0,0,0,0,0],"20700614":[200784,"0020700614","01/23/2008","MEM","Grizzlies","ORL","Magic",1,0,0,3,0,3,2,0,0,0,1],"20700864":[200784,"0020700864","02/29/2008","HOU","Rockets","MEM","Grizzlies",1,2,1,1,0,0,2,0,0,0,0],"20700058":[200784,"0020700058","11/07/2007","DEN","Nuggets","BOS","Celtics",2,10,3,4,3,3,0,0,1,0,2]},"data":[24.0,9,2,15.2,1.6,4.0,0.389,0.3,1.4,0.231,1.0,1.1,0.9,1.1,1.9,3.0,1.2,0.6,0.2,0.6,1.9,4.4],"rank":{"PerGame":[null,null,null,null,null,null,null,null,null,null,null,null,null,null,null,null,null,null,null],"Totals":[322,315,314,null,193,200,null,271,284,null,268,304,307,313,302,340,310,305,311]},"team":"TOT"}},"headerData":["PLAYER_AGE","GP","GS","MIN","FGM","FGA","FG_PCT","FG3M","FG3A","FG3_PCT","FTM","FTA","FT_PCT","OREB","DREB","REB","AST","STL","BLK","TOV","PF","PTS"],"PostSeason":{}}}