{"info":{"FIRST_NAME":"Bobby","LAST_NAME":"Portis","WEIGHT":"246","COUNTRY":"United States","SCHOOL":"Arkansas","BIRTHDATE":"1995-02-10T00:00:00","HEIGHT":"6-11","TO_YEAR":2016,"DLEAGUE":"N","FROM_YEAR":2015,"TEAM":"CHI","PERSON_ID":1626171,"SEASON_EXP":1,"POSITION":"Forward","ROSTERSTATUS":"Active","ALL_STAR":0,"PIE":0.125,"JERSEY":"5"},"career":{"header":["MIN","FGM","FGA","FG_PCT","FG3M","FG3A","FG3_PCT","FTM","FTA","FT_PCT","OREB","DREB","REB","AST","STL","BLK","TOV","PF","PTS"],"RegularSeason":{"PerGame":[17.1,2.9,6.7,0.436,0.2,0.8,0.321,0.8,1.1,0.712,2.0,3.3,5.2,0.8,0.4,0.3,0.8,1.6,6.9],"GS":4,"GP":69},"PostSeason":{}},"season":{"headerRank":["RANK_PG_MIN","RANK_PG_FGM","RANK_PG_FGA","RANK_FG_PCT","RANK_PG_FG3M","RANK_PG_FG3A","RANK_FG3_PCT","RANK_PG_FTM","RANK_PG_FTA","RANK_FT_PCT","RANK_PG_OREB","RANK_PG_DREB","RANK_PG_REB","RANK_PG_AST","RANK_PG_STL","RANK_PG_BLK","RANK_PG_TOV","RANK_PG_PTS","RANK_PG_EFF"],"headerGame":["PLAYER_ID","GAME_ID","GAME_DATE","TEAM_ABBREVIATION","TEAM_NAME","VS_TEAM_ABBREVIATION","VS_TEAM_NAME","TOV","PTS","FGM","FGA","FG3M","FG3A","PF","BLK","STL","AST","REB"],"RegularSeason":{"2015":{"shotchart":{"Averages":{"header":["SHOT_ZONE_BASIC","SHOT_ZONE_AREA","SHOT_ZONE_RANGE","FGA","FGM","FG_PCT"],"row":[["Above the Break 3","Back Court(BC)","Back Court Shot",59,4,0.068],["Above the Break 3","Center(C)","24+ ft.",10884,3746,0.344],["Above the Break 3","Left Side Center(LC)","24+ ft.",16648,5802,0.349],["Above the Break 3","Right Side Center(RC)","24+ ft.",15837,5597,0.353],["Backcourt","Back Court(BC)","Back Court Shot",440,17,0.039],["In The Paint (Non-RA)","Center(C)","8-16 ft.",6851,2889,0.422],["In The Paint (Non-RA)","Center(C)","Less Than 8 ft.",19352,7561,0.391],["In The Paint (Non-RA)","Left Side(L)","8-16 ft.",2089,842,0.403],["In The Paint (Non-RA)","Right Side(R)","8-16 ft.",1932,799,0.414],["Left Corner 3","Left Side(L)","24+ ft.",7865,2940,0.374],["Mid-Range","Center(C)","16-24 ft.",7324,2897,0.396],["Mid-Range","Center(C)","8-16 ft.",2265,987,0.436],["Mid-Range","Left Side Center(LC)","16-24 ft.",7754,3066,0.395],["Mid-Range","Left Side(L)","16-24 ft.",5452,2173,0.399],["Mid-Range","Left Side(L)","8-16 ft.",7639,3005,0.393],["Mid-Range","Right Side Center(RC)","16-24 ft.",8145,3249,0.399],["Mid-Range","Right Side(R)","16-24 ft.",4924,1996,0.405],["Mid-Range","Right Side(R)","8-16 ft.",7630,3011,0.395],["Restricted Area","Center(C)","Less Than 8 ft.",67444,40634,0.602],["Right Corner 3","Right Side(R)","24+ ft.",7361,2803,0.381]]},"Details":{"header":["GAME_ID","GAME_EVENT_ID","PERIOD","MINUTES_REMAINING","SECONDS_REMAINING","EVENT_TYPE","ACTION_TYPE","SHOT_TYPE","SHOT_ZONE_BASIC","SHOT_ZONE_AREA","SHOT_ZONE_RANGE","SHOT_DISTANCE","LOC_X","LOC_Y","SHOT_ATTEMPTED_FLAG","SHOT_MADE_FLAG"],"row":[["0021500053",392,4,9,4,"Made Shot","Jump Shot","2PT Field Goal","Mid-Range","Right Side(R)","16-24 ft.",19,164,97,1,1],["0021500053",412,4,6,44,"Missed Shot","Jump Shot","2PT Field Goal","Mid-Range","Right Side Center(RC)","16-24 ft.",18,117,144,1,0],["0021500053",434,4,4,15,"Missed Shot","Jump Shot","2PT Field Goal","Mid-Range","Left Side Center(LC)","16-24 ft.",22,-97,198,1,0],["0021500053",457,4,2,24,"Made Shot","Jump Shot","2PT Field Goal","In The Paint (Non-RA)","Center(C)","8-16 ft.",12,-27,121,1,1],["0021500053",470,4,1,12,"Made Shot","Running Dunk Shot","2PT Field Goal","Restricted Area","Center(C)","Less Than 8 ft.",0,0,1,1,1],["0021500053",479,4,0,35,"Made Shot","Alley Oop Layup shot","2PT Field Goal","Restricted Area","Center(C)","Less Than 8 ft.",2,12,18,1,1],["0021500053",486,4,0,4,"Made Shot","Turnaround Jump Shot","2PT Field Goal","Mid-Range","Right Side(R)","8-16 ft.",15,156,33,1,1],["0021500100",136,1,0,58,"Missed Shot","Jump Shot","2PT Field Goal","Mid-Range","Right Side(R)","16-24 ft.",19,163,101,1,0],["0021500100",533,4,3,48,"Made Shot","Dunk Shot","2PT Field Goal","Restricted Area","Center(C)","Less Than 8 ft.",0,0,1,1,1],["0021500100",540,4,3,5,"Missed Shot","Jump Shot","2PT Field Goal","In The Paint (Non-RA)","Center(C)","Less Than 8 ft.",5,48,-29,1,0],["0021500231",540,4,0,48,"Missed Shot","Layup Shot","2PT Field Goal","Restricted Area","Center(C)","Less Than 8 ft.",2,28,2,1,0],["0021500231",546,4,0,29,"Missed Shot","Jump Shot","3PT Field Goal","Above the Break 3","Left Side Center(LC)","24+ ft.",26,-196,178,1,0],["0021500231",550,4,0,0,"Made Shot","Driving Bank shot","2PT Field Goal","Mid-Range","Right Side(R)","8-16 ft.",9,89,-15,1,1],["0021500361",506,4,3,8,"Missed Shot","Jump Shot","2PT Field Goal","Mid-Range","Right Side(R)","8-16 ft.",15,151,21,1,0],["0021500361",512,4,2,37,"Made Shot","Turnaround Jump Shot","2PT Field Goal","Mid-Range","Right Side(R)","8-16 ft.",10,101,2,1,1],["0021500361",530,4,0,41,"Made Shot","Jump Shot","2PT Field Goal","Mid-Range","Center(C)","16-24 ft.",17,-6,178,1,1],["0021500361",532,4,0,14,"Made Shot","Jump Shot","2PT Field Goal","Mid-Range","Right Side(R)","8-16 ft.",15,112,105,1,1],["0021500400",123,2,9,54,"Missed Shot","Jump Shot","2PT Field Goal","Mid-Range","Center(C)","16-24 ft.",16,32,165,1,0],["0021500400",147,2,8,7,"Missed Shot","Jump Shot","2PT Field Goal","In The Paint (Non-RA)","Center(C)","Less Than 8 ft.",4,46,-5,1,0],["0021500400",158,2,7,12,"Made Shot","Putback Layup Shot","2PT Field Goal","Restricted Area","Center(C)","Less Than 8 ft.",3,-27,-15,1,1],["0021500400",228,2,0,57,"Missed Shot","Jump Shot","2PT Field Goal","Restricted Area","Center(C)","Less Than 8 ft.",3,-34,2,1,0],["0021500400",230,2,0,56,"Made Shot","Layup Shot","2PT Field Goal","Restricted Area","Center(C)","Less Than 8 ft.",1,-14,2,1,1],["0021500400",324,3,3,27,"Missed Shot","Jump Shot","2PT Field Goal","Mid-Range","Right Side(R)","8-16 ft.",12,114,41,1,0],["0021500400",342,3,2,25,"Made Shot","Driving Layup Shot","2PT Field Goal","Restricted Area","Center(C)","Less Than 8 ft.",0,9,0,1,1],["0021500400",353,3,1,10,"Made Shot","Jump Shot","3PT Field Goal","Above the Break 3","Right Side Center(RC)","24+ ft.",25,186,170,1,1],["0021500400",356,3,0,39,"Missed Shot","Jump Shot","2PT Field Goal","Mid-Range","Left Side Center(LC)","16-24 ft.",17,-79,154,1,0],["0021500400",360,3,0,0,"Made Shot","Jump Shot","3PT Field Goal","Above the Break 3","Right Side Center(RC)","24+ ft.",24,189,154,1,1],["0021500400",367,4,11,11,"Missed Shot","Jump Shot","3PT Field Goal","Above the Break 3","Right Side Center(RC)","24+ ft.",24,122,213,1,0],["0021500400",370,4,10,34,"Missed Shot","Turnaround Jump Shot","2PT Field Goal","Mid-Range","Left Side(L)","8-16 ft.",10,-106,18,1,0],["0021500400",382,4,10,2,"Missed Shot","Layup Shot","2PT Field Goal","Restricted Area","Center(C)","Less Than 8 ft.",1,17,-1,1,0],["0021500400",421,4,7,20,"Made Shot","Layup Shot","2PT Field Goal","Restricted Area","Center(C)","Less Than 8 ft.",1,14,-5,1,1],["0021500400",434,4,6,51,"Missed Shot","Jump Shot","2PT Field Goal","In The Paint (Non-RA)","Right Side(R)","8-16 ft.",12,68,106,1,0],["0021500400",436,4,6,48,"Missed Shot","Layup Shot","2PT Field Goal","Restricted Area","Center(C)","Less Than 8 ft.",2,24,-1,1,0],["0021500400",505,4,1,0,"Made Shot","Jump Shot","2PT Field Goal","Mid-Range","Center(C)","16-24 ft.",18,-30,178,1,1],["0021500400",511,4,0,5,"Made Shot","Dunk Shot","2PT Field Goal","Restricted Area","Center(C)","Less Than 8 ft.",0,0,1,1,1],["0021500414",132,2,9,14,"Missed Shot","Jump Shot","3PT Field Goal","Above the Break 3","Center(C)","24+ ft.",24,12,247,1,0],["0021500414",137,2,8,57,"Made Shot","Layup Shot","2PT Field Goal","Restricted Area","Center(C)","Less Than 8 ft.",0,-4,0,1,1],["0021500414",145,2,7,49,"Missed Shot","Jump Shot","2PT Field Goal","In The Paint (Non-RA)","Center(C)","8-16 ft.",10,-16,101,1,0],["0021500414",150,2,6,42,"Made Shot","Jump Bank Shot","2PT Field Goal","In The Paint (Non-RA)","Center(C)","Less Than 8 ft.",4,42,2,1,1],["0021500414",154,2,6,18,"Made Shot","Layup Shot","2PT Field Goal","Restricted Area","Center(C)","Less Than 8 ft.",1,6,13,1,1],["0021500414",165,2,5,41,"Missed Shot","Jump Shot","2PT Field Goal","Mid-Range","Left Side(L)","16-24 ft.",17,-179,-11,1,0],["0021500414",169,2,5,15,"Missed Shot","Driving Bank shot","2PT Field Goal","In The Paint (Non-RA)","Center(C)","Less Than 8 ft.",5,56,21,1,0],["0021500414",363,4,11,14,"Missed Shot","Jump Shot","2PT Field Goal","In The Paint (Non-RA)","Center(C)","Less Than 8 ft.",6,9,65,1,0],["0021500414",387,4,8,41,"Missed Shot","Jump Shot","2PT Field Goal","Mid-Range","Right Side Center(RC)","16-24 ft.",19,78,175,1,0],["0021500437",148,1,1,21,"Missed Shot","Jump Shot","2PT Field Goal","Mid-Range","Left Side(L)","16-24 ft.",18,-176,67,1,0],["0021500437",213,2,7,48,"Missed Shot","Turnaround Hook Shot","2PT Field Goal","Mid-Range","Right Side(R)","8-16 ft.",9,97,8,1,0],["0021500437",359,3,6,21,"Missed Shot","Layup Shot","2PT Field Goal","Restricted Area","Center(C)","Less Than 8 ft.",1,15,-11,1,0],["0021500437",385,3,4,31,"Made Shot","Jump Shot","3PT Field Goal","Above the Break 3","Center(C)","24+ ft.",24,-68,237,1,1],["0021500437",438,3,0,1,"Made Shot","Floating Jump shot","2PT Field Goal","In The Paint (Non-RA)","Center(C)","Less Than 8 ft.",7,-78,0,1,1],["0021500437",442,4,11,42,"Missed Shot","Jump Shot","2PT Field Goal","Mid-Range","Left Side(L)","16-24 ft.",22,-181,131,1,0],["0021500437",479,4,7,7,"Missed Shot","Hook Shot","2PT Field Goal","Restricted Area","Center(C)","Less Than 8 ft.",3,-20,33,1,0],["0021500437",488,4,6,42,"Made Shot","Layup Shot","2PT Field Goal","Restricted Area","Center(C)","Less Than 8 ft.",2,20,-1,1,1],["0021500449",130,2,9,59,"Missed Shot","Jump Shot","2PT Field Goal","Mid-Range","Left Side(L)","16-24 ft.",17,-147,92,1,0],["0021500449",416,4,11,24,"Missed Shot","Layup Shot","2PT Field Goal","Restricted Area","Center(C)","Less Than 8 ft.",1,12,-1,1,0],["0021500449",445,4,9,1,"Made Shot","Tip Layup Shot","2PT Field Goal","Restricted Area","Center(C)","Less Than 8 ft.",0,-1,-1,1,1],["0021500463",94,1,1,41,"Missed Shot","Jump Shot","3PT Field Goal","Above the Break 3","Left Side Center(LC)","24+ ft.",25,-106,228,1,0],["0021500463",118,2,11,47,"Made Shot","Jump Shot","2PT Field Goal","In The Paint (Non-RA)","Center(C)","8-16 ft.",13,61,120,1,1],["0021500463",125,2,10,47,"Missed Shot","Jump Shot","2PT Field Goal","In The Paint (Non-RA)","Center(C)","8-16 ft.",9,43,85,1,0],["0021500463",146,2,8,56,"Made Shot","Hook Shot","2PT Field Goal","In The Paint (Non-RA)","Center(C)","Less Than 8 ft.",4,10,43,1,1],["0021500463",148,2,8,20,"Made Shot","Jump Shot","2PT Field Goal","In The Paint (Non-RA)","Center(C)","Less Than 8 ft.",7,14,72,1,1],["0021500463",169,2,6,2,"Made Shot","Jump Shot","2PT Field Goal","Mid-Range","Center(C)","16-24 ft.",19,-7,198,1,1],["0021500463",359,3,3,27,"Missed Shot","Jump Shot","2PT Field Goal","Mid-Range","Right Side(R)","8-16 ft.",14,148,-15,1,0],["0021500463",412,4,10,26,"Made Shot","Jump Shot","2PT Field Goal","Mid-Range","Center(C)","16-24 ft.",17,9,170,1,1],["0021500463",429,4,8,31,"Missed Shot","Pullup Jump shot","2PT Field Goal","Mid-Range","Left Side Center(LC)","16-24 ft.",22,-161,156,1,0],["0021500463",445,4,6,31,"Made Shot","Layup Shot","2PT Field Goal","Restricted Area","Center(C)","Less Than 8 ft.",2,-20,7,1,1],["0021500478",75,1,3,23,"Made Shot","Pullup Jump shot","2PT Field Goal","Mid-Range","Left Side Center(LC)","16-24 ft.",20,-140,146,1,1],["0021500478",100,1,0,47,"Made Shot","Layup Shot","2PT Field Goal","Restricted Area","Center(C)","Less Than 8 ft.",0,-1,3,1,1],["0021500478",105,1,0,0,"Missed Shot","Pullup Jump shot","3PT Field Goal","Above the Break 3","Right Side Center(RC)","24+ ft.",42,173,385,1,0],["0021500478",114,2,11,26,"Made Shot","Turnaround Bank Hook Shot","2PT Field Goal","In The Paint (Non-RA)","Center(C)","Less Than 8 ft.",5,51,16,1,1],["0021500478",117,2,10,52,"Missed Shot","Jump Shot","2PT Field Goal","Mid-Range","Center(C)","8-16 ft.",15,-16,156,1,0],["0021500478",121,2,10,37,"Missed Shot","Driving Layup Shot","2PT Field Goal","Restricted Area","Center(C)","Less Than 8 ft.",3,28,13,1,0],["0021500478",171,2,6,43,"Made Shot","Putback Layup Shot","2PT Field Goal","Restricted Area","Center(C)","Less Than 8 ft.",1,17,3,1,1],["0021500478",181,2,5,33,"Missed Shot","Jump Shot","2PT Field Goal","Mid-Range","Right Side(R)","16-24 ft.",19,182,70,1,0],["0021500478",309,3,6,38,"Made Shot","Turnaround Hook Shot","2PT Field Goal","Mid-Range","Right Side(R)","8-16 ft.",8,86,11,1,1],["0021500478",380,3,0,38,"Made Shot","Running Finger Roll Layup Shot","2PT Field Goal","Restricted Area","Center(C)","Less Than 8 ft.",1,-12,2,1,1],["0021500478",419,4,9,32,"Missed Shot","Pullup Jump shot","2PT Field Goal","Mid-Range","Left Side(L)","16-24 ft.",19,-169,106,1,0],["0021500478",445,4,8,2,"Made Shot","Cutting Dunk Shot","2PT Field Goal","Restricted Area","Center(C)","Less Than 8 ft.",0,0,1,1,1],["0021500493",78,1,3,55,"Made Shot","Jump Shot","2PT Field Goal","Mid-Range","Right Side Center(RC)","16-24 ft.",18,120,139,1,1],["0021500493",88,1,2,42,"Made Shot","Jump Shot","2PT Field Goal","In The Paint (Non-RA)","Center(C)","8-16 ft.",13,-19,134,1,1],["0021500493",130,2,11,15,"Made Shot","Jump Shot","2PT Field Goal","Mid-Range","Right Side Center(RC)","16-24 ft.",21,164,136,1,1],["0021500493",168,2,7,19,"Made Shot","Jump Shot","3PT Field Goal","Above the Break 3","Left Side Center(LC)","24+ ft.",24,-96,228,1,1],["0021500493",170,2,6,45,"Missed Shot","Jump Shot","2PT Field Goal","In The Paint (Non-RA)","Left Side(L)","8-16 ft.",8,-68,51,1,0],["0021500493",186,2,5,10,"Missed Shot","Jump Shot","3PT Field Goal","Left Corner 3","Left Side(L)","24+ ft.",22,-225,-26,1,0],["0021500493",361,3,2,29,"Made Shot","Jump Shot","3PT Field Goal","Above the Break 3","Left Side Center(LC)","24+ ft.",23,-97,219,1,1],["0021500493",456,4,7,25,"Made Shot","Tip Layup Shot","2PT Field Goal","Restricted Area","Center(C)","Less Than 8 ft.",2,20,7,1,1],["0021500493",515,4,2,29,"Missed Shot","Jump Shot","2PT Field Goal","In The Paint (Non-RA)","Center(C)","Less Than 8 ft.",4,42,23,1,0],["0021500507",91,1,1,0,"Made Shot","Cutting Layup Shot","2PT Field Goal","Restricted Area","Center(C)","Less Than 8 ft.",1,-11,0,1,1],["0021500507",127,2,8,58,"Missed Shot","Jump Shot","3PT Field Goal","Above the Break 3","Center(C)","24+ ft.",24,2,244,1,0],["0021500507",149,2,6,54,"Missed Shot","Driving Hook Shot","2PT Field Goal","In The Paint (Non-RA)","Center(C)","Less Than 8 ft.",6,63,11,1,0],["0021500507",363,3,1,40,"Missed Shot","Turnaround Bank Hook Shot","2PT Field Goal","In The Paint (Non-RA)","Center(C)","Less Than 8 ft.",6,58,21,1,0],["0021500507",390,4,10,17,"Made Shot","Layup Shot","2PT Field Goal","Restricted Area","Center(C)","Less Than 8 ft.",2,-25,3,1,1],["0021500522",83,1,2,57,"Missed Shot","Jump Shot","2PT Field Goal","Mid-Range","Right Side(R)","8-16 ft.",14,92,111,1,0],["0021500522",98,1,1,38,"Made Shot","Pullup Jump shot","2PT Field Goal","Mid-Range","Center(C)","16-24 ft.",17,12,174,1,1],["0021500522",172,2,6,50,"Missed Shot","Jump Shot","3PT Field Goal","Above the Break 3","Right Side Center(RC)","24+ ft.",25,117,223,1,0],["0021500522",392,4,8,38,"Made Shot","Layup Shot","2PT Field Goal","Restricted Area","Center(C)","Less Than 8 ft.",0,7,-1,1,1],["0021500537",97,1,0,37,"Made Shot","Putback Layup Shot","2PT Field Goal","Restricted Area","Center(C)","Less Than 8 ft.",3,-7,31,1,1],["0021500537",114,2,11,17,"Missed Shot","Jump Shot","2PT Field Goal","Mid-Range","Right Side Center(RC)","16-24 ft.",20,107,169,1,0],["0021500537",121,2,10,43,"Missed Shot","Jump Shot","2PT Field Goal","In The Paint (Non-RA)","Center(C)","8-16 ft.",10,-7,105,1,0],["0021500537",135,2,9,7,"Missed Shot","Jump Shot","2PT Field Goal","Mid-Range","Left Side(L)","8-16 ft.",14,-81,120,1,0],["0021500537",162,2,6,57,"Made Shot","Jump Shot","2PT Field Goal","In The Paint (Non-RA)","Center(C)","Less Than 8 ft.",7,-27,70,1,1],["0021500537",164,2,6,29,"Missed Shot","Jump Shot","3PT Field Goal","Above the Break 3","Left Side Center(LC)","24+ ft.",24,-133,203,1,0],["0021500537",313,3,5,0,"Missed Shot","Layup Shot","2PT Field Goal","Restricted Area","Center(C)","Less Than 8 ft.",2,20,7,1,0],["0021500537",344,3,2,29,"Missed Shot","Jump Shot","2PT Field Goal","Mid-Range","Center(C)","16-24 ft.",21,-63,205,1,0],["0021500537",380,4,11,23,"Missed Shot","Jump Shot","2PT Field Goal","In The Paint (Non-RA)","Center(C)","Less Than 8 ft.",6,27,56,1,0],["0021500551",79,1,3,23,"Missed Shot","Jump Shot","2PT Field Goal","Mid-Range","Right Side(R)","16-24 ft.",19,179,80,1,0],["0021500551",97,1,1,45,"Missed Shot","Jump Shot","3PT Field Goal","Above the Break 3","Center(C)","24+ ft.",24,24,244,1,0],["0021500551",563,4,1,36,"Missed Shot","Turnaround Jump Shot","2PT Field Goal","Mid-Range","Left Side(L)","8-16 ft.",14,-120,85,1,0],["0021500567",168,2,8,35,"Missed Shot","Jump Shot","2PT Field Goal","Mid-Range","Left Side(L)","16-24 ft.",20,-179,106,1,0],["0021500567",187,2,6,43,"Missed Shot","Tip Layup Shot","2PT Field Goal","Restricted Area","Center(C)","Less Than 8 ft.",2,22,4,1,0],["0021500567",495,4,4,16,"Made Shot","Jump Shot","2PT Field Goal","In The Paint (Non-RA)","Center(C)","8-16 ft.",11,42,105,1,1],["0021500587",133,2,10,8,"Missed Shot","Reverse Layup Shot","2PT Field Goal","Restricted Area","Center(C)","Less Than 8 ft.",2,-19,8,1,0],["0021500597",356,3,0,59,"Missed Shot","Jump Shot","2PT Field Goal","Mid-Range","Left Side(L)","8-16 ft.",15,-153,-6,1,0],["0021500597",358,3,0,57,"Made Shot","Jump Shot","3PT Field Goal","Above the Break 3","Center(C)","24+ ft.",24,69,237,1,1],["0021500597",397,4,8,52,"Missed Shot","Jump Shot","2PT Field Goal","In The Paint (Non-RA)","Center(C)","Less Than 8 ft.",6,43,46,1,0],["0021500597",401,4,8,31,"Made Shot","Layup Shot","2PT Field Goal","Restricted Area","Center(C)","Less Than 8 ft.",2,24,2,1,1],["0021500619",97,2,11,11,"Missed Shot","Jump Shot","3PT Field Goal","Above the Break 3","Left Side Center(LC)","24+ ft.",25,-92,242,1,0],["0021500634",133,2,11,16,"Made Shot","Layup Shot","2PT Field Goal","Restricted Area","Center(C)","Less Than 8 ft.",1,-14,2,1,1],["0021500634",140,2,10,33,"Missed Shot","Jump Shot","3PT Field Goal","Above the Break 3","Left Side Center(LC)","24+ ft.",24,-124,214,1,0],["0021500634",164,2,7,59,"Missed Shot","Floating Jump shot","2PT Field Goal","In The Paint (Non-RA)","Center(C)","8-16 ft.",12,20,121,1,0],["0021500634",165,2,7,58,"Made Shot","Jump Shot","2PT Field Goal","In The Paint (Non-RA)","Center(C)","Less Than 8 ft.",6,4,61,1,1],["0021500634",174,2,6,55,"Made Shot","Jump Shot","2PT Field Goal","Mid-Range","Center(C)","16-24 ft.",20,-29,203,1,1],["0021500634",190,2,5,24,"Missed Shot","Jump Shot","2PT Field Goal","In The Paint (Non-RA)","Center(C)","Less Than 8 ft.",5,55,0,1,0],["0021500634",370,3,3,19,"Made Shot","Jump Shot","2PT Field Goal","Mid-Range","Left Side Center(LC)","16-24 ft.",19,-133,139,1,1],["0021500634",389,3,1,26,"Missed Shot","Jump Shot","2PT Field Goal","In The Paint (Non-RA)","Center(C)","8-16 ft.",14,53,136,1,0],["0021500634",405,3,0,28,"Missed Shot","Tip Layup Shot","2PT Field Goal","Restricted Area","Center(C)","Less Than 8 ft.",0,-6,2,1,0],["0021500634",456,4,9,1,"Made Shot","Putback Dunk Shot","2PT Field Goal","Restricted Area","Center(C)","Less Than 8 ft.",0,0,1,1,1],["0021500634",459,4,8,27,"Missed Shot","Turnaround Jump Shot","2PT Field Goal","Mid-Range","Left Side(L)","8-16 ft.",11,-88,72,1,0],["0021500634",504,4,5,30,"Made Shot","Putback Layup Shot","2PT Field Goal","Restricted Area","Center(C)","Less Than 8 ft.",0,-1,7,1,1],["0021500634",513,4,4,10,"Missed Shot","Jump Shot","3PT Field Goal","Above the Break 3","Center(C)","24+ ft.",25,-27,252,1,0],["0021500634",525,4,3,42,"Made Shot","Jump Shot","2PT Field Goal","Mid-Range","Center(C)","16-24 ft.",18,-25,183,1,1],["0021500646",159,2,9,46,"Made Shot","Jump Shot","2PT Field Goal","Mid-Range","Left Side Center(LC)","16-24 ft.",18,-104,154,1,1],["0021500646",174,2,8,29,"Made Shot","Running Layup Shot","2PT Field Goal","Restricted Area","Center(C)","Less Than 8 ft.",0,-9,-1,1,1],["0021500646",184,2,7,42,"Missed Shot","Running Jump Shot","2PT Field Goal","In The Paint (Non-RA)","Center(C)","Less Than 8 ft.",7,-18,75,1,0],["0021500646",208,2,5,24,"Made Shot","Tip Layup Shot","2PT Field Goal","Restricted Area","Center(C)","Less Than 8 ft.",0,0,-1,1,1],["0021500646",266,2,1,37,"Missed Shot","Jump Shot","2PT Field Goal","In The Paint (Non-RA)","Center(C)","8-16 ft.",15,76,134,1,0],["0021500646",385,3,4,3,"Made Shot","Cutting Layup Shot","2PT Field Goal","Restricted Area","Center(C)","Less Than 8 ft.",0,1,7,1,1],["0021500646",406,3,2,16,"Missed Shot","Jump Shot","2PT Field Goal","Restricted Area","Center(C)","Less Than 8 ft.",3,35,11,1,0],["0021500646",420,3,1,39,"Missed Shot","Dunk Shot","2PT Field Goal","Restricted Area","Center(C)","Less Than 8 ft.",0,0,1,1,0],["0021500646",427,3,0,31,"Missed Shot","Jump Shot","2PT Field Goal","Mid-Range","Left Side(L)","8-16 ft.",14,-140,38,1,0],["0021500646",452,4,10,33,"Missed Shot","Jump Shot","2PT Field Goal","Mid-Range","Right Side Center(RC)","16-24 ft.",17,125,116,1,0],["0021500646",555,4,1,42,"Missed Shot","Jump Shot","2PT Field Goal","Restricted Area","Center(C)","Less Than 8 ft.",3,-37,-6,1,0],["0021500646",559,4,1,10,"Missed Shot","Jump Shot","2PT Field Goal","Mid-Range","Right Side(R)","16-24 ft.",23,191,134,1,0],["0021500659",242,2,1,13,"Missed Shot","Jump Shot","2PT Field Goal","Mid-Range","Right Side(R)","16-24 ft.",20,202,31,1,0],["0021500659",254,2,0,1,"Missed Shot","Floating Jump shot","2PT Field Goal","In The Paint (Non-RA)","Center(C)","8-16 ft.",9,-11,95,1,0],["0021500659",430,4,9,15,"Made Shot","Layup Shot","2PT Field Goal","Restricted Area","Center(C)","Less Than 8 ft.",0,-7,2,1,1],["0021500669",131,2,10,46,"Missed Shot","Jump Shot","2PT Field Goal","Mid-Range","Left Side Center(LC)","16-24 ft.",21,-96,193,1,0],["0021500669",373,4,11,7,"Made Shot","Tip Layup Shot","2PT Field Goal","Restricted Area","Center(C)","Less Than 8 ft.",2,19,21,1,1],["0021500697",73,1,3,49,"Missed Shot","Floating Jump shot","2PT Field Goal","In The Paint (Non-RA)","Center(C)","Less Than 8 ft.",7,6,77,1,0],["0021500697",132,2,9,15,"Missed Shot","Jump Shot","2PT Field Goal","Mid-Range","Right Side(R)","16-24 ft.",17,156,72,1,0],["0021500697",377,4,10,38,"Missed Shot","Jump Shot","2PT Field Goal","Mid-Range","Left Side Center(LC)","16-24 ft.",18,-140,124,1,0],["0021500697",404,4,8,42,"Made Shot","Putback Layup Shot","2PT Field Goal","Restricted Area","Center(C)","Less Than 8 ft.",0,1,-1,1,1],["0021500714",93,1,1,45,"Made Shot","Layup Shot","2PT Field Goal","Restricted Area","Center(C)","Less Than 8 ft.",1,1,16,1,1],["0021500714",95,1,1,9,"Missed Shot","Jump Shot","2PT Field Goal","Mid-Range","Center(C)","8-16 ft.",14,43,139,1,0],["0021500714",107,1,0,4,"Missed Shot","Floating Jump shot","2PT Field Goal","Restricted Area","Center(C)","Less Than 8 ft.",3,9,31,1,0],["0021500714",121,2,10,43,"Made Shot","Tip Layup Shot","2PT Field Goal","Restricted Area","Center(C)","Less Than 8 ft.",2,-13,24,1,1],["0021500714",126,2,10,12,"Made Shot","Jump Shot","2PT Field Goal","Mid-Range","Right Side Center(RC)","16-24 ft.",17,55,164,1,1],["0021500714",132,2,9,11,"Missed Shot","Jump Shot","3PT Field Goal","Above the Break 3","Right Side Center(RC)","24+ ft.",25,117,228,1,0],["0021500714",370,4,11,22,"Made Shot","Driving Layup Shot","2PT Field Goal","Restricted Area","Center(C)","Less Than 8 ft.",3,17,31,1,1],["0021500714",439,4,3,26,"Missed Shot","Jump Shot","2PT Field Goal","Mid-Range","Right Side Center(RC)","16-24 ft.",18,84,170,1,0],["0021500714",456,4,1,59,"Missed Shot","Jump Shot","3PT Field Goal","Right Corner 3","Right Side(R)","24+ ft.",24,236,62,1,0],["0021500728",99,1,1,37,"Made Shot","Layup Shot","2PT Field Goal","Restricted Area","Center(C)","Less Than 8 ft.",1,-17,-1,1,1],["0021500728",107,1,1,10,"Missed Shot","Turnaround Bank shot","2PT Field Goal","In The Paint (Non-RA)","Right Side(R)","8-16 ft.",9,78,61,1,0],["0021500728",123,1,0,0,"Missed Shot","Jump Shot","3PT Field Goal","Above the Break 3","Right Side Center(RC)","24+ ft.",24,227,97,1,0],["0021500728",138,2,10,20,"Missed Shot","Turnaround Fadeaway shot","2PT Field Goal","Mid-Range","Right Side(R)","8-16 ft.",12,115,41,1,0],["0021500728",351,3,2,48,"Made Shot","Jump Shot","2PT Field Goal","In The Paint (Non-RA)","Center(C)","8-16 ft.",12,35,115,1,1],["0021500728",377,4,11,45,"Made Shot","Dunk Shot","2PT Field Goal","Restricted Area","Center(C)","Less Than 8 ft.",0,0,1,1,1],["0021500728",394,4,10,1,"Missed Shot","Turnaround Jump Shot","2PT Field Goal","In The Paint (Non-RA)","Center(C)","Less Than 8 ft.",7,78,3,1,0],["0021500744",64,1,4,58,"Made Shot","Layup Shot","2PT Field Goal","Restricted Area","Center(C)","Less Than 8 ft.",1,14,11,1,1],["0021500744",66,1,4,23,"Missed Shot","Step Back Jump shot","2PT Field Goal","Mid-Range","Left Side(L)","8-16 ft.",12,-114,46,1,0],["0021500744",126,2,10,28,"Made Shot","Jump Shot","2PT Field Goal","Mid-Range","Right Side(R)","8-16 ft.",15,155,2,1,1],["0021500744",140,2,9,21,"Missed Shot","Jump Shot","3PT Field Goal","Left Corner 3","Left Side(L)","24+ ft.",23,-233,7,1,0],["0021500744",186,2,4,59,"Made Shot","Layup Shot","2PT Field Goal","Restricted Area","Center(C)","Less Than 8 ft.",3,37,13,1,1],["0021500744",341,3,2,34,"Missed Shot","Jump Shot","2PT Field Goal","Mid-Range","Left Side Center(LC)","16-24 ft.",19,-137,141,1,0],["0021500744",389,4,11,9,"Made Shot","Jump Bank Shot","2PT Field Goal","Restricted Area","Center(C)","Less Than 8 ft.",3,30,11,1,1],["0021500744",403,4,9,28,"Missed Shot","Hook Shot","2PT Field Goal","In The Paint (Non-RA)","Center(C)","Less Than 8 ft.",5,53,26,1,0],["0021500757",60,1,5,50,"Missed Shot","Jump Shot","2PT Field Goal","Mid-Range","Left Side(L)","16-24 ft.",19,-183,57,1,0],["0021500757",72,1,4,28,"Made Shot","Jump Shot","2PT Field Goal","In The Paint (Non-RA)","Right Side(R)","8-16 ft.",15,79,134,1,1],["0021500757",141,2,11,43,"Made Shot","Layup Shot","2PT Field Goal","Restricted Area","Center(C)","Less Than 8 ft.",1,17,7,1,1],["0021500757",150,2,10,42,"Missed Shot","Step Back Jump shot","2PT Field Goal","In The Paint (Non-RA)","Center(C)","Less Than 8 ft.",6,48,41,1,0],["0021500757",387,3,7,10,"Missed Shot","Hook Shot","2PT Field Goal","In The Paint (Non-RA)","Center(C)","Less Than 8 ft.",7,71,36,1,0],["0021500757",394,3,6,48,"Missed Shot","Hook Shot","2PT Field Goal","In The Paint (Non-RA)","Center(C)","Less Than 8 ft.",6,60,3,1,0],["0021500757",395,3,6,48,"Missed Shot","Tip Layup Shot","2PT Field Goal","Restricted Area","Center(C)","Less Than 8 ft.",1,-1,14,1,0],["0021500757",397,3,6,46,"Missed Shot","Tip Layup Shot","2PT Field Goal","Restricted Area","Center(C)","Less Than 8 ft.",1,14,-1,1,0],["0021500757",473,3,1,34,"Made Shot","Jump Shot","2PT Field Goal","Mid-Range","Center(C)","16-24 ft.",20,-30,198,1,1],["0021500757",476,3,1,0,"Made Shot","Jump Shot","2PT Field Goal","Mid-Range","Center(C)","16-24 ft.",19,-53,190,1,1],["0021500757",515,4,7,55,"Missed Shot","Tip Layup Shot","2PT Field Goal","Restricted Area","Center(C)","Less Than 8 ft.",1,-13,10,1,0],["0021500757",560,4,4,17,"Missed Shot","Jump Shot","2PT Field Goal","In The Paint (Non-RA)","Center(C)","Less Than 8 ft.",4,32,31,1,0],["0021500766",84,1,1,20,"Made Shot","Layup Shot","2PT Field Goal","Restricted Area","Center(C)","Less Than 8 ft.",2,24,7,1,1],["0021500766",122,2,8,36,"Made Shot","Tip Layup Shot","2PT Field Goal","Restricted Area","Center(C)","Less Than 8 ft.",1,-6,11,1,1],["0021500766",303,3,4,30,"Made Shot","Jump Shot","2PT Field Goal","Mid-Range","Right Side(R)","16-24 ft.",16,166,16,1,1],["0021500766",319,3,3,22,"Made Shot","Hook Shot","2PT Field Goal","In The Paint (Non-RA)","Left Side(L)","8-16 ft.",8,-65,61,1,1],["0021500766",334,3,1,51,"Missed Shot","Jump Shot","2PT Field Goal","In The Paint (Non-RA)","Center(C)","Less Than 8 ft.",6,-32,62,1,0],["0021500766",361,4,11,14,"Made Shot","Jump Shot","2PT Field Goal","In The Paint (Non-RA)","Center(C)","Less Than 8 ft.",6,-29,57,1,1],["0021500766",392,4,8,31,"Missed Shot","Jump Shot","2PT Field Goal","In The Paint (Non-RA)","Center(C)","8-16 ft.",11,4,115,1,0],["0021500766",408,4,7,1,"Made Shot","Turnaround Jump Shot","2PT Field Goal","In The Paint (Non-RA)","Center(C)","Less Than 8 ft.",5,30,41,1,1],["0021500766",436,4,3,24,"Made Shot","Cutting Layup Shot","2PT Field Goal","Restricted Area","Center(C)","Less Than 8 ft.",0,4,7,1,1],["0021500774",126,2,11,17,"Missed Shot","Layup Shot","2PT Field Goal","Restricted Area","Center(C)","Less Than 8 ft.",0,-7,2,1,0],["0021500774",139,2,10,6,"Missed Shot","Jump Shot","2PT Field Goal","Mid-Range","Center(C)","16-24 ft.",20,38,198,1,0],["0021500774",144,2,9,40,"Missed Shot","Putback Layup Shot","2PT Field Goal","Restricted Area","Center(C)","Less Than 8 ft.",0,6,-1,1,0],["0021500774",328,3,5,48,"Missed Shot","Jump Shot","2PT Field Goal","Mid-Range","Right Side(R)","8-16 ft.",15,158,16,1,0],["0021500774",346,3,3,47,"Missed Shot","Layup Shot","2PT Field Goal","Restricted Area","Center(C)","Less Than 8 ft.",2,17,13,1,0],["0021500774",393,3,0,37,"Made Shot","Putback Dunk Shot","2PT Field Goal","Restricted Area","Center(C)","Less Than 8 ft.",0,0,1,1,1],["0021500774",410,4,10,59,"Made Shot","Jump Shot","3PT Field Goal","Above the Break 3","Right Side Center(RC)","24+ ft.",25,159,200,1,1],["0021500796",132,2,10,19,"Made Shot","Jump Shot","2PT Field Goal","Mid-Range","Center(C)","8-16 ft.",15,-58,146,1,1],["0021500796",148,2,8,13,"Missed Shot","Jump Shot","2PT Field Goal","Mid-Range","Center(C)","16-24 ft.",22,25,228,1,0],["0021500796",169,2,6,36,"Made Shot","Putback Dunk Shot","2PT Field Goal","Restricted Area","Center(C)","Less Than 8 ft.",0,0,1,1,1],["0021500796",359,3,2,15,"Missed Shot","Hook Shot","2PT Field Goal","In The Paint (Non-RA)","Center(C)","Less Than 8 ft.",7,78,2,1,0],["0021500796",388,4,11,47,"Missed Shot","Layup Shot","2PT Field Goal","Restricted Area","Center(C)","Less Than 8 ft.",2,-1,26,1,0],["0021500796",392,4,11,28,"Made Shot","Jump Shot","2PT Field Goal","In The Paint (Non-RA)","Center(C)","Less Than 8 ft.",5,42,33,1,1],["0021500796",414,4,8,58,"Missed Shot","Jump Shot","3PT Field Goal","Above the Break 3","Center(C)","24+ ft.",25,-1,252,1,0],["0021500796",421,4,7,59,"Made Shot","Driving Hook Shot","2PT Field Goal","In The Paint (Non-RA)","Center(C)","Less Than 8 ft.",6,40,46,1,1],["0021500796",436,4,6,46,"Missed Shot","Jump Shot","2PT Field Goal","Mid-Range","Left Side Center(LC)","16-24 ft.",17,-119,134,1,0],["0021500796",444,4,6,11,"Made Shot","Putback Layup Shot","2PT Field Goal","Restricted Area","Center(C)","Less Than 8 ft.",1,-14,0,1,1],["0021500796",455,4,5,17,"Missed Shot","Jump Shot","2PT Field Goal","In The Paint (Non-RA)","Center(C)","8-16 ft.",9,12,95,1,0],["0021500803",82,1,3,34,"Missed Shot","Running Layup Shot","2PT Field Goal","Restricted Area","Center(C)","Less Than 8 ft.",2,14,16,1,0],["0021500803",89,1,2,51,"Made Shot","Putback Layup Shot","2PT Field Goal","Restricted Area","Center(C)","Less Than 8 ft.",0,-4,-6,1,1],["0021500803",104,1,1,28,"Missed Shot","Hook Shot","2PT Field Goal","In The Paint (Non-RA)","Center(C)","Less Than 8 ft.",4,-32,31,1,0],["0021500803",108,1,1,0,"Missed Shot","Jump Bank Shot","2PT Field Goal","Mid-Range","Right Side(R)","8-16 ft.",11,107,51,1,0],["0021500803",113,1,0,35,"Made Shot","Jump Shot","2PT Field Goal","Mid-Range","Left Side Center(LC)","16-24 ft.",19,-78,175,1,1],["0021500803",242,2,1,4,"Made Shot","Tip Layup Shot","2PT Field Goal","Restricted Area","Center(C)","Less Than 8 ft.",1,-14,2,1,1],["0021500803",365,3,3,50,"Missed Shot","Turnaround Bank shot","2PT Field Goal","In The Paint (Non-RA)","Center(C)","Less Than 8 ft.",4,46,18,1,0],["0021500803",373,3,2,41,"Missed Shot","Jump Shot","2PT Field Goal","In The Paint (Non-RA)","Center(C)","Less Than 8 ft.",4,-40,11,1,0],["0021500803",393,3,1,12,"Made Shot","Turnaround Bank shot","2PT Field Goal","In The Paint (Non-RA)","Center(C)","Less Than 8 ft.",7,60,43,1,1],["0021500803",414,4,11,43,"Made Shot","Jump Shot","3PT Field Goal","Above the Break 3","Right Side Center(RC)","24+ ft.",25,167,192,1,1],["0021500803",425,4,10,40,"Missed Shot","Driving Reverse Layup Shot","2PT Field Goal","Restricted Area","Center(C)","Less Than 8 ft.",0,4,8,1,0],["0021500803",432,4,9,44,"Missed Shot","Jump Shot","2PT Field Goal","Mid-Range","Left Side(L)","16-24 ft.",16,-161,-21,1,0],["0021500803",437,4,9,25,"Missed Shot","Jump Shot","2PT Field Goal","Mid-Range","Left Side(L)","16-24 ft.",16,-161,-31,1,0],["0021500803",489,4,5,52,"Missed Shot","Dunk Shot","2PT Field Goal","Restricted Area","Center(C)","Less Than 8 ft.",0,0,1,1,0],["0021500803",507,4,4,39,"Made Shot","Layup Shot","2PT Field Goal","Restricted Area","Center(C)","Less Than 8 ft.",1,-11,-1,1,1],["0021500803",514,4,3,41,"Missed Shot","Layup Shot","2PT Field Goal","Restricted Area","Center(C)","Less Than 8 ft.",0,-9,-1,1,0],["0021500809",115,1,2,11,"Missed Shot","Jump Shot","2PT Field Goal","Mid-Range","Left Side(L)","8-16 ft.",8,-88,7,1,0],["0021500809",123,1,1,31,"Missed Shot","Jump Shot","2PT Field Goal","Mid-Range","Right Side(R)","8-16 ft.",13,137,2,1,0],["0021500809",136,1,0,42,"Missed Shot","Putback Layup Shot","2PT Field Goal","Restricted Area","Center(C)","Less Than 8 ft.",0,-1,8,1,0],["0021500809",165,2,10,47,"Made Shot","Jump Shot","2PT Field Goal","Mid-Range","Right Side Center(RC)","16-24 ft.",17,81,159,1,1],["0021500809",171,2,10,16,"Missed Shot","Driving Layup Shot","2PT Field Goal","Restricted Area","Center(C)","Less Than 8 ft.",2,12,18,1,0],["0021500809",289,2,1,34,"Made Shot","Jump Shot","2PT Field Goal","Mid-Range","Left Side(L)","16-24 ft.",18,-179,46,1,1],["0021500809",297,2,0,12,"Made Shot","Jump Shot","2PT Field Goal","Mid-Range","Left Side(L)","16-24 ft.",20,-207,-1,1,1],["0021500809",300,2,0,0,"Made Shot","Dunk Shot","2PT Field Goal","Restricted Area","Center(C)","Less Than 8 ft.",0,0,1,1,1],["0021500809",470,4,9,40,"Missed Shot","Cutting Dunk Shot","2PT Field Goal","Restricted Area","Center(C)","Less Than 8 ft.",0,0,1,1,0],["0021500831",97,1,2,49,"Made Shot","Jump Shot","3PT Field Goal","Above the Break 3","Center(C)","24+ ft.",24,9,242,1,1],["0021500831",116,1,0,42,"Missed Shot","Hook Shot","2PT Field Goal","In The Paint (Non-RA)","Center(C)","Less Than 8 ft.",5,9,56,1,0],["0021500831",144,2,9,55,"Made Shot","Jump Shot","3PT Field Goal","Above the Break 3","Left Side Center(LC)","24+ ft.",24,-174,175,1,1],["0021500831",147,2,9,19,"Made Shot","Jump Shot","3PT Field Goal","Above the Break 3","Center(C)","24+ ft.",24,33,242,1,1],["0021500831",156,2,8,47,"Missed Shot","Jump Shot","2PT Field Goal","Mid-Range","Left Side(L)","16-24 ft.",18,-166,80,1,0],["0021500831",237,2,2,39,"Made Shot","Layup Shot","2PT Field Goal","Restricted Area","Center(C)","Less Than 8 ft.",2,-12,21,1,1],["0021500831",372,3,0,29,"Made Shot","Driving Dunk Shot","2PT Field Goal","Restricted Area","Center(C)","Less Than 8 ft.",0,0,1,1,1],["0021500831",402,4,10,5,"Made Shot","Jump Shot","2PT Field Goal","Mid-Range","Center(C)","16-24 ft.",20,24,205,1,1],["0021500831",447,4,6,13,"Missed Shot","Jump Shot","2PT Field Goal","Mid-Range","Left Side(L)","16-24 ft.",20,-184,90,1,0],["0021500850",164,2,10,30,"Missed Shot","Jump Shot","2PT Field Goal","Restricted Area","Center(C)","Less Than 8 ft.",3,25,26,1,0],["0021500850",170,2,10,15,"Missed Shot","Jump Shot","2PT Field Goal","Mid-Range","Right Side(R)","16-24 ft.",18,181,-16,1,0],["0021500850",172,2,9,47,"Made Shot","Layup Shot","2PT Field Goal","Restricted Area","Center(C)","Less Than 8 ft.",1,9,16,1,1],["0021500850",216,2,6,51,"Missed Shot","Driving Hook Shot","2PT Field Goal","In The Paint (Non-RA)","Center(C)","Less Than 8 ft.",4,14,46,1,0],["0021500850",376,3,4,14,"Missed Shot","Jump Shot","2PT Field Goal","Mid-Range","Center(C)","16-24 ft.",20,9,208,1,0],["0021500850",416,3,0,28,"Missed Shot","Jump Shot","3PT Field Goal","Above the Break 3","Right Side Center(RC)","24+ ft.",25,173,183,1,0],["0021500850",420,3,0,0,"Made Shot","Putback Layup Shot","2PT Field Goal","Restricted Area","Center(C)","Less Than 8 ft.",1,19,2,1,1],["0021500850",451,4,10,1,"Missed Shot","Pullup Jump shot","2PT Field Goal","In The Paint (Non-RA)","Center(C)","8-16 ft.",12,50,115,1,0],["0021500865",94,1,2,41,"Made Shot","Jump Shot","2PT Field Goal","Mid-Range","Right Side Center(RC)","16-24 ft.",17,135,106,1,1],["0021500865",117,1,0,17,"Made Shot","Jump Shot","2PT Field Goal","Mid-Range","Left Side(L)","8-16 ft.",15,-138,61,1,1],["0021500865",149,2,8,58,"Missed Shot","Turnaround Hook Shot","2PT Field Goal","In The Paint (Non-RA)","Right Side(R)","8-16 ft.",9,78,57,1,0],["0021500865",162,2,8,14,"Missed Shot","Driving Layup Shot","2PT Field Goal","Restricted Area","Center(C)","Less Than 8 ft.",2,-24,7,1,0],["0021500865",174,2,6,28,"Missed Shot","Tip Layup Shot","2PT Field Goal","Restricted Area","Center(C)","Less Than 8 ft.",0,-2,-1,1,0],["0021500865",191,2,5,49,"Missed Shot","Jump Shot","3PT Field Goal","Above the Break 3","Right Side Center(RC)","24+ ft.",24,105,223,1,0],["0021500865",403,3,1,47,"Missed Shot","Jump Shot","3PT Field Goal","Above the Break 3","Left Side Center(LC)","24+ ft.",24,-96,223,1,0],["0021500865",450,4,9,48,"Made Shot","Jump Shot","2PT Field Goal","Mid-Range","Right Side Center(RC)","16-24 ft.",18,66,174,1,1],["0021500865",452,4,9,22,"Missed Shot","Pullup Jump shot","2PT Field Goal","Mid-Range","Right Side Center(RC)","16-24 ft.",18,141,116,1,0],["0021500865",472,4,7,48,"Missed Shot","Pullup Jump shot","2PT Field Goal","Mid-Range","Center(C)","8-16 ft.",15,-24,149,1,0],["0021500865",519,4,4,34,"Missed Shot","Jump Shot","2PT Field Goal","Mid-Range","Left Side(L)","16-24 ft.",16,-166,16,1,0],["0021500871",102,1,1,27,"Missed Shot","Jump Shot","3PT Field Goal","Above the Break 3","Right Side Center(RC)","24+ ft.",25,104,228,1,0],["0021500871",142,2,9,40,"Made Shot","Pullup Jump shot","2PT Field Goal","Mid-Range","Center(C)","16-24 ft.",20,-29,200,1,1],["0021500871",147,2,9,10,"Missed Shot","Layup Shot","2PT Field Goal","Restricted Area","Center(C)","Less Than 8 ft.",3,17,26,1,0],["0021500871",161,2,8,12,"Missed Shot","Jump Shot","2PT Field Goal","Mid-Range","Center(C)","16-24 ft.",19,30,190,1,0],["0021500871",344,3,4,58,"Made Shot","Jump Shot","2PT Field Goal","Mid-Range","Center(C)","16-24 ft.",19,55,183,1,1],["0021500871",349,3,4,18,"Missed Shot","Hook Shot","2PT Field Goal","In The Paint (Non-RA)","Right Side(R)","8-16 ft.",10,78,70,1,0],["0021500871",362,3,3,6,"Missed Shot","Putback Layup Shot","2PT Field Goal","Restricted Area","Center(C)","Less Than 8 ft.",1,-7,13,1,0],["0021500871",364,3,3,5,"Missed Shot","Tip Layup Shot","2PT Field Goal","Restricted Area","Center(C)","Less Than 8 ft.",1,14,-1,1,0],["0021500871",383,3,1,3,"Made Shot","Driving Reverse Layup Shot","2PT Field Goal","Restricted Area","Center(C)","Less Than 8 ft.",2,20,-1,1,1],["0021500871",401,4,11,39,"Made Shot","Putback Layup Shot","2PT Field Goal","Restricted Area","Center(C)","Less Than 8 ft.",1,19,-1,1,1],["0021500871",432,4,7,59,"Made Shot","Jump Shot","2PT Field Goal","Mid-Range","Center(C)","16-24 ft.",21,33,214,1,1],["0021500871",456,4,6,2,"Missed Shot","Jump Shot","2PT Field Goal","Mid-Range","Left Side Center(LC)","16-24 ft.",21,-132,169,1,0],["0021500892",74,1,3,2,"Made Shot","Turnaround Hook Shot","2PT Field Goal","In The Paint (Non-RA)","Center(C)","Less Than 8 ft.",7,73,-5,1,1],["0021500892",84,1,2,6,"Made Shot","Jump Shot","2PT Field Goal","Mid-Range","Right Side(R)","16-24 ft.",18,181,56,1,1],["0021500892",89,1,1,43,"Made Shot","Driving Dunk Shot","2PT Field Goal","Restricted Area","Center(C)","Less Than 8 ft.",0,0,1,1,1],["0021500892",92,1,0,57,"Missed Shot","Jump Shot","2PT Field Goal","Mid-Range","Left Side(L)","16-24 ft.",20,-202,-6,1,0],["0021500892",355,3,2,50,"Missed Shot","Jump Shot","2PT Field Goal","Mid-Range","Right Side(R)","16-24 ft.",18,186,-1,1,0],["0021500892",374,3,1,4,"Made Shot","Running Dunk Shot","2PT Field Goal","Restricted Area","Center(C)","Less Than 8 ft.",0,0,1,1,1],["0021500892",379,3,0,32,"Missed Shot","Layup Shot","2PT Field Goal","Restricted Area","Center(C)","Less Than 8 ft.",2,19,13,1,0],["0021500892",431,4,7,9,"Made Shot","Jump Shot","3PT Field Goal","Above the Break 3","Right Side Center(RC)","24+ ft.",24,184,169,1,1],["0021500897",81,1,2,42,"Missed Shot","Floating Jump shot","2PT Field Goal","In The Paint (Non-RA)","Right Side(R)","8-16 ft.",12,71,105,1,0],["0021500897",84,1,2,12,"Made Shot","Cutting Dunk Shot","2PT Field Goal","Restricted Area","Center(C)","Less Than 8 ft.",0,0,1,1,1],["0021500897",94,1,1,11,"Missed Shot","Turnaround Hook Shot","2PT Field Goal","Mid-Range","Right Side(R)","8-16 ft.",9,87,36,1,0],["0021500897",118,2,10,47,"Made Shot","Jump Shot","2PT Field Goal","Mid-Range","Center(C)","16-24 ft.",18,-1,185,1,1],["0021500897",120,2,10,11,"Missed Shot","Jump Shot","2PT Field Goal","Mid-Range","Center(C)","16-24 ft.",18,-35,183,1,0],["0021500897",130,2,9,15,"Missed Shot","Driving Layup Shot","2PT Field Goal","Restricted Area","Center(C)","Less Than 8 ft.",2,15,21,1,0],["0021500897",157,2,8,1,"Missed Shot","Layup Shot","2PT Field Goal","Restricted Area","Center(C)","Less Than 8 ft.",2,-9,18,1,0],["0021500897",172,2,6,57,"Made Shot","Running Finger Roll Layup Shot","2PT Field Goal","Restricted Area","Center(C)","Less Than 8 ft.",2,4,21,1,1],["0021500897",283,3,8,36,"Missed Shot","Jump Shot","2PT Field Goal","Mid-Range","Right Side Center(RC)","16-24 ft.",18,86,159,1,0],["0021500897",427,4,10,7,"Made Shot","Jump Shot","2PT Field Goal","Mid-Range","Center(C)","16-24 ft.",19,-52,185,1,1],["0021500897",446,4,8,36,"Missed Shot","Jump Shot","2PT Field Goal","Mid-Range","Right Side Center(RC)","16-24 ft.",18,61,174,1,0],["0021500927",173,2,10,39,"Missed Shot","Jump Shot","3PT Field Goal","Left Corner 3","Left Side(L)","24+ ft.",23,-232,-24,1,0],["0021500927",186,2,9,41,"Missed Shot","Jump Shot","2PT Field Goal","Mid-Range","Right Side(R)","8-16 ft.",10,104,11,1,0],["0021500960",146,2,8,50,"Missed Shot","Jump Shot","2PT Field Goal","Mid-Range","Right Side(R)","8-16 ft.",11,86,70,1,0],["0021500960",153,2,8,24,"Missed Shot","Jump Shot","2PT Field Goal","Mid-Range","Right Side Center(RC)","16-24 ft.",16,58,151,1,0],["0021500960",424,4,7,24,"Missed Shot","Jump Shot","2PT Field Goal","Mid-Range","Right Side Center(RC)","16-24 ft.",20,135,159,1,0],["0021500966",146,2,9,58,"Made Shot","Jump Shot","2PT Field Goal","Mid-Range","Right Side Center(RC)","16-24 ft.",21,130,174,1,1],["0021500966",154,2,8,43,"Made Shot","Jump Shot","2PT Field Goal","Mid-Range","Left Side Center(LC)","16-24 ft.",17,-63,164,1,1],["0021500966",399,4,11,28,"Missed Shot","Jump Shot","3PT Field Goal","Above the Break 3","Left Side Center(LC)","24+ ft.",26,-138,223,1,0],["0021500991",95,1,2,1,"Made Shot","Layup Shot","2PT Field Goal","Restricted Area","Center(C)","Less Than 8 ft.",2,15,17,1,1],["0021500991",125,2,10,38,"Missed Shot","Jump Shot","3PT Field Goal","Above the Break 3","Right Side Center(RC)","24+ ft.",24,153,195,1,0],["0021500991",165,2,7,20,"Made Shot","Layup Shot","2PT Field Goal","Restricted Area","Center(C)","Less Than 8 ft.",1,-14,11,1,1],["0021500991",339,3,2,58,"Missed Shot","Turnaround Hook Shot","2PT Field Goal","Mid-Range","Right Side(R)","8-16 ft.",9,96,13,1,0],["0021500991",412,4,9,19,"Made Shot","Jump Shot","2PT Field Goal","Mid-Range","Center(C)","16-24 ft.",20,24,200,1,1],["0021500991",446,4,5,0,"Missed Shot","Hook Shot","2PT Field Goal","In The Paint (Non-RA)","Right Side(R)","8-16 ft.",8,78,36,1,0],["0021501006",94,1,3,34,"Missed Shot","Jump Shot","2PT Field Goal","Mid-Range","Center(C)","16-24 ft.",20,-2,203,1,0],["0021501006",107,1,2,14,"Missed Shot","Jump Shot","2PT Field Goal","Mid-Range","Left Side Center(LC)","16-24 ft.",19,-106,159,1,0],["0021501006",114,1,1,1,"Made Shot","Jump Shot","2PT Field Goal","Mid-Range","Left Side Center(LC)","16-24 ft.",17,-65,159,1,1],["0021501006",271,2,1,5,"Made Shot","Layup Shot","2PT Field Goal","Restricted Area","Center(C)","Less Than 8 ft.",1,2,18,1,1],["0021501006",283,2,0,0,"Missed Shot","Jump Shot","3PT Field Goal","Above the Break 3","Center(C)","24+ ft.",37,-97,362,1,0],["0021501006",303,3,10,21,"Missed Shot","Jump Shot","2PT Field Goal","Mid-Range","Center(C)","16-24 ft.",19,-14,190,1,0],["0021501006",307,3,10,3,"Missed Shot","Layup Shot","2PT Field Goal","Restricted Area","Center(C)","Less Than 8 ft.",1,-14,8,1,0],["0021501006",381,3,4,8,"Made Shot","Driving Dunk Shot","2PT Field Goal","Restricted Area","Center(C)","Less Than 8 ft.",1,-6,8,1,1],["0021501016",62,1,2,50,"Missed Shot","Jump Shot","2PT Field Goal","Mid-Range","Left Side(L)","16-24 ft.",19,-194,-6,1,0],["0021501016",87,1,0,39,"Made Shot","Driving Hook Shot","2PT Field Goal","Restricted Area","Center(C)","Less Than 8 ft.",2,-9,23,1,1],["0021501016",109,2,10,49,"Missed Shot","Jump Shot","2PT Field Goal","In The Paint (Non-RA)","Center(C)","Less Than 8 ft.",5,-11,51,1,0],["0021501016",126,2,9,17,"Made Shot","Jump Shot","2PT Field Goal","Mid-Range","Left Side Center(LC)","16-24 ft.",21,-125,174,1,1],["0021501016",138,2,8,10,"Missed Shot","Jump Shot","3PT Field Goal","Above the Break 3","Center(C)","24+ ft.",24,-58,239,1,0],["0021501016",146,2,7,44,"Made Shot","Tip Layup Shot","2PT Field Goal","Restricted Area","Center(C)","Less Than 8 ft.",2,-4,26,1,1],["0021501016",150,2,7,44,"Missed Shot","Tip Layup Shot","2PT Field Goal","Restricted Area","Center(C)","Less Than 8 ft.",1,-3,15,1,0],["0021501016",144,2,7,44,"Missed Shot","Tip Layup Shot","2PT Field Goal","Restricted Area","Center(C)","Less Than 8 ft.",1,1,13,1,0],["0021501016",157,2,7,1,"Missed Shot","Jump Shot","3PT Field Goal","Left Corner 3","Left Side(L)","24+ ft.",23,-233,51,1,0],["0021501016",310,3,6,14,"Missed Shot","Tip Layup Shot","2PT Field Goal","Restricted Area","Center(C)","Less Than 8 ft.",1,10,0,1,0],["0021501016",330,3,3,44,"Missed Shot","Running Dunk Shot","2PT Field Goal","Restricted Area","Center(C)","Less Than 8 ft.",0,0,1,1,0],["0021501016",351,3,1,40,"Made Shot","Running Dunk Shot","2PT Field Goal","Restricted Area","Center(C)","Less Than 8 ft.",0,0,1,1,1],["0021501016",432,4,7,31,"Missed Shot","Putback Layup Shot","2PT Field Goal","Restricted Area","Center(C)","Less Than 8 ft.",1,-1,11,1,0],["0021501016",447,4,6,29,"Made Shot","Dunk Shot","2PT Field Goal","Restricted Area","Center(C)","Less Than 8 ft.",0,0,1,1,1],["0021501016",459,4,5,43,"Missed Shot","Jump Shot","2PT Field Goal","Mid-Range","Left Side Center(LC)","16-24 ft.",19,-112,159,1,0],["0021501016",517,4,0,34,"Made Shot","Dunk Shot","2PT Field Goal","Restricted Area","Center(C)","Less Than 8 ft.",0,0,1,1,1],["0021501034",118,1,0,33,"Missed Shot","Tip Layup Shot","2PT Field Goal","Restricted Area","Center(C)","Less Than 8 ft.",1,-5,14,1,0],["0021501034",92,1,0,33,"Missed Shot","Tip Layup Shot","2PT Field Goal","Restricted Area","Center(C)","Less Than 8 ft.",1,2,16,1,0],["0021501034",112,2,11,16,"Made Shot","Jump Shot","2PT Field Goal","Mid-Range","Left Side(L)","16-24 ft.",20,-204,26,1,1],["0021501034",120,2,10,36,"Made Shot","Jump Shot","3PT Field Goal","Above the Break 3","Right Side Center(RC)","24+ ft.",24,102,223,1,1],["0021501034",163,2,6,30,"Made Shot","Putback Layup Shot","2PT Field Goal","Restricted Area","Center(C)","Less Than 8 ft.",3,15,26,1,1],["0021501034",172,2,5,16,"Missed Shot","Jump Shot","3PT Field Goal","Above the Break 3","Center(C)","24+ ft.",23,-30,237,1,0],["0021501034",390,4,7,7,"Missed Shot","Jump Shot","2PT Field Goal","Mid-Range","Right Side Center(RC)","16-24 ft.",17,55,169,1,0],["0021501049",126,2,11,20,"Missed Shot","Jump Shot","2PT Field Goal","Mid-Range","Left Side(L)","8-16 ft.",15,-156,-6,1,0],["0021501049",130,2,10,45,"Made Shot","Layup Shot","2PT Field Goal","Restricted Area","Center(C)","Less Than 8 ft.",1,-13,9,1,1],["0021501049",176,2,6,36,"Made Shot","Reverse Layup Shot","2PT Field Goal","Restricted Area","Center(C)","Less Than 8 ft.",1,9,11,1,1],["0021501049",403,4,11,0,"Missed Shot","Layup Shot","2PT Field Goal","Restricted Area","Center(C)","Less Than 8 ft.",0,3,9,1,0],["0021501049",407,4,10,33,"Made Shot","Alley Oop Layup shot","2PT Field Goal","Restricted Area","Center(C)","Less Than 8 ft.",2,24,7,1,1],["0021501049",448,4,7,22,"Missed Shot","Jump Shot","2PT Field Goal","Mid-Range","Right Side Center(RC)","16-24 ft.",17,132,120,1,0],["0021501060",118,2,11,23,"Missed Shot","Jump Shot","2PT Field Goal","Mid-Range","Right Side(R)","8-16 ft.",15,153,3,1,0],["0021501060",128,2,10,12,"Made Shot","Driving Hook Shot","2PT Field Goal","In The Paint (Non-RA)","Center(C)","Less Than 8 ft.",4,9,46,1,1],["0021501060",133,2,9,5,"Missed Shot","Jump Shot","2PT Field Goal","Mid-Range","Left Side(L)","8-16 ft.",9,-91,16,1,0],["0021501060",407,4,7,58,"Made Shot","Jump Shot","2PT Field Goal","Mid-Range","Left Side(L)","16-24 ft.",17,-173,-11,1,1],["0021501060",416,4,7,33,"Missed Shot","Cutting Dunk Shot","2PT Field Goal","Restricted Area","Center(C)","Less Than 8 ft.",0,0,1,1,0],["0021501060",436,4,5,13,"Made Shot","Dunk Shot","2PT Field Goal","Restricted Area","Center(C)","Less Than 8 ft.",0,0,1,1,1],["0021501070",90,1,1,15,"Missed Shot","Hook Shot","2PT Field Goal","In The Paint (Non-RA)","Center(C)","Less Than 8 ft.",5,32,41,1,0],["0021501070",109,1,0,13,"Missed Shot","Jump Shot","3PT Field Goal","Left Corner 3","Left Side(L)","24+ ft.",23,-232,-26,1,0],["0021501070",127,2,11,5,"Missed Shot","Tip Layup Shot","2PT Field Goal","Restricted Area","Center(C)","Less Than 8 ft.",0,-3,4,1,0],["0021501070",129,2,11,4,"Missed Shot","Tip Layup Shot","2PT Field Goal","Restricted Area","Center(C)","Less Than 8 ft.",0,-1,4,1,0],["0021501083",107,1,0,0,"Missed Shot","Jump Shot","2PT Field Goal","In The Paint (Non-RA)","Center(C)","Less Than 8 ft.",4,42,21,1,0],["0021501083",118,2,11,19,"Missed Shot","Jump Shot","2PT Field Goal","Mid-Range","Left Side(L)","16-24 ft.",18,-151,100,1,0],["0021501083",366,4,11,7,"Missed Shot","Jump Shot","2PT Field Goal","Mid-Range","Left Side(L)","8-16 ft.",15,-84,129,1,0],["0021501083",373,4,10,32,"Missed Shot","Jump Shot","2PT Field Goal","Mid-Range","Left Side(L)","8-16 ft.",12,-124,7,1,0],["0021501083",380,4,9,37,"Missed Shot","Hook Bank Shot","2PT Field Goal","In The Paint (Non-RA)","Right Side(R)","8-16 ft.",8,79,41,1,0],["0021501083",442,4,3,27,"Missed Shot","Jump Shot","2PT Field Goal","Mid-Range","Left Side Center(LC)","16-24 ft.",17,-84,154,1,0],["0021501083",457,4,2,34,"Missed Shot","Jump Shot","3PT Field Goal","Above the Break 3","Center(C)","24+ ft.",25,2,252,1,0],["0021501083",469,4,1,16,"Made Shot","Layup Shot","2PT Field Goal","Restricted Area","Center(C)","Less Than 8 ft.",1,2,11,1,1],["0021501099",110,1,1,27,"Missed Shot","Layup Shot","2PT Field Goal","Restricted Area","Center(C)","Less Than 8 ft.",1,-12,7,1,0],["0021501099",154,2,9,45,"Made Shot","Jump Shot","3PT Field Goal","Above the Break 3","Center(C)","24+ ft.",25,-6,252,1,1],["0021501099",157,2,9,4,"Missed Shot","Tip Layup Shot","2PT Field Goal","Restricted Area","Center(C)","Less Than 8 ft.",1,13,10,1,0],["0021501099",158,2,9,3,"Missed Shot","Tip Layup Shot","2PT Field Goal","Restricted Area","Center(C)","Less Than 8 ft.",1,-1,13,1,0],["0021501099",593,2,8,2,"Missed Shot","Dunk Shot","2PT Field Goal","Restricted Area","Center(C)","Less Than 8 ft.",0,0,3,1,0],["0021501099",412,3,1,22,"Made Shot","Cutting Dunk Shot","2PT Field Goal","Restricted Area","Center(C)","Less Than 8 ft.",0,0,1,1,1],["0021501099",459,4,8,23,"Made Shot","Turnaround Hook Shot","2PT Field Goal","In The Paint (Non-RA)","Center(C)","Less Than 8 ft.",4,-12,41,1,1],["0021501107",133,2,11,24,"Made Shot","Jump Shot","2PT Field Goal","Mid-Range","Left Side(L)","16-24 ft.",17,-174,-21,1,1],["0021501107",138,2,10,47,"Made Shot","Driving Dunk Shot","2PT Field Goal","Restricted Area","Center(C)","Less Than 8 ft.",0,0,1,1,1],["0021501107",255,3,11,19,"Made Shot","Layup Shot","2PT Field Goal","Restricted Area","Center(C)","Less Than 8 ft.",1,12,2,1,1],["0021501124",2,1,11,48,"Made Shot","Jump Shot","2PT Field Goal","Mid-Range","Left Side(L)","16-24 ft.",21,-217,7,1,1],["0021501124",7,1,10,33,"Missed Shot","Jump Shot","2PT Field Goal","Mid-Range","Right Side(R)","16-24 ft.",18,155,97,1,0],["0021501124",29,1,8,19,"Missed Shot","Layup Shot","2PT Field Goal","Restricted Area","Center(C)","Less Than 8 ft.",1,-7,16,1,0],["0021501124",284,3,10,53,"Missed Shot","Jump Shot","2PT Field Goal","Mid-Range","Left Side(L)","16-24 ft.",18,-178,31,1,0],["0021501139",18,1,9,11,"Made Shot","Tip Layup Shot","2PT Field Goal","Restricted Area","Center(C)","Less Than 8 ft.",3,24,21,1,1],["0021501139",29,1,7,27,"Made Shot","Turnaround Hook Shot","2PT Field Goal","Mid-Range","Right Side(R)","8-16 ft.",9,96,0,1,1],["0021501139",49,1,4,42,"Missed Shot","Layup Shot","2PT Field Goal","Restricted Area","Center(C)","Less Than 8 ft.",2,-25,-6,1,0],["0021501139",282,3,8,11,"Made Shot","Hook Bank Shot","2PT Field Goal","In The Paint (Non-RA)","Center(C)","Less Than 8 ft.",7,71,8,1,1],["0021501139",297,3,6,36,"Missed Shot","Jump Shot","2PT Field Goal","Mid-Range","Left Side Center(LC)","16-24 ft.",21,-119,175,1,0],["0021501150",19,1,9,22,"Made Shot","Hook Shot","2PT Field Goal","In The Paint (Non-RA)","Center(C)","Less Than 8 ft.",5,56,-10,1,1],["0021501150",24,1,8,13,"Made Shot","Cutting Dunk Shot","2PT Field Goal","Restricted Area","Center(C)","Less Than 8 ft.",0,0,1,1,1],["0021501150",33,1,7,33,"Missed Shot","Jump Shot","3PT Field Goal","Above the Break 3","Left Side Center(LC)","24+ ft.",26,-165,213,1,0],["0021501150",243,3,10,23,"Missed Shot","Jump Shot","2PT Field Goal","In The Paint (Non-RA)","Center(C)","Less Than 8 ft.",4,-43,8,1,0],["0021501158",17,1,9,47,"Missed Shot","Tip Layup Shot","2PT Field Goal","Restricted Area","Center(C)","Less Than 8 ft.",0,1,-1,1,0],["0021501158",22,1,9,30,"Made Shot","Turnaround Jump Shot","2PT Field Goal","In The Paint (Non-RA)","Center(C)","Less Than 8 ft.",7,78,2,1,1],["0021501158",24,1,8,58,"Missed Shot","Jump Shot","2PT Field Goal","Mid-Range","Center(C)","16-24 ft.",18,-42,180,1,0],["0021501158",73,1,4,21,"Made Shot","Driving Floating Jump Shot","2PT Field Goal","In The Paint (Non-RA)","Right Side(R)","8-16 ft.",8,53,70,1,1],["0021501158",221,2,2,8,"Missed Shot","Tip Layup Shot","2PT Field Goal","Restricted Area","Center(C)","Less Than 8 ft.",2,-2,21,1,0],["0021501158",225,2,1,33,"Missed Shot","Jump Shot","2PT Field Goal","Mid-Range","Left Side(L)","16-24 ft.",17,-153,90,1,0],["0021501158",230,2,1,17,"Missed Shot","Tip Layup Shot","2PT Field Goal","Restricted Area","Center(C)","Less Than 8 ft.",3,33,11,1,0],["0021501158",232,2,1,15,"Made Shot","Tip Layup Shot","2PT Field Goal","Restricted Area","Center(C)","Less Than 8 ft.",2,0,23,1,1],["0021501158",267,3,11,8,"Made Shot","Jump Shot","2PT Field Goal","Mid-Range","Right Side Center(RC)","16-24 ft.",18,73,169,1,1],["0021501158",283,3,8,47,"Missed Shot","Jump Shot","3PT Field Goal","Left Corner 3","Left Side(L)","24+ ft.",23,-233,-5,1,0],["0021501158",315,3,5,20,"Made Shot","Running Layup Shot","2PT Field Goal","Restricted Area","Center(C)","Less Than 8 ft.",2,24,2,1,1],["0021501174",91,1,0,43,"Missed Shot","Driving Layup Shot","2PT Field Goal","Restricted Area","Center(C)","Less Than 8 ft.",2,19,13,1,0],["0021501174",93,1,0,39,"Missed Shot","Jump Shot","2PT Field Goal","Restricted Area","Center(C)","Less Than 8 ft.",3,14,33,1,0],["0021501174",126,2,9,52,"Missed Shot","Tip Layup Shot","2PT Field Goal","Restricted Area","Center(C)","Less Than 8 ft.",0,6,7,1,0],["0021501174",143,2,8,30,"Made Shot","Cutting Layup Shot","2PT Field Goal","Restricted Area","Center(C)","Less Than 8 ft.",2,15,16,1,1],["0021501174",162,2,7,33,"Missed Shot","Jump Shot","2PT Field Goal","Mid-Range","Right Side(R)","16-24 ft.",16,140,80,1,0],["0021501174",172,2,6,23,"Missed Shot","Turnaround Jump Shot","2PT Field Goal","In The Paint (Non-RA)","Center(C)","Less Than 8 ft.",7,6,72,1,0],["0021501174",174,2,6,21,"Made Shot","Putback Layup Shot","2PT Field Goal","Restricted Area","Center(C)","Less Than 8 ft.",0,-7,3,1,1],["0021501174",338,3,0,43,"Missed Shot","Jump Shot","3PT Field Goal","Left Corner 3","Left Side(L)","24+ ft.",23,-235,11,1,0],["0021501174",515,4,0,12,"Made Shot","Dunk Shot","2PT Field Goal","Restricted Area","Center(C)","Less Than 8 ft.",0,0,1,1,1],["0021501191",35,1,7,25,"Made Shot","Putback Layup Shot","2PT Field Goal","Restricted Area","Center(C)","Less Than 8 ft.",1,2,11,1,1],["0021501191",75,1,3,43,"Missed Shot","Jump Shot","2PT Field Goal","Mid-Range","Left Side Center(LC)","16-24 ft.",17,-96,146,1,0],["0021501191",78,1,3,35,"Missed Shot","Putback Layup Shot","2PT Field Goal","Restricted Area","Center(C)","Less Than 8 ft.",2,-20,-1,1,0],["0021501191",87,1,3,4,"Made Shot","Jump Shot","2PT Field Goal","Mid-Range","Left Side(L)","16-24 ft.",18,-184,11,1,1],["0021501191",110,1,0,52,"Made Shot","Driving Bank Hook Shot","2PT Field Goal","In The Paint (Non-RA)","Center(C)","Less Than 8 ft.",6,61,18,1,1],["0021501191",112,1,0,30,"Missed Shot","Jump Shot","3PT Field Goal","Above the Break 3","Center(C)","24+ ft.",24,-16,247,1,0],["0021501191",124,2,11,34,"Missed Shot","Turnaround Fadeaway shot","2PT Field Goal","Mid-Range","Left Side(L)","8-16 ft.",13,-130,2,1,0],["0021501191",133,2,10,9,"Missed Shot","Jump Shot","2PT Field Goal","Mid-Range","Right Side(R)","16-24 ft.",20,209,3,1,0],["0021501191",323,3,5,28,"Missed Shot","Dunk Shot","2PT Field Goal","Restricted Area","Center(C)","Less Than 8 ft.",0,0,1,1,0],["0021501191",324,3,5,27,"Missed Shot","Tip Layup Shot","2PT Field Goal","Restricted Area","Center(C)","Less Than 8 ft.",2,25,7,1,0],["0021501208",81,1,3,1,"Missed Shot","Jump Shot","2PT Field Goal","Mid-Range","Left Side(L)","8-16 ft.",9,-97,2,1,0],["0021501208",109,1,1,0,"Made Shot","Jump Shot","2PT Field Goal","Mid-Range","Right Side(R)","16-24 ft.",20,202,7,1,1],["0021501208",123,1,0,0,"Missed Shot","Jump Shot","3PT Field Goal","Backcourt","Back Court(BC)","Back Court Shot",47,184,442,1,0],["0021501208",133,2,11,5,"Made Shot","Jump Shot","2PT Field Goal","Mid-Range","Left Side Center(LC)","16-24 ft.",20,-88,188,1,1],["0021501208",183,2,5,45,"Made Shot","Jump Shot","3PT Field Goal","Above the Break 3","Center(C)","24+ ft.",24,15,249,1,1],["0021501208",330,3,3,53,"Made Shot","Jump Shot","2PT Field Goal","Mid-Range","Right Side(R)","16-24 ft.",17,169,28,1,1],["0021501208",398,4,9,10,"Made Shot","Turnaround Bank shot","2PT Field Goal","In The Paint (Non-RA)","Center(C)","Less Than 8 ft.",6,60,16,1,1],["0021501222",98,1,1,54,"Missed Shot","Jump Shot","2PT Field Goal","Mid-Range","Center(C)","16-24 ft.",20,-55,195,1,0],["0021501222",107,1,1,9,"Missed Shot","Jump Shot","2PT Field Goal","Mid-Range","Right Side(R)","8-16 ft.",15,153,-11,1,0],["0021501222",140,2,8,27,"Made Shot","Jump Shot","3PT Field Goal","Above the Break 3","Center(C)","24+ ft.",24,0,242,1,1],["0021501222",355,3,2,34,"Made Shot","Putback Dunk Shot","2PT Field Goal","Restricted Area","Center(C)","Less Than 8 ft.",0,0,1,1,1],["0021501222",389,4,11,27,"Missed Shot","Jump Shot","2PT Field Goal","Mid-Range","Right Side(R)","8-16 ft.",10,105,7,1,0],["0021501222",426,4,8,6,"Made Shot","Cutting Dunk Shot","2PT Field Goal","Restricted Area","Center(C)","Less Than 8 ft.",0,0,1,1,1],["0021501222",428,4,7,39,"Missed Shot","Jump Shot","2PT Field Goal","Mid-Range","Left Side Center(LC)","16-24 ft.",21,-99,188,1,0],["0021501222",489,4,1,20,"Missed Shot","Layup Shot","2PT Field Goal","Restricted Area","Center(C)","Less Than 8 ft.",1,15,0,1,0],["0021501222",491,4,1,17,"Missed Shot","Putback Layup Shot","2PT Field Goal","Restricted Area","Center(C)","Less Than 8 ft.",1,4,11,1,0]]}},"GameList":{"21500414":[1626171,"0021500414","12/21/2015","CHI","Bulls","BKN","Nets",0,6,3,9,0,1,1,0,1,1,2],"21500940":[1626171,"0021500940","03/07/2016","CHI","Bulls","MIL","Bucks",0,0,0,0,0,0,1,0,0,0,1],"21500865":[1626171,"0021500865","02/26/2016","CHI","Bulls","ATL","Hawks",1,8,3,11,0,2,1,0,1,1,5],"21500728":[1626171,"0021500728","02/01/2016","CHI","Bulls","UTA","Jazz",0,8,3,7,0,1,0,0,0,0,5],"21500966":[1626171,"0021500966","03/11/2016","CHI","Bulls","MIA","Heat",0,5,2,3,0,1,2,0,1,2,4],"21500991":[1626171,"0021500991","03/14/2016","CHI","Bulls","TOR","Raptors",0,6,3,6,0,1,3,0,0,1,7],"21500960":[1626171,"0021500960","03/10/2016","CHI","Bulls","SAS","Spurs",0,0,0,3,0,0,2,0,0,0,4],"21500478":[1626171,"0021500478","12/30/2015","CHI","Bulls","IND","Pacers",3,16,7,12,0,1,2,1,1,0,7],"21500437":[1626171,"0021500437","12/25/2015","CHI","Bulls","OKC","Thunder",1,7,3,8,1,1,2,0,1,3,5],"21500803":[1626171,"0021500803","02/18/2016","CHI","Bulls","CLE","Cavaliers",2,13,6,16,1,1,3,0,0,1,10],"21500927":[1626171,"0021500927","03/05/2016","CHI","Bulls","HOU","Rockets",1,0,0,2,0,1,1,0,0,1,1],"21501060":[1626171,"0021501060","03/23/2016","CHI","Bulls","NYK","Knicks",2,6,3,6,0,0,1,1,0,3,4],"21501049":[1626171,"0021501049","03/21/2016","CHI","Bulls","SAC","Kings",0,6,3,6,0,0,0,0,0,1,6],"21501099":[1626171,"0021501099","03/28/2016","CHI","Bulls","ATL","Hawks",0,8,3,7,1,1,0,0,0,0,6],"21500809":[1626171,"0021500809","02/19/2016","CHI","Bulls","TOR","Raptors",0,8,4,9,0,0,1,1,1,0,8],"21500537":[1626171,"0021500537","01/07/2016","CHI","Bulls","BOS","Celtics",0,4,2,9,0,1,3,2,0,0,8],"21500646":[1626171,"0021500646","01/22/2016","CHI","Bulls","BOS","Celtics",1,8,4,12,0,0,0,1,1,0,3],"21500573":[1626171,"0021500573","01/12/2016","CHI","Bulls","MIL","Bucks",1,0,0,0,0,0,2,1,0,0,0],"21501006":[1626171,"0021501006","03/16/2016","CHI","Bulls","WAS","Wizards",0,8,3,8,0,1,3,1,1,3,5],"21500551":[1626171,"0021500551","01/09/2016","CHI","Bulls","ATL","Hawks",2,0,0,3,0,1,0,1,1,0,6],"21501107":[1626171,"0021501107","03/29/2016","CHI","Bulls","IND","Pacers",0,9,3,3,0,0,1,0,0,0,1],"21500744":[1626171,"0021500744","02/03/2016","CHI","Bulls","SAC","Kings",1,8,4,8,0,1,2,0,0,1,3],"21501124":[1626171,"0021501124","03/31/2016","CHI","Bulls","HOU","Rockets",0,2,1,4,0,0,1,0,0,0,2],"21500053":[1626171,"0021500053","11/03/2015","CHI","Bulls","CHA","Hornets",1,10,5,7,0,0,1,0,0,0,2],"21500231":[1626171,"0021500231","11/27/2015","CHI","Bulls","IND","Pacers",0,2,1,3,0,1,0,0,0,0,1],"21501083":[1626171,"0021501083","03/26/2016","CHI","Bulls","ORL","Magic",0,4,1,8,0,1,2,0,0,0,7],"21501208":[1626171,"0021501208","04/11/2016","CHI","Bulls","NOP","Pelicans",0,13,5,7,1,2,0,0,1,2,8],"21500100":[1626171,"0021500100","11/09/2015","CHI","Bulls","PHI","76ers",1,2,1,3,0,0,1,1,1,1,0],"21500361":[1626171,"0021500361","12/14/2015","CHI","Bulls","PHI","76ers",0,7,3,4,0,0,0,0,0,0,1],"21500871":[1626171,"0021500871","02/27/2016","CHI","Bulls","POR","Trail Blazers",0,10,5,12,0,1,1,1,0,2,16],"21500831":[1626171,"0021500831","02/21/2016","CHI","Bulls","LAL","Lakers",2,17,6,9,3,3,5,0,0,3,7],"21500796":[1626171,"0021500796","02/10/2016","CHI","Bulls","ATL","Hawks",2,12,5,11,0,1,0,1,0,1,10],"21500697":[1626171,"0021500697","01/28/2016","CHI","Bulls","LAL","Lakers",0,4,1,4,0,0,2,0,2,1,7],"21500850":[1626171,"0021500850","02/24/2016","CHI","Bulls","WAS","Wizards",4,5,2,8,0,1,1,0,0,0,7],"21500669":[1626171,"0021500669","01/25/2016","CHI","Bulls","MIA","Heat",0,2,1,2,0,0,4,0,0,0,2],"21501070":[1626171,"0021501070","03/24/2016","CHI","Bulls","NYK","Knicks",1,0,0,4,0,1,1,0,0,1,4],"21500659":[1626171,"0021500659","01/23/2016","CHI","Bulls","CLE","Cavaliers",2,2,1,3,0,0,2,0,0,0,2],"21500597":[1626171,"0021500597","01/15/2016","CHI","Bulls","DAL","Mavericks",1,5,2,4,1,1,1,0,0,0,1],"21501222":[1626171,"0021501222","04/13/2016","CHI","Bulls","PHI","76ers",5,9,3,9,1,1,0,0,1,1,14],"21500400":[1626171,"0021500400","12/19/2015","CHI","Bulls","NYK","Knicks",3,20,8,18,2,3,2,0,2,1,11],"21500522":[1626171,"0021500522","01/05/2016","CHI","Bulls","MIL","Bucks",1,8,2,4,0,1,1,0,1,0,8],"21500493":[1626171,"0021500493","01/01/2016","CHI","Bulls","NYK","Knicks",3,16,6,9,2,3,4,0,0,2,10],"21500714":[1626171,"0021500714","01/31/2016","CHI","Bulls","LAC","Clippers",0,8,4,9,0,2,0,0,0,1,6],"21501034":[1626171,"0021501034","03/19/2016","CHI","Bulls","UTA","Jazz",0,9,3,7,1,2,0,2,0,2,5],"21500567":[1626171,"0021500567","01/11/2016","CHI","Bulls","WAS","Wizards",1,6,1,3,0,0,1,1,0,0,2],"21500463":[1626171,"0021500463","12/28/2015","CHI","Bulls","TOR","Raptors",2,12,6,10,0,1,1,0,0,2,9],"21501016":[1626171,"0021501016","03/17/2016","CHI","Bulls","BKN","Nets",1,12,6,16,0,2,2,1,0,1,14],"21500619":[1626171,"0021500619","01/18/2016","CHI","Bulls","DET","Pistons",0,0,0,1,0,1,0,0,0,0,2],"21500449":[1626171,"0021500449","12/26/2015","CHI","Bulls","DAL","Mavericks",4,2,1,3,0,0,3,0,1,0,4],"21500587":[1626171,"0021500587","01/14/2016","CHI","Bulls","PHI","76ers",0,0,0,1,0,0,0,0,0,0,0],"21500766":[1626171,"0021500766","02/06/2016","CHI","Bulls","MIN","Timberwolves",0,15,7,9,0,0,3,1,1,0,3],"21500897":[1626171,"0021500897","03/02/2016","CHI","Bulls","ORL","Magic",1,9,4,11,0,0,3,0,0,5,6],"21500507":[1626171,"0021500507","01/03/2016","CHI","Bulls","TOR","Raptors",1,4,2,5,0,1,3,1,0,1,6],"21500634":[1626171,"0021500634","01/20/2016","CHI","Bulls","GSW","Warriors",0,16,7,14,0,2,2,1,0,0,8],"21501150":[1626171,"0021501150","04/03/2016","CHI","Bulls","MIL","Bucks",0,4,2,4,0,1,1,0,0,1,1],"21501158":[1626171,"0021501158","04/05/2016","CHI","Bulls","MEM","Grizzlies",0,12,5,11,0,1,2,2,0,1,7],"21500892":[1626171,"0021500892","03/01/2016","CHI","Bulls","MIA","Heat",1,11,5,8,1,1,4,0,4,0,7],"21501191":[1626171,"0021501191","04/09/2016","CHI","Bulls","CLE","Cavaliers",1,6,3,10,0,1,2,0,0,0,10],"21500757":[1626171,"0021500757","02/05/2016","CHI","Bulls","DEN","Nuggets",0,8,4,12,0,0,5,0,2,2,7],"21500774":[1626171,"0021500774","02/08/2016","CHI","Bulls","CHA","Hornets",0,6,2,7,1,1,5,1,0,1,6],"21501139":[1626171,"0021501139","04/02/2016","CHI","Bulls","DET","Pistons",1,6,3,5,0,0,1,0,0,0,3],"21501174":[1626171,"0021501174","04/07/2016","CHI","Bulls","MIA","Heat",0,6,3,9,0,1,2,0,0,2,10]},"data":[21.0,62,4,17.8,3.0,7.0,0.427,0.3,0.8,0.308,0.8,1.1,0.727,2.0,3.5,5.4,0.8,0.4,0.4,0.9,1.6,7.0],"rank":{"PerGame":[225,170,170,null,198,198,null,211,211,null,45,103,80,224,232,130,200,195,185],"Totals":[256,218,203,null,257,258,null,266,257,null,61,147,107,291,276,173,251,238,222]},"team":"CHI"},"2016":{"shotchart":{"Averages":{"header":["SHOT_ZONE_BASIC","SHOT_ZONE_AREA","SHOT_ZONE_RANGE","FGA","FGM","FG_PCT"],"row":[["Above the Break 3","Back Court(BC)","Back Court Shot",8,0,0.0],["Above the Break 3","Center(C)","24+ ft.",1230,416,0.338],["Above the Break 3","Left Side Center(LC)","24+ ft.",1711,572,0.334],["Above the Break 3","Right Side Center(RC)","24+ ft.",1571,554,0.353],["Backcourt","Back Court(BC)","Back Court Shot",54,0,0.0],["In The Paint (Non-RA)","Center(C)","8-16 ft.",666,276,0.414],["In The Paint (Non-RA)","Center(C)","Less Than 8 ft.",1821,743,0.408],["In The Paint (Non-RA)","Left Side(L)","8-16 ft.",177,70,0.395],["In The Paint (Non-RA)","Right Side(R)","8-16 ft.",209,69,0.33],["Left Corner 3","Left Side(L)","24+ ft.",730,285,0.39],["Mid-Range","Center(C)","8-16 ft.",196,85,0.434],["Mid-Range","Center(C)","16-24 ft.",640,234,0.366],["Mid-Range","Left Side Center(LC)","16-24 ft.",685,262,0.382],["Mid-Range","Left Side(L)","16-24 ft.",461,195,0.423],["Mid-Range","Left Side(L)","8-16 ft.",705,300,0.426],["Mid-Range","Right Side Center(RC)","16-24 ft.",720,281,0.39],["Mid-Range","Right Side(R)","16-24 ft.",450,183,0.407],["Mid-Range","Right Side(R)","8-16 ft.",669,249,0.372],["Restricted Area","Center(C)","Less Than 8 ft.",6400,3865,0.604],["Right Corner 3","Right Side(R)","24+ ft.",662,222,0.335]]},"Details":{"header":["GAME_ID","GAME_EVENT_ID","PERIOD","MINUTES_REMAINING","SECONDS_REMAINING","EVENT_TYPE","ACTION_TYPE","SHOT_TYPE","SHOT_ZONE_BASIC","SHOT_ZONE_AREA","SHOT_ZONE_RANGE","SHOT_DISTANCE","LOC_X","LOC_Y","SHOT_ATTEMPTED_FLAG","SHOT_MADE_FLAG"],"row":[["0021600030",408,4,5,56,"Missed Shot","Jump Shot","2PT Field Goal","In The Paint (Non-RA)","Center(C)","Less Than 8 ft.",6,-14,61,1,0],["0021600030",412,4,5,30,"Missed Shot","Layup Shot","2PT Field Goal","Restricted Area","Center(C)","Less Than 8 ft.",3,-29,11,1,0],["0021600030",427,4,3,51,"Missed Shot","Jump Shot","2PT Field Goal","Mid-Range","Center(C)","16-24 ft.",18,-1,183,1,0],["0021600030",456,4,0,24,"Made Shot","Layup Shot","2PT Field Goal","Restricted Area","Center(C)","Less Than 8 ft.",3,32,11,1,1],["0021600043",497,4,2,29,"Made Shot","Turnaround Hook Shot","2PT Field Goal","Mid-Range","Right Side(R)","8-16 ft.",9,97,2,1,1],["0021600043",502,4,2,0,"Made Shot","Putback Layup Shot","2PT Field Goal","Restricted Area","Center(C)","Less Than 8 ft.",1,15,7,1,1],["0021600043",517,4,0,45,"Missed Shot","Floating Jump shot","2PT Field Goal","Mid-Range","Center(C)","8-16 ft.",14,19,144,1,0],["0021600043",521,4,0,26,"Made Shot","Layup Shot","2PT Field Goal","Restricted Area","Center(C)","Less Than 8 ft.",2,25,-5,1,1],["0021600061",482,4,3,51,"Made Shot","Driving Layup Shot","2PT Field Goal","Restricted Area","Center(C)","Less Than 8 ft.",1,15,7,1,1],["0021600061",500,4,2,22,"Made Shot","Driving Layup Shot","2PT Field Goal","Restricted Area","Center(C)","Less Than 8 ft.",2,-2,21,1,1],["0021600073",422,4,10,47,"Missed Shot","Jump Shot","2PT Field Goal","Mid-Range","Center(C)","16-24 ft.",19,-1,193,1,0],["0021600083",166,2,7,2,"Missed Shot","Jump Shot","2PT Field Goal","In The Paint (Non-RA)","Center(C)","Less Than 8 ft.",5,58,-5,1,0],["0021600083",384,4,9,27,"Made Shot","Driving Layup Shot","2PT Field Goal","Restricted Area","Center(C)","Less Than 8 ft.",1,14,2,1,1],["0021600083",400,4,8,36,"Made Shot","Running Jump Shot","2PT Field Goal","In The Paint (Non-RA)","Center(C)","Less Than 8 ft.",4,48,11,1,1],["0021600083",412,4,7,27,"Made Shot","Jump Shot","3PT Field Goal","Above the Break 3","Center(C)","24+ ft.",25,48,247,1,1],["0021600083",422,4,6,27,"Made Shot","Running Dunk Shot","2PT Field Goal","Restricted Area","Center(C)","Less Than 8 ft.",2,1,21,1,1],["0021600083",445,4,3,56,"Made Shot","Driving Dunk Shot","2PT Field Goal","In The Paint (Non-RA)","Center(C)","Less Than 8 ft.",4,-30,31,1,1],["0021600083",451,4,3,13,"Missed Shot","Floating Jump shot","2PT Field Goal","Mid-Range","Left Side(L)","16-24 ft.",17,-178,11,1,0],["0021600083",477,4,1,46,"Made Shot","Jump Shot","2PT Field Goal","In The Paint (Non-RA)","Center(C)","Less Than 8 ft.",5,50,26,1,1],["0021600083",494,4,0,0,"Made Shot","Putback Layup Shot","2PT Field Goal","Restricted Area","Center(C)","Less Than 8 ft.",1,-14,2,1,1],["0021600096",136,2,9,40,"Made Shot","Putback Layup Shot","2PT Field Goal","Restricted Area","Center(C)","Less Than 8 ft.",2,-19,23,1,1],["0021600096",401,4,9,43,"Made Shot","Cutting Dunk Shot","2PT Field Goal","Restricted Area","Center(C)","Less Than 8 ft.",0,0,1,1,1],["0021600096",465,4,4,38,"Missed Shot","Jump Shot","2PT Field Goal","Mid-Range","Left Side(L)","16-24 ft.",21,-214,23,1,0],["0021600096",471,4,4,0,"Made Shot","Dunk Shot","2PT Field Goal","Restricted Area","Center(C)","Less Than 8 ft.",0,0,1,1,1],["0021600111",429,3,0,38,"Missed Shot","Pullup Jump shot","2PT Field Goal","Mid-Range","Right Side Center(RC)","16-24 ft.",16,91,139,1,0],["0021600111",440,4,11,29,"Missed Shot","Jump Shot","2PT Field Goal","Mid-Range","Center(C)","16-24 ft.",18,37,183,1,0],["0021600111",473,4,8,46,"Missed Shot","Driving Layup Shot","2PT Field Goal","Restricted Area","Center(C)","Less Than 8 ft.",2,22,11,1,0]]}},"GameList":{},"data":[21.0,7,0,10.7,2.3,3.9,0.593,0.1,0.1,1.0,0.6,1.0,0.571,1.7,1.7,3.4,0.7,0.1,0.1,0.6,1.3,5.3],"rank":{"PerGame":[284,201,201,null,227,227,null,224,224,null,58,235,164,242,277,207,236,223,208],"Totals":[293,214,259,null,246,301,null,229,213,null,60,240,167,253,299,217,246,234,223]},"team":"CHI"}},"headerData":["PLAYER_AGE","GP","GS","MIN","FGM","FGA","FG_PCT","FG3M","FG3A","FG3_PCT","FTM","FTA","FT_PCT","OREB","DREB","REB","AST","STL","BLK","TOV","PF","PTS"],"PostSeason":{}}}