{"info":{"FIRST_NAME":"Bobby","LAST_NAME":"Brown","WEIGHT":"175","COUNTRY":" ","SCHOOL":"Cal State-Fullerton","BIRTHDATE":"1984-09-24T00:00:00","HEIGHT":"6-2","TO_YEAR":2016,"DLEAGUE":"N","FROM_YEAR":2008,"TEAM":"HOU","PERSON_ID":201628,"SEASON_EXP":2,"POSITION":"Guard","ROSTERSTATUS":"Active","ALL_STAR":0,"PIE":-0.333,"JERSEY":"8"},"career":{"header":["MIN","FGM","FGA","FG_PCT","FG3M","FG3A","FG3_PCT","FTM","FTA","FT_PCT","OREB","DREB","REB","AST","STL","BLK","TOV","PF","PTS"],"RegularSeason":{"PerGame":[12.5,2.0,5.2,0.38,0.6,2.0,0.309,0.4,0.5,0.81,0.2,0.6,0.8,1.8,0.3,0.0,0.9,1.2,4.9],"GS":2,"GP":117},"PostSeason":{}},"season":{"headerRank":["RANK_PG_MIN","RANK_PG_FGM","RANK_PG_FGA","RANK_FG_PCT","RANK_PG_FG3M","RANK_PG_FG3A","RANK_FG3_PCT","RANK_PG_FTM","RANK_PG_FTA","RANK_FT_PCT","RANK_PG_OREB","RANK_PG_DREB","RANK_PG_REB","RANK_PG_AST","RANK_PG_STL","RANK_PG_BLK","RANK_PG_TOV","RANK_PG_PTS","RANK_PG_EFF"],"headerGame":["PLAYER_ID","GAME_ID","GAME_DATE","TEAM_ABBREVIATION","TEAM_NAME","VS_TEAM_ABBREVIATION","VS_TEAM_NAME","TOV","PTS","FGM","FGA","FG3M","FG3A","PF","BLK","STL","AST","REB"],"RegularSeason":{"2008":{"shotchart":{"Averages":{"header":["SHOT_ZONE_BASIC","SHOT_ZONE_AREA","SHOT_ZONE_RANGE","FGA","FGM","FG_PCT"],"row":[["Above the Break 3","Back Court(BC)","Back Court Shot",112,4,0.036],["Above the Break 3","Center(C)","24+ ft.",6677,2385,0.357],["Above the Break 3","Left Side Center(LC)","24+ ft.",12232,4453,0.364],["Above the Break 3","Right Side Center(RC)","24+ ft.",12317,4465,0.363],["Backcourt","Back Court(BC)","Back Court Shot",445,10,0.022],["In The Paint (Non-RA)","Center(C)","8-16 ft.",6223,2563,0.412],["In The Paint (Non-RA)","Center(C)","Less Than 8 ft.",14898,6255,0.42],["In The Paint (Non-RA)","Left Side(L)","8-16 ft.",2042,803,0.393],["In The Paint (Non-RA)","Right Side(R)","8-16 ft.",2251,857,0.381],["Left Corner 3","Left Side(L)","24+ ft.",6748,2657,0.394],["Mid-Range","Center(C)","16-24 ft.",7773,3212,0.413],["Mid-Range","Center(C)","8-16 ft.",1680,736,0.438],["Mid-Range","Left Side Center(LC)","16-24 ft.",9716,3993,0.411],["Mid-Range","Left Side(L)","16-24 ft.",9026,3603,0.399],["Mid-Range","Left Side(L)","8-16 ft.",8777,3372,0.384],["Mid-Range","Right Side Center(RC)","16-24 ft.",10621,4397,0.414],["Mid-Range","Right Side(R)","16-24 ft.",8006,3165,0.395],["Mid-Range","Right Side(R)","8-16 ft.",8391,3208,0.382],["Restricted Area","Center(C)","Less Than 8 ft.",65152,38818,0.596],["Right Corner 3","Right Side(R)","24+ ft.",5943,2346,0.395]]},"Details":{"header":["GAME_ID","GAME_EVENT_ID","PERIOD","MINUTES_REMAINING","SECONDS_REMAINING","EVENT_TYPE","ACTION_TYPE","SHOT_TYPE","SHOT_ZONE_BASIC","SHOT_ZONE_AREA","SHOT_ZONE_RANGE","SHOT_DISTANCE","LOC_X","LOC_Y","SHOT_ATTEMPTED_FLAG","SHOT_MADE_FLAG"],"row":[["0020800021",409,3,0,0,"Missed Shot","Jump Shot","3PT Field Goal","Above the Break 3","Back Court(BC)","Back Court Shot",45,200,407,1,0],["0020800021",414,4,11,37,"Missed Shot","Jump Shot","3PT Field Goal","Above the Break 3","Right Side Center(RC)","24+ ft.",26,177,192,1,0],["0020800021",465,4,6,35,"Made Shot","Dunk Shot","2PT Field Goal","Restricted Area","Center(C)","Less Than 8 ft.",0,0,0,1,1],["0020800021",486,4,4,31,"Missed Shot","Jump Shot","3PT Field Goal","Above the Break 3","Center(C)","24+ ft.",25,32,252,1,0],["0020800021",523,4,1,30,"Made Shot","Reverse Layup Shot","2PT Field Goal","Restricted Area","Center(C)","Less Than 8 ft.",0,0,0,1,1],["0020800044",369,3,1,46,"Made Shot","Jump Shot","3PT Field Goal","Left Corner 3","Left Side(L)","24+ ft.",23,-232,-13,1,1],["0020800044",386,3,0,14,"Missed Shot","Layup Shot","2PT Field Goal","Restricted Area","Center(C)","Less Than 8 ft.",0,0,0,1,0],["0020800044",395,3,0,0,"Missed Shot","Layup Shot","2PT Field Goal","Restricted Area","Center(C)","Less Than 8 ft.",0,0,0,1,0],["0020800044",408,4,10,11,"Missed Shot","Jump Shot","2PT Field Goal","Mid-Range","Left Side(L)","8-16 ft.",13,-108,89,1,0],["0020800044",464,4,3,53,"Made Shot","Jump Shot","2PT Field Goal","Mid-Range","Right Side Center(RC)","16-24 ft.",18,125,131,1,1],["0020800044",481,4,1,21,"Missed Shot","Jump Shot","3PT Field Goal","Above the Break 3","Right Side Center(RC)","24+ ft.",27,181,205,1,0],["0020800061",102,1,2,29,"Made Shot","Jump Shot","2PT Field Goal","Mid-Range","Right Side(R)","16-24 ft.",20,204,31,1,1],["0020800061",108,1,1,26,"Made Shot","Jump Shot","2PT Field Goal","Mid-Range","Center(C)","16-24 ft.",20,61,198,1,1],["0020800061",174,2,7,26,"Made Shot","Jump Shot","3PT Field Goal","Right Corner 3","Right Side(R)","24+ ft.",23,231,39,1,1],["0020800061",420,4,8,33,"Made Shot","Jump Shot","3PT Field Goal","Above the Break 3","Center(C)","24+ ft.",24,9,249,1,1],["0020800075",114,1,1,40,"Made Shot","Jump Shot","3PT Field Goal","Above the Break 3","Center(C)","24+ ft.",25,-29,258,1,1],["0020800075",144,2,11,4,"Made Shot","Driving Layup Shot","2PT Field Goal","Restricted Area","Center(C)","Less Than 8 ft.",0,0,0,1,1],["0020800075",389,3,2,2,"Made Shot","Jump Shot","3PT Field Goal","Above the Break 3","Center(C)","24+ ft.",25,-56,244,1,1],["0020800075",401,3,1,0,"Missed Shot","Jump Shot","2PT Field Goal","Mid-Range","Right Side Center(RC)","16-24 ft.",20,75,189,1,0],["0020800075",416,3,0,1,"Missed Shot","Jump Shot","3PT Field Goal","Backcourt","Back Court(BC)","Back Court Shot",48,-177,452,1,0],["0020800075",464,4,7,48,"Missed Shot","Jump Shot","2PT Field Goal","Mid-Range","Right Side Center(RC)","16-24 ft.",18,108,146,1,0],["0020800091",145,2,11,47,"Missed Shot","Jump Shot","2PT Field Goal","In The Paint (Non-RA)","Center(C)","Less Than 8 ft.",7,-67,28,1,0],["0020800091",151,2,11,14,"Made Shot","Jump Shot","2PT Field Goal","Mid-Range","Center(C)","16-24 ft.",21,24,211,1,1],["0020800091",161,2,10,41,"Missed Shot","Jump Shot","3PT Field Goal","Above the Break 3","Right Side Center(RC)","24+ ft.",26,170,206,1,0],["0020800091",173,2,9,2,"Made Shot","Jump Shot","3PT Field Goal","Right Corner 3","Right Side(R)","24+ ft.",23,233,42,1,1],["0020800091",196,2,7,6,"Made Shot","Jump Shot","2PT Field Goal","Mid-Range","Right Side Center(RC)","16-24 ft.",21,65,200,1,1],["0020800091",431,3,1,27,"Missed Shot","Jump Shot","2PT Field Goal","Mid-Range","Right Side(R)","16-24 ft.",19,189,20,1,0],["0020800091",435,3,0,55,"Made Shot","Jump Shot","3PT Field Goal","Above the Break 3","Center(C)","24+ ft.",26,-16,260,1,1],["0020800091",477,4,9,34,"Made Shot","Driving Jump shot","2PT Field Goal","In The Paint (Non-RA)","Center(C)","Less Than 8 ft.",7,67,28,1,1],["0020800091",507,4,5,50,"Missed Shot","Layup Shot","2PT Field Goal","Restricted Area","Center(C)","Less Than 8 ft.",0,0,0,1,0],["0020800104",391,4,11,33,"Made Shot","Jump Shot","3PT Field Goal","Above the Break 3","Center(C)","24+ ft.",24,12,249,1,1],["0020800104",401,4,10,29,"Made Shot","Jump Shot","2PT Field Goal","Mid-Range","Right Side(R)","8-16 ft.",15,143,47,1,1],["0020800104",406,4,9,52,"Missed Shot","Jump Shot","2PT Field Goal","Mid-Range","Center(C)","16-24 ft.",22,-8,228,1,0],["0020800115",108,1,0,52,"Made Shot","Jump Shot","2PT Field Goal","Mid-Range","Left Side Center(LC)","16-24 ft.",21,-139,162,1,1],["0020800115",114,1,0,15,"Missed Shot","Jump Shot","2PT Field Goal","Restricted Area","Center(C)","Less Than 8 ft.",3,-27,23,1,0],["0020800115",146,2,8,38,"Missed Shot","Jump Shot","3PT Field Goal","Above the Break 3","Center(C)","24+ ft.",26,-29,268,1,0],["0020800130",116,1,0,17,"Missed Shot","Jump Shot","2PT Field Goal","Mid-Range","Right Side(R)","8-16 ft.",14,129,67,1,0],["0020800130",119,1,0,0,"Missed Shot","Jump Shot","3PT Field Goal","Backcourt","Back Court(BC)","Back Court Shot",49,125,482,1,0],["0020800130",348,4,11,13,"Missed Shot","Jump Shot","2PT Field Goal","Mid-Range","Left Side Center(LC)","16-24 ft.",19,-131,143,1,0],["0020800130",553,5,0,57,"Missed Shot","Jump Shot","3PT Field Goal","Above the Break 3","Left Side Center(LC)","24+ ft.",24,-188,160,1,0],["0020800145",139,2,8,16,"Made Shot","Jump Shot","2PT Field Goal","Mid-Range","Right Side(R)","16-24 ft.",17,171,0,1,1],["0020800145",154,2,6,36,"Made Shot","Jump Shot","2PT Field Goal","Mid-Range","Left Side Center(LC)","16-24 ft.",21,-122,181,1,1],["0020800145",326,3,1,37,"Missed Shot","Jump Shot","2PT Field Goal","Mid-Range","Right Side(R)","8-16 ft.",13,136,0,1,0],["0020800145",334,3,0,18,"Made Shot","Jump Hook Shot","2PT Field Goal","In The Paint (Non-RA)","Center(C)","Less Than 8 ft.",5,32,47,1,1],["0020800145",345,4,11,40,"Missed Shot","Layup Shot","2PT Field Goal","Restricted Area","Center(C)","Less Than 8 ft.",0,0,0,1,0],["0020800155",166,2,7,39,"Missed Shot","Layup Shot","2PT Field Goal","Restricted Area","Center(C)","Less Than 8 ft.",0,0,0,1,0],["0020800155",316,3,3,40,"Missed Shot","Jump Shot","2PT Field Goal","Mid-Range","Right Side Center(RC)","16-24 ft.",22,114,194,1,0],["0020800155",351,3,1,4,"Missed Shot","Layup Shot","2PT Field Goal","Restricted Area","Center(C)","Less Than 8 ft.",0,0,0,1,0],["0020800155",365,3,0,0,"Missed Shot","Jump Shot","3PT Field Goal","Backcourt","Back Court(BC)","Back Court Shot",46,103,451,1,0],["0020800155",376,4,11,3,"Missed Shot","Layup Shot","2PT Field Goal","Restricted Area","Center(C)","Less Than 8 ft.",0,0,0,1,0],["0020800155",384,4,10,17,"Missed Shot","Jump Shot","3PT Field Goal","Above the Break 3","Right Side Center(RC)","24+ ft.",26,173,200,1,0],["0020800155",395,4,9,33,"Made Shot","Jump Shot","2PT Field Goal","Mid-Range","Left Side Center(LC)","16-24 ft.",18,-138,119,1,1],["0020800155",405,4,8,43,"Missed Shot","Jump Shot","2PT Field Goal","Mid-Range","Center(C)","16-24 ft.",20,-15,201,1,0],["0020800155",432,4,6,16,"Made Shot","Jump Shot","3PT Field Goal","Above the Break 3","Right Side Center(RC)","24+ ft.",25,154,208,1,1],["0020800155",461,4,3,55,"Made Shot","Jump Shot","2PT Field Goal","Mid-Range","Right Side Center(RC)","16-24 ft.",19,70,184,1,1],["0020800155",472,4,3,17,"Missed Shot","Jump Shot","3PT Field Goal","Above the Break 3","Left Side Center(LC)","24+ ft.",25,-84,244,1,0],["0020800164",119,2,9,13,"Made Shot","Jump Shot","2PT Field Goal","Mid-Range","Left Side(L)","16-24 ft.",20,-179,94,1,1],["0020800164",121,2,8,44,"Made Shot","Jump Shot","2PT Field Goal","Mid-Range","Center(C)","16-24 ft.",18,-41,183,1,1],["0020800164",151,2,5,49,"Made Shot","Jump Shot","2PT Field Goal","Mid-Range","Center(C)","8-16 ft.",14,0,148,1,1],["0020800164",346,4,9,6,"Missed Shot","Jump Shot","3PT Field Goal","Above the Break 3","Left Side Center(LC)","24+ ft.",26,-188,181,1,0],["0020800181",117,1,0,1,"Made Shot","Driving Layup Shot","2PT Field Goal","Restricted Area","Center(C)","Less Than 8 ft.",0,0,0,1,1],["0020800181",143,2,9,7,"Made Shot","Driving Layup Shot","2PT Field Goal","Restricted Area","Center(C)","Less Than 8 ft.",0,0,0,1,1],["0020800181",169,2,6,49,"Missed Shot","Jump Shot","2PT Field Goal","Mid-Range","Left Side(L)","16-24 ft.",20,-201,22,1,0],["0020800181",191,2,3,10,"Made Shot","Jump Shot","3PT Field Goal","Right Corner 3","Right Side(R)","24+ ft.",22,228,20,1,1],["0020800181",195,2,2,11,"Made Shot","Driving Layup Shot","2PT Field Goal","Restricted Area","Center(C)","Less Than 8 ft.",0,0,0,1,1],["0020800181",343,4,11,45,"Missed Shot","Layup Shot","2PT Field Goal","Restricted Area","Center(C)","Less Than 8 ft.",0,0,0,1,0],["0020800181",398,4,5,48,"Made Shot","Jump Shot","2PT Field Goal","Mid-Range","Right Side Center(RC)","16-24 ft.",18,111,154,1,1],["0020800181",453,4,0,29,"Made Shot","Dunk Shot","2PT Field Goal","Restricted Area","Center(C)","Less Than 8 ft.",0,0,0,1,1],["0020800197",123,1,0,40,"Made Shot","Jump Shot","2PT Field Goal","Mid-Range","Left Side Center(LC)","16-24 ft.",19,-131,142,1,1],["0020800197",141,2,10,36,"Made Shot","Jump Shot","3PT Field Goal","Above the Break 3","Left Side Center(LC)","24+ ft.",24,-166,186,1,1],["0020800197",144,2,10,19,"Made Shot","Layup Shot","2PT Field Goal","Restricted Area","Center(C)","Less Than 8 ft.",0,0,0,1,1],["0020800197",155,2,9,2,"Missed Shot","Jump Shot","2PT Field Goal","Mid-Range","Center(C)","16-24 ft.",19,50,187,1,0],["0020800197",168,2,7,10,"Made Shot","Floating Jump shot","2PT Field Goal","In The Paint (Non-RA)","Center(C)","Less Than 8 ft.",4,9,47,1,1],["0020800197",363,3,1,46,"Made Shot","Jump Shot","2PT Field Goal","Mid-Range","Left Side Center(LC)","16-24 ft.",20,-144,148,1,1],["0020800197",368,3,0,49,"Made Shot","Layup Shot","2PT Field Goal","Restricted Area","Center(C)","Less Than 8 ft.",0,0,0,1,1],["0020800197",378,3,0,35,"Missed Shot","Jump Shot","2PT Field Goal","Mid-Range","Right Side Center(RC)","16-24 ft.",21,149,149,1,0],["0020800197",381,3,0,3,"Missed Shot","Jump Shot","3PT Field Goal","Above the Break 3","Right Side Center(RC)","24+ ft.",27,184,208,1,0],["0020800197",403,4,10,5,"Made Shot","Jump Shot","2PT Field Goal","Mid-Range","Left Side(L)","16-24 ft.",19,-194,-5,1,1],["0020800197",416,4,8,39,"Made Shot","Jump Shot","3PT Field Goal","Right Corner 3","Right Side(R)","24+ ft.",23,234,19,1,1],["0020800197",450,4,5,49,"Missed Shot","Layup Shot","2PT Field Goal","Restricted Area","Center(C)","Less Than 8 ft.",0,0,0,1,0],["0020800197",454,4,5,10,"Missed Shot","Jump Shot","3PT Field Goal","Above the Break 3","Right Side Center(RC)","24+ ft.",25,230,104,1,0],["0020800203",100,1,2,16,"Made Shot","Jump Shot","2PT Field Goal","Mid-Range","Right Side Center(RC)","16-24 ft.",21,75,206,1,1],["0020800203",151,2,10,19,"Made Shot","Jump Shot","3PT Field Goal","Above the Break 3","Left Side Center(LC)","24+ ft.",24,-106,219,1,1],["0020800203",154,2,9,53,"Missed Shot","Jump Shot","3PT Field Goal","Above the Break 3","Center(C)","24+ ft.",24,47,241,1,0],["0020800203",338,3,0,39,"Missed Shot","Jump Shot","2PT Field Goal","Mid-Range","Right Side Center(RC)","16-24 ft.",21,70,201,1,0],["0020800203",342,3,0,16,"Missed Shot","Driving Layup Shot","2PT Field Goal","Restricted Area","Center(C)","Less Than 8 ft.",0,0,0,1,0],["0020800221",136,1,0,34,"Missed Shot","Jump Shot","3PT Field Goal","Above the Break 3","Center(C)","24+ ft.",25,-27,257,1,0],["0020800221",155,2,10,47,"Missed Shot","Driving Layup Shot","2PT Field Goal","Restricted Area","Center(C)","Less Than 8 ft.",0,0,0,1,0],["0020800233",59,1,3,53,"Missed Shot","Driving Layup Shot","2PT Field Goal","Restricted Area","Center(C)","Less Than 8 ft.",0,0,0,1,0],["0020800233",340,3,1,22,"Missed Shot","Layup Shot","2PT Field Goal","Restricted Area","Center(C)","Less Than 8 ft.",0,0,0,1,0],["0020800233",371,4,10,36,"Missed Shot","Jump Shot","2PT Field Goal","Mid-Range","Right Side Center(RC)","16-24 ft.",21,132,164,1,0],["0020800233",374,4,10,17,"Missed Shot","Jump Shot","2PT Field Goal","Mid-Range","Right Side Center(RC)","16-24 ft.",23,155,175,1,0],["0020800233",383,4,9,25,"Missed Shot","Jump Shot","3PT Field Goal","Above the Break 3","Center(C)","24+ ft.",26,2,261,1,0],["0020800245",98,1,1,44,"Missed Shot","Jump Shot","3PT Field Goal","Above the Break 3","Left Side Center(LC)","24+ ft.",25,-169,186,1,0],["0020800245",134,2,11,11,"Made Shot","Jump Shot","2PT Field Goal","Mid-Range","Right Side(R)","16-24 ft.",18,170,67,1,1],["0020800245",143,2,9,40,"Missed Shot","Jump Shot","3PT Field Goal","Above the Break 3","Left Side Center(LC)","24+ ft.",24,-161,178,1,0],["0020800245",429,4,9,3,"Made Shot","Fadeaway Jump Shot","2PT Field Goal","Mid-Range","Left Side(L)","8-16 ft.",15,-155,-13,1,1],["0020800245",431,4,8,36,"Missed Shot","Jump Shot","3PT Field Goal","Above the Break 3","Center(C)","24+ ft.",25,78,241,1,0],["0020800245",440,4,7,28,"Made Shot","Jump Shot","2PT Field Goal","Mid-Range","Center(C)","16-24 ft.",16,4,162,1,1],["0020800245",507,4,1,37,"Made Shot","Jump Shot","2PT Field Goal","Mid-Range","Right Side(R)","8-16 ft.",14,114,94,1,1],["0020800245",531,4,0,21,"Missed Shot","Jump Shot","2PT Field Goal","Mid-Range","Right Side Center(RC)","16-24 ft.",22,78,206,1,0],["0020800262",416,4,10,59,"Made Shot","Jump Shot","3PT Field Goal","Above the Break 3","Left Side Center(LC)","24+ ft.",24,-134,211,1,1],["0020800296",62,1,6,31,"Missed Shot","Jump Shot","3PT Field Goal","Above the Break 3","Right Side Center(RC)","24+ ft.",24,203,140,1,0],["0020800296",70,1,5,32,"Missed Shot","Jump Shot","2PT Field Goal","Mid-Range","Right Side(R)","16-24 ft.",20,201,6,1,0],["0020800296",306,2,0,5,"Missed Shot","Driving Jump shot","2PT Field Goal","In The Paint (Non-RA)","Right Side(R)","8-16 ft.",8,80,28,1,0],["0020800296",443,3,1,32,"Missed Shot","Running Hook Shot","2PT Field Goal","In The Paint (Non-RA)","Center(C)","Less Than 8 ft.",5,9,58,1,0],["0020800296",453,3,0,58,"Missed Shot","Jump Shot","3PT Field Goal","Above the Break 3","Left Side Center(LC)","24+ ft.",25,-120,228,1,0],["0020800296",520,4,8,11,"Made Shot","Layup Shot","2PT Field Goal","Restricted Area","Center(C)","Less Than 8 ft.",0,0,0,1,1],["0020800296",536,4,6,10,"Missed Shot","Jump Shot","3PT Field Goal","Above the Break 3","Left Side Center(LC)","24+ ft.",24,-196,145,1,0],["0020800296",551,4,4,48,"Missed Shot","Layup Shot","2PT Field Goal","Restricted Area","Center(C)","Less Than 8 ft.",0,0,0,1,0],["0020800296",575,4,2,27,"Missed Shot","Layup Shot","2PT Field Goal","Restricted Area","Center(C)","Less Than 8 ft.",0,0,0,1,0],["0020800296",592,4,1,10,"Made Shot","Alley Oop Dunk Shot","2PT Field Goal","Restricted Area","Center(C)","Less Than 8 ft.",0,0,0,1,1],["0020800296",605,4,0,1,"Missed Shot","Jump Shot","3PT Field Goal","Backcourt","Back Court(BC)","Back Court Shot",48,-18,485,1,0],["0020800313",103,1,1,13,"Made Shot","Driving Layup Shot","2PT Field Goal","Restricted Area","Center(C)","Less Than 8 ft.",0,0,0,1,1],["0020800313",124,2,11,28,"Missed Shot","Jump Shot","2PT Field Goal","Mid-Range","Right Side Center(RC)","16-24 ft.",16,103,127,1,0],["0020800313",423,4,10,37,"Made Shot","Jump Shot","3PT Field Goal","Above the Break 3","Right Side Center(RC)","24+ ft.",24,102,227,1,1],["0020800313",442,4,8,21,"Missed Shot","Jump Shot","3PT Field Goal","Above the Break 3","Right Side Center(RC)","24+ ft.",26,86,250,1,0],["0020800336",131,1,0,29,"Made Shot","Floating Jump shot","2PT Field Goal","In The Paint (Non-RA)","Center(C)","Less Than 8 ft.",4,-4,47,1,1],["0020800336",135,1,0,8,"Made Shot","Jump Shot","3PT Field Goal","Left Corner 3","Left Side(L)","24+ ft.",24,-243,36,1,1],["0020800336",147,2,11,14,"Missed Shot","Layup Shot","2PT Field Goal","Restricted Area","Center(C)","Less Than 8 ft.",0,0,0,1,0],["0020800336",185,2,8,29,"Made Shot","Jump Shot","2PT Field Goal","Mid-Range","Left Side Center(LC)","16-24 ft.",18,-112,149,1,1],["0020800336",201,2,7,1,"Missed Shot","Jump Shot","3PT Field Goal","Above the Break 3","Right Side Center(RC)","24+ ft.",26,116,238,1,0],["0020800345",101,1,0,39,"Missed Shot","Jump Shot","2PT Field Goal","Mid-Range","Right Side Center(RC)","16-24 ft.",21,160,143,1,0],["0020800345",105,1,0,7,"Missed Shot","Jump Shot","2PT Field Goal","Mid-Range","Center(C)","16-24 ft.",17,-49,172,1,0],["0020800345",120,2,10,47,"Missed Shot","Jump Shot","3PT Field Goal","Above the Break 3","Center(C)","24+ ft.",24,-52,239,1,0],["0020800345",128,2,10,3,"Made Shot","Layup Shot","2PT Field Goal","Restricted Area","Center(C)","Less Than 8 ft.",0,0,0,1,1],["0020800345",131,2,9,29,"Missed Shot","Jump Shot","3PT Field Goal","Right Corner 3","Right Side(R)","24+ ft.",23,230,15,1,0],["0020800345",135,2,9,4,"Made Shot","Driving Layup Shot","2PT Field Goal","Restricted Area","Center(C)","Less Than 8 ft.",0,0,0,1,1],["0020800345",463,4,5,26,"Missed Shot","Jump Shot","2PT Field Goal","Mid-Range","Left Side Center(LC)","16-24 ft.",21,-116,186,1,0],["0020800358",158,1,0,7,"Missed Shot","Driving Layup Shot","2PT Field Goal","Restricted Area","Center(C)","Less Than 8 ft.",0,0,0,1,0],["0020800358",173,2,10,27,"Missed Shot","Jump Shot","3PT Field Goal","Above the Break 3","Left Side Center(LC)","24+ ft.",25,-105,233,1,0],["0020800358",175,2,10,21,"Missed Shot","Jump Shot","3PT Field Goal","Above the Break 3","Left Side Center(LC)","24+ ft.",25,-169,190,1,0],["0020800358",271,2,0,0,"Made Shot","Jump Shot","3PT Field Goal","Above the Break 3","Left Side Center(LC)","24+ ft.",26,-160,216,1,1],["0020800358",407,3,0,41,"Made Shot","Jump Shot","2PT Field Goal","Mid-Range","Right Side Center(RC)","16-24 ft.",19,97,173,1,1],["0020800358",474,4,7,45,"Missed Shot","Jump Shot","3PT Field Goal","Above the Break 3","Center(C)","24+ ft.",25,-4,257,1,0],["0020800358",477,4,7,25,"Made Shot","Layup Shot","2PT Field Goal","Restricted Area","Center(C)","Less Than 8 ft.",0,0,0,1,1],["0020800358",552,4,1,0,"Missed Shot","Running Jump Shot","2PT Field Goal","Mid-Range","Right Side(R)","8-16 ft.",11,105,37,1,0],["0020800358",568,4,0,10,"Missed Shot","Jump Shot","3PT Field Goal","Above the Break 3","Center(C)","24+ ft.",26,18,266,1,0],["0020800364",84,1,3,20,"Missed Shot","Driving Layup Shot","2PT Field Goal","Restricted Area","Center(C)","Less Than 8 ft.",0,0,0,1,0],["0020800364",109,1,1,35,"Made Shot","Jump Shot","2PT Field Goal","Mid-Range","Left Side Center(LC)","16-24 ft.",18,-87,162,1,1],["0020800364",114,1,1,10,"Made Shot","Jump Shot","3PT Field Goal","Right Corner 3","Right Side(R)","24+ ft.",22,225,19,1,1],["0020800364",122,1,0,2,"Missed Shot","Running Bank shot","2PT Field Goal","In The Paint (Non-RA)","Center(C)","Less Than 8 ft.",7,-60,45,1,0],["0020800364",159,2,8,59,"Missed Shot","Jump Shot","2PT Field Goal","Mid-Range","Center(C)","16-24 ft.",22,-7,227,1,0],["0020800364",179,2,7,26,"Missed Shot","Running Jump Shot","2PT Field Goal","In The Paint (Non-RA)","Center(C)","Less Than 8 ft.",6,4,69,1,0],["0020800364",564,4,0,21,"Made Shot","Driving Reverse Layup Shot","2PT Field Goal","Restricted Area","Center(C)","Less Than 8 ft.",0,0,0,1,1],["0020800387",133,2,9,19,"Made Shot","Jump Shot","3PT Field Goal","Above the Break 3","Center(C)","24+ ft.",24,54,244,1,1],["0020800387",166,2,5,59,"Missed Shot","Jump Shot","3PT Field Goal","Right Corner 3","Right Side(R)","24+ ft.",23,234,20,1,0],["0020800387",375,4,11,45,"Missed Shot","Jump Shot","2PT Field Goal","In The Paint (Non-RA)","Center(C)","8-16 ft.",10,-48,89,1,0],["0020800387",399,4,9,17,"Made Shot","Driving Layup Shot","2PT Field Goal","Restricted Area","Center(C)","Less Than 8 ft.",0,0,0,1,1],["0020800387",412,4,8,10,"Missed Shot","Jump Shot","3PT Field Goal","Above the Break 3","Right Side Center(RC)","24+ ft.",25,125,217,1,0],["0020800394",74,1,2,10,"Missed Shot","Reverse Layup Shot","2PT Field Goal","Restricted Area","Center(C)","Less Than 8 ft.",0,0,0,1,0],["0020800394",284,3,5,13,"Missed Shot","Jump Shot","3PT Field Goal","Above the Break 3","Right Side Center(RC)","24+ ft.",25,157,195,1,0],["0020800394",293,3,4,45,"Made Shot","Jump Shot","2PT Field Goal","Mid-Range","Left Side(L)","8-16 ft.",14,-139,36,1,1],["0020800406",92,1,1,27,"Missed Shot","Jump Shot","2PT Field Goal","Mid-Range","Center(C)","16-24 ft.",19,-45,187,1,0],["0020800406",97,1,0,43,"Missed Shot","Layup Shot","2PT Field Goal","Restricted Area","Center(C)","Less Than 8 ft.",1,2,11,1,0],["0020800406",133,2,9,17,"Made Shot","Jump Shot","3PT Field Goal","Above the Break 3","Center(C)","24+ ft.",24,-19,241,1,1],["0020800406",320,3,2,39,"Missed Shot","Jump Shot","3PT Field Goal","Above the Break 3","Right Side Center(RC)","24+ ft.",25,132,220,1,0],["0020800406",349,3,1,11,"Missed Shot","Running Jump Shot","2PT Field Goal","In The Paint (Non-RA)","Right Side(R)","8-16 ft.",8,70,53,1,0],["0020800406",353,3,0,36,"Missed Shot","Jump Shot","2PT Field Goal","Restricted Area","Center(C)","Less Than 8 ft.",3,6,34,1,0],["0020800406",450,4,3,8,"Made Shot","Jump Shot","2PT Field Goal","Mid-Range","Left Side Center(LC)","16-24 ft.",19,-150,127,1,1],["0020800406",458,4,1,51,"Made Shot","Jump Shot","3PT Field Goal","Above the Break 3","Right Side Center(RC)","24+ ft.",24,174,179,1,1],["0020800434",162,2,7,34,"Missed Shot","Jump Shot","3PT Field Goal","Above the Break 3","Center(C)","24+ ft.",24,48,244,1,0],["0020800434",165,2,7,4,"Made Shot","Driving Layup Shot","2PT Field Goal","Restricted Area","Center(C)","Less Than 8 ft.",0,0,0,1,1],["0020800434",171,2,6,4,"Missed Shot","Driving Layup Shot","2PT Field Goal","Restricted Area","Center(C)","Less Than 8 ft.",0,0,0,1,0],["0020800434",378,3,0,26,"Made Shot","Jump Shot","3PT Field Goal","Above the Break 3","Left Side Center(LC)","24+ ft.",25,-232,94,1,1],["0020800434",404,4,10,24,"Missed Shot","Jump Shot","3PT Field Goal","Above the Break 3","Right Side Center(RC)","24+ ft.",24,118,216,1,0],["0020800448",88,1,1,58,"Missed Shot","Jump Shot","3PT Field Goal","Left Corner 3","Left Side(L)","24+ ft.",23,-234,7,1,0],["0020800448",135,2,10,19,"Missed Shot","Jump Shot","3PT Field Goal","Above the Break 3","Right Side Center(RC)","24+ ft.",26,135,233,1,0],["0020800448",146,2,9,11,"Missed Shot","Layup Shot","2PT Field Goal","Restricted Area","Center(C)","Less Than 8 ft.",0,0,0,1,0],["0020800448",252,2,1,44,"Made Shot","Jump Shot","3PT Field Goal","Right Corner 3","Right Side(R)","24+ ft.",22,226,42,1,1],["0020800448",257,2,1,9,"Missed Shot","Jump Shot","2PT Field Goal","In The Paint (Non-RA)","Center(C)","Less Than 8 ft.",7,70,20,1,0],["0020800448",378,3,0,32,"Missed Shot","Jump Shot","2PT Field Goal","Mid-Range","Left Side(L)","16-24 ft.",18,-175,55,1,0],["0020800448",465,4,3,53,"Missed Shot","Jump Shot","3PT Field Goal","Above the Break 3","Left Side Center(LC)","24+ ft.",24,-101,225,1,0],["0020800466",386,3,0,57,"Made Shot","Jump Shot","3PT Field Goal","Above the Break 3","Center(C)","24+ ft.",25,51,246,1,1],["0020800466",409,4,11,51,"Made Shot","Driving Dunk Shot","2PT Field Goal","Restricted Area","Center(C)","Less Than 8 ft.",0,0,0,1,1],["0020800466",421,4,10,50,"Made Shot","Jump Shot","2PT Field Goal","Mid-Range","Left Side Center(LC)","16-24 ft.",17,-90,154,1,1],["0020800479",138,2,9,29,"Missed Shot","Jump Shot","3PT Field Goal","Above the Break 3","Right Side Center(RC)","24+ ft.",26,84,254,1,0],["0020800479",163,2,7,14,"Made Shot","Fadeaway Jump Shot","2PT Field Goal","Mid-Range","Right Side Center(RC)","16-24 ft.",18,62,176,1,1],["0020800479",167,2,6,21,"Missed Shot","Jump Shot","2PT Field Goal","Mid-Range","Left Side(L)","16-24 ft.",17,-158,83,1,0],["0020800479",207,2,3,38,"Missed Shot","Jump Shot","3PT Field Goal","Above the Break 3","Left Side Center(LC)","24+ ft.",23,-215,102,1,0],["0020800479",371,3,1,44,"Missed Shot","Layup Shot","2PT Field Goal","Restricted Area","Center(C)","Less Than 8 ft.",0,0,0,1,0],["0020800479",500,4,2,16,"Missed Shot","Jump Shot","3PT Field Goal","Above the Break 3","Right Side Center(RC)","24+ ft.",26,97,244,1,0],["0020800490",260,2,2,9,"Missed Shot","Fadeaway Jump Shot","2PT Field Goal","Mid-Range","Left Side(L)","8-16 ft.",15,-158,-5,1,0],["0020800490",264,2,1,47,"Missed Shot","Jump Shot","2PT Field Goal","Mid-Range","Left Side Center(LC)","16-24 ft.",21,-97,187,1,0],["0020800502",142,2,10,23,"Missed Shot","Jump Shot","2PT Field Goal","Mid-Range","Left Side(L)","16-24 ft.",19,-196,11,1,0],["0020800502",157,2,8,14,"Missed Shot","Driving Layup Shot","2PT Field Goal","Restricted Area","Center(C)","Less Than 8 ft.",0,0,0,1,0],["0020800502",355,3,0,24,"Missed Shot","Jump Shot","3PT Field Goal","Above the Break 3","Left Side Center(LC)","24+ ft.",24,-166,176,1,0],["0020800502",357,3,0,1,"Missed Shot","Jump Shot","3PT Field Goal","Above the Break 3","Left Side Center(LC)","24+ ft.",25,-174,187,1,0],["0020800511",140,2,10,58,"Made Shot","Jump Shot","2PT Field Goal","Mid-Range","Left Side Center(LC)","16-24 ft.",19,-127,148,1,1],["0020800511",146,2,9,42,"Missed Shot","Jump Shot","2PT Field Goal","Mid-Range","Right Side Center(RC)","16-24 ft.",22,102,203,1,0],["0020800511",435,4,10,40,"Made Shot","Jump Shot","3PT Field Goal","Above the Break 3","Right Side Center(RC)","24+ ft.",25,144,213,1,1],["0020800537",109,1,3,8,"Made Shot","Jump Shot","3PT Field Goal","Above the Break 3","Center(C)","24+ ft.",25,-68,246,1,1],["0020800537",125,1,1,41,"Missed Shot","Jump Shot","2PT Field Goal","Mid-Range","Right Side(R)","16-24 ft.",21,198,91,1,0],["0020800537",144,1,0,0,"Missed Shot","Jump Shot","3PT Field Goal","Above the Break 3","Right Side Center(RC)","24+ ft.",30,170,257,1,0],["0020800537",151,2,11,22,"Missed Shot","Jump Shot","2PT Field Goal","Mid-Range","Right Side(R)","8-16 ft.",9,88,22,1,0],["0020800565",103,1,3,15,"Made Shot","Jump Shot","2PT Field Goal","Mid-Range","Right Side Center(RC)","16-24 ft.",19,136,145,1,1],["0020800565",129,1,0,13,"Missed Shot","Jump Shot","3PT Field Goal","Right Corner 3","Right Side(R)","24+ ft.",23,230,15,1,0],["0020800565",440,4,7,35,"Missed Shot","Jump Shot","2PT Field Goal","Mid-Range","Left Side Center(LC)","16-24 ft.",18,-127,132,1,0],["0020800565",460,4,6,22,"Made Shot","Jump Shot","2PT Field Goal","Mid-Range","Center(C)","16-24 ft.",20,-62,197,1,1],["0020800587",360,3,6,18,"Missed Shot","Jump Shot","3PT Field Goal","Above the Break 3","Right Side Center(RC)","24+ ft.",25,163,194,1,0],["0020800587",384,3,4,37,"Missed Shot","Jump Shot","3PT Field Goal","Above the Break 3","Right Side Center(RC)","24+ ft.",24,141,198,1,0],["0020800625",166,2,6,36,"Missed Shot","Jump Shot","3PT Field Goal","Left Corner 3","Left Side(L)","24+ ft.",23,-229,31,1,0],["0020800625",196,2,3,14,"Missed Shot","Driving Layup Shot","2PT Field Goal","Restricted Area","Center(C)","Less Than 8 ft.",0,0,0,1,0],["0020800625",219,2,1,6,"Missed Shot","Jump Shot","2PT Field Goal","Mid-Range","Center(C)","8-16 ft.",15,-7,157,1,0],["0020800625",227,2,0,1,"Missed Shot","Jump Shot","2PT Field Goal","In The Paint (Non-RA)","Left Side(L)","8-16 ft.",9,-75,58,1,0],["0020800643",134,2,11,42,"Made Shot","Jump Shot","2PT Field Goal","Mid-Range","Left Side(L)","16-24 ft.",19,-169,101,1,1],["0020800643",139,2,11,0,"Made Shot","Layup Shot","2PT Field Goal","Restricted Area","Center(C)","Less Than 8 ft.",0,0,0,1,1],["0020800643",143,2,10,34,"Missed Shot","Layup Shot","2PT Field Goal","Restricted Area","Center(C)","Less Than 8 ft.",0,0,0,1,0],["0020800643",163,2,9,9,"Missed Shot","Jump Shot","2PT Field Goal","Mid-Range","Right Side(R)","16-24 ft.",16,168,6,1,0],["0020800649",91,1,0,59,"Made Shot","Jump Shot","3PT Field Goal","Above the Break 3","Left Side Center(LC)","24+ ft.",24,-125,211,1,1],["0020800649",117,2,10,45,"Made Shot","Pullup Jump shot","2PT Field Goal","Mid-Range","Left Side Center(LC)","16-24 ft.",21,-155,142,1,1],["0020800649",386,4,9,43,"Missed Shot","Pullup Jump shot","2PT Field Goal","Mid-Range","Left Side Center(LC)","16-24 ft.",17,-86,151,1,0],["0020800649",524,4,0,15,"Missed Shot","Jump Shot","2PT Field Goal","Mid-Range","Left Side(L)","16-24 ft.",20,-205,-3,1,0],["0020800662",145,2,8,47,"Made Shot","Jump Shot","3PT Field Goal","Right Corner 3","Right Side(R)","24+ ft.",23,223,86,1,1],["0020800662",147,2,8,13,"Made Shot","Jump Shot","2PT Field Goal","Mid-Range","Right Side Center(RC)","16-24 ft.",21,168,129,1,1],["0020800662",166,2,6,35,"Missed Shot","Jump Shot","2PT Field Goal","Mid-Range","Right Side Center(RC)","16-24 ft.",22,159,154,1,0],["0020800662",243,2,1,7,"Missed Shot","Jump Shot","2PT Field Goal","Mid-Range","Right Side(R)","16-24 ft.",20,207,28,1,0],["0020800662",414,4,9,50,"Missed Shot","Jump Shot","3PT Field Goal","Above the Break 3","Left Side Center(LC)","24+ ft.",25,-144,214,1,0],["0020800668",96,1,1,28,"Made Shot","Pullup Jump shot","3PT Field Goal","Above the Break 3","Left Side Center(LC)","24+ ft.",24,-120,213,1,1],["0020800668",101,1,0,49,"Missed Shot","Jump Shot","3PT Field Goal","Above the Break 3","Center(C)","24+ ft.",24,20,244,1,0],["0020800668",134,2,9,46,"Made Shot","Jump Shot","3PT Field Goal","Right Corner 3","Right Side(R)","24+ ft.",24,241,-8,1,1],["0020800668",140,2,8,56,"Missed Shot","Floating Jump shot","2PT Field Goal","In The Paint (Non-RA)","Center(C)","Less Than 8 ft.",6,-56,30,1,0],["0020800668",260,2,0,0,"Missed Shot","Jump Bank Shot","3PT Field Goal","Above the Break 3","Center(C)","24+ ft.",25,34,252,1,0],["0020800668",290,3,9,9,"Missed Shot","Jump Shot","3PT Field Goal","Above the Break 3","Right Side Center(RC)","24+ ft.",25,94,233,1,0],["0020800668",293,3,8,30,"Made Shot","Jump Shot","2PT Field Goal","Mid-Range","Right Side Center(RC)","16-24 ft.",21,146,154,1,1],["0020800668",335,3,2,34,"Made Shot","Jump Shot","3PT Field Goal","Above the Break 3","Center(C)","24+ ft.",26,10,260,1,1],["0020800668",357,3,0,0,"Missed Shot","Jump Shot","2PT Field Goal","Mid-Range","Right Side Center(RC)","16-24 ft.",18,147,119,1,0],["0020800668",482,4,1,56,"Missed Shot","Jump Shot","2PT Field Goal","Mid-Range","Left Side Center(LC)","16-24 ft.",22,-106,195,1,0],["0020800668",487,4,1,27,"Missed Shot","Layup Shot","2PT Field Goal","Restricted Area","Center(C)","Less Than 8 ft.",1,0,19,1,0],["0020800691",105,1,0,47,"Missed Shot","Jump Shot","2PT Field Goal","Restricted Area","Center(C)","Less Than 8 ft.",3,-16,36,1,0],["0020800691",134,2,11,14,"Missed Shot","Jump Shot","3PT Field Goal","Above the Break 3","Right Side Center(RC)","24+ ft.",25,179,183,1,0],["0020800691",372,3,2,40,"Made Shot","Floating Jump shot","2PT Field Goal","In The Paint (Non-RA)","Center(C)","8-16 ft.",9,21,94,1,1],["0020800691",387,3,1,38,"Missed Shot","Jump Shot","3PT Field Goal","Left Corner 3","Left Side(L)","24+ ft.",24,-235,61,1,0],["0020800691",393,3,0,49,"Missed Shot","Jump Shot","3PT Field Goal","Above the Break 3","Center(C)","24+ ft.",24,-21,246,1,0],["0020800691",428,4,10,54,"Missed Shot","Jump Shot","2PT Field Goal","Mid-Range","Left Side Center(LC)","16-24 ft.",20,-138,153,1,0],["0020800691",529,4,1,53,"Missed Shot","Jump Shot","2PT Field Goal","Mid-Range","Right Side Center(RC)","16-24 ft.",20,135,159,1,0],["0020800705",3,1,11,33,"Made Shot","Jump Shot","2PT Field Goal","Mid-Range","Right Side(R)","8-16 ft.",12,111,50,1,1],["0020800705",64,1,4,36,"Missed Shot","Layup Shot","2PT Field Goal","Restricted Area","Center(C)","Less Than 8 ft.",0,0,0,1,0],["0020800705",102,1,2,51,"Missed Shot","Jump Shot","3PT Field Goal","Right Corner 3","Right Side(R)","24+ ft.",22,228,-24,1,0],["0020800705",291,2,0,33,"Missed Shot","Layup Shot","2PT Field Goal","Restricted Area","Center(C)","Less Than 8 ft.",0,0,0,1,0],["0020800705",371,3,6,27,"Missed Shot","Jump Shot","2PT Field Goal","Mid-Range","Left Side(L)","16-24 ft.",16,-169,9,1,0],["0020800711",127,1,0,32,"Missed Shot","Jump Shot","2PT Field Goal","Mid-Range","Left Side Center(LC)","16-24 ft.",17,-117,129,1,0],["0020800711",135,1,0,0,"Missed Shot","Jump Shot","3PT Field Goal","Backcourt","Back Court(BC)","Back Court Shot",49,130,477,1,0],["0020800711",168,2,10,12,"Missed Shot","Jump Shot","3PT Field Goal","Above the Break 3","Right Side Center(RC)","24+ ft.",24,198,143,1,0],["0020800711",174,2,9,40,"Missed Shot","Jump Shot","2PT Field Goal","In The Paint (Non-RA)","Left Side(L)","8-16 ft.",8,-59,66,1,0],["0020800711",526,4,3,7,"Missed Shot","Layup Shot","2PT Field Goal","Restricted Area","Center(C)","Less Than 8 ft.",0,0,0,1,0],["0020800757",116,2,11,1,"Missed Shot","Jump Shot","3PT Field Goal","Above the Break 3","Center(C)","24+ ft.",24,43,241,1,0],["0020800843",127,2,9,54,"Made Shot","Pullup Jump shot","2PT Field Goal","Mid-Range","Right Side Center(RC)","16-24 ft.",21,105,192,1,1],["0020800843",154,2,7,17,"Missed Shot","Jump Shot","2PT Field Goal","Mid-Range","Center(C)","16-24 ft.",21,-7,214,1,0],["0020800843",170,2,5,33,"Missed Shot","Jump Shot","3PT Field Goal","Above the Break 3","Center(C)","24+ ft.",25,80,247,1,0],["0020800854",112,2,11,8,"Missed Shot","Jump Shot","2PT Field Goal","Mid-Range","Left Side Center(LC)","16-24 ft.",22,-86,206,1,0],["0020800869",299,3,4,22,"Made Shot","Driving Finger Roll Layup Shot","2PT Field Goal","Restricted Area","Center(C)","Less Than 8 ft.",0,0,0,1,1],["0020800869",370,4,10,39,"Made Shot","Jump Shot","3PT Field Goal","Above the Break 3","Right Side Center(RC)","24+ ft.",25,132,214,1,1],["0020800869",385,4,9,1,"Missed Shot","Layup Shot","2PT Field Goal","Restricted Area","Center(C)","Less Than 8 ft.",0,0,0,1,0],["0020800869",442,4,4,25,"Made Shot","Driving Layup Shot","2PT Field Goal","Restricted Area","Center(C)","Less Than 8 ft.",0,0,0,1,1],["0020800869",448,4,3,48,"Made Shot","Jump Shot","2PT Field Goal","Mid-Range","Left Side(L)","16-24 ft.",17,-172,39,1,1],["0020800869",451,4,3,6,"Made Shot","Jump Shot","3PT Field Goal","Above the Break 3","Left Side Center(LC)","24+ ft.",24,-112,216,1,1],["0020800869",462,4,2,12,"Missed Shot","Jump Shot","3PT Field Goal","Above the Break 3","Center(C)","24+ ft.",25,-68,242,1,0],["0020800869",471,4,1,10,"Made Shot","Driving Layup Shot","2PT Field Goal","Restricted Area","Center(C)","Less Than 8 ft.",0,0,0,1,1],["0020800888",62,1,1,54,"Missed Shot","Jump Shot","3PT Field Goal","Above the Break 3","Right Side Center(RC)","24+ ft.",25,173,189,1,0],["0020800888",98,2,11,1,"Missed Shot","Jump Shot","2PT Field Goal","Mid-Range","Right Side Center(RC)","16-24 ft.",20,103,176,1,0],["0020800888",138,2,6,13,"Made Shot","Floating Jump shot","2PT Field Goal","Mid-Range","Right Side(R)","8-16 ft.",13,121,66,1,1],["0020800888",147,2,5,16,"Missed Shot","Driving Layup Shot","2PT Field Goal","Restricted Area","Center(C)","Less Than 8 ft.",0,0,0,1,0],["0020800888",156,2,4,11,"Made Shot","Jump Shot","3PT Field Goal","Above the Break 3","Center(C)","24+ ft.",25,48,250,1,1],["0020800888",275,3,4,13,"Missed Shot","Jump Shot","2PT Field Goal","Mid-Range","Right Side(R)","16-24 ft.",16,135,97,1,0],["0020800888",294,3,2,10,"Missed Shot","Jump Shot","3PT Field Goal","Left Corner 3","Left Side(L)","24+ ft.",22,-223,15,1,0],["0020800888",319,4,11,21,"Missed Shot","Jump Shot","2PT Field Goal","Mid-Range","Left Side Center(LC)","16-24 ft.",20,-164,131,1,0],["0020800888",335,4,9,7,"Missed Shot","Reverse Layup Shot","2PT Field Goal","Restricted Area","Center(C)","Less Than 8 ft.",0,0,0,1,0],["0020800901",157,2,8,15,"Missed Shot","Layup Shot","2PT Field Goal","Restricted Area","Center(C)","Less Than 8 ft.",0,0,0,1,0],["0020800901",164,2,7,42,"Made Shot","Pullup Jump shot","2PT Field Goal","Mid-Range","Left Side(L)","16-24 ft.",16,-161,12,1,1],["0020800901",166,2,7,0,"Missed Shot","Jump Shot","3PT Field Goal","Above the Break 3","Left Side Center(LC)","24+ ft.",33,-147,301,1,0],["0020800901",355,3,5,19,"Made Shot","Jump Shot","3PT Field Goal","Left Corner 3","Left Side(L)","24+ ft.",23,-237,3,1,1],["0020800901",364,3,4,38,"Missed Shot","Step Back Jump shot","2PT Field Goal","Mid-Range","Left Side Center(LC)","16-24 ft.",21,-78,205,1,0],["0020800901",408,3,2,28,"Made Shot","Driving Reverse Layup Shot","2PT Field Goal","Restricted Area","Center(C)","Less Than 8 ft.",0,0,0,1,1],["0020800901",421,3,1,9,"Made Shot","Pullup Jump shot","2PT Field Goal","Mid-Range","Left Side Center(LC)","16-24 ft.",19,-142,138,1,1],["0020800901",428,3,0,46,"Missed Shot","Jump Shot","2PT Field Goal","Mid-Range","Left Side(L)","16-24 ft.",19,-183,56,1,0],["0020800901",464,4,10,23,"Made Shot","Pullup Jump shot","2PT Field Goal","Mid-Range","Right Side Center(RC)","16-24 ft.",18,67,173,1,1],["0020800901",466,4,9,47,"Missed Shot","Jump Shot","2PT Field Goal","Mid-Range","Left Side Center(LC)","16-24 ft.",21,-138,170,1,0],["0020800901",479,4,8,34,"Missed Shot","Jump Shot","3PT Field Goal","Above the Break 3","Center(C)","24+ ft.",26,53,255,1,0],["0020800901",571,4,0,10,"Missed Shot","Jump Shot","3PT Field Goal","Left Corner 3","Left Side(L)","24+ ft.",23,-232,0,1,0],["0020800901",578,4,0,1,"Missed Shot","Jump Shot","2PT Field Goal","In The Paint (Non-RA)","Center(C)","Less Than 8 ft.",4,37,31,1,0],["0020800925",100,1,0,15,"Missed Shot","Jump Shot","2PT Field Goal","Mid-Range","Center(C)","16-24 ft.",21,20,211,1,0],["0020800925",116,2,10,40,"Missed Shot","Jump Shot","2PT Field Goal","Mid-Range","Center(C)","16-24 ft.",20,0,206,1,0],["0020800925",349,3,1,47,"Missed Shot","Jump Shot","2PT Field Goal","Mid-Range","Right Side(R)","16-24 ft.",21,189,110,1,0],["0020800925",377,4,11,13,"Missed Shot","Jump Shot","3PT Field Goal","Right Corner 3","Right Side(R)","24+ ft.",23,236,7,1,0],["0020800925",387,4,10,20,"Missed Shot","Layup Shot","2PT Field Goal","Restricted Area","Center(C)","Less Than 8 ft.",0,0,0,1,0],["0020800925",479,4,3,39,"Made Shot","Jump Shot","3PT Field Goal","Above the Break 3","Center(C)","24+ ft.",27,12,279,1,1],["0020800925",495,4,2,25,"Made Shot","Floating Jump shot","2PT Field Goal","In The Paint (Non-RA)","Center(C)","8-16 ft.",11,50,105,1,1],["0020800925",497,4,1,58,"Missed Shot","Slam Dunk Shot","2PT Field Goal","Restricted Area","Center(C)","Less Than 8 ft.",0,0,0,1,0],["0020800925",504,4,1,19,"Missed Shot","Jump Shot","2PT Field Goal","Mid-Range","Left Side(L)","16-24 ft.",21,-199,83,1,0],["0020800934",115,2,10,51,"Missed Shot","Pullup Jump shot","2PT Field Goal","Mid-Range","Center(C)","16-24 ft.",21,48,209,1,0],["0020800946",152,2,8,39,"Missed Shot","Jump Shot","2PT Field Goal","Mid-Range","Left Side Center(LC)","16-24 ft.",21,-149,149,1,0],["0020800946",489,4,0,47,"Made Shot","Jump Shot","3PT Field Goal","Left Corner 3","Left Side(L)","24+ ft.",23,-237,26,1,1],["0020800961",174,2,6,41,"Missed Shot","Jump Shot","3PT Field Goal","Above the Break 3","Left Side Center(LC)","24+ ft.",24,-174,175,1,0],["0020800961",462,4,1,48,"Made Shot","Running Jump Shot","2PT Field Goal","In The Paint (Non-RA)","Right Side(R)","8-16 ft.",10,56,93,1,1],["0020800961",472,4,0,54,"Made Shot","Jump Shot","2PT Field Goal","Mid-Range","Left Side(L)","16-24 ft.",19,-191,48,1,1],["0020800974",115,2,11,28,"Made Shot","Floating Jump shot","2PT Field Goal","In The Paint (Non-RA)","Center(C)","8-16 ft.",8,-7,85,1,1],["0020800974",119,2,10,53,"Missed Shot","Jump Shot","3PT Field Goal","Above the Break 3","Right Side Center(RC)","24+ ft.",25,155,201,1,0],["0020800974",121,2,10,49,"Made Shot","Driving Layup Shot","2PT Field Goal","Restricted Area","Center(C)","Less Than 8 ft.",0,0,0,1,1],["0020800974",157,2,8,6,"Missed Shot","Jump Shot","3PT Field Goal","Above the Break 3","Right Side Center(RC)","24+ ft.",28,136,255,1,0],["0020800974",172,2,6,8,"Missed Shot","Jump Shot","2PT Field Goal","Mid-Range","Left Side(L)","8-16 ft.",14,-136,42,1,0],["0020800974",342,3,3,46,"Missed Shot","Jump Shot","2PT Field Goal","Mid-Range","Right Side(R)","16-24 ft.",20,173,118,1,0],["0020801030",393,4,5,40,"Made Shot","Jump Shot","2PT Field Goal","Mid-Range","Left Side Center(LC)","16-24 ft.",17,-142,110,1,1],["0020801030",396,4,4,54,"Missed Shot","Jump Shot","2PT Field Goal","Mid-Range","Left Side Center(LC)","16-24 ft.",21,-158,148,1,0],["0020801030",426,4,3,0,"Made Shot","Jump Shot","2PT Field Goal","Mid-Range","Right Side(R)","16-24 ft.",18,157,107,1,1],["0020801043",350,3,2,42,"Missed Shot","Jump Shot","2PT Field Goal","Restricted Area","Center(C)","Less Than 8 ft.",3,-27,22,1,0],["0020801043",355,3,1,34,"Missed Shot","Jump Shot","3PT Field Goal","Above the Break 3","Right Side Center(RC)","24+ ft.",24,80,236,1,0],["0020801043",389,4,10,29,"Made Shot","Jump Shot","3PT Field Goal","Above the Break 3","Left Side Center(LC)","24+ ft.",24,-191,146,1,1],["0020801043",392,4,9,58,"Made Shot","Jump Shot","3PT Field Goal","Above the Break 3","Right Side Center(RC)","24+ ft.",25,97,238,1,1],["0020801043",418,4,6,51,"Missed Shot","Jump Shot","3PT Field Goal","Above the Break 3","Center(C)","24+ ft.",25,47,246,1,0],["0020801043",440,4,5,20,"Made Shot","Dunk Shot","2PT Field Goal","Restricted Area","Center(C)","Less Than 8 ft.",0,0,0,1,1],["0020801043",461,4,2,54,"Made Shot","Driving Layup Shot","2PT Field Goal","Restricted Area","Center(C)","Less Than 8 ft.",0,0,0,1,1],["0020801048",143,2,7,5,"Missed Shot","Jump Shot","3PT Field Goal","Above the Break 3","Right Side Center(RC)","24+ ft.",27,192,195,1,0],["0020801048",331,4,11,30,"Missed Shot","Jump Shot","2PT Field Goal","Mid-Range","Center(C)","16-24 ft.",19,-26,190,1,0],["0020801048",380,4,7,22,"Missed Shot","Running Jump Shot","2PT Field Goal","In The Paint (Non-RA)","Center(C)","Less Than 8 ft.",6,-52,37,1,0],["0020801048",388,4,6,45,"Made Shot","Jump Shot","3PT Field Goal","Above the Break 3","Center(C)","24+ ft.",28,50,277,1,1],["0020801048",406,4,5,43,"Made Shot","Jump Shot","3PT Field Goal","Above the Break 3","Left Side Center(LC)","24+ ft.",26,-161,213,1,1],["0020801048",427,4,3,45,"Missed Shot","Jump Shot","3PT Field Goal","Above the Break 3","Left Side Center(LC)","24+ ft.",25,-168,195,1,0],["0020801048",457,4,1,39,"Made Shot","Jump Shot","3PT Field Goal","Above the Break 3","Center(C)","24+ ft.",28,-11,283,1,1],["0020801062",27,1,7,41,"Missed Shot","Jump Shot","2PT Field Goal","Mid-Range","Right Side Center(RC)","16-24 ft.",21,171,134,1,0],["0020801062",247,3,11,27,"Missed Shot","Jump Shot","2PT Field Goal","In The Paint (Non-RA)","Center(C)","8-16 ft.",10,17,107,1,0],["0020801077",472,4,1,59,"Missed Shot","Jump Shot","3PT Field Goal","Right Corner 3","Right Side(R)","24+ ft.",24,236,53,1,0],["0020801077",492,4,0,5,"Made Shot","Layup Shot","2PT Field Goal","Restricted Area","Center(C)","Less Than 8 ft.",0,-5,3,1,1],["0020801108",138,2,11,12,"Missed Shot","Jump Shot","2PT Field Goal","Restricted Area","Center(C)","Less Than 8 ft.",3,-30,19,1,0],["0020801108",146,2,10,42,"Made Shot","Pullup Jump shot","2PT Field Goal","Mid-Range","Center(C)","16-24 ft.",22,-11,225,1,1],["0020801108",430,4,2,19,"Missed Shot","Pullup Jump shot","2PT Field Goal","Mid-Range","Right Side Center(RC)","16-24 ft.",19,100,173,1,0],["0020801108",448,4,0,38,"Made Shot","Jump Shot","2PT Field Goal","Mid-Range","Center(C)","16-24 ft.",20,21,200,1,1],["0020801131",105,1,1,32,"Missed Shot","Layup Shot","2PT Field Goal","Restricted Area","Center(C)","Less Than 8 ft.",0,0,0,1,0],["0020801147",304,3,2,23,"Missed Shot","Jump Shot","2PT Field Goal","Mid-Range","Left Side(L)","16-24 ft.",17,-150,80,1,0],["0020801147",320,3,0,55,"Made Shot","Jump Shot","3PT Field Goal","Above the Break 3","Left Side Center(LC)","24+ ft.",24,-212,129,1,1],["0020801147",340,4,11,26,"Missed Shot","Jump Shot","2PT Field Goal","Mid-Range","Left Side Center(LC)","16-24 ft.",22,-103,197,1,0],["0020801147",397,4,6,10,"Made Shot","Running Jump Shot","2PT Field Goal","In The Paint (Non-RA)","Center(C)","8-16 ft.",10,2,104,1,1],["0020801147",409,4,5,42,"Made Shot","Tip Shot","2PT Field Goal","Restricted Area","Center(C)","Less Than 8 ft.",0,0,0,1,1],["0020801147",423,4,4,10,"Made Shot","Jump Shot","3PT Field Goal","Above the Break 3","Right Side Center(RC)","24+ ft.",25,95,235,1,1],["0020801147",464,4,0,34,"Made Shot","Jump Shot","2PT Field Goal","Mid-Range","Left Side Center(LC)","16-24 ft.",22,-139,176,1,1],["0020801147",466,4,0,2,"Missed Shot","Jump Shot","3PT Field Goal","Above the Break 3","Right Side Center(RC)","24+ ft.",27,170,222,1,0],["0020801172",126,2,11,13,"Missed Shot","Jump Shot","2PT Field Goal","Mid-Range","Left Side Center(LC)","16-24 ft.",20,-120,164,1,0],["0020801172",147,2,8,24,"Made Shot","Running Jump Shot","2PT Field Goal","In The Paint (Non-RA)","Center(C)","Less Than 8 ft.",5,-10,53,1,1],["0020801172",400,4,10,8,"Made Shot","Running Jump Shot","2PT Field Goal","In The Paint (Non-RA)","Center(C)","Less Than 8 ft.",5,-4,53,1,1],["0020801172",415,4,8,12,"Made Shot","Jump Bank Shot","2PT Field Goal","Mid-Range","Right Side Center(RC)","16-24 ft.",19,116,151,1,1],["0020801172",418,4,7,43,"Made Shot","Pullup Jump shot","2PT Field Goal","Mid-Range","Right Side Center(RC)","16-24 ft.",19,91,176,1,1],["0020801172",427,4,6,38,"Made Shot","Step Back Jump shot","2PT Field Goal","Mid-Range","Left Side Center(LC)","16-24 ft.",19,-103,170,1,1],["0020801172",446,4,4,16,"Missed Shot","Jump Shot","3PT Field Goal","Above the Break 3","Right Side Center(RC)","24+ ft.",27,157,225,1,0],["0020801172",454,4,3,13,"Missed Shot","Floating Jump shot","2PT Field Goal","In The Paint (Non-RA)","Center(C)","Less Than 8 ft.",4,-19,37,1,0],["0020801191",108,1,2,31,"Missed Shot","Jump Shot","3PT Field Goal","Left Corner 3","Left Side(L)","24+ ft.",22,-224,-2,1,0],["0020801191",149,2,11,20,"Missed Shot","Jump Shot","2PT Field Goal","Mid-Range","Right Side(R)","8-16 ft.",11,111,14,1,0],["0020801191",406,3,0,8,"Missed Shot","Jump Shot","2PT Field Goal","Mid-Range","Left Side Center(LC)","16-24 ft.",20,-68,198,1,0],["0020801191",426,4,10,11,"Missed Shot","Layup Shot","2PT Field Goal","Restricted Area","Center(C)","Less Than 8 ft.",0,0,0,1,0],["0020801191",449,4,8,11,"Made Shot","Jump Shot","2PT Field Goal","Mid-Range","Left Side(L)","16-24 ft.",19,-171,96,1,1],["0020801191",457,4,7,13,"Missed Shot","Jump Shot","3PT Field Goal","Left Corner 3","Left Side(L)","24+ ft.",24,-235,60,1,0],["0020801191",476,4,5,58,"Missed Shot","Layup Shot","2PT Field Goal","Restricted Area","Center(C)","Less Than 8 ft.",0,0,0,1,0],["0020801191",485,4,5,34,"Missed Shot","Jump Shot","2PT Field Goal","Mid-Range","Right Side Center(RC)","16-24 ft.",22,177,142,1,0],["0020801191",505,4,3,1,"Made Shot","Driving Layup Shot","2PT Field Goal","Restricted Area","Center(C)","Less Than 8 ft.",0,0,0,1,1],["0020801191",518,4,1,22,"Made Shot","Jump Shot","3PT Field Goal","Above the Break 3","Center(C)","24+ ft.",25,-5,254,1,1],["0020801191",523,4,1,6,"Missed Shot","Dunk Shot","2PT Field Goal","Restricted Area","Center(C)","Less Than 8 ft.",0,0,0,1,0],["0020801224",395,4,10,8,"Missed Shot","Jump Shot","2PT Field Goal","Mid-Range","Right Side(R)","16-24 ft.",18,149,108,1,0],["0020801224",403,4,9,47,"Made Shot","Driving Layup Shot","2PT Field Goal","Restricted Area","Center(C)","Less Than 8 ft.",0,0,0,1,1],["0020801224",413,4,8,39,"Missed Shot","Jump Shot","3PT Field Goal","Above the Break 3","Left Side Center(LC)","24+ ft.",25,-193,164,1,0],["0020801224",436,4,6,0,"Missed Shot","Running Jump Shot","2PT Field Goal","In The Paint (Non-RA)","Left Side(L)","8-16 ft.",11,-59,94,1,0],["0020801224",438,4,5,53,"Missed Shot","Jump Shot","3PT Field Goal","Above the Break 3","Right Side Center(RC)","24+ ft.",25,225,112,1,0]]}},"GameList":{"20800662":[201628,"0020800662","01/27/2009","SAC","Kings","CLE","Cavaliers",0,7,2,5,1,2,1,0,0,1,0],"20800406":[201628,"0020800406","12/22/2008","SAC","Kings","SAS","Spurs",3,8,3,8,2,3,1,1,1,1,0],"20800155":[201628,"0020800155","11/18/2008","SAC","Kings","MEM","Grizzlies",0,7,3,11,1,4,3,0,0,2,2],"20800021":[201628,"0020800021","10/31/2008","SAC","Kings","MIA","Heat",2,7,2,5,0,3,1,0,0,1,1],"20800313":[201628,"0020800313","12/09/2008","SAC","Kings","LAL","Lakers",0,5,2,4,1,2,2,0,0,2,1],"20800668":[201628,"0020800668","01/28/2009","SAC","Kings","BOS","Celtics",1,13,4,11,3,6,3,0,0,0,1],"20800711":[201628,"0020800711","02/02/2009","SAC","Kings","PHX","Suns",3,0,0,5,0,2,0,0,1,1,0],"20800705":[201628,"0020800705","02/01/2009","SAC","Kings","OKC","Thunder",1,2,1,5,0,1,3,0,0,1,0],"20801224":[201628,"0020801224","04/15/2009","MIN","Timberwolves","SAC","Kings",0,2,1,5,0,2,1,0,1,1,2],"20800233":[201628,"0020800233","11/28/2008","SAC","Kings","UTA","Jazz",2,1,0,5,0,1,4,0,1,3,2],"20800643":[201628,"0020800643","01/24/2009","SAC","Kings","MIL","Bucks",0,4,2,4,0,0,3,0,0,0,0],"20800091":[201628,"0020800091","11/09/2008","SAC","Kings","GSW","Warriors",0,13,5,9,2,3,4,0,0,3,0],"20800336":[201628,"0020800336","12/12/2008","SAC","Kings","LAL","Lakers",2,7,3,5,1,2,2,0,0,0,0],"20800197":[201628,"0020800197","11/23/2008","SAC","Kings","LAL","Lakers",4,21,8,13,2,4,3,0,2,7,0],"20800551":[201628,"0020800551","01/11/2009","SAC","Kings","DAL","Mavericks",1,0,0,0,0,0,1,0,0,2,1],"20800466":[201628,"0020800466","12/30/2008","SAC","Kings","LAC","Clippers",0,7,3,3,1,1,2,0,0,1,0],"20800537":[201628,"0020800537","01/09/2009","SAC","Kings","MIA","Heat",1,3,1,4,1,2,0,0,0,1,2],"20800925":[201628,"0020800925","03/06/2009","MIN","Timberwolves","LAL","Lakers",1,5,2,9,1,2,0,0,0,2,2],"20800843":[201628,"0020800843","02/24/2009","MIN","Timberwolves","TOR","Raptors",0,2,1,3,0,1,0,0,1,1,0],"20800448":[201628,"0020800448","12/28/2008","SAC","Kings","BOS","Celtics",0,5,1,7,1,4,1,0,0,2,0],"20800649":[201628,"0020800649","01/25/2009","SAC","Kings","TOR","Raptors",0,5,2,4,1,1,1,0,0,2,0],"20800961":[201628,"0020800961","03/11/2009","MIN","Timberwolves","MEM","Grizzlies",0,4,2,3,0,1,0,0,0,1,0],"20801147":[201628,"0020801147","04/05/2009","MIN","Timberwolves","DEN","Nuggets",2,12,5,8,2,3,2,1,0,2,1],"20801062":[201628,"0020801062","03/25/2009","MIN","Timberwolves","PHI","76ers",1,0,0,2,0,0,0,0,0,0,0],"20800901":[201628,"0020800901","03/03/2009","MIN","Timberwolves","GSW","Warriors",1,12,5,13,1,4,4,0,0,3,1],"20800946":[201628,"0020800946","03/09/2009","MIN","Timberwolves","WAS","Wizards",0,3,1,2,1,1,1,0,0,0,2],"20800490":[201628,"0020800490","01/03/2009","SAC","Kings","IND","Pacers",0,0,0,2,0,0,0,0,0,0,1],"20800387":[201628,"0020800387","12/19/2008","SAC","Kings","HOU","Rockets",1,5,2,5,1,3,1,0,3,2,0],"20800511":[201628,"0020800511","01/06/2009","SAC","Kings","CHI","Bulls",2,5,2,3,1,1,1,0,0,2,1],"20800888":[201628,"0020800888","03/01/2009","MIN","Timberwolves","HOU","Rockets",1,5,2,9,1,3,0,1,0,4,0],"20800044":[201628,"0020800044","11/03/2008","SAC","Kings","PHI","76ers",0,7,2,6,1,2,0,0,0,2,1],"20800104":[201628,"0020800104","11/11/2008","SAC","Kings","DET","Pistons",0,5,2,3,1,1,2,0,0,1,1],"20800164":[201628,"0020800164","11/19/2008","SAC","Kings","NOH","Hornets",2,6,3,4,0,1,2,0,0,0,0],"20801108":[201628,"0020801108","03/31/2009","MIN","Timberwolves","DAL","Mavericks",1,4,2,4,0,0,1,0,0,2,1],"20800434":[201628,"0020800434","12/26/2008","SAC","Kings","TOR","Raptors",0,5,2,5,1,3,2,0,1,4,1],"20800587":[201628,"0020800587","01/16/2009","SAC","Kings","MIL","Bucks",0,0,0,2,0,2,0,0,0,0,0],"20800757":[201628,"0020800757","02/08/2009","SAC","Kings","OKC","Thunder",1,0,0,1,0,1,0,0,0,0,1],"20800145":[201628,"0020800145","11/16/2008","SAC","Kings","SAS","Spurs",1,6,3,5,0,0,1,0,0,2,1],"20800565":[201628,"0020800565","01/13/2009","SAC","Kings","ORL","Magic",2,4,2,4,0,1,0,0,0,3,1],"20800221":[201628,"0020800221","11/26/2008","SAC","Kings","NJN","Nets",0,0,0,2,0,1,2,0,0,2,2],"20800296":[201628,"0020800296","12/06/2008","SAC","Kings","DEN","Nuggets",0,6,2,11,0,4,4,0,2,2,2],"20801191":[201628,"0020801191","04/11/2009","MIN","Timberwolves","PHX","Suns",2,9,3,11,1,3,2,0,0,2,2],"20800345":[201628,"0020800345","12/13/2008","SAC","Kings","NYK","Knicks",2,6,2,7,0,2,1,0,0,2,1],"20800181":[201628,"0020800181","11/21/2008","SAC","Kings","POR","Trail Blazers",3,13,6,8,1,1,1,0,0,7,1],"20800203":[201628,"0020800203","11/24/2008","SAC","Kings","POR","Trail Blazers",1,6,2,5,1,2,1,0,0,0,0],"20800854":[201628,"0020800854","02/25/2009","MIN","Timberwolves","UTA","Jazz",1,0,0,1,0,0,2,0,0,1,0],"20800479":[201628,"0020800479","01/02/2009","SAC","Kings","DET","Pistons",0,2,1,6,0,3,2,0,0,2,1],"20800262":[201628,"0020800262","12/02/2008","SAC","Kings","UTA","Jazz",1,3,1,1,1,1,1,0,1,0,1],"20800245":[201628,"0020800245","11/29/2008","SAC","Kings","DAL","Mavericks",0,8,4,8,0,3,3,0,0,2,1],"20800934":[201628,"0020800934","03/07/2009","MIN","Timberwolves","POR","Trail Blazers",1,0,0,1,0,0,0,0,1,0,0],"20801172":[201628,"0020801172","04/08/2009","MIN","Timberwolves","GSW","Warriors",0,10,5,8,0,1,4,0,0,1,0],"20801131":[201628,"0020801131","04/03/2009","MIN","Timberwolves","UTA","Jazz",1,0,0,1,0,0,1,0,0,0,0],"20800502":[201628,"0020800502","01/05/2009","SAC","Kings","NJN","Nets",1,0,0,4,0,2,0,0,1,3,3],"20801077":[201628,"0020801077","03/27/2009","MIN","Timberwolves","CLE","Cavaliers",0,2,1,2,0,1,0,0,0,0,0],"20800364":[201628,"0020800364","12/16/2008","SAC","Kings","POR","Trail Blazers",0,8,3,7,1,1,3,0,0,2,0],"20801030":[201628,"0020801030","03/20/2009","MIN","Timberwolves","HOU","Rockets",2,4,2,3,0,0,0,0,0,2,1],"20800869":[201628,"0020800869","02/27/2009","MIN","Timberwolves","POR","Trail Blazers",1,15,6,8,2,3,0,0,0,3,1],"20800358":[201628,"0020800358","12/15/2008","SAC","Kings","MIN","Timberwolves",1,10,3,9,1,5,3,0,0,6,0],"20800061":[201628,"0020800061","11/05/2008","SAC","Kings","MEM","Grizzlies",2,10,4,4,2,2,2,0,0,5,2],"20800130":[201628,"0020800130","11/14/2008","SAC","Kings","PHX","Suns",3,1,0,4,0,2,0,0,0,0,1],"20800625":[201628,"0020800625","01/21/2009","SAC","Kings","WAS","Wizards",0,0,0,4,0,1,0,0,1,1,1],"20800394":[201628,"0020800394","12/20/2008","SAC","Kings","NOH","Hornets",1,2,1,3,0,1,4,0,0,4,2],"20801043":[201628,"0020801043","03/22/2009","MIN","Timberwolves","OKC","Thunder",0,12,4,7,2,4,1,0,2,4,2],"20800115":[201628,"0020800115","11/12/2008","SAC","Kings","LAC","Clippers",1,2,1,3,0,1,0,0,0,1,0],"20800075":[201628,"0020800075","11/07/2008","SAC","Kings","MIN","Timberwolves",0,8,3,6,2,3,1,0,1,2,0],"20800691":[201628,"0020800691","01/30/2009","SAC","Kings","CHI","Bulls",2,2,1,7,0,3,2,0,0,0,0],"20800974":[201628,"0020800974","03/13/2009","MIN","Timberwolves","NYK","Knicks",1,4,2,6,0,2,2,0,1,1,1],"20801048":[201628,"0020801048","03/23/2009","MIN","Timberwolves","ATL","Hawks",0,11,3,7,3,5,0,0,0,0,0]},"data":[24.0,47,1,14.4,2.0,5.3,0.381,0.7,2.0,0.33,0.6,0.7,0.765,0.2,0.6,0.8,1.9,0.3,0.0,1.0,1.6,5.2],"rank":{"PerGame":[null,null,null,null,null,null,null,null,null,null,null,null,null,null,null,null,null,null,null],"Totals":[266,238,220,null,142,141,null,286,301,null,337,350,352,149,283,357,217,243,298]},"team":"TOT"},"2016":{"shotchart":{"Averages":{"header":["SHOT_ZONE_BASIC","SHOT_ZONE_AREA","SHOT_ZONE_RANGE","FGA","FGM","FG_PCT"],"row":[["Above the Break 3","Back Court(BC)","Back Court Shot",8,0,0.0],["Above the Break 3","Center(C)","24+ ft.",1103,370,0.335],["Above the Break 3","Left Side Center(LC)","24+ ft.",1543,514,0.333],["Above the Break 3","Right Side Center(RC)","24+ ft.",1409,494,0.351],["Backcourt","Back Court(BC)","Back Court Shot",46,0,0.0],["In The Paint (Non-RA)","Center(C)","8-16 ft.",609,250,0.411],["In The Paint (Non-RA)","Center(C)","Less Than 8 ft.",1644,663,0.403],["In The Paint (Non-RA)","Left Side(L)","8-16 ft.",167,64,0.383],["In The Paint (Non-RA)","Right Side(R)","8-16 ft.",184,64,0.348],["Left Corner 3","Left Side(L)","24+ ft.",653,254,0.389],["Mid-Range","Center(C)","8-16 ft.",183,83,0.454],["Mid-Range","Center(C)","16-24 ft.",566,209,0.369],["Mid-Range","Left Side Center(LC)","16-24 ft.",621,237,0.382],["Mid-Range","Left Side(L)","16-24 ft.",424,177,0.417],["Mid-Range","Left Side(L)","8-16 ft.",631,264,0.418],["Mid-Range","Right Side Center(RC)","16-24 ft.",658,254,0.386],["Mid-Range","Right Side(R)","16-24 ft.",406,164,0.404],["Mid-Range","Right Side(R)","8-16 ft.",595,220,0.37],["Restricted Area","Center(C)","Less Than 8 ft.",5847,3524,0.603],["Right Corner 3","Right Side(R)","24+ ft.",603,202,0.335]]},"Details":{"header":["GAME_ID","GAME_EVENT_ID","PERIOD","MINUTES_REMAINING","SECONDS_REMAINING","EVENT_TYPE","ACTION_TYPE","SHOT_TYPE","SHOT_ZONE_BASIC","SHOT_ZONE_AREA","SHOT_ZONE_RANGE","SHOT_DISTANCE","LOC_X","LOC_Y","SHOT_ATTEMPTED_FLAG","SHOT_MADE_FLAG"],"row":[["0021600023",541,4,0,20,"Missed Shot","Layup Shot","2PT Field Goal","Restricted Area","Center(C)","Less Than 8 ft.",2,20,7,1,0],["0021600047",181,2,6,35,"Missed Shot","Driving Layup Shot","2PT Field Goal","Restricted Area","Center(C)","Less Than 8 ft.",0,1,0,1,0],["0021600047",199,2,5,23,"Missed Shot","Jump Shot","3PT Field Goal","Above the Break 3","Right Side Center(RC)","24+ ft.",26,189,183,1,0],["0021600058",538,4,3,8,"Missed Shot","Jump Shot","2PT Field Goal","In The Paint (Non-RA)","Center(C)","Less Than 8 ft.",4,-20,36,1,0],["0021600058",569,4,1,14,"Missed Shot","Jump Shot","3PT Field Goal","Above the Break 3","Right Side Center(RC)","24+ ft.",25,105,228,1,0],["0021600084",453,4,6,50,"Missed Shot","Pullup Jump shot","2PT Field Goal","Mid-Range","Right Side Center(RC)","16-24 ft.",19,71,178,1,0]]}},"GameList":{},"data":[32.0,4,0,3.0,0.0,1.5,0.0,0.0,0.5,0.0,0.0,0.0,0.0,0.0,0.0,0.0,0.0,0.0,0.0,0.0,0.5,0.0],"rank":{"PerGame":[null,null,null,null,null,null,null,null,null,null,null,null,null,null,null,null,null,null,null],"Totals":[365,380,344,null,278,279,null,339,349,null,336,388,394,367,338,276,360,386,408]},"team":"HOU"},"2009":{"shotchart":{"Averages":{"header":["SHOT_ZONE_BASIC","SHOT_ZONE_AREA","SHOT_ZONE_RANGE","FGA","FGM","FG_PCT"],"row":[["Above the Break 3","Back Court(BC)","Back Court Shot",91,1,0.011],["Above the Break 3","Center(C)","24+ ft.",7037,2377,0.338],["Above the Break 3","Left Side Center(LC)","24+ ft.",12433,4262,0.343],["Above the Break 3","Right Side Center(RC)","24+ ft.",12677,4505,0.355],["Backcourt","Back Court(BC)","Back Court Shot",475,17,0.036],["In The Paint (Non-RA)","Center(C)","8-16 ft.",6149,2509,0.408],["In The Paint (Non-RA)","Center(C)","Less Than 8 ft.",15889,6864,0.432],["In The Paint (Non-RA)","Left Side(L)","8-16 ft.",2090,848,0.406],["In The Paint (Non-RA)","Right Side(R)","8-16 ft.",2298,959,0.417],["Left Corner 3","Left Side(L)","24+ ft.",6263,2452,0.392],["Mid-Range","Center(C)","16-24 ft.",7729,3104,0.402],["Mid-Range","Center(C)","8-16 ft.",1727,734,0.425],["Mid-Range","Left Side Center(LC)","16-24 ft.",9400,3651,0.388],["Mid-Range","Left Side(L)","16-24 ft.",8682,3595,0.414],["Mid-Range","Left Side(L)","8-16 ft.",8944,3457,0.387],["Mid-Range","Right Side Center(RC)","16-24 ft.",10166,4007,0.394],["Mid-Range","Right Side(R)","16-24 ft.",7762,3234,0.417],["Mid-Range","Right Side(R)","8-16 ft.",8759,3495,0.399],["Restricted Area","Center(C)","Less Than 8 ft.",66762,40450,0.606],["Right Corner 3","Right Side(R)","24+ ft.",5633,2199,0.39]]},"Details":{"header":["GAME_ID","GAME_EVENT_ID","PERIOD","MINUTES_REMAINING","SECONDS_REMAINING","EVENT_TYPE","ACTION_TYPE","SHOT_TYPE","SHOT_ZONE_BASIC","SHOT_ZONE_AREA","SHOT_ZONE_RANGE","SHOT_DISTANCE","LOC_X","LOC_Y","SHOT_ATTEMPTED_FLAG","SHOT_MADE_FLAG"],"row":[["0020900013",71,1,3,28,"Missed Shot","Jump Shot","3PT Field Goal","Above the Break 3","Right Side Center(RC)","24+ ft.",25,121,219,1,0],["0020900013",106,1,0,30,"Missed Shot","Jump Shot","2PT Field Goal","Mid-Range","Right Side(R)","16-24 ft.",19,179,67,1,0],["0020900013",112,1,0,1,"Missed Shot","Jump Shot","3PT Field Goal","Above the Break 3","Right Side Center(RC)","24+ ft.",25,138,213,1,0],["0020900013",118,2,11,27,"Missed Shot","Jump Shot","2PT Field Goal","In The Paint (Non-RA)","Right Side(R)","8-16 ft.",10,78,74,1,0],["0020900013",133,2,9,32,"Missed Shot","Running Jump Shot","2PT Field Goal","In The Paint (Non-RA)","Center(C)","Less Than 8 ft.",5,-15,52,1,0],["0020900013",331,3,3,11,"Made Shot","Pullup Jump shot","2PT Field Goal","Mid-Range","Right Side Center(RC)","16-24 ft.",20,138,154,1,1],["0020900013",359,3,0,59,"Made Shot","Jump Shot","3PT Field Goal","Above the Break 3","Center(C)","24+ ft.",24,64,235,1,1],["0020900013",372,3,0,0,"Missed Shot","Jump Shot","3PT Field Goal","Above the Break 3","Left Side Center(LC)","24+ ft.",24,-188,156,1,0],["0020900013",378,4,11,47,"Made Shot","Floating Jump shot","2PT Field Goal","In The Paint (Non-RA)","Center(C)","8-16 ft.",10,9,101,1,1],["0020900013",382,4,10,23,"Missed Shot","Jump Shot","3PT Field Goal","Above the Break 3","Center(C)","24+ ft.",25,36,255,1,0],["0020900013",407,4,6,38,"Made Shot","Pullup Jump shot","2PT Field Goal","Mid-Range","Right Side Center(RC)","16-24 ft.",18,61,175,1,1],["0020900013",433,4,4,0,"Missed Shot","Jump Shot","2PT Field Goal","In The Paint (Non-RA)","Center(C)","Less Than 8 ft.",7,72,11,1,0],["0020900028",110,1,0,56,"Missed Shot","Jump Shot","3PT Field Goal","Left Corner 3","Left Side(L)","24+ ft.",22,-223,9,1,0],["0020900028",373,3,3,38,"Missed Shot","Jump Shot","3PT Field Goal","Left Corner 3","Left Side(L)","24+ ft.",22,-223,15,1,0],["0020900028",414,4,11,47,"Missed Shot","Jump Shot","2PT Field Goal","Mid-Range","Right Side(R)","16-24 ft.",16,135,88,1,0],["0020900028",445,4,7,31,"Made Shot","Jump Shot","3PT Field Goal","Above the Break 3","Center(C)","24+ ft.",24,-70,239,1,1],["0020900040",48,1,6,3,"Missed Shot","Jump Shot","2PT Field Goal","Mid-Range","Center(C)","16-24 ft.",22,-7,227,1,0],["0020900040",59,1,5,6,"Missed Shot","Jump Shot","3PT Field Goal","Above the Break 3","Right Side Center(RC)","24+ ft.",25,170,189,1,0],["0020900040",69,1,4,12,"Made Shot","Jump Shot","3PT Field Goal","Above the Break 3","Center(C)","24+ ft.",24,-18,244,1,1],["0020900040",88,1,2,22,"Made Shot","Reverse Layup Shot","2PT Field Goal","Restricted Area","Center(C)","Less Than 8 ft.",0,9,4,1,1],["0020900040",106,1,0,27,"Missed Shot","Floating Jump shot","2PT Field Goal","Restricted Area","Center(C)","Less Than 8 ft.",3,2,37,1,0],["0020900040",113,2,11,47,"Made Shot","Jump Shot","3PT Field Goal","Above the Break 3","Center(C)","24+ ft.",24,-15,246,1,1],["0020900040",116,2,11,2,"Missed Shot","Jump Shot","3PT Field Goal","Above the Break 3","Left Side Center(LC)","24+ ft.",23,-146,189,1,0],["0020900040",120,2,10,32,"Missed Shot","Jump Shot","3PT Field Goal","Above the Break 3","Left Side Center(LC)","24+ ft.",24,-193,153,1,0],["0020900040",129,2,9,15,"Missed Shot","Jump Shot","3PT Field Goal","Above the Break 3","Right Side Center(RC)","24+ ft.",28,154,238,1,0],["0020900040",306,3,1,43,"Missed Shot","Jump Shot","3PT Field Goal","Above the Break 3","Center(C)","24+ ft.",26,-16,261,1,0],["0020900040",316,3,0,51,"Missed Shot","Layup Shot","2PT Field Goal","Restricted Area","Center(C)","Less Than 8 ft.",0,9,-3,1,0],["0020900040",353,4,9,33,"Missed Shot","Pullup Jump shot","2PT Field Goal","Mid-Range","Center(C)","16-24 ft.",20,-29,206,1,0],["0020900047",77,1,3,40,"Missed Shot","Jump Shot","2PT Field Goal","Mid-Range","Center(C)","8-16 ft.",15,-62,143,1,0],["0020900047",92,1,0,55,"Missed Shot","Jump Shot","2PT Field Goal","Mid-Range","Right Side(R)","16-24 ft.",22,198,97,1,0],["0020900047",102,1,0,0,"Missed Shot","Jump Shot","3PT Field Goal","Backcourt","Back Court(BC)","Back Court Shot",47,-152,452,1,0],["0020900047",123,2,10,17,"Made Shot","Running Jump Shot","2PT Field Goal","Restricted Area","Center(C)","Less Than 8 ft.",3,-21,33,1,1],["0020900047",126,2,9,57,"Missed Shot","Jump Shot","2PT Field Goal","Mid-Range","Left Side Center(LC)","16-24 ft.",17,-122,121,1,0],["0020900047",383,4,9,35,"Made Shot","Jump Shot","3PT Field Goal","Above the Break 3","Right Side Center(RC)","24+ ft.",26,140,227,1,1],["0020900047",397,4,7,51,"Missed Shot","Jump Shot","2PT Field Goal","Mid-Range","Center(C)","16-24 ft.",20,7,203,1,0],["0020900067",67,1,2,57,"Made Shot","Jump Shot","3PT Field Goal","Above the Break 3","Center(C)","24+ ft.",29,-23,291,1,1],["0020900067",87,1,0,52,"Missed Shot","Jump Shot","2PT Field Goal","Mid-Range","Right Side(R)","16-24 ft.",18,159,93,1,0],["0020900067",104,2,11,29,"Made Shot","Layup Shot","2PT Field Goal","Restricted Area","Center(C)","Less Than 8 ft.",0,0,0,1,1],["0020900067",119,2,9,22,"Made Shot","Reverse Layup Shot","2PT Field Goal","Restricted Area","Center(C)","Less Than 8 ft.",0,0,0,1,1],["0020900067",138,2,7,22,"Made Shot","Step Back Jump shot","2PT Field Goal","Mid-Range","Left Side(L)","16-24 ft.",17,-161,71,1,1],["0020900067",306,3,2,54,"Missed Shot","Jump Shot","2PT Field Goal","Mid-Range","Left Side(L)","16-24 ft.",21,-213,6,1,0],["0020900067",309,3,2,18,"Made Shot","Layup Shot","2PT Field Goal","Restricted Area","Center(C)","Less Than 8 ft.",0,0,0,1,1],["0020900067",365,4,8,33,"Missed Shot","Jump Shot","2PT Field Goal","Mid-Range","Right Side Center(RC)","16-24 ft.",21,166,131,1,0],["0020900067",379,4,7,6,"Missed Shot","Layup Shot","2PT Field Goal","Restricted Area","Center(C)","Less Than 8 ft.",0,0,0,1,0],["0020900067",399,4,4,30,"Missed Shot","Jump Shot","3PT Field Goal","Above the Break 3","Left Side Center(LC)","24+ ft.",26,-199,170,1,0],["0020900067",403,4,3,59,"Missed Shot","Jump Shot","3PT Field Goal","Left Corner 3","Left Side(L)","24+ ft.",22,-224,12,1,0],["0020900067",409,4,3,43,"Made Shot","Floating Jump shot","2PT Field Goal","In The Paint (Non-RA)","Center(C)","8-16 ft.",9,-30,87,1,1],["0020900067",515,5,3,34,"Missed Shot","Jump Shot","2PT Field Goal","Mid-Range","Left Side(L)","16-24 ft.",20,-204,30,1,0],["0020900067",522,5,2,20,"Made Shot","Jump Shot","3PT Field Goal","Above the Break 3","Left Side Center(LC)","24+ ft.",24,-205,132,1,1],["0020900067",548,5,0,18,"Made Shot","Dunk Shot","2PT Field Goal","Restricted Area","Center(C)","Less Than 8 ft.",0,0,0,1,1],["0020900079",62,1,4,13,"Missed Shot","Jump Shot","2PT Field Goal","In The Paint (Non-RA)","Center(C)","8-16 ft.",12,-19,127,1,0],["0020900079",131,1,0,4,"Made Shot","Driving Layup Shot","2PT Field Goal","Restricted Area","Center(C)","Less Than 8 ft.",0,0,0,1,1],["0020900079",155,2,10,55,"Missed Shot","Jump Shot","3PT Field Goal","Above the Break 3","Center(C)","24+ ft.",24,23,244,1,0],["0020900079",266,2,0,3,"Made Shot","Layup Shot","2PT Field Goal","Restricted Area","Center(C)","Less Than 8 ft.",0,0,0,1,1],["0020900079",366,3,0,36,"Made Shot","Driving Layup Shot","2PT Field Goal","Restricted Area","Center(C)","Less Than 8 ft.",0,0,0,1,1],["0020900079",371,3,0,6,"Missed Shot","Jump Shot","3PT Field Goal","Above the Break 3","Right Side Center(RC)","24+ ft.",25,209,140,1,0],["0020900079",388,4,10,59,"Missed Shot","Jump Shot","3PT Field Goal","Above the Break 3","Right Side Center(RC)","24+ ft.",25,174,186,1,0],["0020900079",409,4,8,17,"Missed Shot","Jump Shot","3PT Field Goal","Above the Break 3","Right Side Center(RC)","24+ ft.",25,159,203,1,0],["0020900079",417,4,7,31,"Missed Shot","Jump Shot","2PT Field Goal","Mid-Range","Right Side(R)","16-24 ft.",22,203,102,1,0],["0020900079",429,4,5,56,"Made Shot","Running Jump Shot","2PT Field Goal","In The Paint (Non-RA)","Center(C)","8-16 ft.",9,-19,88,1,1],["0020900079",452,4,3,33,"Made Shot","Jump Shot","3PT Field Goal","Above the Break 3","Right Side Center(RC)","24+ ft.",25,157,198,1,1],["0020900079",459,4,2,32,"Made Shot","Jump Shot","3PT Field Goal","Above the Break 3","Left Side Center(LC)","24+ ft.",25,-183,179,1,1],["0020900097",70,1,3,3,"Made Shot","Floating Jump shot","2PT Field Goal","In The Paint (Non-RA)","Center(C)","Less Than 8 ft.",6,-13,60,1,1],["0020900097",98,1,1,24,"Missed Shot","Jump Shot","3PT Field Goal","Right Corner 3","Right Side(R)","24+ ft.",24,242,-5,1,0],["0020900097",104,1,0,40,"Missed Shot","Jump Shot","2PT Field Goal","Mid-Range","Center(C)","16-24 ft.",22,67,219,1,0],["0020900097",109,1,0,2,"Missed Shot","Jump Shot","3PT Field Goal","Above the Break 3","Right Side Center(RC)","24+ ft.",27,174,217,1,0],["0020900097",135,2,8,58,"Missed Shot","Jump Shot","3PT Field Goal","Above the Break 3","Left Side Center(LC)","24+ ft.",26,-152,220,1,0],["0020900097",145,2,7,47,"Missed Shot","Layup Shot","2PT Field Goal","Restricted Area","Center(C)","Less Than 8 ft.",0,0,0,1,0],["0020900097",412,4,10,13,"Missed Shot","Layup Shot","2PT Field Goal","Restricted Area","Center(C)","Less Than 8 ft.",0,0,0,1,0],["0020900097",418,4,9,24,"Missed Shot","Jump Shot","3PT Field Goal","Above the Break 3","Center(C)","24+ ft.",27,-82,261,1,0],["0020900097",421,4,9,7,"Made Shot","Driving Layup Shot","2PT Field Goal","Restricted Area","Center(C)","Less Than 8 ft.",0,0,0,1,1],["0020900102",446,4,5,36,"Missed Shot","Jump Shot","2PT Field Goal","In The Paint (Non-RA)","Center(C)","Less Than 8 ft.",6,6,61,1,0],["0020900102",482,4,2,0,"Missed Shot","Jump Shot","3PT Field Goal","Above the Break 3","Left Side Center(LC)","24+ ft.",26,-153,213,1,0],["0020900102",493,4,0,30,"Made Shot","Driving Layup Shot","2PT Field Goal","Restricted Area","Center(C)","Less Than 8 ft.",0,0,0,1,1],["0020900121",458,4,6,8,"Missed Shot","Jump Shot","2PT Field Goal","Mid-Range","Center(C)","16-24 ft.",18,9,189,1,0],["0020900121",462,4,5,56,"Made Shot","Layup Shot","2PT Field Goal","Restricted Area","Center(C)","Less Than 8 ft.",0,0,0,1,1],["0020900121",477,4,4,44,"Made Shot","Jump Shot","2PT Field Goal","Mid-Range","Left Side(L)","16-24 ft.",18,-182,39,1,1],["0020900121",506,4,1,22,"Missed Shot","Jump Shot","2PT Field Goal","Mid-Range","Left Side(L)","16-24 ft.",19,-169,102,1,0],["0020900121",517,4,0,52,"Made Shot","Dunk Shot","2PT Field Goal","Restricted Area","Center(C)","Less Than 8 ft.",0,0,0,1,1],["0020900133",128,1,2,28,"Made Shot","Jump Shot","2PT Field Goal","Mid-Range","Left Side Center(LC)","16-24 ft.",18,-136,124,1,1],["0020900133",131,1,2,6,"Missed Shot","Layup Shot","2PT Field Goal","Restricted Area","Center(C)","Less Than 8 ft.",0,-4,-5,1,0],["0020900133",138,1,0,45,"Made Shot","Driving Jump shot","2PT Field Goal","In The Paint (Non-RA)","Center(C)","Less Than 8 ft.",4,-27,31,1,1],["0020900133",144,1,0,11,"Made Shot","Driving Layup Shot","2PT Field Goal","Restricted Area","Center(C)","Less Than 8 ft.",2,21,1,1,1],["0020900133",153,1,0,0,"Missed Shot","Jump Shot","3PT Field Goal","Above the Break 3","Left Side Center(LC)","24+ ft.",25,-78,238,1,0],["0020900133",188,2,9,18,"Missed Shot","Jump Shot","3PT Field Goal","Above the Break 3","Left Side Center(LC)","24+ ft.",24,-212,129,1,0],["0020900133",203,2,7,45,"Missed Shot","Jump Shot","3PT Field Goal","Right Corner 3","Right Side(R)","24+ ft.",24,236,56,1,0],["0020900133",223,2,6,22,"Missed Shot","Driving Jump shot","2PT Field Goal","In The Paint (Non-RA)","Center(C)","Less Than 8 ft.",4,-21,41,1,0],["0020900133",371,3,4,19,"Made Shot","Jump Shot","3PT Field Goal","Above the Break 3","Right Side Center(RC)","24+ ft.",26,136,225,1,1],["0020900133",418,3,0,0,"Missed Shot","Jump Shot","3PT Field Goal","Above the Break 3","Right Side Center(RC)","24+ ft.",44,228,386,1,0],["0020900133",446,4,9,15,"Made Shot","Jump Shot","2PT Field Goal","Mid-Range","Left Side Center(LC)","16-24 ft.",18,-114,148,1,1],["0020900133",511,4,4,3,"Missed Shot","Jump Shot","3PT Field Goal","Above the Break 3","Right Side Center(RC)","24+ ft.",25,212,135,1,0],["0020900133",521,4,3,51,"Made Shot","Driving Layup Shot","2PT Field Goal","In The Paint (Non-RA)","Center(C)","Less Than 8 ft.",4,42,14,1,1],["0020900153",101,1,1,55,"Made Shot","Jump Shot","2PT Field Goal","Mid-Range","Center(C)","16-24 ft.",17,-7,170,1,1],["0020900153",122,1,0,2,"Missed Shot","Jump Shot","3PT Field Goal","Right Corner 3","Right Side(R)","24+ ft.",23,231,6,1,0],["0020900153",155,2,8,55,"Made Shot","Jump Shot","3PT Field Goal","Above the Break 3","Left Side Center(LC)","24+ ft.",27,-131,242,1,1],["0020900153",164,2,7,56,"Made Shot","Jump Shot","2PT Field Goal","Mid-Range","Left Side Center(LC)","16-24 ft.",21,-116,176,1,1],["0020900153",195,2,6,8,"Made Shot","Pullup Jump shot","3PT Field Goal","Above the Break 3","Center(C)","24+ ft.",24,-70,236,1,1],["0020900153",213,2,4,43,"Missed Shot","Jump Shot","3PT Field Goal","Above the Break 3","Right Side Center(RC)","24+ ft.",24,220,112,1,0],["0020900153",396,4,10,31,"Missed Shot","Jump Shot","3PT Field Goal","Above the Break 3","Right Side Center(RC)","24+ ft.",26,193,175,1,0],["0020900153",400,4,9,56,"Missed Shot","Jump Shot","3PT Field Goal","Above the Break 3","Right Side Center(RC)","24+ ft.",25,176,183,1,0],["0020900170",117,1,2,0,"Missed Shot","Jump Shot","3PT Field Goal","Above the Break 3","Center(C)","24+ ft.",25,45,252,1,0],["0020900170",149,2,9,55,"Missed Shot","Layup Shot","2PT Field Goal","Restricted Area","Center(C)","Less Than 8 ft.",0,0,0,1,0],["0020900170",412,4,11,10,"Missed Shot","Jump Shot","2PT Field Goal","Mid-Range","Right Side Center(RC)","16-24 ft.",22,163,157,1,0],["0020900170",431,4,8,58,"Missed Shot","Jump Shot","3PT Field Goal","Above the Break 3","Left Side Center(LC)","24+ ft.",24,-120,208,1,0],["0020900186",187,2,7,11,"Made Shot","Jump Shot","3PT Field Goal","Above the Break 3","Left Side Center(LC)","24+ ft.",24,-166,186,1,1],["0020900186",217,2,4,6,"Missed Shot","Jump Shot","3PT Field Goal","Above the Break 3","Center(C)","24+ ft.",25,45,249,1,0],["0020900186",412,4,9,7,"Made Shot","Alley Oop Dunk Shot","2PT Field Goal","Restricted Area","Center(C)","Less Than 8 ft.",0,0,0,1,1],["0020900195",181,2,9,25,"Missed Shot","Jump Shot","2PT Field Goal","Mid-Range","Right Side Center(RC)","16-24 ft.",21,136,164,1,0],["0020900195",408,3,1,29,"Missed Shot","Jump Shot","3PT Field Goal","Above the Break 3","Right Side Center(RC)","24+ ft.",24,184,168,1,0],["0020900195",448,4,9,43,"Missed Shot","Jump Shot","3PT Field Goal","Above the Break 3","Right Side Center(RC)","24+ ft.",24,192,148,1,0],["0020900214",255,2,4,11,"Made Shot","Running Jump Shot","2PT Field Goal","In The Paint (Non-RA)","Right Side(R)","8-16 ft.",8,47,74,1,1],["0020900214",271,2,2,46,"Missed Shot","Jump Shot","3PT Field Goal","Above the Break 3","Left Side Center(LC)","24+ ft.",26,-147,216,1,0],["0020900214",287,2,0,49,"Missed Shot","Layup Shot","2PT Field Goal","Restricted Area","Center(C)","Less Than 8 ft.",0,0,0,1,0],["0020900214",488,4,7,1,"Made Shot","Jump Shot","3PT Field Goal","Above the Break 3","Center(C)","24+ ft.",25,-51,247,1,1],["0020900214",496,4,5,10,"Made Shot","Dunk Shot","2PT Field Goal","Restricted Area","Center(C)","Less Than 8 ft.",0,0,0,1,1],["0020900214",507,4,4,16,"Missed Shot","Jump Shot","3PT Field Goal","Above the Break 3","Right Side Center(RC)","24+ ft.",25,217,137,1,0],["0020900247",119,2,10,31,"Missed Shot","Jump Shot","2PT Field Goal","Mid-Range","Center(C)","16-24 ft.",17,-5,179,1,0],["0020900247",123,2,9,43,"Missed Shot","Jump Shot","3PT Field Goal","Above the Break 3","Left Side Center(LC)","24+ ft.",28,-89,272,1,0],["0020900247",154,2,7,21,"Missed Shot","Jump Shot","3PT Field Goal","Above the Break 3","Left Side Center(LC)","24+ ft.",23,-150,186,1,0],["0020900247",163,2,6,23,"Made Shot","Jump Shot","2PT Field Goal","Mid-Range","Left Side Center(LC)","16-24 ft.",17,-130,115,1,1],["0020900247",449,4,1,40,"Made Shot","Jump Shot","3PT Field Goal","Above the Break 3","Right Side Center(RC)","24+ ft.",25,204,156,1,1],["0020900247",461,4,0,48,"Made Shot","Driving Layup Shot","2PT Field Goal","Restricted Area","Center(C)","Less Than 8 ft.",0,0,0,1,1],["0020900247",463,4,0,19,"Made Shot","Layup Shot","2PT Field Goal","Restricted Area","Center(C)","Less Than 8 ft.",0,0,0,1,1],["0020900258",122,2,11,53,"Missed Shot","Jump Shot","2PT Field Goal","Mid-Range","Right Side Center(RC)","16-24 ft.",21,102,190,1,0],["0020900258",138,2,10,38,"Missed Shot","Jump Shot","3PT Field Goal","Above the Break 3","Left Side Center(LC)","24+ ft.",24,-169,183,1,0],["0020900258",141,2,10,26,"Made Shot","Pullup Jump shot","2PT Field Goal","Mid-Range","Left Side Center(LC)","16-24 ft.",16,-73,151,1,1],["0020900258",153,2,8,49,"Missed Shot","Jump Shot","2PT Field Goal","Mid-Range","Right Side Center(RC)","16-24 ft.",18,103,157,1,0],["0020900258",394,4,9,48,"Made Shot","Pullup Jump shot","2PT Field Goal","Mid-Range","Right Side Center(RC)","16-24 ft.",17,70,162,1,1],["0020900258",399,4,8,43,"Made Shot","Slam Dunk Shot","2PT Field Goal","Restricted Area","Center(C)","Less Than 8 ft.",0,0,0,1,1],["0020900258",401,4,8,24,"Made Shot","Pullup Jump shot","2PT Field Goal","Mid-Range","Right Side Center(RC)","16-24 ft.",21,67,200,1,1],["0020900258",415,4,7,35,"Missed Shot","Jump Shot","2PT Field Goal","Mid-Range","Right Side(R)","8-16 ft.",10,88,58,1,0],["0020900258",431,4,5,3,"Missed Shot","Jump Shot","2PT Field Goal","Mid-Range","Left Side Center(LC)","16-24 ft.",18,-130,138,1,0],["0020900258",471,4,0,57,"Missed Shot","Jump Shot","3PT Field Goal","Above the Break 3","Left Side Center(LC)","24+ ft.",25,-138,216,1,0],["0020900258",484,4,0,23,"Made Shot","Driving Layup Shot","2PT Field Goal","Restricted Area","Center(C)","Less Than 8 ft.",0,0,0,1,1],["0020900419",395,3,0,0,"Missed Shot","Jump Shot","3PT Field Goal","Backcourt","Back Court(BC)","Back Court Shot",71,6,712,1,0],["0020900419",439,4,7,24,"Made Shot","Jump Shot","3PT Field Goal","Above the Break 3","Right Side Center(RC)","24+ ft.",26,114,235,1,1],["0020900419",454,4,6,16,"Made Shot","Jump Shot","3PT Field Goal","Above the Break 3","Right Side Center(RC)","24+ ft.",24,168,176,1,1],["0020900419",486,4,3,18,"Missed Shot","Jump Shot","3PT Field Goal","Above the Break 3","Right Side Center(RC)","24+ ft.",24,193,157,1,0],["0020900419",510,4,1,8,"Missed Shot","Jump Shot","3PT Field Goal","Left Corner 3","Left Side(L)","24+ ft.",23,-231,15,1,0],["0020900432",399,4,11,1,"Missed Shot","Jump Shot","2PT Field Goal","Mid-Range","Right Side(R)","8-16 ft.",15,121,102,1,0],["0020900432",436,4,6,3,"Missed Shot","Jump Shot","2PT Field Goal","Mid-Range","Left Side(L)","16-24 ft.",20,-193,77,1,0],["0020900483",384,4,11,52,"Made Shot","Jump Shot","2PT Field Goal","Mid-Range","Center(C)","16-24 ft.",17,17,172,1,1],["0020900483",387,4,11,17,"Missed Shot","Jump Shot","3PT Field Goal","Above the Break 3","Left Side Center(LC)","24+ ft.",25,-152,201,1,0],["0020900483",394,4,10,22,"Missed Shot","Layup Shot","2PT Field Goal","Restricted Area","Center(C)","Less Than 8 ft.",0,0,0,1,0],["0020900483",409,4,8,38,"Made Shot","Layup Shot","2PT Field Goal","Restricted Area","Center(C)","Less Than 8 ft.",0,0,0,1,1],["0020900483",417,4,7,3,"Missed Shot","Jump Shot","3PT Field Goal","Above the Break 3","Left Side Center(LC)","24+ ft.",25,-187,170,1,0],["0020900483",460,4,3,17,"Missed Shot","Jump Shot","3PT Field Goal","Above the Break 3","Left Side Center(LC)","24+ ft.",24,-169,179,1,0],["0020900545",108,1,0,23,"Missed Shot","Jump Shot","2PT Field Goal","Mid-Range","Right Side Center(RC)","16-24 ft.",16,81,138,1,0],["0020900562",142,2,10,14,"Missed Shot","Jump Shot","2PT Field Goal","In The Paint (Non-RA)","Center(C)","8-16 ft.",14,-57,129,1,0],["0020900562",171,2,7,18,"Made Shot","Jump Shot","2PT Field Goal","Mid-Range","Center(C)","16-24 ft.",22,-10,220,1,1],["0020900562",483,4,2,9,"Made Shot","Dunk Shot","2PT Field Goal","Restricted Area","Center(C)","Less Than 8 ft.",0,0,0,1,1],["0020900562",491,4,1,47,"Missed Shot","Jump Shot","2PT Field Goal","Mid-Range","Right Side Center(RC)","16-24 ft.",23,152,173,1,0],["0020900667",336,3,3,18,"Missed Shot","Jump Shot","3PT Field Goal","Above the Break 3","Left Side Center(LC)","24+ ft.",24,-187,157,1,0],["0020900667",380,4,11,16,"Missed Shot","Jump Shot","2PT Field Goal","Mid-Range","Center(C)","16-24 ft.",19,36,187,1,0],["0020900667",384,4,10,54,"Made Shot","Jump Shot","3PT Field Goal","Above the Break 3","Left Side Center(LC)","24+ ft.",25,-90,236,1,1],["0020900667",393,4,8,51,"Made Shot","Jump Shot","3PT Field Goal","Above the Break 3","Center(C)","24+ ft.",23,-11,239,1,1],["0020900667",395,4,8,11,"Missed Shot","Jump Shot","2PT Field Goal","In The Paint (Non-RA)","Center(C)","8-16 ft.",14,-57,138,1,0],["0020900667",410,4,7,10,"Missed Shot","Jump Shot","3PT Field Goal","Left Corner 3","Left Side(L)","24+ ft.",22,-229,-6,1,0],["0020900667",437,4,3,55,"Made Shot","Driving Layup Shot","2PT Field Goal","Restricted Area","Center(C)","Less Than 8 ft.",0,0,0,1,1],["0020900667",456,4,1,12,"Missed Shot","Running Jump Shot","2PT Field Goal","In The Paint (Non-RA)","Center(C)","Less Than 8 ft.",5,-37,47,1,0],["0020900667",466,4,0,32,"Missed Shot","Jump Shot","3PT Field Goal","Above the Break 3","Right Side Center(RC)","24+ ft.",23,136,197,1,0],["0020900681",121,1,0,1,"Missed Shot","Jump Shot","3PT Field Goal","Backcourt","Back Court(BC)","Back Court Shot",63,170,613,1,0],["0020900681",135,2,10,41,"Made Shot","Pullup Jump shot","2PT Field Goal","Mid-Range","Left Side Center(LC)","16-24 ft.",22,-168,145,1,1],["0020900681",144,2,9,1,"Missed Shot","Jump Shot","2PT Field Goal","Mid-Range","Center(C)","16-24 ft.",20,4,203,1,0],["0020900681",419,4,8,31,"Missed Shot","Jump Shot","3PT Field Goal","Above the Break 3","Left Side Center(LC)","24+ ft.",25,-103,236,1,0],["0020900697",511,4,0,11,"Missed Shot","Jump Shot","2PT Field Goal","Mid-Range","Right Side(R)","16-24 ft.",20,203,-5,1,0],["0020900752",468,4,2,36,"Missed Shot","Driving Layup Shot","2PT Field Goal","Restricted Area","Center(C)","Less Than 8 ft.",0,0,0,1,0],["0020900752",479,4,1,16,"Missed Shot","Jump Shot","2PT Field Goal","In The Paint (Non-RA)","Center(C)","8-16 ft.",13,-32,129,1,0],["0020900768",113,2,11,40,"Missed Shot","Jump Shot","3PT Field Goal","Above the Break 3","Left Side Center(LC)","24+ ft.",25,-105,228,1,0],["0020900768",414,4,10,49,"Missed Shot","Jump Shot","3PT Field Goal","Above the Break 3","Right Side Center(RC)","24+ ft.",24,177,176,1,0],["0020900778",111,1,0,22,"Made Shot","Driving Layup Shot","2PT Field Goal","Restricted Area","Center(C)","Less Than 8 ft.",2,24,6,1,1],["0020900778",408,4,8,47,"Made Shot","Step Back Jump shot","3PT Field Goal","Above the Break 3","Left Side Center(LC)","24+ ft.",27,-150,235,1,1],["0020900778",420,4,7,58,"Missed Shot","Jump Shot","3PT Field Goal","Left Corner 3","Left Side(L)","24+ ft.",23,-228,74,1,0],["0020900778",429,4,6,53,"Missed Shot","Jump Shot","2PT Field Goal","In The Paint (Non-RA)","Center(C)","8-16 ft.",14,-62,127,1,0],["0020900778",432,4,6,46,"Missed Shot","Layup Shot","2PT Field Goal","Restricted Area","Center(C)","Less Than 8 ft.",2,12,17,1,0],["0020900778",439,4,6,15,"Missed Shot","Pullup Jump shot","2PT Field Goal","Mid-Range","Left Side Center(LC)","16-24 ft.",16,-78,148,1,0],["0020900778",458,4,3,31,"Missed Shot","Jump Shot","2PT Field Goal","Mid-Range","Left Side Center(LC)","16-24 ft.",18,-123,138,1,0],["0020900778",479,4,1,42,"Missed Shot","Jump Shot","2PT Field Goal","Mid-Range","Left Side(L)","16-24 ft.",17,-171,4,1,0],["0020900788",351,3,0,6,"Made Shot","Running Jump Shot","2PT Field Goal","In The Paint (Non-RA)","Center(C)","Less Than 8 ft.",5,-56,20,1,1],["0020900788",357,4,11,46,"Missed Shot","Driving Layup Shot","2PT Field Goal","Restricted Area","Center(C)","Less Than 8 ft.",0,0,0,1,0],["0020900788",375,4,10,30,"Made Shot","Pullup Jump shot","3PT Field Goal","Right Corner 3","Right Side(R)","24+ ft.",23,231,0,1,1],["0020900788",391,4,8,48,"Made Shot","Running Jump Shot","2PT Field Goal","In The Paint (Non-RA)","Center(C)","Less Than 8 ft.",5,4,55,1,1],["0020900788",438,4,5,8,"Made Shot","Pullup Jump shot","2PT Field Goal","Mid-Range","Right Side(R)","16-24 ft.",17,174,15,1,1],["0020900788",477,4,1,34,"Missed Shot","Jump Shot","2PT Field Goal","Mid-Range","Left Side Center(LC)","16-24 ft.",20,-152,134,1,0],["0020900801",132,2,10,36,"Made Shot","Floating Jump shot","2PT Field Goal","In The Paint (Non-RA)","Center(C)","Less Than 8 ft.",4,-30,31,1,1],["0020900801",136,2,9,41,"Missed Shot","Jump Shot","2PT Field Goal","In The Paint (Non-RA)","Center(C)","Less Than 8 ft.",7,32,66,1,0],["0020900801",239,2,0,37,"Made Shot","Running Jump Shot","2PT Field Goal","Mid-Range","Right Side(R)","16-24 ft.",17,147,101,1,1],["0020900801",367,4,11,40,"Missed Shot","Jump Shot","2PT Field Goal","Mid-Range","Center(C)","16-24 ft.",21,48,214,1,0],["0020900801",453,4,5,25,"Made Shot","Floating Jump shot","2PT Field Goal","In The Paint (Non-RA)","Center(C)","Less Than 8 ft.",4,-10,42,1,1],["0020900801",500,4,0,53,"Made Shot","Reverse Layup Shot","2PT Field Goal","Restricted Area","Center(C)","Less Than 8 ft.",0,0,0,1,1],["0020900822",138,2,10,41,"Missed Shot","Jump Shot","2PT Field Goal","In The Paint (Non-RA)","Center(C)","8-16 ft.",14,-64,127,1,0],["0020900822",146,2,10,23,"Made Shot","Jump Shot","3PT Field Goal","Above the Break 3","Right Side Center(RC)","24+ ft.",28,121,258,1,1],["0020900822",550,4,0,10,"Missed Shot","Layup Shot","2PT Field Goal","Restricted Area","Center(C)","Less Than 8 ft.",0,0,0,1,0],["0020900910",482,4,2,11,"Made Shot","Jump Shot","2PT Field Goal","Mid-Range","Left Side Center(LC)","16-24 ft.",21,-128,173,1,1],["0020900910",499,4,1,14,"Missed Shot","Jump Shot","3PT Field Goal","Left Corner 3","Left Side(L)","24+ ft.",24,-243,6,1,0],["0020900910",508,4,0,3,"Missed Shot","Jump Shot","3PT Field Goal","Above the Break 3","Left Side Center(LC)","24+ ft.",28,-150,238,1,0],["0020900947",403,4,4,22,"Missed Shot","Jump Shot","3PT Field Goal","Above the Break 3","Left Side Center(LC)","24+ ft.",27,-92,258,1,0],["0020900947",417,4,2,49,"Missed Shot","Floating Jump shot","2PT Field Goal","Mid-Range","Right Side(R)","8-16 ft.",15,157,19,1,0],["0020900981",355,4,6,53,"Missed Shot","Jump Shot","2PT Field Goal","Mid-Range","Center(C)","16-24 ft.",21,50,205,1,0],["0020900981",368,4,5,33,"Missed Shot","Jump Shot","3PT Field Goal","Above the Break 3","Left Side Center(LC)","24+ ft.",25,-120,230,1,0],["0020900981",372,4,5,2,"Missed Shot","Jump Shot","3PT Field Goal","Above the Break 3","Right Side Center(RC)","24+ ft.",25,151,200,1,0],["0020900981",378,4,3,58,"Missed Shot","Layup Shot","2PT Field Goal","Restricted Area","Center(C)","Less Than 8 ft.",2,13,25,1,0],["0020900981",389,4,3,11,"Missed Shot","Jump Shot","3PT Field Goal","Above the Break 3","Right Side Center(RC)","24+ ft.",24,121,209,1,0],["0020900981",399,4,1,29,"Made Shot","Jump Shot","2PT Field Goal","Mid-Range","Right Side Center(RC)","16-24 ft.",21,122,181,1,1],["0020901096",159,2,11,8,"Made Shot","Jump Shot","2PT Field Goal","Mid-Range","Right Side(R)","16-24 ft.",17,176,20,1,1],["0020901096",182,2,8,47,"Missed Shot","Jump Shot","3PT Field Goal","Above the Break 3","Right Side Center(RC)","24+ ft.",26,83,249,1,0],["0020901105",158,2,7,1,"Missed Shot","Jump Shot","2PT Field Goal","Mid-Range","Left Side(L)","8-16 ft.",15,-109,112,1,0],["0020901105",476,4,2,26,"Made Shot","Jump Shot","3PT Field Goal","Above the Break 3","Right Side Center(RC)","24+ ft.",26,95,244,1,1],["0020901105",490,4,0,54,"Missed Shot","Jump Shot","2PT Field Goal","Mid-Range","Left Side(L)","16-24 ft.",17,-157,71,1,0],["0020901110",124,2,9,52,"Missed Shot","Jump Shot","3PT Field Goal","Above the Break 3","Right Side Center(RC)","24+ ft.",25,204,151,1,0],["0020901110",145,2,7,53,"Missed Shot","Jump Shot","3PT Field Goal","Above the Break 3","Right Side Center(RC)","24+ ft.",25,192,162,1,0],["0020901110",151,2,6,48,"Missed Shot","Jump Shot","3PT Field Goal","Above the Break 3","Left Side Center(LC)","24+ ft.",27,-111,249,1,0],["0020901110",360,4,10,27,"Made Shot","Jump Shot","3PT Field Goal","Above the Break 3","Right Side Center(RC)","24+ ft.",25,125,220,1,1],["0020901139",104,1,0,0,"Made Shot","Fadeaway Jump Shot","2PT Field Goal","Mid-Range","Left Side(L)","16-24 ft.",20,-180,88,1,1],["0020901139",147,2,7,9,"Missed Shot","Jump Shot","3PT Field Goal","Above the Break 3","Right Side Center(RC)","24+ ft.",25,133,223,1,0],["0020901139",370,4,9,36,"Made Shot","Jump Shot","3PT Field Goal","Above the Break 3","Right Side Center(RC)","24+ ft.",26,161,206,1,1],["0020901139",405,4,5,40,"Missed Shot","Jump Shot","3PT Field Goal","Above the Break 3","Right Side Center(RC)","24+ ft.",24,167,175,1,0],["0020901139",453,4,2,6,"Missed Shot","Running Jump Shot","2PT Field Goal","In The Paint (Non-RA)","Center(C)","Less Than 8 ft.",7,32,68,1,0],["0020901139",468,4,0,28,"Made Shot","Layup Shot","2PT Field Goal","Restricted Area","Center(C)","Less Than 8 ft.",0,0,0,1,1],["0020901172",415,4,2,45,"Made Shot","Jump Shot","2PT Field Goal","Restricted Area","Center(C)","Less Than 8 ft.",3,-4,34,1,1],["0020901172",429,4,2,14,"Missed Shot","Jump Shot","2PT Field Goal","Mid-Range","Right Side(R)","8-16 ft.",10,81,63,1,0],["0020901194",143,2,10,3,"Missed Shot","Jump Shot","3PT Field Goal","Above the Break 3","Right Side Center(RC)","24+ ft.",26,237,116,1,0],["0020901194",148,2,9,30,"Made Shot","Driving Finger Roll Layup Shot","2PT Field Goal","Restricted Area","Center(C)","Less Than 8 ft.",0,0,0,1,1],["0020901194",155,2,9,1,"Missed Shot","Jump Shot","3PT Field Goal","Left Corner 3","Left Side(L)","24+ ft.",23,-232,-8,1,0],["0020901194",355,3,4,59,"Missed Shot","Jump Shot","3PT Field Goal","Above the Break 3","Center(C)","24+ ft.",26,-52,261,1,0],["0020901194",417,3,0,1,"Missed Shot","Layup Shot","2PT Field Goal","Restricted Area","Center(C)","Less Than 8 ft.",0,0,0,1,0],["0020901194",425,4,11,2,"Made Shot","Jump Shot","2PT Field Goal","Mid-Range","Center(C)","16-24 ft.",22,-41,224,1,1],["0020901212",92,1,3,4,"Missed Shot","Jump Shot","2PT Field Goal","Mid-Range","Center(C)","16-24 ft.",21,-60,203,1,0],["0020901212",104,1,2,8,"Made Shot","Jump Shot","3PT Field Goal","Above the Break 3","Left Side Center(LC)","24+ ft.",26,-127,228,1,1],["0020901212",111,1,1,20,"Missed Shot","Floating Jump shot","2PT Field Goal","Mid-Range","Right Side(R)","8-16 ft.",12,97,82,1,0],["0020901212",141,2,9,16,"Missed Shot","Jump Shot","2PT Field Goal","Mid-Range","Right Side Center(RC)","16-24 ft.",23,119,198,1,0],["0020901212",164,2,7,57,"Made Shot","Driving Finger Roll Layup Shot","2PT Field Goal","Restricted Area","Center(C)","Less Than 8 ft.",0,0,0,1,1],["0020901212",167,2,7,24,"Missed Shot","Floating Jump shot","2PT Field Goal","In The Paint (Non-RA)","Center(C)","8-16 ft.",8,2,80,1,0],["0020901212",350,3,1,4,"Missed Shot","Jump Shot","2PT Field Goal","Mid-Range","Center(C)","16-24 ft.",22,37,219,1,0],["0020901212",355,3,0,29,"Missed Shot","Layup Shot","2PT Field Goal","Restricted Area","Center(C)","Less Than 8 ft.",0,0,0,1,0],["0020901212",371,4,11,11,"Missed Shot","Jump Shot","2PT Field Goal","Mid-Range","Right Side(R)","16-24 ft.",21,193,93,1,0],["0020901228",502,4,0,49,"Missed Shot","Layup Shot","2PT Field Goal","Restricted Area","Center(C)","Less Than 8 ft.",0,0,0,1,0]]}},"GameList":{"20901110":[201628,"0020901110","03/31/2010","LAC","Clippers","TOR","Raptors",0,3,1,4,1,4,0,0,0,4,0],"20900778":[201628,"0020900778","02/10/2010","LAC","Clippers","GSW","Warriors",2,5,2,8,1,2,0,0,1,4,1],"20901172":[201628,"0020901172","04/08/2010","LAC","Clippers","SAC","Kings",1,3,1,2,0,0,0,0,0,1,1],"20900186":[201628,"0020900186","11/21/2009","NOH","Hornets","ATL","Hawks",1,5,2,3,1,2,0,0,0,2,1],"20900768":[201628,"0020900768","02/09/2010","LAC","Clippers","UTA","Jazz",0,0,0,2,0,2,1,0,0,3,0],"20900483":[201628,"0020900483","01/02/2010","NOH","Hornets","HOU","Rockets",0,4,2,6,0,3,1,0,1,0,1],"20900910":[201628,"0020900910","03/03/2010","LAC","Clippers","PHX","Suns",1,2,1,3,0,2,1,0,0,0,0],"20900667":[201628,"0020900667","01/27/2010","LAC","Clippers","NJN","Nets",1,8,3,9,2,5,1,0,1,5,3],"20900170":[201628,"0020900170","11/19/2009","NOH","Hornets","PHX","Suns",2,0,0,4,0,2,0,0,0,4,1],"20900133":[201628,"0020900133","11/14/2009","NOH","Hornets","ATL","Hawks",3,13,6,13,1,6,0,0,0,7,2],"20900153":[201628,"0020900153","11/17/2009","NOH","Hornets","LAC","Clippers",4,12,4,8,2,6,5,0,1,5,1],"20900247":[201628,"0020900247","11/29/2009","NOH","Hornets","SAC","Kings",1,9,4,7,1,3,2,0,0,1,2],"20900884":[201628,"0020900884","02/28/2010","LAC","Clippers","SAC","Kings",0,0,0,0,0,0,0,0,0,0,0],"20901139":[201628,"0020901139","04/03/2010","LAC","Clippers","DEN","Nuggets",2,7,3,6,1,3,1,0,0,3,1],"20900013":[201628,"0020900013","10/28/2009","NOH","Hornets","SAS","Spurs",0,9,4,12,1,5,1,0,1,3,2],"20900788":[201628,"0020900788","02/16/2010","LAC","Clippers","POR","Trail Blazers",2,9,4,6,1,1,2,0,0,5,2],"20900562":[201628,"0020900562","01/13/2010","NOH","Hornets","LAC","Clippers",1,4,2,4,0,0,2,0,0,2,0],"20900545":[201628,"0020900545","01/11/2010","NOH","Hornets","PHI","76ers",0,0,0,1,0,0,0,0,0,0,0],"20900981":[201628,"0020900981","03/13/2010","LAC","Clippers","SAS","Spurs",0,2,1,6,0,3,0,0,1,1,1],"20901105":[201628,"0020901105","03/30/2010","LAC","Clippers","MIL","Bucks",0,3,1,3,1,1,1,0,1,1,2],"20900681":[201628,"0020900681","01/29/2010","LAC","Clippers","MIN","Timberwolves",0,2,1,4,0,2,1,0,0,0,1],"20900097":[201628,"0020900097","11/08/2009","NOH","Hornets","LAL","Lakers",0,4,2,9,0,4,2,0,0,1,1],"20901096":[201628,"0020901096","03/28/2010","LAC","Clippers","GSW","Warriors",1,2,1,2,0,1,0,0,0,0,0],"20900195":[201628,"0020900195","11/22/2009","NOH","Hornets","MIA","Heat",1,2,0,3,0,2,0,0,1,7,0],"20900801":[201628,"0020900801","02/17/2010","LAC","Clippers","ATL","Hawks",5,8,4,6,0,0,2,0,1,5,4],"20900718":[201628,"0020900718","02/03/2010","LAC","Clippers","ATL","Hawks",0,0,0,0,0,0,0,0,0,0,0],"20900947":[201628,"0020900947","03/09/2010","LAC","Clippers","ORL","Magic",1,0,0,2,0,1,0,0,0,2,0],"20900752":[201628,"0020900752","02/06/2010","LAC","Clippers","SAS","Spurs",1,0,0,2,0,0,0,0,0,3,0],"20900822":[201628,"0020900822","02/20/2010","LAC","Clippers","SAC","Kings",1,3,1,3,1,1,0,0,0,2,0],"20900715":[201628,"0020900715","02/02/2010","LAC","Clippers","CHI","Bulls",0,0,0,0,0,0,0,0,0,0,0],"20900079":[201628,"0020900079","11/06/2009","NOH","Hornets","TOR","Raptors",3,16,6,12,2,6,1,0,1,1,0],"20900047":[201628,"0020900047","11/02/2009","NOH","Hornets","NYK","Knicks",0,5,2,7,1,2,1,0,0,4,1],"20900419":[201628,"0020900419","12/23/2009","NOH","Hornets","GSW","Warriors",0,8,2,5,2,5,2,0,0,0,2],"20900040":[201628,"0020900040","11/01/2009","NOH","Hornets","BOS","Celtics",2,8,3,12,2,7,3,0,1,1,1],"20901194":[201628,"0020901194","04/10/2010","LAC","Clippers","GSW","Warriors",3,8,2,6,0,3,2,0,1,1,3],"20900258":[201628,"0020900258","12/01/2009","NOH","Hornets","LAL","Lakers",0,10,5,11,0,2,0,0,2,4,0],"20901212":[201628,"0020901212","04/12/2010","LAC","Clippers","DAL","Mavericks",1,5,2,9,1,1,1,0,0,2,1],"20900067":[201628,"0020900067","11/04/2009","NOH","Hornets","DAL","Mavericks",3,18,8,15,2,4,5,0,1,1,1],"20900102":[201628,"0020900102","11/09/2009","NOH","Hornets","LAC","Clippers",1,2,1,3,0,1,0,0,0,0,0],"20900697":[201628,"0020900697","01/31/2010","LAC","Clippers","CLE","Cavaliers",0,0,0,1,0,0,0,0,0,0,0],"20900432":[201628,"0020900432","12/26/2009","NOH","Hornets","CHI","Bulls",0,0,0,2,0,0,0,0,0,0,0],"20900121":[201628,"0020900121","11/11/2009","NOH","Hornets","PHX","Suns",0,6,3,5,0,0,1,0,0,1,1],"20901228":[201628,"0020901228","04/14/2010","LAC","Clippers","LAL","Lakers",0,0,0,1,0,0,1,0,0,0,0],"20900028":[201628,"0020900028","10/30/2009","NOH","Hornets","SAC","Kings",0,3,1,4,1,3,2,1,0,1,0],"20900214":[201628,"0020900214","11/25/2009","NOH","Hornets","MIL","Bucks",2,7,3,6,1,3,0,0,0,1,1]},"data":[25.0,22,0,14.9,2.7,6.9,0.395,0.8,3.0,0.258,0.4,0.4,1.0,0.0,0.8,0.8,2.1,0.4,0.0,1.1,1.3,6.6],"rank":{"PerGame":[null,null,null,null,null,null,null,null,null,null,null,null,null,null,null,null,null,null,null],"Totals":[328,300,281,null,181,170,null,361,374,null,373,372,378,203,307,400,269,302,338]},"team":"TOT"}},"headerData":["PLAYER_AGE","GP","GS","MIN","FGM","FGA","FG_PCT","FG3M","FG3A","FG3_PCT","FTM","FTA","FT_PCT","OREB","DREB","REB","AST","STL","BLK","TOV","PF","PTS"],"PostSeason":{}}}