{"info":{"FIRST_NAME":"Bob","LAST_NAME":"Duffy","WEIGHT":"175","COUNTRY":"USA","SCHOOL":"Tulane","BIRTHDATE":"1922-07-05T00:00:00","HEIGHT":"6-4","TO_YEAR":1946,"DLEAGUE":"N","FROM_YEAR":1946,"TEAM":"BOS","PERSON_ID":76609,"SEASON_EXP":0,"POSITION":"Forward","ROSTERSTATUS":"Active","ALL_STAR":0,"PIE":0,"JERSEY":"17"},"career":{"header":["MIN","FGM","FGA","FG_PCT","FG3M","FG3A","FG3_PCT","FTM","FTA","FT_PCT","OREB","DREB","REB","AST","STL","BLK","TOV","PF","PTS"],"RegularSeason":{"PerGame":[0.0,0.4,1.9,0.219,null,null,null,0.3,0.4,0.714,null,null,0.0,0.0,null,null,null,1.0,1.1],"GS":null,"GP":17},"PostSeason":{}},"season":{"headerRank":["RANK_PG_MIN","RANK_PG_FGM","RANK_PG_FGA","RANK_FG_PCT","RANK_PG_FG3M","RANK_PG_FG3A","RANK_FG3_PCT","RANK_PG_FTM","RANK_PG_FTA","RANK_FT_PCT","RANK_PG_OREB","RANK_PG_DREB","RANK_PG_REB","RANK_PG_AST","RANK_PG_STL","RANK_PG_BLK","RANK_PG_TOV","RANK_PG_PTS","RANK_PG_EFF"],"headerGame":["PLAYER_ID","SEASON_YEAR","TOV","PTS","FGM","FG3M","FG3A","PF","BLK","STL","AST","REB"],"RegularSeason":{"1946":{"GameList":{"24600008":[76609,"0024600008","11/05/1946","CHS","Stags","BOS","Celtics",0,2,0,0,0,0,0,0,0,0,0],"24600225":[76609,"0024600225","02/13/1947","BOS","Celtics","BOM","Bombers",0,0,0,0,0,0,0,0,0,0,0],"24600252":[76609,"0024600252","02/23/1947","BOS","Celtics","PRO","Steamrollers",0,2,0,0,0,0,0,0,0,0,0],"24600255":[76609,"0024600255","02/24/1947","BOS","Celtics","WAS","Capitols",0,0,0,0,0,0,0,0,0,0,0],"24600231":[76609,"0024600231","02/16/1947","BOS","Celtics","CHS","Stags",0,0,0,0,0,0,0,0,0,0,0],"24600236":[76609,"0024600236","02/18/1947","BOS","Celtics","CLR","Rebels",0,2,0,0,0,0,0,0,0,0,0],"24600022":[76609,"0024600022","11/13/1946","CHS","Stags","BOS","Celtics",0,0,0,0,0,0,0,0,0,0,0],"24600011":[76609,"0024600011","11/07/1946","CHS","Stags","PRO","Steamrollers",0,2,0,0,0,0,0,0,0,0,0],"24600036":[76609,"0024600036","11/20/1946","CHS","Stags","NYK","Knicks",0,0,0,0,0,0,0,0,0,0,0],"24600048":[76609,"0024600048","11/24/1946","CHS","Stags","DEF","Falcons",0,1,0,0,0,0,0,0,0,0,0],"24600016":[76609,"0024600016","11/09/1946","CHS","Stags","HUS","Huskies",0,2,0,0,0,0,0,0,0,0,0],"24600004":[76609,"0024600004","11/02/1946","CHS","Stags","NYK","Knicks",0,4,0,0,0,0,0,0,0,0,0],"24600066":[76609,"0024600066","12/01/1946","CHS","Stags","BOS","Celtics",0,0,0,0,0,0,0,0,0,0,0],"24600244":[76609,"0024600244","02/21/1947","BOS","Celtics","HUS","Huskies",0,4,0,0,0,0,0,0,0,0,0],"24600073":[76609,"0024600073","12/05/1946","CHS","Stags","HUS","Huskies",0,0,0,0,0,0,0,0,0,0,0],"24600072":[76609,"0024600072","12/04/1946","CHS","Stags","PIT","Ironmen",0,0,0,0,0,0,0,0,0,0,0]},"data":[24.0,11,null,0.0,0.5,2.3,0.2,null,null,null,0.1,0.3,0.333,null,null,0.0,0.0,null,null,null,1.2,1.0],"rank":{},"team":"TOT"}},"headerData":["PLAYER_AGE","GP","GS","MIN","FGM","FGA","FG_PCT","FG3M","FG3A","FG3_PCT","FTM","FTA","FT_PCT","OREB","DREB","REB","AST","STL","BLK","TOV","PF","PTS"],"PostSeason":{}}}