{"info":{"FIRST_NAME":"Boniface","LAST_NAME":"N'Dong","WEIGHT":"","COUNTRY":"Senegal","SCHOOL":null,"BIRTHDATE":"1977-09-03T00:00:00","HEIGHT":"","TO_YEAR":2005,"DLEAGUE":"N","FROM_YEAR":2005,"TEAM":"","PERSON_ID":101238,"SEASON_EXP":0,"POSITION":"","ROSTERSTATUS":"Inactive","ALL_STAR":0,"PIE":0,"JERSEY":""},"career":{"header":["MIN","FGM","FGA","FG_PCT","FG3M","FG3A","FG3_PCT","FTM","FTA","FT_PCT","OREB","DREB","REB","AST","STL","BLK","TOV","PF","PTS"],"RegularSeason":{"PerGame":[6.6,1.0,2.3,0.415,0.0,0.0,0.0,0.3,0.4,0.667,0.7,1.0,1.6,0.3,0.1,0.2,0.3,1.0,2.2],"GS":1,"GP":23},"PostSeason":{}},"season":{"headerRank":["RANK_PG_MIN","RANK_PG_FGM","RANK_PG_FGA","RANK_FG_PCT","RANK_PG_FG3M","RANK_PG_FG3A","RANK_FG3_PCT","RANK_PG_FTM","RANK_PG_FTA","RANK_FT_PCT","RANK_PG_OREB","RANK_PG_DREB","RANK_PG_REB","RANK_PG_AST","RANK_PG_STL","RANK_PG_BLK","RANK_PG_TOV","RANK_PG_PTS","RANK_PG_EFF"],"headerGame":["PLAYER_ID","GAME_ID","GAME_DATE","TEAM_ABBREVIATION","TEAM_NAME","VS_TEAM_ABBREVIATION","VS_TEAM_NAME","TOV","PTS","FGM","FGA","FG3M","FG3A","PF","BLK","STL","AST","REB"],"RegularSeason":{"2005":{"shotchart":{"Averages":{"header":["SHOT_ZONE_BASIC","SHOT_ZONE_AREA","SHOT_ZONE_RANGE","FGA","FGM","FG_PCT"],"row":[["Above the Break 3","Back Court(BC)","Back Court Shot",110,3,0.027],["Above the Break 3","Center(C)","24+ ft.",6026,2107,0.35],["Above the Break 3","Left Side Center(LC)","24+ ft.",10936,3868,0.354],["Above the Break 3","Right Side Center(RC)","24+ ft.",10744,3774,0.351],["Backcourt","Back Court(BC)","Back Court Shot",371,9,0.024],["In The Paint (Non-RA)","Center(C)","8-16 ft.",5007,2063,0.412],["In The Paint (Non-RA)","Center(C)","Less Than 8 ft.",16599,6703,0.404],["In The Paint (Non-RA)","Left Side(L)","8-16 ft.",1802,737,0.409],["In The Paint (Non-RA)","Right Side(R)","8-16 ft.",1699,664,0.391],["Left Corner 3","Left Side(L)","24+ ft.",5668,2184,0.385],["Mid-Range","Center(C)","16-24 ft.",6981,2746,0.393],["Mid-Range","Center(C)","8-16 ft.",1767,756,0.428],["Mid-Range","Left Side Center(LC)","16-24 ft.",9926,4102,0.413],["Mid-Range","Left Side(L)","16-24 ft.",9829,3960,0.403],["Mid-Range","Left Side(L)","8-16 ft.",10072,3876,0.385],["Mid-Range","Right Side Center(RC)","16-24 ft.",10594,4246,0.401],["Mid-Range","Right Side(R)","16-24 ft.",8627,3536,0.41],["Mid-Range","Right Side(R)","8-16 ft.",9130,3405,0.373],["Restricted Area","Center(C)","Less Than 8 ft.",63017,37304,0.592],["Right Corner 3","Right Side(R)","24+ ft.",5409,2123,0.392]]},"Details":{"header":["GAME_ID","GAME_EVENT_ID","PERIOD","MINUTES_REMAINING","SECONDS_REMAINING","EVENT_TYPE","ACTION_TYPE","SHOT_TYPE","SHOT_ZONE_BASIC","SHOT_ZONE_AREA","SHOT_ZONE_RANGE","SHOT_DISTANCE","LOC_X","LOC_Y","SHOT_ATTEMPTED_FLAG","SHOT_MADE_FLAG"],"row":[["0020500362",435,4,0,47,"Missed Shot","Jump Shot","2PT Field Goal","Mid-Range","Right Side(R)","8-16 ft.",14,143,12,1,0],["0020500362",439,4,0,16,"Made Shot","Turnaround Jump Shot","2PT Field Goal","Mid-Range","Right Side(R)","8-16 ft.",10,103,10,1,1],["0020500404",329,3,0,39,"Made Shot","Jump Shot","2PT Field Goal","In The Paint (Non-RA)","Center(C)","Less Than 8 ft.",5,-15,48,1,1],["0020500404",355,4,10,13,"Made Shot","Jump Shot","2PT Field Goal","Mid-Range","Center(C)","16-24 ft.",16,-18,161,1,1],["0020500404",358,4,9,36,"Missed Shot","Jump Shot","2PT Field Goal","Mid-Range","Right Side(R)","16-24 ft.",16,163,31,1,0],["0020500404",376,4,8,24,"Missed Shot","Jump Shot","2PT Field Goal","Mid-Range","Center(C)","16-24 ft.",19,-11,194,1,0],["0020500404",399,4,7,8,"Made Shot","Driving Dunk Shot","2PT Field Goal","Restricted Area","Center(C)","Less Than 8 ft.",0,0,0,1,1],["0020500404",425,4,4,51,"Missed Shot","Jump Shot","2PT Field Goal","Mid-Range","Right Side Center(RC)","16-24 ft.",20,138,146,1,0],["0020500499",43,1,7,39,"Made Shot","Turnaround Jump Shot","2PT Field Goal","Mid-Range","Right Side(R)","8-16 ft.",8,89,0,1,1],["0020500499",67,1,5,31,"Missed Shot","Jump Shot","2PT Field Goal","Mid-Range","Right Side Center(RC)","16-24 ft.",17,130,122,1,0],["0020500499",87,1,2,38,"Missed Shot","Jump Shot","2PT Field Goal","In The Paint (Non-RA)","Center(C)","Less Than 8 ft.",5,38,46,1,0],["0020500499",203,2,1,45,"Made Shot","Layup Shot","2PT Field Goal","Restricted Area","Center(C)","Less Than 8 ft.",0,0,0,1,1],["0020500499",216,2,0,44,"Made Shot","Dunk Shot","2PT Field Goal","Restricted Area","Center(C)","Less Than 8 ft.",0,0,0,1,1],["0020500499",356,4,11,2,"Missed Shot","Follow Up Dunk Shot","2PT Field Goal","Restricted Area","Center(C)","Less Than 8 ft.",0,0,0,1,0],["0020500531",121,1,0,20,"Missed Shot","Jump Shot","2PT Field Goal","Mid-Range","Left Side(L)","16-24 ft.",19,-197,25,1,0],["0020500531",435,4,0,27,"Made Shot","Jump Hook Shot","2PT Field Goal","In The Paint (Non-RA)","Center(C)","Less Than 8 ft.",4,36,26,1,1],["0020500639",376,4,6,21,"Made Shot","Jump Shot","2PT Field Goal","Mid-Range","Right Side(R)","8-16 ft.",14,105,105,1,1],["0020500649",225,2,1,47,"Made Shot","Turnaround Jump Shot","2PT Field Goal","In The Paint (Non-RA)","Left Side(L)","8-16 ft.",14,-77,127,1,1],["0020500649",227,2,1,18,"Made Shot","Jump Shot","2PT Field Goal","Mid-Range","Left Side Center(LC)","16-24 ft.",19,-102,168,1,1],["0020500649",233,2,0,2,"Missed Shot","Jump Shot","2PT Field Goal","Mid-Range","Center(C)","16-24 ft.",18,20,181,1,0],["0020500649",334,3,1,7,"Missed Shot","Jump Shot","2PT Field Goal","Mid-Range","Left Side Center(LC)","16-24 ft.",16,-92,132,1,0],["0020500716",146,2,5,7,"Missed Shot","Jump Shot","2PT Field Goal","Mid-Range","Left Side(L)","8-16 ft.",15,-159,15,1,0],["0020500716",149,2,5,0,"Made Shot","Dunk Shot","2PT Field Goal","Restricted Area","Center(C)","Less Than 8 ft.",0,0,0,1,1],["0020500763",123,2,10,43,"Missed Shot","Jump Shot","2PT Field Goal","Mid-Range","Center(C)","16-24 ft.",19,61,189,1,0],["0020500763",434,4,5,32,"Missed Shot","Jump Shot","2PT Field Goal","In The Paint (Non-RA)","Center(C)","8-16 ft.",14,57,138,1,0],["0020500763",445,4,4,6,"Made Shot","Turnaround Jump Shot","2PT Field Goal","In The Paint (Non-RA)","Center(C)","Less Than 8 ft.",4,-34,26,1,1],["0020500763",453,4,2,39,"Missed Shot","Jump Shot","2PT Field Goal","Mid-Range","Right Side(R)","8-16 ft.",14,144,7,1,0],["0020500853",309,3,0,3,"Made Shot","Driving Finger Roll Shot","2PT Field Goal","Restricted Area","Center(C)","Less Than 8 ft.",0,0,0,1,1],["0020500973",116,2,11,38,"Missed Shot","Jump Shot","2PT Field Goal","In The Paint (Non-RA)","Center(C)","Less Than 8 ft.",5,33,43,1,0],["0020500973",155,2,7,23,"Missed Shot","Layup Shot","2PT Field Goal","Restricted Area","Center(C)","Less Than 8 ft.",0,0,0,1,0],["0020500973",166,2,6,50,"Missed Shot","Layup Shot","2PT Field Goal","Restricted Area","Center(C)","Less Than 8 ft.",0,0,0,1,0],["0020500973",180,2,5,28,"Made Shot","Jump Shot","2PT Field Goal","In The Paint (Non-RA)","Right Side(R)","8-16 ft.",8,80,35,1,1],["0020500990",49,1,5,47,"Missed Shot","Jump Shot","2PT Field Goal","Mid-Range","Left Side Center(LC)","16-24 ft.",16,-90,141,1,0],["0020500996",264,3,6,18,"Made Shot","Layup Shot","2PT Field Goal","Restricted Area","Center(C)","Less Than 8 ft.",0,0,0,1,1],["0020501041",454,4,0,35,"Made Shot","Layup Shot","2PT Field Goal","Restricted Area","Center(C)","Less Than 8 ft.",0,0,0,1,1],["0020501201",174,2,6,31,"Missed Shot","Jump Shot","2PT Field Goal","Mid-Range","Right Side(R)","16-24 ft.",17,171,31,1,0],["0020501201",182,2,5,51,"Missed Shot","Jump Shot","2PT Field Goal","In The Paint (Non-RA)","Center(C)","Less Than 8 ft.",4,39,13,1,0],["0020501201",234,2,1,55,"Made Shot","Layup Shot","2PT Field Goal","Restricted Area","Center(C)","Less Than 8 ft.",0,0,0,1,1],["0020501201",365,3,0,6,"Missed Shot","Tip Shot","2PT Field Goal","Restricted Area","Center(C)","Less Than 8 ft.",0,0,0,1,0],["0020501201",387,4,9,48,"Missed Shot","Layup Shot","2PT Field Goal","Restricted Area","Center(C)","Less Than 8 ft.",0,0,0,1,0],["0020501215",198,2,1,25,"Missed Shot","Turnaround Jump Shot","2PT Field Goal","Mid-Range","Left Side(L)","8-16 ft.",13,-130,8,1,0],["0020501215",382,4,4,55,"Made Shot","Jump Bank Shot","2PT Field Goal","In The Paint (Non-RA)","Center(C)","Less Than 8 ft.",7,66,38,1,1],["0020501215",405,4,2,51,"Made Shot","Turnaround Jump Shot","2PT Field Goal","Mid-Range","Right Side(R)","8-16 ft.",11,113,5,1,1],["0020501215",415,4,1,29,"Missed Shot","Jump Shot","2PT Field Goal","Mid-Range","Left Side Center(LC)","16-24 ft.",21,-87,194,1,0],["0020501215",446,4,0,0,"Missed Shot","Jump Shot","3PT Field Goal","Above the Break 3","Left Side Center(LC)","24+ ft.",25,-100,237,1,0],["0020501226",15,1,9,34,"Made Shot","Jump Shot","2PT Field Goal","Mid-Range","Right Side(R)","8-16 ft.",14,136,45,1,1],["0020501226",48,1,5,27,"Missed Shot","Jump Shot","2PT Field Goal","In The Paint (Non-RA)","Center(C)","Less Than 8 ft.",7,71,20,1,0],["0020501226",50,1,5,15,"Made Shot","Jump Shot","2PT Field Goal","Mid-Range","Right Side(R)","8-16 ft.",13,138,13,1,1],["0020501226",56,1,3,52,"Missed Shot","Turnaround Jump Shot","2PT Field Goal","Mid-Range","Left Side(L)","8-16 ft.",10,-107,12,1,0],["0020501226",82,1,0,48,"Missed Shot","Jump Shot","2PT Field Goal","In The Paint (Non-RA)","Center(C)","Less Than 8 ft.",7,-74,10,1,0],["0020501226",238,3,11,6,"Missed Shot","Jump Shot","2PT Field Goal","Mid-Range","Center(C)","16-24 ft.",19,31,194,1,0],["0020501226",251,3,9,32,"Missed Shot","Turnaround Jump Shot","2PT Field Goal","Mid-Range","Right Side(R)","8-16 ft.",14,144,0,1,0],["0020501226",289,3,5,8,"Missed Shot","Turnaround Jump Shot","2PT Field Goal","In The Paint (Non-RA)","Center(C)","Less Than 8 ft.",5,-48,17,1,0]]}},"GameList":{"20500996":[101238,"0020500996","03/21/2006","LAC","Clippers","NOK","Hornets",0,2,1,1,0,0,2,1,0,0,0],"20500696":[101238,"0020500696","02/05/2006","LAC","Clippers","TOR","Raptors",0,0,0,0,0,0,0,0,0,0,0],"20500990":[101238,"0020500990","03/20/2006","LAC","Clippers","HOU","Rockets",0,0,0,1,0,0,1,0,0,1,0],"20500362":[101238,"0020500362","12/21/2005","LAC","Clippers","IND","Pacers",0,2,1,2,0,0,0,0,0,0,0],"20500716":[101238,"0020500716","02/08/2006","LAC","Clippers","DET","Pistons",0,2,1,2,0,0,2,0,0,0,1],"20500531":[101238,"0020500531","01/14/2006","LAC","Clippers","SEA","SuperSonics",1,2,1,2,0,0,2,0,0,0,1],"20501226":[101238,"0020501226","04/19/2006","LAC","Clippers","DAL","Mavericks",1,4,2,8,0,0,2,0,0,0,7],"20501201":[101238,"0020501201","04/16/2006","LAC","Clippers","SEA","SuperSonics",2,2,1,5,0,0,2,0,0,3,7],"20501041":[101238,"0020501041","03/26/2006","LAC","Clippers","POR","Trail Blazers",0,2,1,1,0,0,0,0,0,0,0],"20500628":[101238,"0020500628","01/27/2006","LAC","Clippers","DEN","Nuggets",0,0,0,0,0,0,0,1,0,0,0],"20500649":[101238,"0020500649","01/30/2006","LAC","Clippers","MIA","Heat",0,4,2,4,0,0,0,0,0,0,1],"20500028":[101238,"0020500028","11/04/2005","LAC","Clippers","ATL","Hawks",0,0,0,0,0,0,0,0,0,0,0],"20500940":[101238,"0020500940","03/13/2006","LAC","Clippers","MIN","Timberwolves",0,0,0,0,0,0,0,0,0,0,0],"20500499":[101238,"0020500499","01/10/2006","LAC","Clippers","ORL","Magic",1,6,3,6,0,0,0,2,0,0,3],"20500333":[101238,"0020500333","12/17/2005","LAC","Clippers","HOU","Rockets",0,0,0,0,0,0,0,0,0,0,0],"20500469":[101238,"0020500469","01/06/2006","LAC","Clippers","SAC","Kings",0,0,0,0,0,0,1,0,1,0,0],"20500708":[101238,"0020500708","02/07/2006","LAC","Clippers","NYK","Knicks",0,0,0,0,0,0,0,0,0,0,0],"20500404":[101238,"0020500404","12/27/2005","LAC","Clippers","SAC","Kings",1,6,3,6,0,0,3,0,0,0,6],"20500763":[101238,"0020500763","02/14/2006","LAC","Clippers","HOU","Rockets",0,2,1,4,0,0,4,0,0,0,0],"20501215":[101238,"0020501215","04/18/2006","LAC","Clippers","MEM","Grizzlies",0,6,2,5,0,1,2,0,0,1,1],"20500639":[101238,"0020500639","01/28/2006","LAC","Clippers","DEN","Nuggets",0,4,1,1,0,0,0,0,0,1,4],"20500973":[101238,"0020500973","03/17/2006","LAC","Clippers","PHI","76ers",0,3,1,4,0,0,1,1,1,0,5],"20500853":[101238,"0020500853","03/01/2006","LAC","Clippers","NOK","Hornets",0,3,1,1,0,0,1,0,0,1,1]},"data":[28.0,23,1,6.6,1.0,2.3,0.415,0.0,0.0,0.0,0.3,0.4,0.667,0.7,1.0,1.6,0.3,0.1,0.2,0.3,1.0,2.2],"rank":{"PerGame":[null,null,null,null,null,null,null,null,null,null,null,null,null,null,null,null,null,null,null],"Totals":[400,388,390,null,307,345,null,406,407,null,340,383,377,391,417,311,412,396,392]},"team":"LAC"}},"headerData":["PLAYER_AGE","GP","GS","MIN","FGM","FGA","FG_PCT","FG3M","FG3A","FG3_PCT","FTM","FTA","FT_PCT","OREB","DREB","REB","AST","STL","BLK","TOV","PF","PTS"],"PostSeason":{}}}