{"info":{"FIRST_NAME":"Alexander","LAST_NAME":"Ellis","WEIGHT":"185","COUNTRY":"USA","SCHOOL":"Niagara","BIRTHDATE":"1936-02-11T00:00:00","HEIGHT":"6-5","TO_YEAR":1959,"DLEAGUE":"N","FROM_YEAR":1958,"TEAM":"MNL","PERSON_ID":76658,"SEASON_EXP":1,"POSITION":"Forward","ROSTERSTATUS":"Active","ALL_STAR":0,"PIE":0,"JERSEY":"30"},"career":{"header":["MIN","FGM","FGA","FG_PCT","FG3M","FG3A","FG3_PCT","FTM","FTA","FT_PCT","OREB","DREB","REB","AST","STL","BLK","TOV","PF","PTS"],"RegularSeason":{"PerGame":[15.9,1.9,4.8,0.402,null,null,null,1.3,1.9,0.695,null,null,5.2,0.7,null,null,null,1.7,5.1],"GS":null,"GP":118},"PostSeason":{"PerGame":[18.2,2.3,5.6,0.411,null,null,null,1.4,2.4,0.564,null,null,6.6,1.1,null,null,null,2.3,6.0],"GS":null,"GP":16}},"season":{"headerRank":["RANK_PG_MIN","RANK_PG_FGM","RANK_PG_FGA","RANK_FG_PCT","RANK_PG_FG3M","RANK_PG_FG3A","RANK_FG3_PCT","RANK_PG_FTM","RANK_PG_FTA","RANK_FT_PCT","RANK_PG_OREB","RANK_PG_DREB","RANK_PG_REB","RANK_PG_AST","RANK_PG_STL","RANK_PG_BLK","RANK_PG_TOV","RANK_PG_PTS","RANK_PG_EFF"],"headerGame":["PLAYER_ID","SEASON_YEAR","TOV","PTS","FGM","FG3M","FG3A","PF","BLK","STL","AST","REB"],"RegularSeason":{"1959":{"GameList":{"25900174":[76658,"0025900174","01/16/1960","MNL","Lakers","DET","Pistons",0,3,0,0,0,0,0,0,0,0,0],"25900138":[76658,"0025900138","01/01/1960","MNL","Lakers","SYR","Nationals",0,2,0,0,0,0,0,0,0,0,0],"25900176":[76658,"0025900176","01/17/1960","MNL","Lakers","STL","Hawks",0,4,0,0,0,0,0,0,0,0,0],"25900252":[76658,"0025900252","02/19/1960","MNL","Lakers","STL","Hawks",0,0,0,0,0,0,0,0,0,0,0],"25900035":[76658,"0025900035","11/12/1959","MNL","Lakers","DET","Pistons",0,2,0,0,0,0,0,0,0,0,0],"25900232":[76658,"0025900232","02/10/1960","MNL","Lakers","SYR","Nationals",0,6,0,0,0,0,0,0,0,0,0],"25900012":[76658,"0025900012","10/31/1959","MNL","Lakers","SYR","Nationals",0,6,0,0,0,0,0,0,0,0,0],"25900271":[76658,"0025900271","02/25/1960","MNL","Lakers","CIN","Royals",0,3,0,0,0,0,0,0,0,0,0],"25900133":[76658,"0025900133","12/30/1959","MNL","Lakers","PHW","Warriors",0,6,0,0,0,0,0,0,0,0,0],"25900017":[76658,"0025900017","11/03/1959","MNL","Lakers","NYK","Knicks",0,7,0,0,0,0,0,0,0,0,0],"25900235":[76658,"0025900235","02/11/1960","MNL","Lakers","CIN","Royals",0,0,0,0,0,0,0,0,0,0,0],"25900015":[76658,"0025900015","11/01/1959","MNL","Lakers","STL","Hawks",0,2,0,0,0,0,0,0,0,0,0],"25900111":[76658,"0025900111","12/19/1959","MNL","Lakers","CIN","Royals",0,2,0,0,0,0,0,0,0,0,0],"25900255":[76658,"0025900255","02/20/1960","MNL","Lakers","PHW","Warriors",0,4,0,0,0,0,0,0,0,0,0],"25900171":[76658,"0025900171","01/15/1960","MNL","Lakers","CIN","Royals",0,8,0,0,0,0,0,0,0,0,0],"25900283":[76658,"0025900283","03/02/1960","MNL","Lakers","NYK","Knicks",0,17,0,0,0,0,0,0,0,0,0],"25900281":[76658,"0025900281","03/01/1960","MNL","Lakers","STL","Hawks",0,0,0,0,0,0,0,0,0,0,0],"25900228":[76658,"0025900228","02/09/1960","MNL","Lakers","BOS","Celtics",0,6,0,0,0,0,0,0,0,0,0],"25900285":[76658,"0025900285","03/03/1960","MNL","Lakers","CIN","Royals",0,4,0,0,0,0,0,0,0,0,0],"25900185":[76658,"0025900185","01/23/1960","MNL","Lakers","NYK","Knicks",0,2,0,0,0,0,0,0,0,0,0],"25900300":[76658,"0025900300","03/10/1960","MNL","Lakers","NYK","Knicks",0,6,0,0,0,0,0,0,0,0,0],"25900272":[76658,"0025900272","02/26/1960","MNL","Lakers","BOS","Celtics",0,10,0,0,0,0,0,0,0,0,0],"25900207":[76658,"0025900207","02/01/1960","MNL","Lakers","PHW","Warriors",0,0,0,0,0,0,0,0,0,0,0],"25900224":[76658,"0025900224","02/07/1960","MNL","Lakers","DET","Pistons",0,0,0,0,0,0,0,0,0,0,0],"25900263":[76658,"0025900263","02/23/1960","MNL","Lakers","NYK","Knicks",0,2,0,0,0,0,0,0,0,0,0],"25900260":[76658,"0025900260","02/21/1960","MNL","Lakers","STL","Hawks",0,0,0,0,0,0,0,0,0,0,0],"25900247":[76658,"0025900247","02/17/1960","MNL","Lakers","STL","Hawks",0,6,0,0,0,0,0,0,0,0,0],"25900002":[76658,"0025900002","10/18/1959","MNL","Lakers","DET","Pistons",0,3,0,0,0,0,0,0,0,0,0],"25900025":[76658,"0025900025","11/08/1959","MNL","Lakers","BOS","Celtics",0,0,0,0,0,0,0,0,0,0,0],"25900022":[76658,"0025900022","11/07/1959","MNL","Lakers","DET","Pistons",0,0,0,0,0,0,0,0,0,0,0],"25900243":[76658,"0025900243","02/16/1960","MNL","Lakers","BOS","Celtics",0,7,0,0,0,0,0,0,0,0,0],"25900240":[76658,"0025900240","02/14/1960","MNL","Lakers","SYR","Nationals",0,5,0,0,0,0,0,0,0,0,0],"25900135":[76658,"0025900135","12/31/1959","MNL","Lakers","NYK","Knicks",0,0,0,0,0,0,0,0,0,0,0],"25900020":[76658,"0025900020","11/06/1959","MNL","Lakers","DET","Pistons",0,2,0,0,0,0,0,0,0,0,0],"25900168":[76658,"0025900168","01/14/1960","MNL","Lakers","NYK","Knicks",0,4,0,0,0,0,0,0,0,0,0],"25900267":[76658,"0025900267","02/24/1960","MNL","Lakers","BOS","Celtics",0,10,0,0,0,0,0,0,0,0,0],"25900006":[76658,"0025900006","10/24/1959","MNL","Lakers","STL","Hawks",0,4,0,0,0,0,0,0,0,0,0],"25900122":[76658,"0025900122","12/25/1959","MNL","Lakers","STL","Hawks",0,1,0,0,0,0,0,0,0,0,0],"25900294":[76658,"0025900294","03/06/1960","MNL","Lakers","CIN","Royals",0,14,0,0,0,0,0,0,0,0,0],"25900290":[76658,"0025900290","03/05/1960","MNL","Lakers","STL","Hawks",0,3,0,0,0,0,0,0,0,0,0],"25900298":[76658,"0025900298","03/09/1960","MNL","Lakers","DET","Pistons",0,9,0,0,0,0,0,0,0,0,0],"25900007":[76658,"0025900007","10/25/1959","MNL","Lakers","CIN","Royals",0,2,0,0,0,0,0,0,0,0,0],"25900217":[76658,"0025900217","02/05/1960","MNL","Lakers","STL","Hawks",0,2,0,0,0,0,0,0,0,0,0],"25900157":[76658,"0025900157","01/09/1960","MNL","Lakers","CIN","Royals",0,4,0,0,0,0,0,0,0,0,0],"25900212":[76658,"0025900212","02/03/1960","MNL","Lakers","BOS","Celtics",0,2,0,0,0,0,0,0,0,0,0]},"data":[24.0,46,null,14.6,1.4,4.0,0.346,null,null,null,1.1,1.7,0.671,null,null,5.1,0.6,null,null,null,1.4,3.9],"rank":{"PerGame":[null,null,null,null,null,null,null,null,null,null,null,null,null,null,null,null,null,null,null],"Totals":[74,80,78,null,null,null,null,75,75,null,null,null,61,81,null,null,null,78,1]},"team":"MNL"},"1958":{"GameList":{"25800090":[76658,"0025800090","12/11/1958","MNL","Lakers","SYR","Nationals",0,2,0,0,0,0,0,0,0,0,0],"25800102":[76658,"0025800102","12/18/1958","MNL","Lakers","DET","Pistons",0,0,0,0,0,0,0,0,0,0,0],"25800107":[76658,"0025800107","12/20/1958","MNL","Lakers","PHW","Warriors",0,0,0,0,0,0,0,0,0,0,0],"25800096":[76658,"0025800096","12/14/1958","MNL","Lakers","NYK","Knicks",0,7,0,0,0,0,0,0,0,0,0],"25800242":[76658,"0025800242","02/20/1959","MNL","Lakers","NYK","Knicks",0,12,0,0,0,0,0,0,0,0,0],"25800267":[76658,"0025800267","03/03/1959","MNL","Lakers","BOS","Celtics",0,4,0,0,0,0,0,0,0,0,0],"25800265":[76658,"0025800265","03/01/1959","MNL","Lakers","PHW","Warriors",0,1,0,0,0,0,0,0,0,0,0],"25800127":[76658,"0025800127","01/01/1959","MNL","Lakers","SYR","Nationals",0,2,0,0,0,0,0,0,0,0,0],"25800077":[76658,"0025800077","12/06/1958","MNL","Lakers","CIN","Royals",0,10,0,0,0,0,0,0,0,0,0],"25800122":[76658,"0025800122","12/29/1958","MNL","Lakers","PHW","Warriors",0,0,0,0,0,0,0,0,0,0,0],"25800123":[76658,"0025800123","12/30/1958","MNL","Lakers","SYR","Nationals",0,8,0,0,0,0,0,0,0,0,0],"25800146":[76658,"0025800146","01/08/1959","MNL","Lakers","STL","Hawks",0,4,0,0,0,0,0,0,0,0,0],"25800161":[76658,"0025800161","01/15/1959","MNL","Lakers","SYR","Nationals",0,5,0,0,0,0,0,0,0,0,0],"25800221":[76658,"0025800221","02/10/1959","MNL","Lakers","CIN","Royals",0,4,0,0,0,0,0,0,0,0,0],"25800189":[76658,"0025800189","01/28/1959","MNL","Lakers","SYR","Nationals",0,0,0,0,0,0,0,0,0,0,0],"25800164":[76658,"0025800164","01/16/1959","MNL","Lakers","CIN","Royals",0,6,0,0,0,0,0,0,0,0,0],"25800143":[76658,"0025800143","01/07/1959","MNL","Lakers","STL","Hawks",0,1,0,0,0,0,0,0,0,0,0],"25800225":[76658,"0025800225","02/12/1959","MNL","Lakers","CIN","Royals",0,0,0,0,0,0,0,0,0,0,0],"25800141":[76658,"0025800141","01/06/1959","MNL","Lakers","STL","Hawks",0,2,0,0,0,0,0,0,0,0,0],"25800010":[76658,"0025800010","10/29/1958","MNL","Lakers","STL","Hawks",0,10,0,0,0,0,0,0,0,0,0],"25800278":[76658,"0025800278","03/06/1959","MNL","Lakers","DET","Pistons",0,12,0,0,0,0,0,0,0,0,0],"25800229":[76658,"0025800229","02/14/1959","MNL","Lakers","STL","Hawks",0,9,0,0,0,0,0,0,0,0,0],"25800013":[76658,"0025800013","11/01/1958","MNL","Lakers","STL","Hawks",0,7,0,0,0,0,0,0,0,0,0],"25800030":[76658,"0025800030","11/13/1958","MNL","Lakers","DET","Pistons",0,5,0,0,0,0,0,0,0,0,0],"25800283":[76658,"0025800283","03/08/1959","MNL","Lakers","STL","Hawks",0,10,0,0,0,0,0,0,0,0,0],"25800035":[76658,"0025800035","11/15/1958","MNL","Lakers","PHW","Warriors",0,0,0,0,0,0,0,0,0,0,0],"25800113":[76658,"0025800113","12/26/1958","MNL","Lakers","BOS","Celtics",0,5,0,0,0,0,0,0,0,0,0],"25800156":[76658,"0025800156","01/13/1959","MNL","Lakers","STL","Hawks",0,18,0,0,0,0,0,0,0,0,0],"25800288":[76658,"0025800288","03/11/1959","MNL","Lakers","DET","Pistons",0,2,0,0,0,0,0,0,0,0,0],"25800052":[76658,"0025800052","11/24/1958","MNL","Lakers","BOS","Celtics",0,9,0,0,0,0,0,0,0,0,0],"25800002":[76658,"0025800002","10/22/1958","MNL","Lakers","CIN","Royals",0,6,0,0,0,0,0,0,0,0,0],"25800049":[76658,"0025800049","11/23/1958","MNL","Lakers","DET","Pistons",0,1,0,0,0,0,0,0,0,0,0],"25800224":[76658,"0025800224","02/11/1959","MNL","Lakers","CIN","Royals",0,0,0,0,0,0,0,0,0,0,0],"25800258":[76658,"0025800258","02/27/1959","MNL","Lakers","BOS","Celtics",0,12,0,0,0,0,0,0,0,0,0],"25800083":[76658,"0025800083","12/09/1958","MNL","Lakers","NYK","Knicks",0,8,0,0,0,0,0,0,0,0,0],"25800111":[76658,"0025800111","12/25/1958","MNL","Lakers","DET","Pistons",0,2,0,0,0,0,0,0,0,0,0],"25800068":[76658,"0025800068","11/30/1958","MNL","Lakers","CIN","Royals",0,4,0,0,0,0,0,0,0,0,0],"25800254":[76658,"0025800254","02/25/1959","MNL","Lakers","CIN","Royals",0,13,0,0,0,0,0,0,0,0,0],"25800155":[76658,"0025800155","01/12/1959","MNL","Lakers","BOS","Celtics",0,0,0,0,0,0,0,0,0,0,0],"25800137":[76658,"0025800137","01/05/1959","MNL","Lakers","BOS","Celtics",0,5,0,0,0,0,0,0,0,0,0],"25800275":[76658,"0025800275","03/05/1959","MNL","Lakers","NYK","Knicks",0,16,0,0,0,0,0,0,0,0,0],"25800135":[76658,"0025800135","01/04/1959","MNL","Lakers","PHW","Warriors",0,6,0,0,0,0,0,0,0,0,0],"25800152":[76658,"0025800152","01/11/1959","MNL","Lakers","BOS","Celtics",0,3,0,0,0,0,0,0,0,0,0],"25800270":[76658,"0025800270","03/04/1959","MNL","Lakers","CIN","Royals",0,14,0,0,0,0,0,0,0,0,0],"25800118":[76658,"0025800118","12/27/1958","MNL","Lakers","BOS","Celtics",0,10,0,0,0,0,0,0,0,0,0],"25800063":[76658,"0025800063","11/29/1958","MNL","Lakers","SYR","Nationals",0,3,0,0,0,0,0,0,0,0,0],"25800130":[76658,"0025800130","01/02/1959","MNL","Lakers","NYK","Knicks",0,4,0,0,0,0,0,0,0,0,0],"25800217":[76658,"0025800217","02/09/1959","MNL","Lakers","NYK","Knicks",0,11,0,0,0,0,0,0,0,0,0],"25800232":[76658,"0025800232","02/15/1959","MNL","Lakers","STL","Hawks",0,5,0,0,0,0,0,0,0,0,0],"25800022":[76658,"0025800022","11/08/1958","MNL","Lakers","NYK","Knicks",0,12,0,0,0,0,0,0,0,0,0],"25800212":[76658,"0025800212","02/07/1959","MNL","Lakers","PHW","Warriors",0,0,0,0,0,0,0,0,0,0,0],"25800261":[76658,"0025800261","02/28/1959","MNL","Lakers","NYK","Knicks",0,2,0,0,0,0,0,0,0,0,0],"25800236":[76658,"0025800236","02/17/1959","MNL","Lakers","DET","Pistons",0,2,0,0,0,0,0,0,0,0,0],"25800026":[76658,"0025800026","11/09/1958","MNL","Lakers","SYR","Nationals",0,10,0,0,0,0,0,0,0,0,0],"25800028":[76658,"0025800028","11/11/1958","MNL","Lakers","BOS","Celtics",0,0,0,0,0,0,0,0,0,0,0],"25800182":[76658,"0025800182","01/25/1959","MNL","Lakers","PHW","Warriors",0,8,0,0,0,0,0,0,0,0,0],"25800196":[76658,"0025800196","01/31/1959","MNL","Lakers","STL","Hawks",0,11,0,0,0,0,0,0,0,0,0],"25800007":[76658,"0025800007","10/25/1958","MNL","Lakers","CIN","Royals",0,8,0,0,0,0,0,0,0,0,0],"25800193":[76658,"0025800193","01/30/1959","MNL","Lakers","DET","Pistons",0,0,0,0,0,0,0,0,0,0,0],"25800191":[76658,"0025800191","01/29/1959","MNL","Lakers","SYR","Nationals",0,9,0,0,0,0,0,0,0,0,0],"25800239":[76658,"0025800239","02/18/1959","MNL","Lakers","DET","Pistons",0,8,0,0,0,0,0,0,0,0,0],"25800020":[76658,"0025800020","11/06/1958","MNL","Lakers","PHW","Warriors",0,3,0,0,0,0,0,0,0,0,0],"25800038":[76658,"0025800038","11/16/1958","MNL","Lakers","NYK","Knicks",0,4,0,0,0,0,0,0,0,0,0],"25800045":[76658,"0025800045","11/22/1958","MNL","Lakers","STL","Hawks",0,7,0,0,0,0,0,0,0,0,0],"25800062":[76658,"0025800062","11/28/1958","MNL","Lakers","CIN","Royals",0,7,0,0,0,0,0,0,0,0,0],"25800215":[76658,"0025800215","02/08/1959","MNL","Lakers","DET","Pistons",0,9,0,0,0,0,0,0,0,0,0],"25800055":[76658,"0025800055","11/25/1958","MNL","Lakers","DET","Pistons",0,8,0,0,0,0,0,0,0,0,0],"25800170":[76658,"0025800170","01/18/1959","MNL","Lakers","PHW","Warriors",0,2,0,0,0,0,0,0,0,0,0],"25800248":[76658,"0025800248","02/22/1959","MNL","Lakers","STL","Hawks",0,9,0,0,0,0,0,0,0,0,0],"25800119":[76658,"0025800119","12/28/1958","MNL","Lakers","CIN","Royals",0,11,0,0,0,0,0,0,0,0,0],"25800008":[76658,"0025800008","10/26/1958","MNL","Lakers","DET","Pistons",0,10,0,0,0,0,0,0,0,0,0],"25800042":[76658,"0025800042","11/20/1958","MNL","Lakers","SYR","Nationals",0,10,0,0,0,0,0,0,0,0,0]},"data":[23.0,72,null,16.7,2.3,5.3,0.43,null,null,null,1.4,2.0,0.708,null,null,5.3,0.8,null,null,null,1.9,5.9],"rank":{"PerGame":[58,59,62,null,null,null,null,54,57,null,null,null,36,59,null,null,null,58,1],"Totals":[57,59,67,null,null,null,null,59,59,null,null,null,36,67,null,null,null,61,1]},"team":"MNL"}},"headerData":["PLAYER_AGE","GP","GS","MIN","FGM","FGA","FG_PCT","FG3M","FG3A","FG3_PCT","FTM","FTA","FT_PCT","OREB","DREB","REB","AST","STL","BLK","TOV","PF","PTS"],"PostSeason":{"1959":{"GameList":{"45900222":[76658,"0045900222","03/13/1960","MNL","Lakers","DET","Pistons",0,4,0,0,0,0,0,0,0,0,0],"45900221":[76658,"0045900221","03/12/1960","MNL","Lakers","DET","Pistons",0,2,0,0,0,0,0,0,0,0,0],"45900311":[76658,"0045900311","03/16/1960","MNL","Lakers","STL","Hawks",0,2,0,0,0,0,0,0,0,0,0]},"data":[24.0,3,null,12.0,0.7,3.3,0.2,null,null,null,1.3,2.7,0.5,null,null,4.0,0.7,null,null,null,1.0,2.7],"rank":{"PerGame":[null,null,null,null,null,null,null,null,null,null,null,null,null,null,null,null,null,null,null],"Totals":[51,55,54,null,null,null,null,44,40,null,null,null,45,48,null,null,null,53,1]},"team":"MNL"},"1958":{"GameList":{"45800412":[76658,"0045800412","04/05/1959","MNL","Lakers","BOS","Celtics",0,8,0,0,0,0,0,0,0,0,0],"45800413":[76658,"0045800413","04/07/1959","MNL","Lakers","BOS","Celtics",0,2,0,0,0,0,0,0,0,0,0],"45800411":[76658,"0045800411","04/04/1959","MNL","Lakers","BOS","Celtics",0,2,0,0,0,0,0,0,0,0,0],"45800414":[76658,"0045800414","04/09/1959","MNL","Lakers","BOS","Celtics",0,2,0,0,0,0,0,0,0,0,0],"45800211":[76658,"0045800211","03/14/1959","MNL","Lakers","DET","Pistons",0,11,0,0,0,0,0,0,0,0,0],"45800212":[76658,"0045800212","03/15/1959","MNL","Lakers","DET","Pistons",0,5,0,0,0,0,0,0,0,0,0],"45800213":[76658,"0045800213","03/18/1959","MNL","Lakers","DET","Pistons",0,12,0,0,0,0,0,0,0,0,0],"45800315":[76658,"0045800315","03/28/1959","MNL","Lakers","STL","Hawks",0,12,0,0,0,0,0,0,0,0,0],"45800314":[76658,"0045800314","03/26/1959","MNL","Lakers","STL","Hawks",0,7,0,0,0,0,0,0,0,0,0],"45800316":[76658,"0045800316","03/29/1959","MNL","Lakers","STL","Hawks",0,12,0,0,0,0,0,0,0,0,0],"45800311":[76658,"0045800311","03/21/1959","MNL","Lakers","STL","Hawks",0,0,0,0,0,0,0,0,0,0,0],"45800313":[76658,"0045800313","03/24/1959","MNL","Lakers","STL","Hawks",0,7,0,0,0,0,0,0,0,0,0],"45800312":[76658,"0045800312","03/22/1959","MNL","Lakers","STL","Hawks",0,8,0,0,0,0,0,0,0,0,0]},"data":[23.0,13,null,19.6,2.7,6.2,0.438,null,null,null,1.4,2.4,0.581,null,null,7.2,1.2,null,null,null,2.6,6.8],"rank":{"PerGame":[38,36,40,null,null,null,null,41,37,null,null,null,19,37,null,null,null,38,1],"Totals":[19,21,22,null,null,null,null,25,21,null,null,null,7,21,null,null,null,22,1]},"team":"MNL"}}}}