{"info":{"FIRST_NAME":"Boris","LAST_NAME":"Nachamkin","WEIGHT":"210","COUNTRY":"USA","SCHOOL":"New York University","BIRTHDATE":"1933-12-06T00:00:00","HEIGHT":"6-6","TO_YEAR":1954,"DLEAGUE":"N","FROM_YEAR":1954,"TEAM":"ROC","PERSON_ID":77682,"SEASON_EXP":0,"POSITION":"Forward","ROSTERSTATUS":"Active","ALL_STAR":0,"PIE":0,"JERSEY":"17"},"career":{"header":["MIN","FGM","FGA","FG_PCT","FG3M","FG3A","FG3_PCT","FTM","FTA","FT_PCT","OREB","DREB","REB","AST","STL","BLK","TOV","PF","PTS"],"RegularSeason":{"PerGame":[9.8,1.0,3.3,0.3,null,null,null,1.3,2.2,0.615,null,null,3.2,0.5,null,null,null,1.0,3.3],"GS":null,"GP":6},"PostSeason":{}},"season":{"headerRank":["RANK_PG_MIN","RANK_PG_FGM","RANK_PG_FGA","RANK_FG_PCT","RANK_PG_FG3M","RANK_PG_FG3A","RANK_FG3_PCT","RANK_PG_FTM","RANK_PG_FTA","RANK_FT_PCT","RANK_PG_OREB","RANK_PG_DREB","RANK_PG_REB","RANK_PG_AST","RANK_PG_STL","RANK_PG_BLK","RANK_PG_TOV","RANK_PG_PTS","RANK_PG_EFF"],"headerGame":["PLAYER_ID","SEASON_YEAR","TOV","PTS","FGM","FG3M","FG3A","PF","BLK","STL","AST","REB"],"RegularSeason":{"1954":{"GameList":{"25400022":[77682,"0025400022","11/16/1954","ROC","Royals","BOS","Celtics",0,0,0,0,0,0,0,0,0,0,0],"25400016":[77682,"0025400016","11/11/1954","ROC","Royals","NYK","Knicks",0,2,0,0,0,0,0,0,0,0,0],"25400017":[77682,"0025400017","11/13/1954","ROC","Royals","FTW","Pistons",0,2,0,0,0,0,0,0,0,0,0],"25400011":[77682,"0025400011","11/07/1954","ROC","Royals","FTW","Pistons",0,3,0,0,0,0,0,0,0,0,0],"25400001":[77682,"0025400001","10/30/1954","ROC","Royals","BOS","Celtics",0,11,0,0,0,0,0,0,0,0,0],"25400013":[77682,"0025400013","11/10/1954","ROC","Royals","MIH","Hawks",0,2,0,0,0,0,0,0,0,0,0]},"data":[21.0,6,null,9.8,1.0,3.3,0.3,null,null,null,1.3,2.2,0.615,null,null,3.2,0.5,null,null,null,1.0,3.3],"rank":{"PerGame":[null,null,null,null,null,null,null,null,null,null,null,null,null,null,null,null,null,null,null],"Totals":[92,92,92,null,null,null,null,90,89,null,null,null,88,98,null,null,null,89,1]},"team":"ROC"}},"headerData":["PLAYER_AGE","GP","GS","MIN","FGM","FGA","FG_PCT","FG3M","FG3A","FG3_PCT","FTM","FTA","FT_PCT","OREB","DREB","REB","AST","STL","BLK","TOV","PF","PTS"],"PostSeason":{}}}