{"info":{"FIRST_NAME":"Brady","LAST_NAME":"Walker","WEIGHT":"205","COUNTRY":"USA","SCHOOL":"Brigham Young","BIRTHDATE":"1921-03-15T00:00:00","HEIGHT":"6-6","TO_YEAR":1951,"DLEAGUE":"N","FROM_YEAR":1948,"TEAM":"BAL","PERSON_ID":78434,"SEASON_EXP":3,"POSITION":"Forward","ROSTERSTATUS":"Active","ALL_STAR":0,"PIE":0,"JERSEY":""},"career":{"header":["MIN","FGM","FGA","FG_PCT","FG3M","FG3A","FG3_PCT","FTM","FTA","FT_PCT","OREB","DREB","REB","AST","STL","BLK","TOV","PF","PTS"],"RegularSeason":{"PerGame":[3.1,3.0,7.8,0.38,null,null,null,1.1,1.8,0.633,null,null,2.4,1.4,null,null,null,1.4,7.0],"GS":null,"GP":228},"PostSeason":{}},"season":{"headerRank":["RANK_PG_MIN","RANK_PG_FGM","RANK_PG_FGA","RANK_FG_PCT","RANK_PG_FG3M","RANK_PG_FG3A","RANK_FG3_PCT","RANK_PG_FTM","RANK_PG_FTA","RANK_FT_PCT","RANK_PG_OREB","RANK_PG_DREB","RANK_PG_REB","RANK_PG_AST","RANK_PG_STL","RANK_PG_BLK","RANK_PG_TOV","RANK_PG_PTS","RANK_PG_EFF"],"headerGame":["PLAYER_ID","SEASON_YEAR","TOV","PTS","FGM","FG3M","FG3A","PF","BLK","STL","AST","REB"],"RegularSeason":{"1948":{"GameList":{"24800352":[78434,"0024800352","03/17/1949","PRO","Steamrollers","FTW","Pistons",0,13,0,0,0,0,0,0,0,0,0],"24800179":[78434,"0024800179","01/11/1949","PRO","Steamrollers","JET","Jets",0,11,0,0,0,0,0,0,0,0,0],"24800266":[78434,"0024800266","02/12/1949","PRO","Steamrollers","JET","Jets",0,11,0,0,0,0,0,0,0,0,0],"24800141":[78434,"0024800141","12/29/1948","PRO","Steamrollers","BAL","Bullets",0,8,0,0,0,0,0,0,0,0,0],"24800264":[78434,"0024800264","02/11/1949","PRO","Steamrollers","BOS","Celtics",0,14,0,0,0,0,0,0,0,0,0],"24800197":[78434,"0024800197","01/18/1949","PRO","Steamrollers","PHW","Warriors",0,3,0,0,0,0,0,0,0,0,0],"24800301":[78434,"0024800301","02/26/1949","PRO","Steamrollers","BOM","Bombers",0,11,0,0,0,0,0,0,0,0,0],"24800245":[78434,"0024800245","02/05/1949","PRO","Steamrollers","CHS","Stags",0,3,0,0,0,0,0,0,0,0,0],"24800171":[78434,"0024800171","01/08/1949","PRO","Steamrollers","BOS","Celtics",0,19,0,0,0,0,0,0,0,0,0],"24800349":[78434,"0024800349","03/16/1949","PRO","Steamrollers","BOM","Bombers",0,4,0,0,0,0,0,0,0,0,0],"24800022":[78434,"0024800022","11/11/1948","PRO","Steamrollers","FTW","Pistons",0,12,0,0,0,0,0,0,0,0,0],"24800322":[78434,"0024800322","03/06/1949","PRO","Steamrollers","MNL","Lakers",0,16,0,0,0,0,0,0,0,0,0],"24800089":[78434,"0024800089","12/07/1948","PRO","Steamrollers","ROC","Royals",0,0,0,0,0,0,0,0,0,0,0],"24800327":[78434,"0024800327","03/09/1949","PRO","Steamrollers","FTW","Pistons",0,6,0,0,0,0,0,0,0,0,0],"24800065":[78434,"0024800065","11/27/1948","PRO","Steamrollers","BAL","Bullets",0,10,0,0,0,0,0,0,0,0,0],"24800152":[78434,"0024800152","01/01/1949","PRO","Steamrollers","JET","Jets",0,8,0,0,0,0,0,0,0,0,0],"24800041":[78434,"0024800041","11/18/1948","PRO","Steamrollers","ROC","Royals",0,1,0,0,0,0,0,0,0,0,0],"24800208":[78434,"0024800208","01/22/1949","PRO","Steamrollers","BAL","Bullets",0,2,0,0,0,0,0,0,0,0,0],"24800194":[78434,"0024800194","01/16/1949","PRO","Steamrollers","FTW","Pistons",0,8,0,0,0,0,0,0,0,0,0],"24800113":[78434,"0024800113","12/16/1948","PRO","Steamrollers","FTW","Pistons",0,0,0,0,0,0,0,0,0,0,0],"24800158":[78434,"0024800158","01/04/1949","PRO","Steamrollers","CHS","Stags",0,22,0,0,0,0,0,0,0,0,0],"24800084":[78434,"0024800084","12/04/1948","PRO","Steamrollers","BOS","Celtics",0,2,0,0,0,0,0,0,0,0,0],"24800131":[78434,"0024800131","12/25/1948","PRO","Steamrollers","BAL","Bullets",0,10,0,0,0,0,0,0,0,0,0],"24800004":[78434,"0024800004","11/04/1948","PRO","Steamrollers","WAS","Capitols",0,7,0,0,0,0,0,0,0,0,0],"24800343":[78434,"0024800343","03/15/1949","PRO","Steamrollers","JET","Jets",0,8,0,0,0,0,0,0,0,0,0],"24800148":[78434,"0024800148","12/31/1948","PRO","Steamrollers","BOS","Celtics",0,4,0,0,0,0,0,0,0,0,0],"24800284":[78434,"0024800284","02/19/1949","PRO","Steamrollers","MNL","Lakers",0,6,0,0,0,0,0,0,0,0,0],"24800324":[78434,"0024800324","03/08/1949","PRO","Steamrollers","CHS","Stags",0,4,0,0,0,0,0,0,0,0,0],"24800117":[78434,"0024800117","12/18/1948","PRO","Steamrollers","PHW","Warriors",0,20,0,0,0,0,0,0,0,0,0],"24800189":[78434,"0024800189","01/15/1949","PRO","Steamrollers","BOM","Bombers",0,7,0,0,0,0,0,0,0,0,0],"24800183":[78434,"0024800183","01/12/1949","PRO","Steamrollers","MNL","Lakers",0,6,0,0,0,0,0,0,0,0,0],"24800058":[78434,"0024800058","11/25/1948","PRO","Steamrollers","BOM","Bombers",0,2,0,0,0,0,0,0,0,0,0],"24800016":[78434,"0024800016","11/09/1948","PRO","Steamrollers","PHW","Warriors",0,5,0,0,0,0,0,0,0,0,0],"24800012":[78434,"0024800012","11/06/1948","PRO","Steamrollers","PHW","Warriors",0,8,0,0,0,0,0,0,0,0,0],"24800165":[78434,"0024800165","01/06/1949","PRO","Steamrollers","CHS","Stags",0,2,0,0,0,0,0,0,0,0,0],"24800256":[78434,"0024800256","02/08/1949","PRO","Steamrollers","ROC","Royals",0,5,0,0,0,0,0,0,0,0,0],"24800233":[78434,"0024800233","02/01/1949","PRO","Steamrollers","PHW","Warriors",0,8,0,0,0,0,0,0,0,0,0],"24800146":[78434,"0024800146","12/30/1948","PRO","Steamrollers","CHS","Stags",0,16,0,0,0,0,0,0,0,0,0],"24800047":[78434,"0024800047","11/20/1948","PRO","Steamrollers","JET","Jets",0,8,0,0,0,0,0,0,0,0,0],"24800278":[78434,"0024800278","02/17/1949","PRO","Steamrollers","BAL","Bullets",0,14,0,0,0,0,0,0,0,0,0],"24800031":[78434,"0024800031","11/13/1948","PRO","Steamrollers","MNL","Lakers",0,4,0,0,0,0,0,0,0,0,0],"24800072":[78434,"0024800072","11/30/1948","PRO","Steamrollers","NYK","Knicks",0,5,0,0,0,0,0,0,0,0,0],"24800315":[78434,"0024800315","03/03/1949","PRO","Steamrollers","NYK","Knicks",0,10,0,0,0,0,0,0,0,0,0],"24800057":[78434,"0024800057","11/24/1948","PRO","Steamrollers","MNL","Lakers",0,5,0,0,0,0,0,0,0,0,0],"24800075":[78434,"0024800075","12/01/1948","PRO","Steamrollers","WAS","Capitols",0,0,0,0,0,0,0,0,0,0,0],"24800337":[78434,"0024800337","03/12/1949","PRO","Steamrollers","PHW","Warriors",0,9,0,0,0,0,0,0,0,0,0],"24800128":[78434,"0024800128","12/23/1948","PRO","Steamrollers","BOM","Bombers",0,11,0,0,0,0,0,0,0,0,0],"24800219":[78434,"0024800219","01/26/1949","PRO","Steamrollers","NYK","Knicks",0,7,0,0,0,0,0,0,0,0,0],"24800096":[78434,"0024800096","12/09/1948","PRO","Steamrollers","NYK","Knicks",0,6,0,0,0,0,0,0,0,0,0],"24800093":[78434,"0024800093","12/08/1948","PRO","Steamrollers","NYK","Knicks",0,3,0,0,0,0,0,0,0,0,0],"24800319":[78434,"0024800319","03/05/1949","PRO","Steamrollers","ROC","Royals",0,9,0,0,0,0,0,0,0,0,0],"24800227":[78434,"0024800227","01/29/1949","PRO","Steamrollers","BOS","Celtics",0,13,0,0,0,0,0,0,0,0,0],"24800215":[78434,"0024800215","01/25/1949","PRO","Steamrollers","BOS","Celtics",0,10,0,0,0,0,0,0,0,0,0],"24800201":[78434,"0024800201","01/20/1949","PRO","Steamrollers","WAS","Capitols",0,11,0,0,0,0,0,0,0,0,0],"24800293":[78434,"0024800293","02/23/1949","PRO","Steamrollers","WAS","Capitols",0,11,0,0,0,0,0,0,0,0,0],"24800296":[78434,"0024800296","02/24/1949","PRO","Steamrollers","NYK","Knicks",0,14,0,0,0,0,0,0,0,0,0],"24800239":[78434,"0024800239","02/03/1949","PRO","Steamrollers","ROC","Royals",0,20,0,0,0,0,0,0,0,0,0],"24800127":[78434,"0024800127","12/22/1948","PRO","Steamrollers","WAS","Capitols",0,17,0,0,0,0,0,0,0,0,0]},"data":[28.0,59,null,null,3.4,9.4,0.363,null,null,null,1.5,2.6,0.561,null,null,null,1.2,null,null,null,1.7,8.3],"rank":{"PerGame":[null,32,36,null,null,null,null,55,50,null,null,null,16,77,null,null,null,48,null],"Totals":[null,35,47,null,null,null,null,77,64,null,null,null,35,82,null,null,null,45,35]},"team":"PRO"},"1949":{"GameList":{"24900308":[78434,"0024900308","01/17/1950","BOS","Celtics","MNL","Lakers",0,2,0,0,0,0,0,0,0,0,0],"24900012":[78434,"0024900012","11/03/1949","BOS","Celtics","SHE","Redskins",0,4,0,0,0,0,0,0,0,0,0],"24900178":[78434,"0024900178","12/15/1949","BOS","Celtics","BOM","Bombers",0,8,0,0,0,0,0,0,0,0,0],"24900131":[78434,"0024900131","12/03/1949","BOS","Celtics","TCB","Blackhawks",0,6,0,0,0,0,0,0,0,0,0],"24900026":[78434,"0024900026","11/06/1949","BOS","Celtics","WAT","Hawks",0,2,0,0,0,0,0,0,0,0,0],"24900224":[78434,"0024900224","12/26/1949","BOS","Celtics","BAL","Bullets",0,2,0,0,0,0,0,0,0,0,0],"24900036":[78434,"0024900036","11/10/1949","BOS","Celtics","MNL","Lakers",0,4,0,0,0,0,0,0,0,0,0],"24900226":[78434,"0024900226","12/27/1949","BOS","Celtics","NYK","Knicks",0,1,0,0,0,0,0,0,0,0,0],"24900138":[78434,"0024900138","12/04/1949","BOS","Celtics","BOM","Bombers",0,2,0,0,0,0,0,0,0,0,0],"24900389":[78434,"0024900389","02/05/1950","BOS","Celtics","CHS","Stags",0,6,0,0,0,0,0,0,0,0,0],"24900489":[78434,"0024900489","03/01/1950","BOS","Celtics","PHW","Warriors",0,10,0,0,0,0,0,0,0,0,0],"24900057":[78434,"0024900057","11/15/1949","BOS","Celtics","BAL","Bullets",0,13,0,0,0,0,0,0,0,0,0],"24900249":[78434,"0024900249","01/01/1950","BOS","Celtics","FTW","Pistons",0,10,0,0,0,0,0,0,0,0,0],"24900150":[78434,"0024900150","12/08/1949","BOS","Celtics","PHW","Warriors",0,13,0,0,0,0,0,0,0,0,0],"24900074":[78434,"0024900074","11/19/1949","BOS","Celtics","BAL","Bullets",0,16,0,0,0,0,0,0,0,0,0],"24900267":[78434,"0024900267","01/06/1950","BOS","Celtics","BAL","Bullets",0,4,0,0,0,0,0,0,0,0,0],"24900309":[78434,"0024900309","01/18/1950","BOS","Celtics","PHW","Warriors",0,3,0,0,0,0,0,0,0,0,0],"24900321":[78434,"0024900321","01/19/1950","BOS","Celtics","PHW","Warriors",0,12,0,0,0,0,0,0,0,0,0],"24900090":[78434,"0024900090","11/22/1949","BOS","Celtics","TCB","Blackhawks",0,11,0,0,0,0,0,0,0,0,0],"24900158":[78434,"0024900158","12/10/1949","BOS","Celtics","SHE","Redskins",0,15,0,0,0,0,0,0,0,0,0],"24900499":[78434,"0024900499","03/04/1950","BOS","Celtics","WAS","Capitols",0,8,0,0,0,0,0,0,0,0,0],"24900530":[78434,"0024900530","03/11/1950","BOS","Celtics","BAL","Bullets",0,12,0,0,0,0,0,0,0,0,0],"24900194":[78434,"0024900194","12/18/1949","BOS","Celtics","MNL","Lakers",0,9,0,0,0,0,0,0,0,0,0],"24900470":[78434,"0024900470","02/25/1950","BOS","Celtics","BAL","Bullets",0,8,0,0,0,0,0,0,0,0,0],"24900534":[78434,"0024900534","03/12/1950","BOS","Celtics","SYR","Nationals",0,4,0,0,0,0,0,0,0,0,0],"24900418":[78434,"0024900418","02/12/1950","BOS","Celtics","MNL","Lakers",0,0,0,0,0,0,0,0,0,0,0],"24900550":[78434,"0024900550","03/17/1950","BOS","Celtics","NYK","Knicks",0,20,0,0,0,0,0,0,0,0,0],"24900539":[78434,"0024900539","03/14/1950","BOS","Celtics","BOM","Bombers",0,11,0,0,0,0,0,0,0,0,0],"24900463":[78434,"0024900463","02/24/1950","BOS","Celtics","WAS","Capitols",0,0,0,0,0,0,0,0,0,0,0],"24900511":[78434,"0024900511","03/07/1950","BOS","Celtics","WAS","Capitols",0,12,0,0,0,0,0,0,0,0,0],"24900478":[78434,"0024900478","02/27/1950","BOS","Celtics","CHS","Stags",0,4,0,0,0,0,0,0,0,0,0],"24900435":[78434,"0024900435","02/17/1950","BOS","Celtics","ROC","Royals",0,7,0,0,0,0,0,0,0,0,0],"24900406":[78434,"0024900406","02/10/1950","BOS","Celtics","BOM","Bombers",0,2,0,0,0,0,0,0,0,0,0],"24900290":[78434,"0024900290","01/13/1950","BOS","Celtics","CHS","Stags",0,2,0,0,0,0,0,0,0,0,0],"24900394":[78434,"0024900394","02/07/1950","BOS","Celtics","CHS","Stags",0,8,0,0,0,0,0,0,0,0,0],"24900293":[78434,"0024900293","01/14/1950","BOS","Celtics","NYK","Knicks",0,12,0,0,0,0,0,0,0,0,0],"24900049":[78434,"0024900049","11/12/1949","BOS","Celtics","WAS","Capitols",0,20,0,0,0,0,0,0,0,0,0],"24900120":[78434,"0024900120","11/30/1949","BOS","Celtics","SYR","Nationals",0,17,0,0,0,0,0,0,0,0,0],"24900239":[78434,"0024900239","12/30/1949","BOS","Celtics","FTW","Pistons",0,8,0,0,0,0,0,0,0,0,0],"24900378":[78434,"0024900378","02/03/1950","BOS","Celtics","AND","Packers",0,6,0,0,0,0,0,0,0,0,0],"24900354":[78434,"0024900354","01/28/1950","BOS","Celtics","ROC","Royals",0,4,0,0,0,0,0,0,0,0,0],"24900082":[78434,"0024900082","11/20/1949","BOS","Celtics","FTW","Pistons",0,9,0,0,0,0,0,0,0,0,0],"24900350":[78434,"0024900350","01/26/1950","BOS","Celtics","FTW","Pistons",0,9,0,0,0,0,0,0,0,0,0],"24900102":[78434,"0024900102","11/26/1949","BOS","Celtics","NYK","Knicks",0,11,0,0,0,0,0,0,0,0,0],"24900279":[78434,"0024900279","01/10/1950","BOS","Celtics","DN","Nuggets",0,14,0,0,0,0,0,0,0,0,0],"24900062":[78434,"0024900062","11/16/1949","BOS","Celtics","PHW","Warriors",0,14,0,0,0,0,0,0,0,0,0],"24900216":[78434,"0024900216","12/25/1949","BOS","Celtics","ROC","Royals",0,2,0,0,0,0,0,0,0,0,0],"24900143":[78434,"0024900143","12/06/1949","BOS","Celtics","INO","Olympians",0,11,0,0,0,0,0,0,0,0,0],"24900211":[78434,"0024900211","12/22/1949","BOS","Celtics","MNL","Lakers",0,0,0,0,0,0,0,0,0,0,0],"24900212":[78434,"0024900212","12/23/1949","BOS","Celtics","WAS","Capitols",0,3,0,0,0,0,0,0,0,0,0],"24900367":[78434,"0024900367","01/31/1950","BOS","Celtics","ROC","Royals",0,5,0,0,0,0,0,0,0,0,0],"24900069":[78434,"0024900069","11/17/1949","BOS","Celtics","INO","Olympians",0,13,0,0,0,0,0,0,0,0,0],"24900086":[78434,"0024900086","11/21/1949","BOS","Celtics","AND","Packers",0,15,0,0,0,0,0,0,0,0,0],"24900440":[78434,"0024900440","02/18/1950","BOS","Celtics","ROC","Royals",0,8,0,0,0,0,0,0,0,0,0],"24900334":[78434,"0024900334","01/22/1950","BOS","Celtics","BOM","Bombers",0,9,0,0,0,0,0,0,0,0,0],"24900492":[78434,"0024900492","03/02/1950","BOS","Celtics","NYK","Knicks",0,7,0,0,0,0,0,0,0,0,0],"24900542":[78434,"0024900542","03/15/1950","BOS","Celtics","NYK","Knicks",0,6,0,0,0,0,0,0,0,0,0],"24900460":[78434,"0024900460","02/23/1950","BOS","Celtics","PHW","Warriors",0,10,0,0,0,0,0,0,0,0,0],"24900019":[78434,"0024900019","11/05/1949","BOS","Celtics","CHS","Stags",0,5,0,0,0,0,0,0,0,0,0],"24900382":[78434,"0024900382","02/04/1950","BOS","Celtics","WAT","Hawks",0,8,0,0,0,0,0,0,0,0,0],"24900421":[78434,"0024900421","02/14/1950","BOS","Celtics","DN","Nuggets",0,4,0,0,0,0,0,0,0,0,0],"24900525":[78434,"0024900525","03/10/1950","BOS","Celtics","WAS","Capitols",0,12,0,0,0,0,0,0,0,0,0],"24900522":[78434,"0024900522","03/09/1950","BOS","Celtics","ROC","Royals",0,6,0,0,0,0,0,0,0,0,0],"24900425":[78434,"0024900425","02/15/1950","BOS","Celtics","FTW","Pistons",0,4,0,0,0,0,0,0,0,0,0]},"data":[29.0,68,null,null,3.2,8.6,0.374,null,null,null,1.1,1.7,0.632,null,null,null,1.6,null,null,null,1.5,7.5],"rank":{"PerGame":[null,56,60,null,null,null,null,109,105,null,null,null,20,93,null,null,null,75,null],"Totals":[null,51,61,null,null,null,null,138,131,null,null,null,39,86,null,null,null,71,39]},"team":"BOS"},"1951":{"GameList":{"25100088":[78434,"0025100088","12/07/1951","BAL","Bullets","INO","Olympians",0,14,0,0,0,0,0,0,0,0,0],"25100047":[78434,"0025100047","11/20/1951","BAL","Bullets","NYK","Knicks",0,0,0,0,0,0,0,0,0,0,0],"25100081":[78434,"0025100081","12/03/1951","BAL","Bullets","ROC","Royals",0,0,0,0,0,0,0,0,0,0,0],"25100038":[78434,"0025100038","11/17/1951","BAL","Bullets","BOS","Celtics",0,12,0,0,0,0,0,0,0,0,0],"25100076":[78434,"0025100076","12/02/1951","BAL","Bullets","BOS","Celtics",0,6,0,0,0,0,0,0,0,0,0],"25100070":[78434,"0025100070","11/29/1951","BAL","Bullets","MIH","Hawks",0,3,0,0,0,0,0,0,0,0,0],"25100073":[78434,"0025100073","12/01/1951","BAL","Bullets","NYK","Knicks",0,11,0,0,0,0,0,0,0,0,0],"25100155":[78434,"0025100155","01/05/1952","BAL","Bullets","BOS","Celtics",0,4,0,0,0,0,0,0,0,0,0],"25100056":[78434,"0025100056","11/24/1951","BAL","Bullets","PHW","Warriors",0,0,0,0,0,0,0,0,0,0,0],"25100130":[78434,"0025100130","12/26/1951","BAL","Bullets","PHW","Warriors",0,4,0,0,0,0,0,0,0,0,0],"25100010":[78434,"0025100010","11/03/1951","BAL","Bullets","INO","Olympians",0,6,0,0,0,0,0,0,0,0,0],"25100017":[78434,"0025100017","11/05/1951","BAL","Bullets","PHW","Warriors",0,12,0,0,0,0,0,0,0,0,0],"25100113":[78434,"0025100113","12/17/1951","BAL","Bullets","BOS","Celtics",0,12,0,0,0,0,0,0,0,0,0],"25100274":[78434,"0025100274","02/23/1952","BAL","Bullets","SYR","Nationals",0,9,0,0,0,0,0,0,0,0,0],"25100138":[78434,"0025100138","12/30/1951","BAL","Bullets","SYR","Nationals",0,10,0,0,0,0,0,0,0,0,0],"25100294":[78434,"0025100294","03/01/1952","BAL","Bullets","PHW","Warriors",0,2,0,0,0,0,0,0,0,0,0],"25100278":[78434,"0025100278","02/24/1952","BAL","Bullets","ROC","Royals",0,8,0,0,0,0,0,0,0,0,0],"25100118":[78434,"0025100118","12/21/1951","BAL","Bullets","BOS","Celtics",0,4,0,0,0,0,0,0,0,0,0],"25100135":[78434,"0025100135","12/29/1951","BAL","Bullets","INO","Olympians",0,0,0,0,0,0,0,0,0,0,0],"25100198":[78434,"0025100198","01/23/1952","BAL","Bullets","BOS","Celtics",0,0,0,0,0,0,0,0,0,0,0],"25100091":[78434,"0025100091","12/08/1951","BAL","Bullets","MNL","Lakers",0,6,0,0,0,0,0,0,0,0,0],"25100096":[78434,"0025100096","12/09/1951","BAL","Bullets","MIH","Hawks",0,4,0,0,0,0,0,0,0,0,0],"25100283":[78434,"0025100283","02/25/1952","BAL","Bullets","NYK","Knicks",0,4,0,0,0,0,0,0,0,0,0],"25100108":[78434,"0025100108","12/16/1951","BAL","Bullets","ROC","Royals",0,0,0,0,0,0,0,0,0,0,0],"25100064":[78434,"0025100064","11/25/1951","BAL","Bullets","FTW","Pistons",0,4,0,0,0,0,0,0,0,0,0],"25100143":[78434,"0025100143","12/31/1951","BAL","Bullets","FTW","Pistons",0,0,0,0,0,0,0,0,0,0,0],"25100045":[78434,"0025100045","11/18/1951","BAL","Bullets","SYR","Nationals",0,0,0,0,0,0,0,0,0,0,0],"25100046":[78434,"0025100046","11/19/1951","BAL","Bullets","MIH","Hawks",0,3,0,0,0,0,0,0,0,0,0],"25100102":[78434,"0025100102","12/12/1951","BAL","Bullets","MNL","Lakers",0,7,0,0,0,0,0,0,0,0,0],"25100106":[78434,"0025100106","12/15/1951","BAL","Bullets","FTW","Pistons",0,9,0,0,0,0,0,0,0,0,0],"25100262":[78434,"0025100262","02/17/1952","BAL","Bullets","PHW","Warriors",0,11,0,0,0,0,0,0,0,0,0],"25100120":[78434,"0025100120","12/22/1951","BAL","Bullets","MNL","Lakers",0,6,0,0,0,0,0,0,0,0,0],"25100023":[78434,"0025100023","11/10/1951","BAL","Bullets","SYR","Nationals",0,11,0,0,0,0,0,0,0,0,0],"25100030":[78434,"0025100030","11/12/1951","BAL","Bullets","MNL","Lakers",0,4,0,0,0,0,0,0,0,0,0],"25100008":[78434,"0025100008","11/01/1951","BAL","Bullets","ROC","Royals",0,5,0,0,0,0,0,0,0,0,0],"25100269":[78434,"0025100269","02/20/1952","BAL","Bullets","MNL","Lakers",0,11,0,0,0,0,0,0,0,0,0]},"data":[31.0,35,null,20.0,2.5,6.2,0.41,null,null,null,0.7,1.0,0.765,null,null,5.6,1.1,null,null,null,1.1,5.8],"rank":{"PerGame":[null,null,null,null,null,null,null,null,null,null,null,null,null,null,null,null,null,null,null],"Totals":[86,80,86,null,null,null,null,95,99,null,null,null,69,92,null,null,null,86,1]},"team":"BAL"},"1950":{"GameList":{"25000297":[78434,"0025000297","02/22/1951","BAL","Bullets","BOS","Celtics",0,13,0,0,0,0,0,0,0,0,0],"25000259":[78434,"0025000259","02/08/1951","BAL","Bullets","PHW","Warriors",0,0,0,0,0,0,0,0,0,0,0],"25000293":[78434,"0025000293","02/21/1951","BAL","Bullets","PHW","Warriors",0,7,0,0,0,0,0,0,0,0,0],"25000253":[78434,"0025000253","02/06/1951","BAL","Bullets","NYK","Knicks",0,6,0,0,0,0,0,0,0,0,0],"25000117":[78434,"0025000117","12/13/1950","BAL","Bullets","TCB","Blackhawks",0,6,0,0,0,0,0,0,0,0,0],"25000110":[78434,"0025000110","12/10/1950","BAL","Bullets","SYR","Nationals",0,8,0,0,0,0,0,0,0,0,0],"25000038":[78434,"0025000038","11/15/1950","BOS","Celtics","WAS","Capitols",0,3,0,0,0,0,0,0,0,0,0],"25000112":[78434,"0025000112","12/12/1950","BAL","Bullets","ROC","Royals",0,9,0,0,0,0,0,0,0,0,0],"25000238":[78434,"0025000238","01/31/1951","BAL","Bullets","NYK","Knicks",0,3,0,0,0,0,0,0,0,0,0],"25000330":[78434,"0025000330","03/07/1951","BAL","Bullets","PHW","Warriors",0,11,0,0,0,0,0,0,0,0,0],"25000333":[78434,"0025000333","03/08/1951","BAL","Bullets","PHW","Warriors",0,14,0,0,0,0,0,0,0,0,0],"25000013":[78434,"0025000013","11/04/1950","BOS","Celtics","PHW","Warriors",0,2,0,0,0,0,0,0,0,0,0],"25000133":[78434,"0025000133","12/20/1950","BAL","Bullets","MNL","Lakers",0,15,0,0,0,0,0,0,0,0,0],"25000218":[78434,"0025000218","01/23/1951","BAL","Bullets","MNL","Lakers",0,2,0,0,0,0,0,0,0,0,0],"25000350":[78434,"0025000350","03/17/1951","BAL","Bullets","INO","Olympians",0,15,0,0,0,0,0,0,0,0,0],"25000090":[78434,"0025000090","12/03/1950","BAL","Bullets","BOS","Celtics",0,17,0,0,0,0,0,0,0,0,0],"25000172":[78434,"0025000172","01/04/1951","BAL","Bullets","PHW","Warriors",0,14,0,0,0,0,0,0,0,0,0],"25000311":[78434,"0025000311","02/28/1951","BAL","Bullets","TCB","Blackhawks",0,8,0,0,0,0,0,0,0,0,0],"25000234":[78434,"0025000234","01/30/1951","BAL","Bullets","ROC","Royals",0,10,0,0,0,0,0,0,0,0,0],"25000221":[78434,"0025000221","01/24/1951","BAL","Bullets","SYR","Nationals",0,11,0,0,0,0,0,0,0,0,0],"25000097":[78434,"0025000097","12/06/1950","BAL","Bullets","ROC","Royals",0,13,0,0,0,0,0,0,0,0,0],"25000257":[78434,"0025000257","02/07/1951","BAL","Bullets","SYR","Nationals",0,5,0,0,0,0,0,0,0,0,0],"25000317":[78434,"0025000317","03/03/1951","BAL","Bullets","BOS","Celtics",0,4,0,0,0,0,0,0,0,0,0],"25000086":[78434,"0025000086","12/02/1950","BAL","Bullets","SYR","Nationals",0,8,0,0,0,0,0,0,0,0,0],"25000289":[78434,"0025000289","02/20/1951","BAL","Bullets","ROC","Royals",0,4,0,0,0,0,0,0,0,0,0],"25000067":[78434,"0025000067","11/25/1950","BOS","Celtics","ROC","Royals",0,2,0,0,0,0,0,0,0,0,0],"25000181":[78434,"0025000181","01/07/1951","BAL","Bullets","SYR","Nationals",0,7,0,0,0,0,0,0,0,0,0],"25000063":[78434,"0025000063","11/23/1950","BOS","Celtics","TCB","Blackhawks",0,2,0,0,0,0,0,0,0,0,0],"25000047":[78434,"0025000047","11/18/1950","BOS","Celtics","BAL","Bullets",0,3,0,0,0,0,0,0,0,0,0],"25000023":[78434,"0025000023","11/09/1950","BOS","Celtics","MNL","Lakers",0,2,0,0,0,0,0,0,0,0,0],"25000211":[78434,"0025000211","01/20/1951","BAL","Bullets","INO","Olympians",0,8,0,0,0,0,0,0,0,0,0],"25000025":[78434,"0025000025","11/11/1950","BOS","Celtics","WAS","Capitols",0,4,0,0,0,0,0,0,0,0,0],"25000042":[78434,"0025000042","11/16/1950","BOS","Celtics","BAL","Bullets",0,2,0,0,0,0,0,0,0,0,0],"25000245":[78434,"0025000245","02/03/1951","BAL","Bullets","NYK","Knicks",0,0,0,0,0,0,0,0,0,0,0],"25000337":[78434,"0025000337","03/11/1951","BAL","Bullets","NYK","Knicks",0,16,0,0,0,0,0,0,0,0,0],"25000008":[78434,"0025000008","11/02/1950","BOS","Celtics","TCB","Blackhawks",0,2,0,0,0,0,0,0,0,0,0],"25000105":[78434,"0025000105","12/09/1950","BAL","Bullets","PHW","Warriors",0,8,0,0,0,0,0,0,0,0,0],"25000168":[78434,"0025000168","01/03/1951","BAL","Bullets","WAS","Capitols",0,5,0,0,0,0,0,0,0,0,0],"25000345":[78434,"0025000345","03/15/1951","BAL","Bullets","ROC","Royals",0,19,0,0,0,0,0,0,0,0,0],"25000203":[78434,"0025000203","01/17/1951","BAL","Bullets","TCB","Blackhawks",0,4,0,0,0,0,0,0,0,0,0],"25000264":[78434,"0025000264","02/10/1951","BAL","Bullets","BOS","Celtics",0,4,0,0,0,0,0,0,0,0,0],"25000122":[78434,"0025000122","12/16/1950","BAL","Bullets","BOS","Celtics",0,4,0,0,0,0,0,0,0,0,0],"25000300":[78434,"0025000300","02/24/1951","BAL","Bullets","BOS","Celtics",0,15,0,0,0,0,0,0,0,0,0],"25000082":[78434,"0025000082","11/30/1950","BOS","Celtics","WAS","Capitols",0,0,0,0,0,0,0,0,0,0,0],"25000144":[78434,"0025000144","12/25/1950","BAL","Bullets","TCB","Blackhawks",0,4,0,0,0,0,0,0,0,0,0],"25000303":[78434,"0025000303","02/25/1951","BAL","Bullets","FTW","Pistons",0,6,0,0,0,0,0,0,0,0,0],"25000164":[78434,"0025000164","01/01/1951","BAL","Bullets","WAS","Capitols",0,4,0,0,0,0,0,0,0,0,0],"25000226":[78434,"0025000226","01/27/1951","BAL","Bullets","FTW","Pistons",0,11,0,0,0,0,0,0,0,0,0],"25000247":[78434,"0025000247","02/04/1951","BAL","Bullets","FTW","Pistons",0,10,0,0,0,0,0,0,0,0,0],"25000282":[78434,"0025000282","02/17/1951","BAL","Bullets","FTW","Pistons",0,13,0,0,0,0,0,0,0,0,0],"25000279":[78434,"0025000279","02/15/1951","BAL","Bullets","INO","Olympians",0,2,0,0,0,0,0,0,0,0,0],"25000150":[78434,"0025000150","12/27/1950","BAL","Bullets","MNL","Lakers",0,9,0,0,0,0,0,0,0,0,0],"25000194":[78434,"0025000194","01/13/1951","BAL","Bullets","NYK","Knicks",0,3,0,0,0,0,0,0,0,0,0],"25000071":[78434,"0025000071","11/26/1950","BOS","Celtics","NYK","Knicks",0,4,0,0,0,0,0,0,0,0,0],"25000076":[78434,"0025000076","11/28/1950","BOS","Celtics","PHW","Warriors",0,0,0,0,0,0,0,0,0,0,0],"25000196":[78434,"0025000196","01/14/1951","BAL","Bullets","NYK","Knicks",0,1,0,0,0,0,0,0,0,0,0],"25000054":[78434,"0025000054","11/19/1950","BOS","Celtics","WAS","Capitols",0,3,0,0,0,0,0,0,0,0,0],"25000055":[78434,"0025000055","11/21/1950","BOS","Celtics","NYK","Knicks",0,2,0,0,0,0,0,0,0,0,0],"25000155":[78434,"0025000155","12/30/1950","BAL","Bullets","SYR","Nationals",0,2,0,0,0,0,0,0,0,0,0],"25000275":[78434,"0025000275","02/14/1951","BAL","Bullets","MNL","Lakers",0,1,0,0,0,0,0,0,0,0,0],"25000309":[78434,"0025000309","02/27/1951","BAL","Bullets","INO","Olympians",0,9,0,0,0,0,0,0,0,0,0]},"data":[30.0,66,null,0.0,2.5,6.3,0.394,null,null,null,1.1,1.6,0.699,null,null,5.4,1.7,null,null,null,1.2,6.1],"rank":{"PerGame":[null,36,44,null,null,null,null,54,58,null,null,null,33,55,null,null,null,66,null],"Totals":[null,56,63,null,null,null,null,82,82,null,null,null,32,59,null,null,null,65,7]},"team":"BAL"}},"headerData":["PLAYER_AGE","GP","GS","MIN","FGM","FGA","FG_PCT","FG3M","FG3A","FG3_PCT","FTM","FTA","FT_PCT","OREB","DREB","REB","AST","STL","BLK","TOV","PF","PTS"],"PostSeason":{}}}