{"info":{"FIRST_NAME":"Branden","LAST_NAME":"Dawson","WEIGHT":"225","COUNTRY":"United States","SCHOOL":"Michigan State","BIRTHDATE":"1993-02-01T00:00:00","HEIGHT":"6-6","TO_YEAR":2015,"DLEAGUE":"Y","FROM_YEAR":2015,"TEAM":"LAC","PERSON_ID":1626183,"SEASON_EXP":1,"POSITION":"Forward","ROSTERSTATUS":"Active","ALL_STAR":0,"PIE":0,"JERSEY":"22"},"career":{"header":["MIN","FGM","FGA","FG_PCT","FG3M","FG3A","FG3_PCT","FTM","FTA","FT_PCT","OREB","DREB","REB","AST","STL","BLK","TOV","PF","PTS"],"RegularSeason":{"PerGame":[4.8,0.3,0.8,0.4,0.0,0.0,0.0,0.2,0.2,1.0,0.3,0.3,0.7,0.0,0.0,0.2,0.0,0.3,0.8],"GS":0,"GP":6},"PostSeason":{}},"season":{"headerRank":["RANK_PG_MIN","RANK_PG_FGM","RANK_PG_FGA","RANK_FG_PCT","RANK_PG_FG3M","RANK_PG_FG3A","RANK_FG3_PCT","RANK_PG_FTM","RANK_PG_FTA","RANK_FT_PCT","RANK_PG_OREB","RANK_PG_DREB","RANK_PG_REB","RANK_PG_AST","RANK_PG_STL","RANK_PG_BLK","RANK_PG_TOV","RANK_PG_PTS","RANK_PG_EFF"],"headerGame":["PLAYER_ID","GAME_ID","GAME_DATE","TEAM_ABBREVIATION","TEAM_NAME","VS_TEAM_ABBREVIATION","VS_TEAM_NAME","TOV","PTS","FGM","FGA","FG3M","FG3A","PF","BLK","STL","AST","REB"],"RegularSeason":{"2015":{"shotchart":{"Averages":{"header":["SHOT_ZONE_BASIC","SHOT_ZONE_AREA","SHOT_ZONE_RANGE","FGA","FGM","FG_PCT"],"row":[["Above the Break 3","Back Court(BC)","Back Court Shot",59,4,0.068],["Above the Break 3","Center(C)","24+ ft.",10884,3746,0.344],["Above the Break 3","Left Side Center(LC)","24+ ft.",16648,5802,0.349],["Above the Break 3","Right Side Center(RC)","24+ ft.",15837,5597,0.353],["Backcourt","Back Court(BC)","Back Court Shot",440,17,0.039],["In The Paint (Non-RA)","Center(C)","8-16 ft.",6851,2889,0.422],["In The Paint (Non-RA)","Center(C)","Less Than 8 ft.",19352,7561,0.391],["In The Paint (Non-RA)","Left Side(L)","8-16 ft.",2089,842,0.403],["In The Paint (Non-RA)","Right Side(R)","8-16 ft.",1932,799,0.414],["Left Corner 3","Left Side(L)","24+ ft.",7865,2940,0.374],["Mid-Range","Center(C)","16-24 ft.",7324,2897,0.396],["Mid-Range","Center(C)","8-16 ft.",2265,987,0.436],["Mid-Range","Left Side Center(LC)","16-24 ft.",7754,3066,0.395],["Mid-Range","Left Side(L)","16-24 ft.",5452,2173,0.399],["Mid-Range","Left Side(L)","8-16 ft.",7639,3005,0.393],["Mid-Range","Right Side Center(RC)","16-24 ft.",8145,3249,0.399],["Mid-Range","Right Side(R)","16-24 ft.",4924,1996,0.405],["Mid-Range","Right Side(R)","8-16 ft.",7630,3011,0.395],["Restricted Area","Center(C)","Less Than 8 ft.",67444,40634,0.602],["Right Corner 3","Right Side(R)","24+ ft.",7361,2803,0.381]]},"Details":{"header":["GAME_ID","GAME_EVENT_ID","PERIOD","MINUTES_REMAINING","SECONDS_REMAINING","EVENT_TYPE","ACTION_TYPE","SHOT_TYPE","SHOT_ZONE_BASIC","SHOT_ZONE_AREA","SHOT_ZONE_RANGE","SHOT_DISTANCE","LOC_X","LOC_Y","SHOT_ATTEMPTED_FLAG","SHOT_MADE_FLAG"],"row":[["0021500461",530,4,1,45,"Missed Shot","Layup Shot","2PT Field Goal","Restricted Area","Center(C)","Less Than 8 ft.",1,-11,-1,1,0],["0021500505",447,4,6,6,"Made Shot","Floating Jump shot","2PT Field Goal","Restricted Area","Center(C)","Less Than 8 ft.",3,1,36,1,1],["0021500505",475,4,3,31,"Missed Shot","Layup Shot","2PT Field Goal","Restricted Area","Center(C)","Less Than 8 ft.",2,-14,23,1,0],["0021501229",500,4,3,23,"Missed Shot","Jump Shot","2PT Field Goal","In The Paint (Non-RA)","Center(C)","Less Than 8 ft.",7,-7,75,1,0],["0021501229",511,4,2,4,"Made Shot","Running Layup Shot","2PT Field Goal","Restricted Area","Center(C)","Less Than 8 ft.",1,10,-1,1,1]]}},"GameList":{"21500461":[1626183,"0021500461","12/28/2015","LAC","Clippers","WAS","Wizards",0,0,0,1,0,0,2,1,0,0,0],"21500505":[1626183,"0021500505","01/02/2016","LAC","Clippers","PHI","76ers",0,2,1,2,0,0,0,0,0,0,3],"21501229":[1626183,"0021501229","04/13/2016","LAC","Clippers","PHX","Suns",0,3,1,2,0,0,0,0,0,0,0],"21500804":[1626183,"0021500804","02/18/2016","LAC","Clippers","SAS","Spurs",0,0,0,0,0,0,0,0,0,0,0],"21501187":[1626183,"0021501187","04/08/2016","LAC","Clippers","UTA","Jazz",0,0,0,0,0,0,0,0,0,0,0],"21501172":[1626183,"0021501172","04/06/2016","LAC","Clippers","LAL","Lakers",0,0,0,0,0,0,0,0,0,0,1]},"data":[23.0,6,0,4.8,0.3,0.8,0.4,0.0,0.0,0.0,0.2,0.2,1.0,0.3,0.3,0.7,0.0,0.0,0.2,0.0,0.3,0.8],"rank":{"PerGame":[null,null,null,null,null,null,null,null,null,null,null,null,null,null,null,null,null,null,null],"Totals":[461,463,465,null,382,434,null,456,461,null,440,462,457,463,461,419,465,469,459]},"team":"LAC"}},"headerData":["PLAYER_AGE","GP","GS","MIN","FGM","FGA","FG_PCT","FG3M","FG3A","FG3_PCT","FTM","FTA","FT_PCT","OREB","DREB","REB","AST","STL","BLK","TOV","PF","PTS"],"PostSeason":{}}}