{"info":{"FIRST_NAME":"Brandon","LAST_NAME":"Armstrong","WEIGHT":"185","COUNTRY":"USA","SCHOOL":"Pepperdine","BIRTHDATE":"1980-06-16T00:00:00","HEIGHT":"6-5","TO_YEAR":2003,"DLEAGUE":"Y","FROM_YEAR":2001,"TEAM":"NJN","PERSON_ID":2220,"SEASON_EXP":3,"POSITION":"Guard","ROSTERSTATUS":"Active","ALL_STAR":0,"PIE":0,"JERSEY":"1"},"career":{"header":["MIN","FGM","FGA","FG_PCT","FG3M","FG3A","FG3_PCT","FTM","FTA","FT_PCT","OREB","DREB","REB","AST","STL","BLK","TOV","PF","PTS"],"RegularSeason":{"PerGame":[6.4,0.9,2.7,0.352,0.2,0.7,0.333,0.1,0.2,0.6,0.2,0.4,0.6,0.2,0.2,0.0,0.3,0.8,2.2],"GS":0,"GP":108},"PostSeason":{"PerGame":[4.0,0.4,1.5,0.25,0.0,0.1,0.0,0.0,0.0,0.0,0.1,0.1,0.3,0.4,0.1,0.0,0.0,0.5,0.8],"GS":0,"GP":8}},"season":{"headerRank":["RANK_PG_MIN","RANK_PG_FGM","RANK_PG_FGA","RANK_FG_PCT","RANK_PG_FG3M","RANK_PG_FG3A","RANK_FG3_PCT","RANK_PG_FTM","RANK_PG_FTA","RANK_FT_PCT","RANK_PG_OREB","RANK_PG_DREB","RANK_PG_REB","RANK_PG_AST","RANK_PG_STL","RANK_PG_BLK","RANK_PG_TOV","RANK_PG_PTS","RANK_PG_EFF"],"headerGame":["PLAYER_ID","GAME_ID","GAME_DATE","TEAM_ABBREVIATION","TEAM_NAME","VS_TEAM_ABBREVIATION","VS_TEAM_NAME","TOV","PTS","FGM","FGA","FG3M","FG3A","PF","BLK","STL","AST","REB"],"RegularSeason":{"2002":{"shotchart":{"Averages":{"header":["SHOT_ZONE_BASIC","SHOT_ZONE_AREA","SHOT_ZONE_RANGE","FGA","FGM","FG_PCT"],"row":[["Above the Break 3","Back Court(BC)","Back Court Shot",111,5,0.045],["Above the Break 3","Center(C)","24+ ft.",5355,1865,0.348],["Above the Break 3","Left Side Center(LC)","24+ ft.",9882,3416,0.346],["Above the Break 3","Right Side Center(RC)","24+ ft.",9876,3465,0.351],["Backcourt","Back Court(BC)","Back Court Shot",347,6,0.017],["In The Paint (Non-RA)","Center(C)","8-16 ft.",5847,2317,0.396],["In The Paint (Non-RA)","Center(C)","Less Than 8 ft.",18195,7023,0.386],["In The Paint (Non-RA)","Left Side(L)","8-16 ft.",2245,898,0.4],["In The Paint (Non-RA)","Right Side(R)","8-16 ft.",2106,806,0.383],["Left Corner 3","Left Side(L)","24+ ft.",4716,1725,0.366],["Mid-Range","Center(C)","16-24 ft.",6243,2459,0.394],["Mid-Range","Center(C)","8-16 ft.",1977,843,0.426],["Mid-Range","Left Side Center(LC)","16-24 ft.",8973,3467,0.386],["Mid-Range","Left Side(L)","16-24 ft.",10655,4147,0.389],["Mid-Range","Left Side(L)","8-16 ft.",12525,4796,0.383],["Mid-Range","Right Side Center(RC)","16-24 ft.",9880,3878,0.393],["Mid-Range","Right Side(R)","16-24 ft.",9678,3744,0.387],["Mid-Range","Right Side(R)","8-16 ft.",11027,4121,0.374],["Restricted Area","Center(C)","Less Than 8 ft.",57911,34267,0.592],["Right Corner 3","Right Side(R)","24+ ft.",4560,1689,0.37]]},"Details":{"header":["GAME_ID","GAME_EVENT_ID","PERIOD","MINUTES_REMAINING","SECONDS_REMAINING","EVENT_TYPE","ACTION_TYPE","SHOT_TYPE","SHOT_ZONE_BASIC","SHOT_ZONE_AREA","SHOT_ZONE_RANGE","SHOT_DISTANCE","LOC_X","LOC_Y","SHOT_ATTEMPTED_FLAG","SHOT_MADE_FLAG"],"row":[["0020200250",502,4,0,22,"Made Shot","Driving Layup Shot","2PT Field Goal","Restricted Area","Center(C)","Less Than 8 ft.",0,0,0,1,1],["0020200282",385,4,5,7,"Missed Shot","Jump Shot","2PT Field Goal","Mid-Range","Left Side Center(LC)","16-24 ft.",18,-138,127,1,0],["0020200282",389,4,4,49,"Missed Shot","Driving Layup Shot","2PT Field Goal","Restricted Area","Center(C)","Less Than 8 ft.",0,0,0,1,0],["0020200282",402,4,3,57,"Missed Shot","Jump Shot","3PT Field Goal","Above the Break 3","Center(C)","24+ ft.",24,28,247,1,0],["0020200282",429,4,1,22,"Made Shot","Jump Shot","2PT Field Goal","Mid-Range","Center(C)","16-24 ft.",19,5,194,1,1],["0020200282",434,4,0,39,"Missed Shot","Jump Shot","3PT Field Goal","Above the Break 3","Right Side Center(RC)","24+ ft.",24,135,199,1,0],["0020200339",107,2,10,39,"Made Shot","Jump Shot","2PT Field Goal","Mid-Range","Right Side(R)","8-16 ft.",15,133,82,1,1],["0020200339",111,2,10,7,"Missed Shot","Layup Shot","2PT Field Goal","Restricted Area","Center(C)","Less Than 8 ft.",0,0,0,1,0],["0020200339",357,4,10,57,"Missed Shot","Jump Shot","2PT Field Goal","Mid-Range","Left Side(L)","8-16 ft.",15,-103,118,1,0],["0020200339",513,4,0,0,"Missed Shot","Jump Shot","3PT Field Goal","Above the Break 3","Left Side Center(LC)","24+ ft.",26,-232,130,1,0],["0020200349",114,2,10,5,"Missed Shot","Jump Shot","2PT Field Goal","Mid-Range","Right Side(R)","16-24 ft.",21,177,120,1,0],["0020200349",124,2,8,44,"Missed Shot","Jump Shot","2PT Field Goal","Mid-Range","Right Side(R)","16-24 ft.",17,169,-19,1,0],["0020200349",132,2,8,14,"Missed Shot","Jump Shot","3PT Field Goal","Above the Break 3","Right Side Center(RC)","24+ ft.",25,213,135,1,0],["0020200367",494,4,0,45,"Made Shot","Jump Shot","2PT Field Goal","Mid-Range","Right Side(R)","16-24 ft.",18,186,-5,1,1],["0020200397",446,4,3,57,"Missed Shot","Running Jump Shot","2PT Field Goal","In The Paint (Non-RA)","Center(C)","Less Than 8 ft.",7,43,66,1,0],["0020200397",454,4,3,22,"Missed Shot","Jump Shot","2PT Field Goal","Mid-Range","Right Side Center(RC)","16-24 ft.",18,87,164,1,0],["0020200397",495,4,0,48,"Missed Shot","Jump Shot","3PT Field Goal","Right Corner 3","Right Side(R)","24+ ft.",23,230,68,1,0],["0020200403",471,4,1,6,"Made Shot","Jump Shot","2PT Field Goal","Mid-Range","Right Side(R)","16-24 ft.",21,209,36,1,1],["0020200408",450,4,2,34,"Made Shot","Layup Shot","2PT Field Goal","Restricted Area","Center(C)","Less Than 8 ft.",0,0,0,1,1],["0020200605",443,4,0,24,"Missed Shot","Jump Shot","2PT Field Goal","Mid-Range","Right Side Center(RC)","16-24 ft.",20,154,140,1,0],["0020200605",445,4,0,16,"Made Shot","Jump Shot","3PT Field Goal","Above the Break 3","Right Side Center(RC)","24+ ft.",24,215,127,1,1],["0020200605",449,4,0,6,"Made Shot","Jump Shot","2PT Field Goal","Mid-Range","Left Side Center(LC)","16-24 ft.",19,-115,161,1,1],["0020200670",441,4,1,25,"Missed Shot","Jump Shot","2PT Field Goal","Mid-Range","Left Side(L)","16-24 ft.",20,-202,0,1,0],["0020200699",456,4,1,39,"Missed Shot","Jump Shot","2PT Field Goal","Mid-Range","Right Side(R)","16-24 ft.",18,181,0,1,0],["0020201041",369,4,2,20,"Made Shot","Jump Shot","2PT Field Goal","Mid-Range","Left Side Center(LC)","16-24 ft.",20,-67,192,1,1],["0020201180",394,4,2,46,"Missed Shot","Jump Shot","2PT Field Goal","Mid-Range","Right Side Center(RC)","16-24 ft.",17,102,146,1,0],["0020201180",431,4,0,14,"Missed Shot","Jump Shot","2PT Field Goal","In The Paint (Non-RA)","Center(C)","8-16 ft.",14,71,123,1,0]]}},"GameList":{"20200699":[2220,"0020200699","02/05/2003","NJN","Nets","PHI","76ers",0,0,0,1,0,0,0,0,0,0,1],"20200295":[2220,"0020200295","12/09/2002","NJN","Nets","PHX","Suns",0,0,0,0,0,0,2,1,0,0,0],"20200397":[2220,"0020200397","12/23/2002","NJN","Nets","CHI","Bulls",0,0,0,3,0,1,0,0,0,1,0],"20200456":[2220,"0020200456","01/03/2003","NJN","Nets","MIA","Heat",1,0,0,0,0,0,0,0,0,0,0],"20200670":[2220,"0020200670","02/01/2003","NJN","Nets","DET","Pistons",0,0,0,1,0,0,0,0,0,0,0],"20200974":[2220,"0020200974","03/19/2003","NJN","Nets","MIL","Bucks",1,0,0,0,0,0,2,0,0,0,0],"20200605":[2220,"0020200605","01/23/2003","NJN","Nets","GSW","Warriors",0,5,2,3,1,1,0,0,0,0,0],"20201180":[2220,"0020201180","04/16/2003","NJN","Nets","IND","Pacers",0,0,0,2,0,0,0,0,0,0,0],"20200339":[2220,"0020200339","12/15/2002","NJN","Nets","DET","Pistons",1,4,1,4,0,1,2,0,0,0,0],"20200282":[2220,"0020200282","12/07/2002","NJN","Nets","ORL","Magic",0,4,1,5,0,2,1,0,0,0,0],"20200250":[2220,"0020200250","12/03/2002","NJN","Nets","ATL","Hawks",1,3,1,1,0,0,0,0,0,0,1],"20200367":[2220,"0020200367","12/19/2002","NJN","Nets","LAL","Lakers",0,2,1,1,0,0,0,0,0,0,0],"20200408":[2220,"0020200408","12/27/2002","NJN","Nets","MIL","Bucks",1,2,1,1,0,0,0,0,0,0,0],"20200349":[2220,"0020200349","12/17/2002","NJN","Nets","NYK","Knicks",0,0,0,3,0,1,0,0,2,0,0],"20200636":[2220,"0020200636","01/27/2003","NJN","Nets","DEN","Nuggets",0,0,0,0,0,0,0,0,0,1,0],"20201041":[2220,"0020201041","03/28/2003","NJN","Nets","NYK","Knicks",0,2,1,1,0,0,0,0,0,0,0],"20200403":[2220,"0020200403","12/25/2002","NJN","Nets","BOS","Celtics",0,2,1,1,0,0,1,0,1,0,2]},"data":[23.0,17,0,4.1,0.5,1.6,0.333,0.1,0.4,0.167,0.3,0.4,0.833,0.0,0.2,0.2,0.1,0.2,0.1,0.3,0.5,1.4],"rank":{"PerGame":[null,null,null,null,null,null,null,null,null,null,null,null,null,null,null,null,null,null,null],"Totals":[401,387,385,null,248,249,null,373,382,null,416,404,412,404,379,370,394,387,403]},"team":"NJN"},"2003":{"shotchart":{"Averages":{"header":["SHOT_ZONE_BASIC","SHOT_ZONE_AREA","SHOT_ZONE_RANGE","FGA","FGM","FG_PCT"],"row":[["Above the Break 3","Back Court(BC)","Back Court Shot",109,5,0.046],["Above the Break 3","Center(C)","24+ ft.",5386,1801,0.334],["Above the Break 3","Left Side Center(LC)","24+ ft.",10095,3479,0.345],["Above the Break 3","Right Side Center(RC)","24+ ft.",9958,3409,0.342],["Backcourt","Back Court(BC)","Back Court Shot",336,8,0.024],["In The Paint (Non-RA)","Center(C)","8-16 ft.",5626,2199,0.391],["In The Paint (Non-RA)","Center(C)","Less Than 8 ft.",17559,6728,0.383],["In The Paint (Non-RA)","Left Side(L)","8-16 ft.",2169,852,0.393],["In The Paint (Non-RA)","Right Side(R)","8-16 ft.",1981,773,0.39],["Left Corner 3","Left Side(L)","24+ ft.",5069,1919,0.379],["Mid-Range","Center(C)","16-24 ft.",6232,2360,0.379],["Mid-Range","Center(C)","8-16 ft.",1923,771,0.401],["Mid-Range","Left Side Center(LC)","16-24 ft.",8831,3465,0.392],["Mid-Range","Left Side(L)","16-24 ft.",10325,4063,0.394],["Mid-Range","Left Side(L)","8-16 ft.",11556,4314,0.373],["Mid-Range","Right Side Center(RC)","16-24 ft.",9436,3682,0.39],["Mid-Range","Right Side(R)","16-24 ft.",8619,3290,0.382],["Mid-Range","Right Side(R)","8-16 ft.",10735,3904,0.364],["Restricted Area","Center(C)","Less Than 8 ft.",59358,34542,0.582],["Right Corner 3","Right Side(R)","24+ ft.",4499,1691,0.376]]},"Details":{"header":["GAME_ID","GAME_EVENT_ID","PERIOD","MINUTES_REMAINING","SECONDS_REMAINING","EVENT_TYPE","ACTION_TYPE","SHOT_TYPE","SHOT_ZONE_BASIC","SHOT_ZONE_AREA","SHOT_ZONE_RANGE","SHOT_DISTANCE","LOC_X","LOC_Y","SHOT_ATTEMPTED_FLAG","SHOT_MADE_FLAG"],"row":[["0020300022",122,2,10,6,"Missed Shot","Jump Shot","2PT Field Goal","Mid-Range","Left Side(L)","16-24 ft.",17,-176,-16,1,0],["0020300022",124,2,9,50,"Made Shot","Jump Shot","2PT Field Goal","In The Paint (Non-RA)","Center(C)","8-16 ft.",12,3,127,1,1],["0020300022",139,2,8,2,"Missed Shot","Jump Shot","2PT Field Goal","Mid-Range","Right Side Center(RC)","16-24 ft.",21,120,184,1,0],["0020300022",144,2,7,34,"Missed Shot","Jump Shot","2PT Field Goal","Mid-Range","Left Side(L)","16-24 ft.",19,-199,10,1,0],["0020300022",152,2,6,27,"Missed Shot","Jump Shot","2PT Field Goal","In The Paint (Non-RA)","Left Side(L)","8-16 ft.",12,-69,110,1,0],["0020300022",346,4,11,32,"Missed Shot","Jump Shot","3PT Field Goal","Right Corner 3","Right Side(R)","24+ ft.",24,240,0,1,0],["0020300022",434,4,2,11,"Missed Shot","Jump Shot","3PT Field Goal","Above the Break 3","Right Side Center(RC)","24+ ft.",24,95,227,1,0],["0020300022",454,4,0,27,"Made Shot","Jump Shot","2PT Field Goal","Mid-Range","Right Side(R)","16-24 ft.",20,205,-16,1,1],["0020300027",110,2,10,46,"Missed Shot","Jump Shot","2PT Field Goal","Mid-Range","Center(C)","16-24 ft.",19,39,191,1,0],["0020300027",221,2,0,0,"Made Shot","Jump Shot","2PT Field Goal","Mid-Range","Center(C)","16-24 ft.",16,6,166,1,1],["0020300027",418,4,7,5,"Made Shot","Driving Layup Shot","2PT Field Goal","Restricted Area","Center(C)","Less Than 8 ft.",0,1,-5,1,1],["0020300027",422,4,6,19,"Missed Shot","Jump Shot","3PT Field Goal","Above the Break 3","Left Side Center(LC)","24+ ft.",25,-210,141,1,0],["0020300027",424,4,6,5,"Made Shot","Jump Shot","2PT Field Goal","Mid-Range","Left Side(L)","16-24 ft.",18,-186,-36,1,1],["0020300027",432,4,4,56,"Made Shot","Jump Shot","2PT Field Goal","Mid-Range","Left Side(L)","8-16 ft.",14,-87,118,1,1],["0020300027",439,4,3,16,"Made Shot","Jump Shot","2PT Field Goal","Mid-Range","Left Side(L)","16-24 ft.",19,-192,-21,1,1],["0020300027",451,4,1,59,"Made Shot","Jump Shot","3PT Field Goal","Left Corner 3","Left Side(L)","24+ ft.",23,-238,-29,1,1],["0020300027",456,4,1,25,"Missed Shot","Jump Shot","2PT Field Goal","In The Paint (Non-RA)","Center(C)","8-16 ft.",11,49,105,1,0],["0020300027",469,4,0,24,"Missed Shot","Jump Shot","2PT Field Goal","Mid-Range","Center(C)","16-24 ft.",16,21,161,1,0],["0020300049",83,1,0,43,"Missed Shot","Jump Shot","2PT Field Goal","Mid-Range","Left Side(L)","16-24 ft.",17,-158,86,1,0],["0020300049",104,2,10,51,"Missed Shot","Jump Shot","2PT Field Goal","Mid-Range","Right Side Center(RC)","16-24 ft.",18,136,132,1,0],["0020300049",106,2,10,49,"Missed Shot","Layup Shot","2PT Field Goal","Restricted Area","Center(C)","Less Than 8 ft.",0,0,0,1,0],["0020300062",453,4,0,9,"Made Shot","Jump Shot","2PT Field Goal","Mid-Range","Right Side(R)","8-16 ft.",14,144,-3,1,1],["0020300066",109,2,11,8,"Made Shot","Jump Shot","2PT Field Goal","Mid-Range","Left Side(L)","16-24 ft.",21,-214,-6,1,1],["0020300066",132,2,8,27,"Missed Shot","Jump Shot","3PT Field Goal","Left Corner 3","Left Side(L)","24+ ft.",24,-235,71,1,0],["0020300066",145,2,6,53,"Made Shot","Jump Shot","3PT Field Goal","Above the Break 3","Left Side Center(LC)","24+ ft.",25,-131,224,1,1],["0020300088",91,1,0,28,"Made Shot","Jump Shot","2PT Field Goal","Mid-Range","Left Side(L)","16-24 ft.",17,-174,43,1,1],["0020300088",412,4,6,13,"Missed Shot","Jump Shot","2PT Field Goal","Mid-Range","Center(C)","16-24 ft.",21,0,210,1,0],["0020300088",416,4,5,59,"Missed Shot","Jump Shot","2PT Field Goal","Mid-Range","Right Side Center(RC)","16-24 ft.",19,125,148,1,0],["0020300088",483,4,0,24,"Missed Shot","Jump Shot","2PT Field Goal","Mid-Range","Left Side(L)","16-24 ft.",16,-163,8,1,0],["0020300104",136,2,7,35,"Missed Shot","Driving Layup Shot","2PT Field Goal","Restricted Area","Center(C)","Less Than 8 ft.",0,0,0,1,0],["0020300104",140,2,6,48,"Missed Shot","Jump Shot","3PT Field Goal","Above the Break 3","Center(C)","24+ ft.",24,-36,238,1,0],["0020300104",149,2,5,40,"Made Shot","Jump Shot","2PT Field Goal","Mid-Range","Left Side(L)","16-24 ft.",16,-156,40,1,1],["0020300104",429,4,0,47,"Missed Shot","Jump Shot","3PT Field Goal","Above the Break 3","Right Side Center(RC)","24+ ft.",24,92,229,1,0],["0020300116",148,2,8,31,"Missed Shot","Jump Shot","2PT Field Goal","Mid-Range","Left Side Center(LC)","16-24 ft.",19,-130,141,1,0],["0020300128",120,2,9,4,"Missed Shot","Jump Shot","2PT Field Goal","Mid-Range","Right Side(R)","16-24 ft.",20,179,105,1,0],["0020300128",373,4,9,8,"Missed Shot","Jump Shot","3PT Field Goal","Above the Break 3","Left Side Center(LC)","24+ ft.",25,-158,202,1,0],["0020300128",390,4,7,37,"Made Shot","Jump Shot","2PT Field Goal","Mid-Range","Right Side Center(RC)","16-24 ft.",20,153,138,1,1],["0020300128",398,4,6,43,"Missed Shot","Jump Shot","2PT Field Goal","Mid-Range","Left Side Center(LC)","16-24 ft.",19,-143,133,1,0],["0020300128",452,4,1,47,"Missed Shot","Jump Shot","2PT Field Goal","Mid-Range","Left Side(L)","8-16 ft.",14,-148,5,1,0],["0020300145",164,2,6,45,"Made Shot","Jump Shot","2PT Field Goal","Mid-Range","Right Side(R)","16-24 ft.",16,149,79,1,1],["0020300145",180,2,4,53,"Made Shot","Jump Shot","3PT Field Goal","Above the Break 3","Center(C)","24+ ft.",24,75,235,1,1],["0020300145",182,2,4,23,"Made Shot","Jump Shot","3PT Field Goal","Above the Break 3","Center(C)","24+ ft.",23,28,237,1,1],["0020300145",374,4,7,58,"Made Shot","Layup Shot","2PT Field Goal","Restricted Area","Center(C)","Less Than 8 ft.",0,0,0,1,1],["0020300145",396,4,5,43,"Missed Shot","Jump Shot","2PT Field Goal","Mid-Range","Left Side(L)","16-24 ft.",16,-164,-11,1,0],["0020300145",402,4,4,34,"Missed Shot","Jump Shot","2PT Field Goal","Mid-Range","Center(C)","16-24 ft.",19,47,189,1,0],["0020300176",115,2,9,52,"Missed Shot","Jump Shot","2PT Field Goal","Mid-Range","Right Side(R)","8-16 ft.",15,118,97,1,0],["0020300176",118,2,9,25,"Missed Shot","Jump Shot","2PT Field Goal","Mid-Range","Left Side(L)","8-16 ft.",11,-112,35,1,0],["0020300233",436,4,0,42,"Made Shot","Jump Shot","2PT Field Goal","Mid-Range","Left Side(L)","16-24 ft.",20,-187,86,1,1],["0020300291",401,4,4,47,"Missed Shot","Running Jump Shot","2PT Field Goal","Mid-Range","Left Side(L)","8-16 ft.",8,-84,3,1,0],["0020300291",415,4,3,4,"Missed Shot","Jump Shot","2PT Field Goal","Mid-Range","Right Side(R)","16-24 ft.",18,181,-21,1,0],["0020300291",427,4,1,22,"Missed Shot","Jump Shot","2PT Field Goal","Mid-Range","Center(C)","16-24 ft.",18,47,176,1,0],["0020300291",429,4,1,12,"Missed Shot","Jump Shot","3PT Field Goal","Right Corner 3","Right Side(R)","24+ ft.",22,225,-13,1,0],["0020300448",397,4,1,34,"Missed Shot","Jump Shot","3PT Field Goal","Above the Break 3","Left Side Center(LC)","24+ ft.",24,-181,163,1,0],["0020300455",437,4,0,10,"Missed Shot","Fadeaway Jump Shot","2PT Field Goal","Mid-Range","Left Side(L)","8-16 ft.",15,-156,2,1,0],["0020300505",402,4,2,37,"Missed Shot","Jump Shot","3PT Field Goal","Above the Break 3","Right Side Center(RC)","24+ ft.",26,123,233,1,0],["0020300505",422,4,0,59,"Missed Shot","Jump Shot","3PT Field Goal","Above the Break 3","Right Side Center(RC)","24+ ft.",26,110,238,1,0],["0020300505",429,4,0,12,"Missed Shot","Jump Shot","3PT Field Goal","Above the Break 3","Left Side Center(LC)","24+ ft.",25,-161,201,1,0],["0020300601",439,4,2,44,"Missed Shot","Jump Shot","2PT Field Goal","Mid-Range","Left Side Center(LC)","16-24 ft.",18,-89,161,1,0],["0020300601",456,4,1,2,"Missed Shot","Jump Shot","2PT Field Goal","In The Paint (Non-RA)","Center(C)","8-16 ft.",10,8,107,1,0],["0020300610",436,4,1,6,"Missed Shot","Jump Shot","2PT Field Goal","Mid-Range","Left Side Center(LC)","16-24 ft.",16,-59,153,1,0],["0020300627",523,4,0,30,"Made Shot","Jump Shot","2PT Field Goal","Mid-Range","Right Side(R)","16-24 ft.",22,197,105,1,1],["0020300640",450,4,3,51,"Missed Shot","Layup Shot","2PT Field Goal","Restricted Area","Center(C)","Less Than 8 ft.",0,0,0,1,0],["0020300640",453,4,3,22,"Missed Shot","Jump Shot","2PT Field Goal","Mid-Range","Left Side Center(LC)","16-24 ft.",18,-151,115,1,0],["0020300640",464,4,2,39,"Missed Shot","Jump Shot","2PT Field Goal","Mid-Range","Left Side(L)","16-24 ft.",19,-184,74,1,0],["0020300640",467,4,1,49,"Missed Shot","Jump Shot","2PT Field Goal","Mid-Range","Right Side(R)","16-24 ft.",16,161,36,1,0],["0020300640",483,4,0,39,"Missed Shot","Jump Shot","3PT Field Goal","Above the Break 3","Right Side Center(RC)","24+ ft.",26,184,196,1,0],["0020300713",449,4,1,25,"Missed Shot","Jump Shot","2PT Field Goal","Mid-Range","Center(C)","16-24 ft.",19,-57,183,1,0],["0020300713",457,4,0,31,"Missed Shot","Fadeaway Jump Shot","2PT Field Goal","In The Paint (Non-RA)","Right Side(R)","8-16 ft.",9,51,79,1,0],["0020300752",509,4,1,47,"Missed Shot","Jump Shot","2PT Field Goal","Mid-Range","Right Side(R)","16-24 ft.",19,197,-11,1,0],["0020300752",523,4,0,27,"Made Shot","Jump Shot","2PT Field Goal","In The Paint (Non-RA)","Left Side(L)","8-16 ft.",11,-79,82,1,1],["0020300776",231,2,0,58,"Missed Shot","Jump Shot","3PT Field Goal","Right Corner 3","Right Side(R)","24+ ft.",22,228,-5,1,0],["0020300788",428,4,2,45,"Made Shot","Jump Shot","2PT Field Goal","Mid-Range","Left Side Center(LC)","16-24 ft.",16,-105,132,1,1],["0020300788",434,4,1,50,"Missed Shot","Jump Shot","2PT Field Goal","Mid-Range","Right Side(R)","16-24 ft.",17,146,95,1,0],["0020300788",440,4,1,14,"Missed Shot","Running Jump Shot","2PT Field Goal","Mid-Range","Right Side(R)","8-16 ft.",12,121,33,1,0],["0020300817",430,4,0,27,"Missed Shot","Fadeaway Jump Shot","2PT Field Goal","Mid-Range","Center(C)","8-16 ft.",15,20,156,1,0],["0020300858",411,4,4,8,"Made Shot","Jump Shot","3PT Field Goal","Above the Break 3","Right Side Center(RC)","24+ ft.",24,171,179,1,1],["0020300858",431,4,1,16,"Made Shot","Driving Layup Shot","2PT Field Goal","Restricted Area","Center(C)","Less Than 8 ft.",0,0,0,1,1],["0020300858",433,4,0,57,"Made Shot","Jump Shot","3PT Field Goal","Right Corner 3","Right Side(R)","24+ ft.",23,233,0,1,1],["0020300871",117,1,0,19,"Made Shot","Jump Shot","2PT Field Goal","Mid-Range","Center(C)","16-24 ft.",19,29,191,1,1],["0020300871",124,2,11,37,"Missed Shot","Jump Shot","2PT Field Goal","Mid-Range","Left Side(L)","16-24 ft.",18,-186,15,1,0],["0020300871",161,2,8,8,"Missed Shot","Jump Shot","3PT Field Goal","Right Corner 3","Right Side(R)","24+ ft.",23,235,17,1,0],["0020300871",178,2,6,28,"Missed Shot","Jump Shot","2PT Field Goal","Mid-Range","Left Side(L)","16-24 ft.",20,-204,41,1,0],["0020300871",194,2,5,20,"Made Shot","Driving Layup Shot","2PT Field Goal","Restricted Area","Center(C)","Less Than 8 ft.",0,0,0,1,1],["0020300871",202,2,4,14,"Missed Shot","Jump Shot","2PT Field Goal","Mid-Range","Right Side(R)","16-24 ft.",18,176,56,1,0],["0020300871",245,2,0,0,"Missed Shot","Jump Shot","3PT Field Goal","Above the Break 3","Left Side Center(LC)","24+ ft.",26,-192,183,1,0],["0020300871",347,3,0,45,"Made Shot","Jump Shot","2PT Field Goal","Mid-Range","Right Side(R)","8-16 ft.",12,121,46,1,1],["0020300871",368,4,10,44,"Missed Shot","Driving Finger Roll Shot","2PT Field Goal","Restricted Area","Center(C)","Less Than 8 ft.",0,0,0,1,0],["0020300882",152,2,7,57,"Missed Shot","Jump Shot","2PT Field Goal","Mid-Range","Right Side Center(RC)","16-24 ft.",17,107,137,1,0],["0020300882",157,2,7,19,"Made Shot","Jump Shot","3PT Field Goal","Above the Break 3","Left Side Center(LC)","24+ ft.",26,-99,243,1,1],["0020300882",170,2,5,59,"Missed Shot","Jump Shot","3PT Field Goal","Above the Break 3","Left Side Center(LC)","24+ ft.",25,-85,243,1,0],["0020300882",301,3,3,12,"Missed Shot","Jump Shot","3PT Field Goal","Above the Break 3","Center(C)","24+ ft.",25,46,248,1,0],["0020300895",118,2,11,10,"Missed Shot","Jump Shot","3PT Field Goal","Above the Break 3","Right Side Center(RC)","24+ ft.",24,220,100,1,0],["0020300895",130,2,9,44,"Made Shot","Layup Shot","2PT Field Goal","Restricted Area","Center(C)","Less Than 8 ft.",0,0,0,1,1],["0020300895",147,2,6,50,"Made Shot","Fadeaway Jump Shot","2PT Field Goal","Mid-Range","Left Side Center(LC)","16-24 ft.",18,-103,148,1,1],["0020300895",323,4,11,28,"Missed Shot","Jump Shot","3PT Field Goal","Left Corner 3","Left Side(L)","24+ ft.",23,-235,-5,1,0],["0020300895",326,4,10,55,"Missed Shot","Jump Shot","2PT Field Goal","In The Paint (Non-RA)","Center(C)","Less Than 8 ft.",5,-54,22,1,0],["0020300895",331,4,10,13,"Missed Shot","Jump Shot","2PT Field Goal","Mid-Range","Left Side(L)","16-24 ft.",18,-186,-14,1,0],["0020300906",103,2,11,31,"Made Shot","Layup Shot","2PT Field Goal","Restricted Area","Center(C)","Less Than 8 ft.",0,0,0,1,1],["0020300906",121,2,9,48,"Missed Shot","Jump Shot","2PT Field Goal","Mid-Range","Right Side Center(RC)","16-24 ft.",16,85,140,1,0],["0020300906",145,2,8,15,"Missed Shot","Jump Shot","2PT Field Goal","Mid-Range","Right Side(R)","16-24 ft.",17,176,5,1,0],["0020300906",158,2,6,40,"Missed Shot","Jump Shot","3PT Field Goal","Right Corner 3","Right Side(R)","24+ ft.",23,230,0,1,0],["0020300906",327,3,1,5,"Missed Shot","Jump Shot","3PT Field Goal","Right Corner 3","Right Side(R)","24+ ft.",22,222,0,1,0],["0020300906",329,3,1,1,"Made Shot","Layup Shot","2PT Field Goal","Restricted Area","Center(C)","Less Than 8 ft.",0,0,0,1,1],["0020300929",134,2,7,9,"Missed Shot","Jump Shot","2PT Field Goal","Mid-Range","Left Side Center(LC)","16-24 ft.",19,-69,178,1,0],["0020300961",115,2,10,19,"Made Shot","Jump Shot","2PT Field Goal","Mid-Range","Left Side Center(LC)","16-24 ft.",20,-149,137,1,1],["0020300961",127,2,8,19,"Missed Shot","Jump Shot","3PT Field Goal","Above the Break 3","Center(C)","24+ ft.",23,29,238,1,0],["0020300961",337,4,10,1,"Missed Shot","Jump Shot","2PT Field Goal","Mid-Range","Right Side Center(RC)","16-24 ft.",20,115,168,1,0],["0020300961",360,4,6,44,"Missed Shot","Jump Shot","2PT Field Goal","In The Paint (Non-RA)","Center(C)","Less Than 8 ft.",5,54,23,1,0],["0020300969",408,4,0,23,"Missed Shot","Jump Shot","2PT Field Goal","Mid-Range","Left Side Center(LC)","16-24 ft.",20,-90,184,1,0],["0020300983",446,4,2,6,"Missed Shot","Jump Shot","2PT Field Goal","Mid-Range","Left Side(L)","16-24 ft.",21,-197,89,1,0],["0020300983",458,4,0,27,"Missed Shot","Jump Shot","2PT Field Goal","Mid-Range","Left Side(L)","16-24 ft.",21,-187,109,1,0],["0020300988",315,3,3,32,"Missed Shot","Jump Shot","2PT Field Goal","Mid-Range","Left Side(L)","16-24 ft.",17,-179,-11,1,0],["0020300988",322,3,2,31,"Missed Shot","Jump Shot","2PT Field Goal","Mid-Range","Right Side Center(RC)","16-24 ft.",18,80,164,1,0],["0020300988",369,4,10,6,"Made Shot","Turnaround Jump Shot","2PT Field Goal","Mid-Range","Right Side(R)","8-16 ft.",12,121,-9,1,1],["0020301004",134,2,8,21,"Made Shot","Jump Shot","2PT Field Goal","Mid-Range","Left Side(L)","16-24 ft.",18,-182,20,1,1],["0020301022",98,1,1,32,"Missed Shot","Jump Shot","2PT Field Goal","Mid-Range","Left Side(L)","16-24 ft.",18,-187,0,1,0],["0020301022",126,2,10,20,"Made Shot","Layup Shot","2PT Field Goal","Restricted Area","Center(C)","Less Than 8 ft.",0,0,0,1,1],["0020301022",128,2,9,46,"Made Shot","Jump Shot","2PT Field Goal","Mid-Range","Right Side(R)","16-24 ft.",18,187,5,1,1],["0020301022",144,2,8,13,"Missed Shot","Jump Shot","2PT Field Goal","Mid-Range","Right Side(R)","16-24 ft.",20,197,41,1,0],["0020301022",283,3,5,28,"Missed Shot","Jump Shot","2PT Field Goal","Mid-Range","Left Side Center(LC)","16-24 ft.",21,-110,184,1,0],["0020301022",287,3,4,56,"Missed Shot","Layup Shot","2PT Field Goal","Restricted Area","Center(C)","Less Than 8 ft.",0,0,0,1,0],["0020301022",289,3,4,54,"Missed Shot","Layup Shot","2PT Field Goal","Restricted Area","Center(C)","Less Than 8 ft.",0,0,0,1,0],["0020301022",291,3,4,51,"Missed Shot","Layup Shot","2PT Field Goal","Restricted Area","Center(C)","Less Than 8 ft.",0,0,0,1,0],["0020301022",331,4,11,24,"Made Shot","Jump Shot","3PT Field Goal","Above the Break 3","Left Side Center(LC)","24+ ft.",25,-151,209,1,1],["0020301022",337,4,10,41,"Made Shot","Jump Shot","2PT Field Goal","Mid-Range","Right Side Center(RC)","16-24 ft.",21,167,128,1,1],["0020301022",341,4,10,7,"Missed Shot","Jump Shot","2PT Field Goal","Mid-Range","Left Side Center(LC)","16-24 ft.",18,-67,176,1,0],["0020301022",356,4,9,16,"Missed Shot","Jump Shot","3PT Field Goal","Left Corner 3","Left Side(L)","24+ ft.",22,-228,7,1,0],["0020301042",121,2,10,24,"Made Shot","Jump Shot","2PT Field Goal","Mid-Range","Left Side(L)","16-24 ft.",17,-179,3,1,1],["0020301042",123,2,9,39,"Missed Shot","Layup Shot","2PT Field Goal","Restricted Area","Center(C)","Less Than 8 ft.",0,0,0,1,0],["0020301042",266,3,6,52,"Missed Shot","Jump Shot","2PT Field Goal","Mid-Range","Right Side(R)","8-16 ft.",15,113,102,1,0],["0020301042",355,4,9,29,"Missed Shot","Jump Shot","3PT Field Goal","Left Corner 3","Left Side(L)","24+ ft.",24,-237,46,1,0],["0020301050",111,2,9,27,"Missed Shot","Layup Shot","2PT Field Goal","Restricted Area","Center(C)","Less Than 8 ft.",1,-4,10,1,0],["0020301050",128,2,6,56,"Missed Shot","Jump Shot","2PT Field Goal","Mid-Range","Left Side Center(LC)","16-24 ft.",18,-133,128,1,0],["0020301065",95,1,1,39,"Made Shot","Jump Shot","3PT Field Goal","Above the Break 3","Right Side Center(RC)","24+ ft.",24,161,178,1,1],["0020301065",97,1,1,0,"Missed Shot","Turnaround Jump Shot","2PT Field Goal","In The Paint (Non-RA)","Center(C)","8-16 ft.",11,39,110,1,0],["0020301065",129,2,9,29,"Missed Shot","Jump Shot","3PT Field Goal","Right Corner 3","Right Side(R)","24+ ft.",23,230,63,1,0],["0020301065",379,4,10,7,"Missed Shot","Jump Shot","3PT Field Goal","Right Corner 3","Right Side(R)","24+ ft.",22,228,-6,1,0],["0020301065",390,4,8,24,"Made Shot","Jump Shot","3PT Field Goal","Above the Break 3","Center(C)","24+ ft.",25,61,252,1,1],["0020301065",392,4,7,38,"Missed Shot","Jump Shot","2PT Field Goal","Mid-Range","Center(C)","16-24 ft.",18,6,181,1,0],["0020301092",427,4,3,31,"Made Shot","Jump Shot","3PT Field Goal","Right Corner 3","Right Side(R)","24+ ft.",22,225,-23,1,1],["0020301092",432,4,2,55,"Made Shot","Jump Shot","2PT Field Goal","Mid-Range","Right Side(R)","16-24 ft.",21,205,59,1,1],["0020301092",442,4,1,37,"Made Shot","Jump Shot","2PT Field Goal","Mid-Range","Right Side(R)","16-24 ft.",17,177,0,1,1],["0020301112",315,3,0,6,"Missed Shot","Jump Shot","3PT Field Goal","Right Corner 3","Right Side(R)","24+ ft.",23,232,-13,1,0],["0020301112",333,4,10,18,"Missed Shot","Jump Shot","3PT Field Goal","Above the Break 3","Right Side Center(RC)","24+ ft.",23,85,222,1,0],["0020301112",355,4,9,17,"Made Shot","Jump Shot","3PT Field Goal","Right Corner 3","Right Side(R)","24+ ft.",23,238,-5,1,1],["0020301112",364,4,8,28,"Missed Shot","Jump Shot","3PT Field Goal","Above the Break 3","Right Side Center(RC)","24+ ft.",24,126,209,1,0],["0020301112",391,4,6,36,"Made Shot","Layup Shot","2PT Field Goal","Restricted Area","Center(C)","Less Than 8 ft.",0,0,0,1,1],["0020301112",404,4,4,31,"Made Shot","Jump Shot","3PT Field Goal","Left Corner 3","Left Side(L)","24+ ft.",23,-233,-14,1,1],["0020301112",410,4,3,27,"Made Shot","Jump Shot","2PT Field Goal","Mid-Range","Left Side Center(LC)","16-24 ft.",20,-82,184,1,1],["0020301112",418,4,2,51,"Missed Shot","Jump Shot","2PT Field Goal","Mid-Range","Center(C)","16-24 ft.",20,61,191,1,0],["0020301116",196,2,0,25,"Made Shot","Jump Shot","3PT Field Goal","Above the Break 3","Right Side Center(RC)","24+ ft.",23,149,187,1,1],["0020301116",333,4,7,50,"Made Shot","Jump Shot","3PT Field Goal","Above the Break 3","Right Side Center(RC)","24+ ft.",23,123,206,1,1],["0020301116",339,4,7,12,"Made Shot","Jump Shot","2PT Field Goal","Mid-Range","Right Side Center(RC)","16-24 ft.",16,82,143,1,1],["0020301133",141,2,10,45,"Missed Shot","Jump Shot","2PT Field Goal","Mid-Range","Right Side(R)","16-24 ft.",18,184,13,1,0],["0020301133",171,2,7,34,"Missed Shot","Jump Shot","2PT Field Goal","Mid-Range","Left Side Center(LC)","16-24 ft.",17,-126,127,1,0],["0020301133",460,4,1,45,"Made Shot","Jump Shot","2PT Field Goal","Mid-Range","Right Side Center(RC)","16-24 ft.",18,113,150,1,1],["0020301141",147,2,5,18,"Missed Shot","Jump Shot","3PT Field Goal","Right Corner 3","Right Side(R)","24+ ft.",23,232,0,1,0],["0020301141",331,4,10,53,"Made Shot","Jump Shot","2PT Field Goal","Mid-Range","Left Side Center(LC)","16-24 ft.",19,-97,169,1,1],["0020301141",346,4,9,0,"Missed Shot","Jump Shot","2PT Field Goal","Mid-Range","Center(C)","16-24 ft.",20,6,202,1,0],["0020301141",364,4,6,49,"Missed Shot","Jump Shot","3PT Field Goal","Above the Break 3","Center(C)","24+ ft.",26,-23,263,1,0],["0020301141",411,4,0,49,"Made Shot","Jump Shot","3PT Field Goal","Above the Break 3","Center(C)","24+ ft.",25,-36,255,1,1],["0020301155",418,4,1,38,"Made Shot","Jump Shot","2PT Field Goal","Mid-Range","Right Side(R)","8-16 ft.",14,143,-1,1,1],["0020301164",277,3,4,56,"Made Shot","Layup Shot","2PT Field Goal","Restricted Area","Center(C)","Less Than 8 ft.",0,0,0,1,1],["0020301164",299,3,1,46,"Missed Shot","Jump Shot","2PT Field Goal","Mid-Range","Left Side(L)","16-24 ft.",20,-207,-18,1,0],["0020301164",376,4,6,10,"Made Shot","Jump Shot","2PT Field Goal","Mid-Range","Right Side(R)","16-24 ft.",17,163,56,1,1],["0020301164",386,4,5,31,"Missed Shot","Jump Shot","3PT Field Goal","Above the Break 3","Right Side Center(RC)","24+ ft.",25,182,179,1,0],["0020301164",388,4,5,28,"Made Shot","Layup Shot","2PT Field Goal","Restricted Area","Center(C)","Less Than 8 ft.",0,0,0,1,1],["0020301164",399,4,3,57,"Made Shot","Jump Shot","2PT Field Goal","Mid-Range","Right Side(R)","16-24 ft.",16,159,20,1,1],["0020301164",413,4,2,27,"Missed Shot","Jump Shot","2PT Field Goal","Mid-Range","Right Side Center(RC)","16-24 ft.",21,171,138,1,0],["0020301164",432,4,0,25,"Made Shot","Jump Shot","3PT Field Goal","Left Corner 3","Left Side(L)","24+ ft.",25,-245,59,1,1],["0020301164",436,4,0,4,"Made Shot","Jump Shot","3PT Field Goal","Right Corner 3","Right Side(R)","24+ ft.",23,230,-3,1,1],["0020301180",224,2,1,35,"Made Shot","Layup Shot","2PT Field Goal","Restricted Area","Center(C)","Less Than 8 ft.",0,0,0,1,1],["0020301180",232,2,0,42,"Made Shot","Jump Shot","3PT Field Goal","Above the Break 3","Left Side Center(LC)","24+ ft.",24,-177,163,1,1],["0020301180",397,4,5,52,"Missed Shot","Jump Shot","2PT Field Goal","Mid-Range","Left Side Center(LC)","16-24 ft.",19,-135,143,1,0],["0020301180",418,4,4,11,"Missed Shot","Driving Layup Shot","2PT Field Goal","Restricted Area","Center(C)","Less Than 8 ft.",0,0,0,1,0]]}},"GameList":{"20301116":[2220,"0020301116","04/06/2004","NJN","Nets","MIL","Bucks",1,8,3,3,2,2,4,0,0,1,0],"20300487":[2220,"0020300487","01/06/2004","NJN","Nets","LAC","Clippers",0,0,0,0,0,0,0,0,0,1,0],"20300593":[2220,"0020300593","01/20/2004","NJN","Nets","DAL","Mavericks",0,0,0,0,0,0,0,0,0,0,0],"20300871":[2220,"0020300871","03/02/2004","NJN","Nets","DEN","Nuggets",0,6,3,9,0,2,1,0,2,0,2],"20300713":[2220,"0020300713","02/06/2004","NJN","Nets","ORL","Magic",0,0,0,2,0,0,1,0,0,1,0],"20300776":[2220,"0020300776","02/18/2004","NJN","Nets","ATL","Hawks",0,0,0,1,0,1,0,0,0,0,1],"20300199":[2220,"0020300199","11/25/2003","NJN","Nets","SEA","SuperSonics",0,0,0,0,0,0,0,0,0,0,0],"20300752":[2220,"0020300752","02/11/2004","NJN","Nets","CLE","Cavaliers",0,2,1,2,0,0,0,0,0,1,1],"20300858":[2220,"0020300858","02/29/2004","NJN","Nets","LAL","Lakers",0,8,3,3,2,2,0,0,0,0,0],"20301004":[2220,"0020301004","03/21/2004","NJN","Nets","DAL","Mavericks",0,2,1,1,0,0,0,0,0,0,0],"20300066":[2220,"0020300066","11/07/2003","NJN","Nets","BOS","Celtics",1,5,2,3,1,2,1,0,0,0,1],"20300145":[2220,"0020300145","11/18/2003","NJN","Nets","NOH","Hornets",0,10,4,6,2,2,2,0,0,0,2],"20300817":[2220,"0020300817","02/24/2004","NJN","Nets","TOR","Raptors",0,0,0,1,0,0,0,0,1,0,0],"20301092":[2220,"0020301092","04/02/2004","NJN","Nets","NYK","Knicks",1,7,3,3,1,1,0,0,0,0,1],"20300686":[2220,"0020300686","02/02/2004","NJN","Nets","NOH","Hornets",0,0,0,0,0,0,0,0,0,1,0],"20301133":[2220,"0020301133","04/08/2004","NJN","Nets","ORL","Magic",0,2,1,3,0,0,1,0,1,1,2],"20300895":[2220,"0020300895","03/05/2004","NJN","Nets","GSW","Warriors",1,4,2,6,0,2,2,0,0,0,0],"20300116":[2220,"0020300116","11/14/2003","NJN","Nets","NYK","Knicks",0,0,0,1,0,0,0,0,1,0,2],"20301141":[2220,"0020301141","04/09/2004","NJN","Nets","IND","Pacers",0,5,2,5,1,3,0,0,0,0,3],"20300088":[2220,"0020300088","11/09/2003","NJN","Nets","DET","Pistons",2,2,1,4,0,0,2,0,1,0,0],"20300657":[2220,"0020300657","01/29/2004","NJN","Nets","ORL","Magic",0,0,0,0,0,0,0,0,0,0,1],"20301164":[2220,"0020301164","04/12/2004","NJN","Nets","ATL","Hawks",0,14,6,9,2,3,2,0,0,0,3],"20300601":[2220,"0020300601","01/21/2004","NJN","Nets","SAS","Spurs",0,0,0,2,0,0,0,0,0,0,0],"20301042":[2220,"0020301042","03/26/2004","NJN","Nets","BOS","Celtics",0,2,1,4,0,1,2,0,0,4,3],"20300062":[2220,"0020300062","11/06/2003","NJN","Nets","IND","Pacers",0,2,1,1,0,0,0,0,0,0,0],"20300627":[2220,"0020300627","01/25/2004","NJN","Nets","BOS","Celtics",1,2,1,1,0,0,0,0,0,0,0],"20300983":[2220,"0020300983","03/18/2004","NJN","Nets","DET","Pistons",0,0,0,2,0,0,0,0,0,0,0],"20300022":[2220,"0020300022","10/31/2003","NJN","Nets","MIN","Timberwolves",0,4,2,8,0,2,0,0,0,0,1],"20301022":[2220,"0020301022","03/23/2004","NJN","Nets","CHI","Bulls",4,11,4,12,1,2,4,1,0,0,4],"20300176":[2220,"0020300176","11/22/2003","NJN","Nets","TOR","Raptors",1,0,0,2,0,0,1,0,1,1,1],"20300027":[2220,"0020300027","11/01/2003","NJN","Nets","WAS","Wizards",0,13,6,10,1,2,1,0,1,1,3],"20300988":[2220,"0020300988","03/19/2004","NJN","Nets","NYK","Knicks",0,2,1,3,0,0,1,0,0,0,1],"20301065":[2220,"0020301065","03/29/2004","NJN","Nets","BOS","Celtics",1,6,2,6,2,4,2,0,0,0,0],"20300049":[2220,"0020300049","11/04/2003","NJN","Nets","HOU","Rockets",0,0,0,3,0,0,2,0,1,0,0],"20301180":[2220,"0020301180","04/14/2004","NJN","Nets","MIA","Heat",0,5,2,4,1,1,0,0,0,0,1],"20300233":[2220,"0020300233","11/30/2003","NJN","Nets","SAC","Kings",0,2,1,1,0,0,0,0,0,0,0],"20300961":[2220,"0020300961","03/14/2004","NJN","Nets","MIA","Heat",0,2,1,4,0,1,2,0,0,0,1],"20300546":[2220,"0020300546","01/14/2004","NJN","Nets","WAS","Wizards",1,0,0,0,0,0,1,0,0,0,0],"20300906":[2220,"0020300906","03/07/2004","NJN","Nets","LAL","Lakers",0,4,2,6,0,2,0,0,1,1,0],"20300291":[2220,"0020300291","12/09/2003","NJN","Nets","SEA","SuperSonics",1,0,0,4,0,1,0,0,0,0,0],"20300969":[2220,"0020300969","03/16/2004","NJN","Nets","SAC","Kings",0,0,0,1,0,0,0,0,0,0,0],"20300448":[2220,"0020300448","12/31/2003","NJN","Nets","GSW","Warriors",1,0,0,1,0,1,0,0,0,0,0],"20301112":[2220,"0020301112","04/04/2004","NJN","Nets","ATL","Hawks",1,10,4,8,2,5,3,0,0,1,1],"20300882":[2220,"0020300882","03/03/2004","NJN","Nets","PHX","Suns",3,3,1,4,1,3,3,1,0,0,2],"20300929":[2220,"0020300929","03/10/2004","NJN","Nets","DEN","Nuggets",1,0,0,1,0,0,2,0,0,0,0],"20300940":[2220,"0020300940","03/12/2004","NJN","Nets","CHI","Bulls",0,0,0,0,0,0,0,0,0,0,0],"20300788":[2220,"0020300788","02/20/2004","NJN","Nets","TOR","Raptors",0,2,1,3,0,0,1,0,0,0,1],"20301077":[2220,"0020301077","03/31/2004","NJN","Nets","WAS","Wizards",2,0,0,0,0,0,0,0,0,0,0],"20300128":[2220,"0020300128","11/15/2003","NJN","Nets","ATL","Hawks",1,2,1,5,0,1,4,0,2,0,1],"20300455":[2220,"0020300455","01/02/2004","NJN","Nets","CLE","Cavaliers",0,0,0,1,0,0,0,0,0,0,0],"20300104":[2220,"0020300104","11/12/2003","NJN","Nets","SAS","Spurs",0,2,1,4,0,2,0,0,0,0,1],"20301155":[2220,"0020301155","04/11/2004","NJN","Nets","PHI","76ers",0,2,1,1,0,0,0,0,0,0,0],"20300505":[2220,"0020300505","01/09/2004","NJN","Nets","PHI","76ers",0,0,0,3,0,3,0,0,0,0,1],"20300610":[2220,"0020300610","01/23/2004","NJN","Nets","MIA","Heat",0,0,0,1,0,0,1,0,0,0,0],"20300640":[2220,"0020300640","01/27/2004","NJN","Nets","PHI","76ers",0,0,0,5,0,1,1,0,0,0,2],"20301050":[2220,"0020301050","03/27/2004","NJN","Nets","CLE","Cavaliers",0,0,0,2,0,0,2,0,0,0,0]},"data":[24.0,56,0,7.8,1.2,3.1,0.371,0.3,0.9,0.365,0.0,0.1,0.5,0.2,0.6,0.8,0.3,0.2,0.0,0.4,0.9,2.7],"rank":{"PerGame":[null,null,null,null,null,null,null,null,null,null,null,null,null,null,null,null,null,null,null],"Totals":[335,313,296,null,154,162,null,403,400,null,341,355,355,348,324,356,324,320,359]},"team":"NJN"},"2001":{"shotchart":{"Averages":{"header":["SHOT_ZONE_BASIC","SHOT_ZONE_AREA","SHOT_ZONE_RANGE","FGA","FGM","FG_PCT"],"row":[["Above the Break 3","Back Court(BC)","Back Court Shot",104,5,0.048],["Above the Break 3","Center(C)","24+ ft.",5347,1807,0.338],["Above the Break 3","Left Side Center(LC)","24+ ft.",10200,3509,0.344],["Above the Break 3","Right Side Center(RC)","24+ ft.",10485,3765,0.359],["Backcourt","Back Court(BC)","Back Court Shot",311,8,0.026],["In The Paint (Non-RA)","Center(C)","8-16 ft.",6036,2392,0.396],["In The Paint (Non-RA)","Center(C)","Less Than 8 ft.",18055,6869,0.38],["In The Paint (Non-RA)","Left Side(L)","8-16 ft.",2020,819,0.405],["In The Paint (Non-RA)","Right Side(R)","8-16 ft.",2031,799,0.393],["Left Corner 3","Left Side(L)","24+ ft.",4303,1638,0.381],["Mid-Range","Center(C)","16-24 ft.",5892,2305,0.391],["Mid-Range","Center(C)","8-16 ft.",2077,869,0.418],["Mid-Range","Left Side Center(LC)","16-24 ft.",8894,3632,0.408],["Mid-Range","Left Side(L)","16-24 ft.",10332,4058,0.393],["Mid-Range","Left Side(L)","8-16 ft.",13299,5115,0.385],["Mid-Range","Right Side Center(RC)","16-24 ft.",9727,3859,0.397],["Mid-Range","Right Side(R)","16-24 ft.",9701,3834,0.395],["Mid-Range","Right Side(R)","8-16 ft.",11816,4419,0.374],["Restricted Area","Center(C)","Less Than 8 ft.",58361,34664,0.594],["Right Corner 3","Right Side(R)","24+ ft.",4259,1638,0.385]]},"Details":{"header":["GAME_ID","GAME_EVENT_ID","PERIOD","MINUTES_REMAINING","SECONDS_REMAINING","EVENT_TYPE","ACTION_TYPE","SHOT_TYPE","SHOT_ZONE_BASIC","SHOT_ZONE_AREA","SHOT_ZONE_RANGE","SHOT_DISTANCE","LOC_X","LOC_Y","SHOT_ATTEMPTED_FLAG","SHOT_MADE_FLAG"],"row":[["0020100031",367,4,6,49,"Missed Shot","Jump Shot","2PT Field Goal","Mid-Range","Left Side(L)","16-24 ft.",17,-157,78,1,0],["0020100031",372,4,6,13,"Missed Shot","Jump Shot","2PT Field Goal","Mid-Range","Right Side Center(RC)","16-24 ft.",20,110,171,1,0],["0020100031",387,4,5,22,"Missed Shot","Jump Shot","2PT Field Goal","Mid-Range","Left Side(L)","8-16 ft.",9,-86,34,1,0],["0020100031",394,4,4,29,"Missed Shot","Layup Shot","2PT Field Goal","Restricted Area","Center(C)","Less Than 8 ft.",0,0,0,1,0],["0020100031",451,4,0,49,"Missed Shot","Jump Shot","2PT Field Goal","Mid-Range","Left Side(L)","16-24 ft.",17,-166,51,1,0],["0020100124",442,4,1,57,"Missed Shot","Jump Shot","3PT Field Goal","Above the Break 3","Right Side Center(RC)","24+ ft.",23,216,101,1,0],["0020100134",320,3,5,39,"Missed Shot","Jump Shot","2PT Field Goal","Mid-Range","Right Side(R)","16-24 ft.",18,167,89,1,0],["0020100134",353,3,1,21,"Missed Shot","Jump Shot","2PT Field Goal","In The Paint (Non-RA)","Center(C)","8-16 ft.",8,-27,82,1,0],["0020100134",366,3,0,39,"Made Shot","Alley Oop Layup shot","2PT Field Goal","Restricted Area","Center(C)","Less Than 8 ft.",0,0,0,1,1],["0020100134",399,4,9,37,"Missed Shot","Jump Shot","3PT Field Goal","Right Corner 3","Right Side(R)","24+ ft.",23,233,-6,1,0],["0020100134",415,4,8,33,"Missed Shot","Jump Shot","2PT Field Goal","Mid-Range","Right Side Center(RC)","16-24 ft.",18,94,165,1,0],["0020100167",355,3,0,50,"Missed Shot","Layup Shot","2PT Field Goal","Restricted Area","Center(C)","Less Than 8 ft.",0,0,0,1,0],["0020100167",373,3,0,0,"Missed Shot","Jump Shot","2PT Field Goal","Mid-Range","Left Side(L)","8-16 ft.",11,-84,74,1,0],["0020100191",420,4,3,36,"Missed Shot","Jump Shot","2PT Field Goal","Mid-Range","Right Side(R)","16-24 ft.",16,165,13,1,0],["0020100191",423,4,3,2,"Missed Shot","Jump Shot","2PT Field Goal","In The Paint (Non-RA)","Center(C)","8-16 ft.",8,9,89,1,0],["0020100191",437,4,1,51,"Made Shot","Jump Shot","2PT Field Goal","In The Paint (Non-RA)","Center(C)","8-16 ft.",8,9,89,1,1],["0020100198",104,2,11,1,"Made Shot","Running Jump Shot","2PT Field Goal","In The Paint (Non-RA)","Center(C)","Less Than 8 ft.",6,-35,55,1,1],["0020100198",115,2,9,37,"Missed Shot","Jump Shot","2PT Field Goal","Mid-Range","Center(C)","16-24 ft.",18,11,186,1,0],["0020100198",324,4,10,27,"Missed Shot","Jump Shot","2PT Field Goal","Mid-Range","Right Side Center(RC)","16-24 ft.",17,127,122,1,0],["0020100198",345,4,8,29,"Made Shot","Jump Shot","2PT Field Goal","Mid-Range","Left Side(L)","16-24 ft.",17,-166,47,1,1],["0020100198",358,4,6,49,"Made Shot","Jump Shot","2PT Field Goal","Mid-Range","Right Side Center(RC)","16-24 ft.",17,85,158,1,1],["0020100198",391,4,1,43,"Made Shot","Jump Shot","2PT Field Goal","In The Paint (Non-RA)","Left Side(L)","8-16 ft.",14,-75,129,1,1],["0020100226",128,2,9,52,"Missed Shot","Jump Shot","3PT Field Goal","Right Corner 3","Right Side(R)","24+ ft.",23,233,0,1,0],["0020100226",135,2,9,6,"Made Shot","Jump Shot","2PT Field Goal","Mid-Range","Left Side(L)","8-16 ft.",15,-157,19,1,1],["0020100226",144,2,8,36,"Made Shot","Jump Shot","2PT Field Goal","Mid-Range","Right Side Center(RC)","16-24 ft.",16,77,144,1,1],["0020100226",160,2,6,50,"Missed Shot","Jump Shot","2PT Field Goal","Mid-Range","Left Side Center(LC)","16-24 ft.",16,-92,137,1,0],["0020100258",148,2,8,14,"Missed Shot","Jump Shot","2PT Field Goal","Mid-Range","Left Side Center(LC)","16-24 ft.",17,-101,144,1,0],["0020100258",159,2,6,27,"Made Shot","Jump Shot","2PT Field Goal","Mid-Range","Right Side Center(RC)","16-24 ft.",21,102,192,1,1],["0020100258",363,4,11,39,"Missed Shot","Turnaround Jump Shot","2PT Field Goal","Mid-Range","Right Side(R)","8-16 ft.",15,94,122,1,0],["0020100258",484,4,0,45,"Missed Shot","Jump Shot","3PT Field Goal","Above the Break 3","Left Side Center(LC)","24+ ft.",24,-166,186,1,0],["0020100268",136,2,6,25,"Missed Shot","Jump Shot","2PT Field Goal","Mid-Range","Left Side Center(LC)","16-24 ft.",18,-117,137,1,0],["0020100281",409,4,4,36,"Made Shot","Layup Shot","2PT Field Goal","Restricted Area","Center(C)","Less Than 8 ft.",0,0,0,1,1],["0020100281",411,4,3,53,"Missed Shot","Jump Shot","2PT Field Goal","Mid-Range","Right Side Center(RC)","16-24 ft.",16,123,114,1,0],["0020100281",425,4,2,40,"Missed Shot","Jump Shot","2PT Field Goal","Mid-Range","Left Side Center(LC)","16-24 ft.",18,-92,158,1,0],["0020100281",450,4,0,9,"Missed Shot","Jump Shot","2PT Field Goal","Mid-Range","Center(C)","16-24 ft.",20,-4,209,1,0],["0020100432",418,4,3,10,"Missed Shot","Jump Shot","2PT Field Goal","Mid-Range","Right Side(R)","16-24 ft.",21,184,116,1,0],["0020100432",448,4,0,38,"Missed Shot","Jump Shot","2PT Field Goal","Mid-Range","Left Side Center(LC)","16-24 ft.",18,-58,177,1,0],["0020100436",445,4,4,14,"Made Shot","Jump Shot","2PT Field Goal","Mid-Range","Left Side(L)","16-24 ft.",21,-183,116,1,1],["0020100436",459,4,2,58,"Made Shot","Jump Shot","2PT Field Goal","Mid-Range","Right Side(R)","16-24 ft.",20,207,0,1,1],["0020100460",186,2,5,13,"Missed Shot","Jump Shot","3PT Field Goal","Right Corner 3","Right Side(R)","24+ ft.",22,228,-23,1,0],["0020100494",470,4,0,21,"Made Shot","Jump Shot","3PT Field Goal","Right Corner 3","Right Side(R)","24+ ft.",23,233,28,1,1],["0020100537",364,4,8,26,"Made Shot","Jump Shot","2PT Field Goal","Mid-Range","Left Side(L)","8-16 ft.",15,-109,116,1,1],["0020100537",387,4,6,34,"Missed Shot","Jump Shot","2PT Field Goal","Mid-Range","Center(C)","16-24 ft.",22,70,219,1,0],["0020100537",394,4,5,50,"Missed Shot","Driving Layup Shot","2PT Field Goal","Restricted Area","Center(C)","Less Than 8 ft.",0,0,0,1,0],["0020100537",436,4,2,6,"Missed Shot","Jump Shot","3PT Field Goal","Right Corner 3","Right Side(R)","24+ ft.",23,233,28,1,0],["0020100610",433,4,1,18,"Made Shot","Jump Shot","2PT Field Goal","Mid-Range","Right Side Center(RC)","16-24 ft.",18,142,118,1,1],["0020100726",439,4,1,46,"Made Shot","Jump Shot","2PT Field Goal","Mid-Range","Right Side(R)","16-24 ft.",21,210,-17,1,1],["0020100736",440,4,1,36,"Missed Shot","Jump Shot","2PT Field Goal","Mid-Range","Right Side(R)","16-24 ft.",16,159,19,1,0],["0020100777",406,4,3,40,"Missed Shot","Running Jump Shot","2PT Field Goal","In The Paint (Non-RA)","Center(C)","Less Than 8 ft.",7,54,55,1,0],["0020100777",414,4,2,37,"Missed Shot","Fadeaway Jump Shot","2PT Field Goal","In The Paint (Non-RA)","Center(C)","8-16 ft.",15,70,137,1,0],["0020100777",417,4,2,10,"Made Shot","Jump Shot","3PT Field Goal","Above the Break 3","Right Side Center(RC)","24+ ft.",24,110,219,1,1],["0020100777",438,4,0,32,"Missed Shot","Jump Shot","3PT Field Goal","Above the Break 3","Center(C)","24+ ft.",24,62,234,1,0],["0020100812",425,4,3,41,"Made Shot","Jump Shot","2PT Field Goal","Mid-Range","Right Side Center(RC)","16-24 ft.",17,138,101,1,1],["0020100812",447,4,1,44,"Missed Shot","Jump Shot","3PT Field Goal","Above the Break 3","Left Side Center(LC)","24+ ft.",25,-200,158,1,0],["0020100946",443,4,1,16,"Missed Shot","Jump Shot","2PT Field Goal","Mid-Range","Right Side(R)","16-24 ft.",16,140,93,1,0],["0020100946",445,4,0,58,"Missed Shot","Jump Shot","2PT Field Goal","Mid-Range","Left Side Center(LC)","16-24 ft.",18,-105,152,1,0],["0020100956",168,2,5,10,"Missed Shot","Jump Shot","2PT Field Goal","Mid-Range","Left Side(L)","16-24 ft.",18,-181,-13,1,0],["0020100956",191,2,3,23,"Made Shot","Slam Dunk Shot","2PT Field Goal","Restricted Area","Center(C)","Less Than 8 ft.",0,7,4,1,1],["0020100969",422,4,0,18,"Missed Shot","Jump Shot","3PT Field Goal","Above the Break 3","Left Side Center(LC)","24+ ft.",25,-141,207,1,0],["0020100980",426,4,2,12,"Made Shot","Jump Shot","2PT Field Goal","Mid-Range","Center(C)","16-24 ft.",18,37,177,1,1],["0020100980",437,4,0,48,"Made Shot","Jump Shot","2PT Field Goal","Mid-Range","Left Side Center(LC)","16-24 ft.",20,-124,165,1,1],["0020100980",439,4,0,29,"Made Shot","Jump Shot","3PT Field Goal","Above the Break 3","Left Side Center(LC)","24+ ft.",25,-157,198,1,1],["0020101041",441,4,0,27,"Missed Shot","Jump Shot","3PT Field Goal","Above the Break 3","Left Side Center(LC)","24+ ft.",24,-149,192,1,0],["0020101085",414,4,5,28,"Missed Shot","Fadeaway Jump Shot","2PT Field Goal","In The Paint (Non-RA)","Center(C)","8-16 ft.",11,-4,110,1,0],["0020101085",437,4,3,35,"Missed Shot","Jump Shot","2PT Field Goal","Mid-Range","Left Side Center(LC)","16-24 ft.",21,-92,198,1,0],["0020101085",446,4,2,59,"Missed Shot","Jump Shot","2PT Field Goal","Mid-Range","Right Side(R)","16-24 ft.",16,167,-6,1,0],["0020101085",453,4,2,13,"Missed Shot","Jump Shot","2PT Field Goal","Mid-Range","Left Side(L)","16-24 ft.",18,-174,61,1,0],["0020101085",465,4,1,9,"Missed Shot","Jump Shot","2PT Field Goal","Mid-Range","Left Side Center(LC)","16-24 ft.",22,-183,137,1,0],["0020101158",183,2,5,15,"Missed Shot","Jump Shot","3PT Field Goal","Right Corner 3","Right Side(R)","24+ ft.",23,239,0,1,0],["0020101158",207,2,2,53,"Missed Shot","Jump Shot","3PT Field Goal","Above the Break 3","Left Side Center(LC)","24+ ft.",24,-202,144,1,0],["0020101158",411,4,6,0,"Missed Shot","Jump Shot","2PT Field Goal","Mid-Range","Right Side Center(RC)","16-24 ft.",17,77,160,1,0],["0020101158",427,4,4,30,"Missed Shot","Jump Shot","2PT Field Goal","Mid-Range","Right Side(R)","8-16 ft.",12,98,85,1,0],["0020101158",454,4,0,59,"Missed Shot","Layup Shot","2PT Field Goal","Restricted Area","Center(C)","Less Than 8 ft.",0,0,0,1,0],["0020101158",456,4,0,57,"Missed Shot","Tip Shot","2PT Field Goal","Restricted Area","Center(C)","Less Than 8 ft.",0,0,0,1,0],["0020101179",110,2,11,39,"Missed Shot","Layup Shot","2PT Field Goal","Restricted Area","Center(C)","Less Than 8 ft.",0,0,0,1,0],["0020101179",121,2,10,1,"Missed Shot","Jump Shot","2PT Field Goal","Mid-Range","Left Side(L)","16-24 ft.",17,-168,34,1,0],["0020101179",146,2,6,37,"Made Shot","Jump Shot","2PT Field Goal","Mid-Range","Right Side(R)","16-24 ft.",17,178,-8,1,1],["0020101179",161,2,5,35,"Missed Shot","Tip Shot","2PT Field Goal","Restricted Area","Center(C)","Less Than 8 ft.",0,0,0,1,0],["0020101179",199,2,2,22,"Made Shot","Jump Shot","2PT Field Goal","Mid-Range","Right Side Center(RC)","16-24 ft.",17,113,129,1,1],["0020101179",212,2,1,16,"Missed Shot","Jump Shot","2PT Field Goal","Mid-Range","Right Side(R)","16-24 ft.",20,169,108,1,0],["0020101179",219,2,0,11,"Missed Shot","Jump Shot","2PT Field Goal","Mid-Range","Left Side(L)","16-24 ft.",18,-168,68,1,0],["0020101179",374,4,8,15,"Made Shot","Jump Shot","3PT Field Goal","Left Corner 3","Left Side(L)","24+ ft.",23,-233,-19,1,1],["0020101179",384,4,7,8,"Missed Shot","Layup Shot","2PT Field Goal","Restricted Area","Center(C)","Less Than 8 ft.",0,0,0,1,0],["0020101179",396,4,5,47,"Made Shot","Jump Shot","3PT Field Goal","Above the Break 3","Left Side Center(LC)","24+ ft.",24,-212,118,1,1],["0020101179",419,4,2,59,"Made Shot","Jump Shot","2PT Field Goal","Mid-Range","Left Side(L)","16-24 ft.",20,-176,97,1,1]]}},"GameList":{"20100281":[2220,"0020100281","12/08/2001","NJN","Nets","MIL","Bucks",0,2,1,4,0,0,0,0,1,1,0],"20101041":[2220,"0020101041","03/30/2002","NJN","Nets","PHI","76ers",0,0,0,1,0,1,0,0,0,0,0],"20100946":[2220,"0020100946","03/17/2002","NJN","Nets","MEM","Grizzlies",1,0,0,2,0,0,0,0,0,0,0],"20100969":[2220,"0020100969","03/20/2002","NJN","Nets","POR","Trail Blazers",0,0,0,1,0,1,0,0,0,0,0],"20100134":[2220,"0020100134","11/17/2001","NJN","Nets","PHI","76ers",0,2,1,5,0,1,4,0,0,0,0],"20100927":[2220,"0020100927","03/15/2002","NJN","Nets","MIA","Heat",0,0,0,0,0,0,0,0,0,0,0],"20100537":[2220,"0020100537","01/16/2002","NJN","Nets","WAS","Wizards",0,2,1,4,0,1,1,0,0,0,1],"20100258":[2220,"0020100258","12/05/2001","NJN","Nets","PHX","Suns",0,2,1,4,0,1,3,0,0,0,1],"20100436":[2220,"0020100436","01/02/2002","NJN","Nets","MEM","Grizzlies",1,4,2,2,0,0,0,1,0,0,0],"20100432":[2220,"0020100432","12/31/2001","NJN","Nets","WAS","Wizards",0,0,0,2,0,0,0,0,0,0,0],"20100167":[2220,"0020100167","11/22/2001","NJN","Nets","LAC","Clippers",0,0,0,2,0,0,0,0,0,1,3],"20100191":[2220,"0020100191","11/25/2001","NJN","Nets","GSW","Warriors",0,2,1,3,0,0,0,0,0,0,1],"20100980":[2220,"0020100980","03/22/2002","NJN","Nets","MIL","Bucks",0,7,3,3,1,1,2,0,0,0,0],"20101085":[2220,"0020101085","04/05/2002","NJN","Nets","ORL","Magic",0,0,0,5,0,0,2,0,0,1,1],"20100124":[2220,"0020100124","11/16/2001","NJN","Nets","NYK","Knicks",0,0,0,1,0,1,1,0,0,0,0],"20100494":[2220,"0020100494","01/10/2002","NJN","Nets","LAC","Clippers",0,3,1,1,1,1,0,0,0,0,0],"20100333":[2220,"0020100333","12/16/2001","NJN","Nets","NYK","Knicks",0,0,0,0,0,0,0,0,0,0,0],"20100071":[2220,"0020100071","11/08/2001","NJN","Nets","SEA","SuperSonics",0,0,0,0,0,0,1,0,0,0,0],"20100031":[2220,"0020100031","11/02/2001","NJN","Nets","DET","Pistons",0,1,0,5,0,0,0,0,1,0,0],"20100296":[2220,"0020100296","12/11/2001","NJN","Nets","CHI","Bulls",0,0,0,0,0,0,0,0,0,0,0],"20101011":[2220,"0020101011","03/26/2002","NJN","Nets","ATL","Hawks",0,0,0,0,0,0,0,0,1,1,1],"20100956":[2220,"0020100956","03/19/2002","NJN","Nets","CLE","Cavaliers",1,2,1,2,0,0,1,0,0,0,0],"20100198":[2220,"0020100198","11/27/2001","NJN","Nets","CHI","Bulls",0,8,4,6,0,0,1,0,1,2,2],"20100812":[2220,"0020100812","02/27/2002","NJN","Nets","CHH","Hornets",1,3,1,2,0,1,0,0,1,0,2],"20100402":[2220,"0020100402","12/27/2001","NJN","Nets","DET","Pistons",1,2,0,0,0,0,1,0,0,0,0],"20101158":[2220,"0020101158","04/14/2002","NJN","Nets","TOR","Raptors",1,0,0,6,0,2,1,0,0,0,1],"20100268":[2220,"0020100268","12/07/2001","NJN","Nets","CLE","Cavaliers",1,0,0,1,0,0,0,0,0,0,0],"20101179":[2220,"0020101179","04/17/2002","NJN","Nets","NYK","Knicks",1,13,5,11,2,2,4,0,2,1,1],"20100777":[2220,"0020100777","02/22/2002","NJN","Nets","NYK","Knicks",0,3,1,4,1,2,2,0,0,0,0],"20100999":[2220,"0020100999","03/24/2002","NJN","Nets","ATL","Hawks",0,0,0,0,0,0,0,0,0,0,0],"20100460":[2220,"0020100460","01/05/2002","NJN","Nets","CHH","Hornets",0,0,0,1,0,1,0,0,0,0,0],"20100610":[2220,"0020100610","01/26/2002","NJN","Nets","MIA","Heat",0,2,1,1,0,0,0,0,0,1,1],"20100726":[2220,"0020100726","02/15/2002","NJN","Nets","CHI","Bulls",0,2,1,1,0,0,0,0,0,0,0],"20100226":[2220,"0020100226","12/01/2001","NJN","Nets","BOS","Celtics",0,4,2,4,0,1,1,0,0,0,1],"20100736":[2220,"0020100736","02/17/2002","NJN","Nets","DEN","Nuggets",0,0,0,1,0,0,1,0,0,0,0]},"data":[22.0,35,0,5.6,0.8,2.4,0.318,0.1,0.5,0.294,0.1,0.3,0.5,0.3,0.2,0.5,0.2,0.2,0.0,0.2,0.7,1.8],"rank":{"PerGame":[null,null,null,null,null,null,null,null,null,null,null,null,null,null,null,null,null,null,null],"Totals":[367,355,346,null,204,214,null,392,382,null,359,411,396,372,350,381,385,359,405]},"team":"NJN"}},"headerData":["PLAYER_AGE","GP","GS","MIN","FGM","FGA","FG_PCT","FG3M","FG3A","FG3_PCT","FTM","FTA","FT_PCT","OREB","DREB","REB","AST","STL","BLK","TOV","PF","PTS"],"PostSeason":{"2003":{"shotchart":{"Averages":{"header":["SHOT_ZONE_BASIC","SHOT_ZONE_AREA","SHOT_ZONE_RANGE","FGA","FGM","FG_PCT"],"row":[["Above the Break 3","Back Court(BC)","Back Court Shot",3,1,0.333],["Above the Break 3","Center(C)","24+ ft.",373,109,0.292],["Above the Break 3","Left Side Center(LC)","24+ ft.",775,242,0.312],["Above the Break 3","Right Side Center(RC)","24+ ft.",696,241,0.346],["Backcourt","Back Court(BC)","Back Court Shot",24,0,0.0],["In The Paint (Non-RA)","Center(C)","8-16 ft.",360,122,0.339],["In The Paint (Non-RA)","Center(C)","Less Than 8 ft.",1048,401,0.383],["In The Paint (Non-RA)","Left Side(L)","8-16 ft.",126,45,0.357],["In The Paint (Non-RA)","Right Side(R)","8-16 ft.",112,43,0.384],["Left Corner 3","Left Side(L)","24+ ft.",372,124,0.333],["Mid-Range","Center(C)","8-16 ft.",85,32,0.376],["Mid-Range","Center(C)","16-24 ft.",376,144,0.383],["Mid-Range","Left Side Center(LC)","16-24 ft.",627,219,0.349],["Mid-Range","Left Side(L)","16-24 ft.",690,244,0.354],["Mid-Range","Left Side(L)","8-16 ft.",781,267,0.342],["Mid-Range","Right Side Center(RC)","16-24 ft.",599,225,0.376],["Mid-Range","Right Side(R)","16-24 ft.",557,210,0.377],["Mid-Range","Right Side(R)","8-16 ft.",790,310,0.392],["Restricted Area","Center(C)","Less Than 8 ft.",3905,2217,0.568],["Right Corner 3","Right Side(R)","24+ ft.",318,113,0.355]]},"Details":{"header":["GAME_ID","GAME_EVENT_ID","PERIOD","MINUTES_REMAINING","SECONDS_REMAINING","EVENT_TYPE","ACTION_TYPE","SHOT_TYPE","SHOT_ZONE_BASIC","SHOT_ZONE_AREA","SHOT_ZONE_RANGE","SHOT_DISTANCE","LOC_X","LOC_Y","SHOT_ATTEMPTED_FLAG","SHOT_MADE_FLAG"],"row":[["0040300111",379,3,0,20,"Missed Shot","Layup Shot","2PT Field Goal","Restricted Area","Center(C)","Less Than 8 ft.",0,0,0,1,0],["0040300112",103,2,11,32,"Made Shot","Jump Shot","2PT Field Goal","Mid-Range","Left Side(L)","16-24 ft.",20,-209,-11,1,1],["0040300112",116,2,9,11,"Missed Shot","Jump Shot","2PT Field Goal","Mid-Range","Left Side Center(LC)","16-24 ft.",19,-61,181,1,0],["0040300112",438,4,3,31,"Missed Shot","Running Jump Shot","2PT Field Goal","In The Paint (Non-RA)","Center(C)","Less Than 8 ft.",5,-48,33,1,0],["0040300113",148,2,8,20,"Missed Shot","Jump Shot","2PT Field Goal","Mid-Range","Right Side(R)","16-24 ft.",20,194,49,1,0],["0040300114",123,2,10,36,"Made Shot","Jump Shot","2PT Field Goal","Mid-Range","Right Side(R)","16-24 ft.",17,172,-13,1,1],["0040300114",147,2,8,10,"Missed Shot","Jump Shot","2PT Field Goal","Mid-Range","Left Side Center(LC)","16-24 ft.",18,-79,166,1,0],["0040300114",158,2,6,39,"Missed Shot","Layup Shot","2PT Field Goal","Restricted Area","Center(C)","Less Than 8 ft.",0,0,0,1,0],["0040300211",430,4,0,46,"Missed Shot","Jump Shot","3PT Field Goal","Left Corner 3","Left Side(L)","24+ ft.",23,-233,7,1,0],["0040300211",436,4,0,14,"Missed Shot","Jump Shot","2PT Field Goal","Mid-Range","Right Side(R)","16-24 ft.",18,181,26,1,0],["0040300213",489,4,0,40,"Made Shot","Jump Shot","2PT Field Goal","Mid-Range","Left Side(L)","16-24 ft.",16,-153,71,1,1],["0040300214",372,4,10,56,"Missed Shot","Layup Shot","2PT Field Goal","Restricted Area","Center(C)","Less Than 8 ft.",0,0,0,1,0]]}},"GameList":{"40300114":[2220,"0040300114","04/25/2004","NJN","Nets","NYK","Knicks",0,2,1,3,0,0,1,0,1,0,0],"40300113":[2220,"0040300113","04/22/2004","NJN","Nets","NYK","Knicks",0,0,0,1,0,0,0,0,0,0,0],"40300112":[2220,"0040300112","04/20/2004","NJN","Nets","NYK","Knicks",0,2,1,3,0,0,0,0,0,1,0],"40300111":[2220,"0040300111","04/17/2004","NJN","Nets","NYK","Knicks",0,0,0,1,0,0,0,0,0,1,2],"40300214":[2220,"0040300214","05/11/2004","NJN","Nets","DET","Pistons",0,0,0,1,0,0,2,0,0,0,0],"40300217":[2220,"0040300217","05/20/2004","NJN","Nets","DET","Pistons",0,0,0,0,0,0,1,0,0,1,0],"40300211":[2220,"0040300211","05/03/2004","NJN","Nets","DET","Pistons",0,0,0,2,0,1,0,0,0,0,0],"40300213":[2220,"0040300213","05/09/2004","NJN","Nets","DET","Pistons",0,2,1,1,0,0,0,0,0,0,0]},"data":[24.0,8,0,4.0,0.4,1.5,0.25,0.0,0.1,0.0,0.0,0.0,0.0,0.1,0.1,0.3,0.4,0.1,0.0,0.0,0.5,0.8],"rank":{"PerGame":[null,null,null,null,null,null,null,null,null,null,null,null,null,null,null,null,null,null,null],"Totals":[152,152,142,null,96,110,null,157,159,null,140,166,164,123,140,128,165,156,167]},"team":"NJN"}}}}