{"info":{"FIRST_NAME":"Brandon","LAST_NAME":"Hunter","WEIGHT":"266","COUNTRY":"USA","SCHOOL":"Ohio","BIRTHDATE":"1980-11-24T00:00:00","HEIGHT":"6-7","TO_YEAR":2004,"DLEAGUE":"N","FROM_YEAR":2003,"TEAM":"ORL","PERSON_ID":2599,"SEASON_EXP":2,"POSITION":"Forward","ROSTERSTATUS":"Active","ALL_STAR":0,"PIE":0,"JERSEY":"34"},"career":{"header":["MIN","FGM","FGA","FG_PCT","FG3M","FG3A","FG3_PCT","FTM","FTA","FT_PCT","OREB","DREB","REB","AST","STL","BLK","TOV","PF","PTS"],"RegularSeason":{"PerGame":[9.4,1.3,2.8,0.476,0.0,0.0,0.0,0.6,1.2,0.488,1.1,1.7,2.8,0.3,0.3,0.1,0.7,1.2,3.3],"GS":12,"GP":67},"PostSeason":{"PerGame":[3.3,0.3,0.3,1.0,0.0,0.0,0.0,0.0,0.0,0.0,0.7,0.3,1.0,0.3,0.0,0.3,0.3,0.7,0.7],"GS":0,"GP":3}},"season":{"headerRank":["RANK_PG_MIN","RANK_PG_FGM","RANK_PG_FGA","RANK_FG_PCT","RANK_PG_FG3M","RANK_PG_FG3A","RANK_FG3_PCT","RANK_PG_FTM","RANK_PG_FTA","RANK_FT_PCT","RANK_PG_OREB","RANK_PG_DREB","RANK_PG_REB","RANK_PG_AST","RANK_PG_STL","RANK_PG_BLK","RANK_PG_TOV","RANK_PG_PTS","RANK_PG_EFF"],"headerGame":["PLAYER_ID","GAME_ID","GAME_DATE","TEAM_ABBREVIATION","TEAM_NAME","VS_TEAM_ABBREVIATION","VS_TEAM_NAME","TOV","PTS","FGM","FGA","FG3M","FG3A","PF","BLK","STL","AST","REB"],"RegularSeason":{"2003":{"shotchart":{"Averages":{"header":["SHOT_ZONE_BASIC","SHOT_ZONE_AREA","SHOT_ZONE_RANGE","FGA","FGM","FG_PCT"],"row":[["Above the Break 3","Back Court(BC)","Back Court Shot",109,5,0.046],["Above the Break 3","Center(C)","24+ ft.",5386,1801,0.334],["Above the Break 3","Left Side Center(LC)","24+ ft.",10095,3479,0.345],["Above the Break 3","Right Side Center(RC)","24+ ft.",9958,3409,0.342],["Backcourt","Back Court(BC)","Back Court Shot",336,8,0.024],["In The Paint (Non-RA)","Center(C)","8-16 ft.",5626,2199,0.391],["In The Paint (Non-RA)","Center(C)","Less Than 8 ft.",17559,6728,0.383],["In The Paint (Non-RA)","Left Side(L)","8-16 ft.",2169,852,0.393],["In The Paint (Non-RA)","Right Side(R)","8-16 ft.",1981,773,0.39],["Left Corner 3","Left Side(L)","24+ ft.",5069,1919,0.379],["Mid-Range","Center(C)","16-24 ft.",6232,2360,0.379],["Mid-Range","Center(C)","8-16 ft.",1923,771,0.401],["Mid-Range","Left Side Center(LC)","16-24 ft.",8831,3465,0.392],["Mid-Range","Left Side(L)","16-24 ft.",10325,4063,0.394],["Mid-Range","Left Side(L)","8-16 ft.",11556,4314,0.373],["Mid-Range","Right Side Center(RC)","16-24 ft.",9436,3682,0.39],["Mid-Range","Right Side(R)","16-24 ft.",8619,3290,0.382],["Mid-Range","Right Side(R)","8-16 ft.",10735,3904,0.364],["Restricted Area","Center(C)","Less Than 8 ft.",59358,34542,0.582],["Right Corner 3","Right Side(R)","24+ ft.",4499,1691,0.376]]},"Details":{"header":["GAME_ID","GAME_EVENT_ID","PERIOD","MINUTES_REMAINING","SECONDS_REMAINING","EVENT_TYPE","ACTION_TYPE","SHOT_TYPE","SHOT_ZONE_BASIC","SHOT_ZONE_AREA","SHOT_ZONE_RANGE","SHOT_DISTANCE","LOC_X","LOC_Y","SHOT_ATTEMPTED_FLAG","SHOT_MADE_FLAG"],"row":[["0020300508",566,4,1,34,"Made Shot","Layup Shot","2PT Field Goal","In The Paint (Non-RA)","Center(C)","Less Than 8 ft.",4,-39,10,1,1],["0020300543",365,4,6,31,"Missed Shot","Layup Shot","2PT Field Goal","Restricted Area","Center(C)","Less Than 8 ft.",2,26,8,1,0],["0020300543",402,4,2,11,"Missed Shot","Hook Shot","2PT Field Goal","In The Paint (Non-RA)","Center(C)","Less Than 8 ft.",4,5,49,1,0],["0020300576",421,4,3,25,"Missed Shot","Layup Shot","2PT Field Goal","Restricted Area","Center(C)","Less Than 8 ft.",1,10,8,1,0],["0020300576",425,4,3,18,"Made Shot","Dunk Shot","2PT Field Goal","Restricted Area","Center(C)","Less Than 8 ft.",0,-5,0,1,1],["0020300576",442,4,1,54,"Missed Shot","Jump Shot","2PT Field Goal","Mid-Range","Left Side(L)","8-16 ft.",13,-131,0,1,0],["0020300576",444,4,1,50,"Made Shot","Dunk Shot","2PT Field Goal","Restricted Area","Center(C)","Less Than 8 ft.",0,-8,0,1,1],["0020300576",458,4,0,30,"Made Shot","Layup Shot","2PT Field Goal","Restricted Area","Center(C)","Less Than 8 ft.",0,3,5,1,1],["0020300609",325,3,4,29,"Made Shot","Hook Shot","2PT Field Goal","Restricted Area","Center(C)","Less Than 8 ft.",3,36,2,1,1],["0020300609",330,3,3,55,"Made Shot","Layup Shot","2PT Field Goal","Restricted Area","Center(C)","Less Than 8 ft.",1,13,8,1,1],["0020300609",366,3,0,27,"Made Shot","Running Dunk Shot","2PT Field Goal","Restricted Area","Center(C)","Less Than 8 ft.",1,-5,12,1,1],["0020300627",201,2,3,12,"Missed Shot","Layup Shot","2PT Field Goal","Restricted Area","Center(C)","Less Than 8 ft.",0,0,0,1,0],["0020300627",222,2,2,30,"Missed Shot","Jump Shot","2PT Field Goal","In The Paint (Non-RA)","Center(C)","Less Than 8 ft.",5,-44,35,1,0],["0020300627",330,3,4,15,"Missed Shot","Jump Shot","2PT Field Goal","Mid-Range","Left Side(L)","16-24 ft.",16,-140,87,1,0],["0020300627",352,3,2,59,"Missed Shot","Jump Shot","2PT Field Goal","Mid-Range","Left Side(L)","16-24 ft.",16,-154,53,1,0],["0020300627",458,4,5,45,"Made Shot","Turnaround Jump Shot","2PT Field Goal","In The Paint (Non-RA)","Right Side(R)","8-16 ft.",10,74,69,1,1],["0020300627",478,4,4,13,"Missed Shot","Dunk Shot","2PT Field Goal","Restricted Area","Center(C)","Less Than 8 ft.",0,0,0,1,0],["0020300627",493,4,3,20,"Made Shot","Hook Shot","2PT Field Goal","In The Paint (Non-RA)","Center(C)","Less Than 8 ft.",5,-36,46,1,1],["0020300627",502,4,2,9,"Made Shot","Layup Shot","2PT Field Goal","Restricted Area","Center(C)","Less Than 8 ft.",0,0,0,1,1],["0020300627",524,4,0,14,"Missed Shot","Jump Shot","2PT Field Goal","Mid-Range","Left Side Center(LC)","16-24 ft.",16,-110,125,1,0],["0020300645",167,2,8,18,"Made Shot","Layup Shot","2PT Field Goal","Restricted Area","Center(C)","Less Than 8 ft.",2,-26,5,1,1],["0020300663",149,2,8,11,"Made Shot","Jump Shot","2PT Field Goal","Restricted Area","Center(C)","Less Than 8 ft.",3,-38,12,1,1],["0020300663",467,4,3,18,"Made Shot","Layup Shot","2PT Field Goal","Restricted Area","Center(C)","Less Than 8 ft.",2,16,13,1,1],["0020300676",345,4,11,25,"Made Shot","Layup Shot","2PT Field Goal","Restricted Area","Center(C)","Less Than 8 ft.",0,0,2,1,1],["0020300711",56,1,4,50,"Missed Shot","Hook Shot","2PT Field Goal","Restricted Area","Center(C)","Less Than 8 ft.",3,-34,18,1,0],["0020300711",238,2,0,0,"Missed Shot","Jump Shot","3PT Field Goal","Backcourt","Back Court(BC)","Back Court Shot",46,6,467,1,0],["0020300759",446,4,3,24,"Missed Shot","Jump Shot","2PT Field Goal","In The Paint (Non-RA)","Center(C)","Less Than 8 ft.",7,1,76,1,0],["0020300759",448,4,3,20,"Missed Shot","Jump Shot","2PT Field Goal","In The Paint (Non-RA)","Center(C)","8-16 ft.",8,16,82,1,0],["0020300759",464,4,1,38,"Made Shot","Jump Shot","2PT Field Goal","Mid-Range","Right Side(R)","16-24 ft.",17,174,15,1,1],["0020300759",482,4,0,7,"Made Shot","Dunk Shot","2PT Field Goal","Restricted Area","Center(C)","Less Than 8 ft.",0,0,0,1,1],["0020300771",482,4,1,6,"Missed Shot","Jump Hook Shot","2PT Field Goal","In The Paint (Non-RA)","Center(C)","Less Than 8 ft.",5,-5,56,1,0],["0020300800",367,4,9,0,"Missed Shot","Jump Shot","2PT Field Goal","Mid-Range","Left Side(L)","8-16 ft.",14,-102,107,1,0],["0020300800",403,4,6,1,"Missed Shot","Jump Shot","2PT Field Goal","In The Paint (Non-RA)","Center(C)","Less Than 8 ft.",5,49,20,1,0],["0020300800",407,4,5,37,"Made Shot","Layup Shot","2PT Field Goal","Restricted Area","Center(C)","Less Than 8 ft.",0,0,0,1,1],["0020300800",454,4,1,12,"Made Shot","Dunk Shot","2PT Field Goal","Restricted Area","Center(C)","Less Than 8 ft.",0,0,0,1,1],["0020300800",463,4,0,3,"Made Shot","Reverse Layup Shot","2PT Field Goal","Restricted Area","Center(C)","Less Than 8 ft.",0,0,0,1,1],["0020300810",445,4,0,10,"Made Shot","Hook Shot","2PT Field Goal","Restricted Area","Center(C)","Less Than 8 ft.",3,-13,30,1,1],["0020300824",11,1,10,43,"Made Shot","Jump Bank Shot","2PT Field Goal","In The Paint (Non-RA)","Center(C)","Less Than 8 ft.",6,-5,61,1,1],["0020300824",28,1,8,41,"Made Shot","Layup Shot","2PT Field Goal","Restricted Area","Center(C)","Less Than 8 ft.",1,-15,7,1,1],["0020300824",41,1,7,3,"Made Shot","Layup Shot","2PT Field Goal","Restricted Area","Center(C)","Less Than 8 ft.",1,6,10,1,1],["0020300824",149,2,8,40,"Missed Shot","Jump Shot","2PT Field Goal","In The Paint (Non-RA)","Center(C)","Less Than 8 ft.",5,-54,17,1,0],["0020300824",184,2,5,32,"Made Shot","Layup Shot","2PT Field Goal","Restricted Area","Center(C)","Less Than 8 ft.",2,24,8,1,1],["0020300824",195,2,4,51,"Missed Shot","Layup Shot","2PT Field Goal","Restricted Area","Center(C)","Less Than 8 ft.",1,11,5,1,0],["0020300824",232,2,0,51,"Missed Shot","Layup Shot","2PT Field Goal","Restricted Area","Center(C)","Less Than 8 ft.",1,-3,13,1,0],["0020300824",290,3,7,35,"Made Shot","Slam Dunk Shot","2PT Field Goal","Restricted Area","Center(C)","Less Than 8 ft.",2,0,25,1,1],["0020300824",342,3,3,41,"Missed Shot","Jump Shot","2PT Field Goal","Mid-Range","Right Side Center(RC)","16-24 ft.",20,138,146,1,0],["0020300824",360,3,1,50,"Made Shot","Dunk Shot","2PT Field Goal","Restricted Area","Center(C)","Less Than 8 ft.",1,-3,17,1,1],["0020300824",425,4,6,24,"Missed Shot","Layup Shot","2PT Field Goal","Restricted Area","Center(C)","Less Than 8 ft.",0,3,0,1,0],["0020300824",447,4,4,29,"Missed Shot","Layup Shot","2PT Field Goal","Restricted Area","Center(C)","Less Than 8 ft.",0,6,0,1,0],["0020300837",5,1,10,58,"Missed Shot","Layup Shot","2PT Field Goal","Restricted Area","Center(C)","Less Than 8 ft.",3,-15,31,1,0],["0020300837",36,1,7,48,"Missed Shot","Jump Shot","2PT Field Goal","Mid-Range","Right Side(R)","8-16 ft.",15,113,112,1,0],["0020300837",40,1,7,41,"Made Shot","Tip Shot","2PT Field Goal","Restricted Area","Center(C)","Less Than 8 ft.",0,1,-9,1,1],["0020300837",73,1,4,32,"Made Shot","Dunk Shot","2PT Field Goal","Restricted Area","Center(C)","Less Than 8 ft.",2,23,3,1,1],["0020300837",216,2,2,16,"Made Shot","Jump Shot","2PT Field Goal","Mid-Range","Center(C)","8-16 ft.",14,-2,141,1,1],["0020300837",245,3,11,23,"Missed Shot","Layup Shot","2PT Field Goal","Restricted Area","Center(C)","Less Than 8 ft.",3,31,-1,1,0],["0020300837",384,4,10,1,"Made Shot","Layup Shot","2PT Field Goal","Restricted Area","Center(C)","Less Than 8 ft.",2,-28,5,1,1],["0020300837",402,4,7,58,"Missed Shot","Layup Shot","2PT Field Goal","Restricted Area","Center(C)","Less Than 8 ft.",2,-28,0,1,0],["0020300837",404,4,7,56,"Made Shot","Layup Shot","2PT Field Goal","Restricted Area","Center(C)","Less Than 8 ft.",0,3,0,1,1],["0020300855",5,1,11,16,"Made Shot","Driving Layup Shot","2PT Field Goal","Restricted Area","Center(C)","Less Than 8 ft.",0,0,0,1,1],["0020300855",140,2,9,52,"Missed Shot","Layup Shot","2PT Field Goal","Restricted Area","Center(C)","Less Than 8 ft.",0,0,0,1,0],["0020300855",208,2,3,6,"Made Shot","Layup Shot","2PT Field Goal","Restricted Area","Center(C)","Less Than 8 ft.",0,0,0,1,1],["0020300855",259,3,9,28,"Made Shot","Jump Hook Shot","2PT Field Goal","In The Paint (Non-RA)","Center(C)","Less Than 8 ft.",7,-36,66,1,1],["0020300855",404,4,5,23,"Missed Shot","Turnaround Hook Shot","2PT Field Goal","In The Paint (Non-RA)","Center(C)","Less Than 8 ft.",6,23,58,1,0],["0020300855",414,4,3,44,"Made Shot","Slam Dunk Shot","2PT Field Goal","Restricted Area","Center(C)","Less Than 8 ft.",0,0,0,1,1],["0020300855",431,4,2,7,"Made Shot","Layup Shot","2PT Field Goal","Restricted Area","Center(C)","Less Than 8 ft.",0,0,0,1,1],["0020300863",2,1,11,45,"Missed Shot","Layup Shot","2PT Field Goal","Restricted Area","Center(C)","Less Than 8 ft.",1,15,-3,1,0],["0020300863",57,1,6,57,"Missed Shot","Layup Shot","2PT Field Goal","Restricted Area","Center(C)","Less Than 8 ft.",1,0,17,1,0],["0020300863",105,1,1,42,"Made Shot","Layup Shot","2PT Field Goal","Restricted Area","Center(C)","Less Than 8 ft.",0,6,0,1,1],["0020300863",242,2,0,49,"Missed Shot","Layup Shot","2PT Field Goal","Restricted Area","Center(C)","Less Than 8 ft.",2,-26,8,1,0],["0020300863",244,2,0,46,"Made Shot","Layup Shot","2PT Field Goal","Restricted Area","Center(C)","Less Than 8 ft.",1,6,17,1,1],["0020300863",255,2,0,0,"Missed Shot","Jump Shot","3PT Field Goal","Backcourt","Back Court(BC)","Back Court Shot",44,-6,442,1,0],["0020300863",290,3,7,5,"Missed Shot","Layup Shot","2PT Field Goal","Restricted Area","Center(C)","Less Than 8 ft.",0,0,0,1,0],["0020300889",15,1,10,33,"Made Shot","Layup Shot","2PT Field Goal","Restricted Area","Center(C)","Less Than 8 ft.",1,13,10,1,1],["0020300889",184,2,2,47,"Made Shot","Slam Dunk Shot","2PT Field Goal","Restricted Area","Center(C)","Less Than 8 ft.",1,0,17,1,1],["0020300889",292,3,4,31,"Missed Shot","Layup Shot","2PT Field Goal","Restricted Area","Center(C)","Less Than 8 ft.",0,0,0,1,0],["0020300908",4,1,11,24,"Missed Shot","Jump Shot","2PT Field Goal","Mid-Range","Right Side(R)","16-24 ft.",16,148,77,1,0],["0020300908",5,1,11,22,"Made Shot","Slam Dunk Shot","2PT Field Goal","Restricted Area","Center(C)","Less Than 8 ft.",0,0,0,1,1],["0020300908",16,1,9,51,"Missed Shot","Jump Shot","2PT Field Goal","In The Paint (Non-RA)","Center(C)","Less Than 8 ft.",7,-75,18,1,0],["0020300908",26,1,8,47,"Missed Shot","Hook Shot","2PT Field Goal","In The Paint (Non-RA)","Center(C)","Less Than 8 ft.",4,-28,40,1,0],["0020300908",64,1,4,24,"Missed Shot","Jump Shot","2PT Field Goal","In The Paint (Non-RA)","Center(C)","Less Than 8 ft.",5,0,58,1,0],["0020300908",92,1,1,59,"Missed Shot","Jump Shot","2PT Field Goal","Mid-Range","Right Side(R)","16-24 ft.",17,171,48,1,0],["0020300908",248,2,0,0,"Missed Shot","Jump Shot","3PT Field Goal","Above the Break 3","Back Court(BC)","Back Court Shot",40,5,401,1,0],["0020300919",5,1,11,18,"Made Shot","Driving Layup Shot","2PT Field Goal","Restricted Area","Center(C)","Less Than 8 ft.",0,0,0,1,1],["0020300919",229,3,11,23,"Made Shot","Driving Layup Shot","2PT Field Goal","Restricted Area","Center(C)","Less Than 8 ft.",0,0,0,1,1],["0020300919",251,3,8,9,"Missed Shot","Dunk Shot","2PT Field Goal","Restricted Area","Center(C)","Less Than 8 ft.",0,0,0,1,0],["0020300919",262,3,7,0,"Made Shot","Layup Shot","2PT Field Goal","Restricted Area","Center(C)","Less Than 8 ft.",0,0,0,1,1],["0020300926",47,1,7,15,"Made Shot","Slam Dunk Shot","2PT Field Goal","Restricted Area","Center(C)","Less Than 8 ft.",1,-3,15,1,1],["0020300939",14,1,9,11,"Missed Shot","Layup Shot","2PT Field Goal","Restricted Area","Center(C)","Less Than 8 ft.",2,-21,15,1,0],["0020300939",23,1,8,22,"Missed Shot","Layup Shot","2PT Field Goal","Restricted Area","Center(C)","Less Than 8 ft.",2,23,17,1,0],["0020300939",30,1,7,27,"Missed Shot","Layup Shot","2PT Field Goal","Restricted Area","Center(C)","Less Than 8 ft.",3,31,2,1,0],["0020300939",42,1,5,36,"Missed Shot","Layup Shot","2PT Field Goal","Restricted Area","Center(C)","Less Than 8 ft.",1,-10,-3,1,0],["0020300939",406,4,5,12,"Missed Shot","Jump Shot","2PT Field Goal","Mid-Range","Center(C)","8-16 ft.",14,-13,146,1,0],["0020300949",22,1,8,24,"Made Shot","Driving Dunk Shot","2PT Field Goal","Restricted Area","Center(C)","Less Than 8 ft.",0,1,-3,1,1],["0020300993",12,1,10,4,"Made Shot","Layup Shot","2PT Field Goal","Restricted Area","Center(C)","Less Than 8 ft.",0,0,0,1,1],["0020301060",179,2,5,56,"Missed Shot","Hook Shot","2PT Field Goal","In The Paint (Non-RA)","Center(C)","Less Than 8 ft.",5,-8,53,1,0],["0020301060",183,2,5,23,"Missed Shot","Layup Shot","2PT Field Goal","Restricted Area","Center(C)","Less Than 8 ft.",3,-28,20,1,0],["0020301060",191,2,5,0,"Made Shot","Dunk Shot","2PT Field Goal","Restricted Area","Center(C)","Less Than 8 ft.",1,-13,0,1,1],["0020301060",216,2,2,2,"Missed Shot","Jump Shot","2PT Field Goal","In The Paint (Non-RA)","Center(C)","Less Than 8 ft.",4,-5,43,1,0],["0020301060",221,2,1,23,"Made Shot","Dunk Shot","2PT Field Goal","Restricted Area","Center(C)","Less Than 8 ft.",1,-13,5,1,1],["0020301076",103,1,1,6,"Made Shot","Layup Shot","2PT Field Goal","Restricted Area","Center(C)","Less Than 8 ft.",1,-8,13,1,1],["0020301076",143,2,9,8,"Missed Shot","Layup Shot","2PT Field Goal","Restricted Area","Center(C)","Less Than 8 ft.",2,24,7,1,0],["0020301076",301,3,0,28,"Missed Shot","Layup Shot","2PT Field Goal","Restricted Area","Center(C)","Less Than 8 ft.",1,18,0,1,0],["0020301076",335,4,7,15,"Missed Shot","Layup Shot","2PT Field Goal","Restricted Area","Center(C)","Less Than 8 ft.",1,15,-3,1,0],["0020301076",337,4,7,12,"Missed Shot","Layup Shot","2PT Field Goal","Restricted Area","Center(C)","Less Than 8 ft.",3,23,23,1,0],["0020301125",91,1,1,25,"Missed Shot","Layup Shot","2PT Field Goal","Restricted Area","Center(C)","Less Than 8 ft.",0,0,0,1,0],["0020301138",379,3,1,36,"Missed Shot","Layup Shot","2PT Field Goal","Restricted Area","Center(C)","Less Than 8 ft.",0,0,0,1,0],["0020301138",405,4,11,4,"Missed Shot","Layup Shot","2PT Field Goal","Restricted Area","Center(C)","Less Than 8 ft.",0,0,0,1,0],["0020301161",156,2,5,46,"Missed Shot","Jump Shot","2PT Field Goal","Mid-Range","Left Side Center(LC)","16-24 ft.",19,-94,176,1,0],["0020301161",305,3,1,58,"Missed Shot","Layup Shot","2PT Field Goal","Restricted Area","Center(C)","Less Than 8 ft.",2,20,7,1,0],["0020301161",370,4,7,53,"Missed Shot","Hook Shot","2PT Field Goal","In The Paint (Non-RA)","Center(C)","Less Than 8 ft.",5,-48,35,1,0],["0020301161",430,4,0,56,"Missed Shot","Layup Shot","2PT Field Goal","Restricted Area","Center(C)","Less Than 8 ft.",1,11,3,1,0],["0020301161",434,4,0,52,"Made Shot","Layup Shot","2PT Field Goal","Restricted Area","Center(C)","Less Than 8 ft.",1,-2,12,1,1],["0020301176",178,2,7,10,"Made Shot","Running Hook Shot","2PT Field Goal","In The Paint (Non-RA)","Center(C)","Less Than 8 ft.",4,-49,5,1,1],["0020301176",193,2,5,24,"Missed Shot","Layup Shot","2PT Field Goal","Restricted Area","Center(C)","Less Than 8 ft.",1,11,0,1,0],["0020301176",411,4,11,40,"Missed Shot","Hook Shot","2PT Field Goal","Restricted Area","Center(C)","Less Than 8 ft.",2,-6,25,1,0],["0020301176",413,4,11,36,"Made Shot","Layup Shot","2PT Field Goal","Restricted Area","Center(C)","Less Than 8 ft.",0,-3,5,1,1]]}},"GameList":{"20300771":[2599,"0020300771","02/17/2004","BOS","Celtics","SAC","Kings",1,0,0,1,0,0,0,0,1,0,0],"20300759":[2599,"0020300759","02/12/2004","BOS","Celtics","CHI","Bulls",0,4,2,4,0,0,1,0,0,0,3],"20300993":[2599,"0020300993","03/19/2004","BOS","Celtics","DAL","Mavericks",2,2,1,1,0,0,1,0,0,0,0],"20301138":[2599,"0020301138","04/09/2004","BOS","Celtics","NOH","Hornets",0,1,0,2,0,0,0,0,0,1,2],"20300855":[2599,"0020300855","02/29/2004","BOS","Celtics","TOR","Raptors",2,10,5,7,0,0,4,0,2,0,4],"20300676":[2599,"0020300676","01/31/2004","BOS","Celtics","IND","Pacers",1,2,1,1,0,0,1,0,0,0,2],"20300810":[2599,"0020300810","02/22/2004","BOS","Celtics","SEA","SuperSonics",0,2,1,1,0,0,0,0,0,0,0],"20300837":[2599,"0020300837","02/27/2004","BOS","Celtics","TOR","Raptors",2,11,5,9,0,0,4,0,1,3,16],"20300919":[2599,"0020300919","03/09/2004","BOS","Celtics","NYK","Knicks",1,6,3,4,0,0,2,0,1,1,4],"20300975":[2599,"0020300975","03/17/2004","BOS","Celtics","DEN","Nuggets",0,0,0,0,0,0,0,0,0,2,1],"20301090":[2599,"0020301090","04/02/2004","BOS","Celtics","GSW","Warriors",0,0,0,0,0,0,0,0,0,0,0],"20300543":[2599,"0020300543","01/14/2004","BOS","Celtics","HOU","Rockets",0,0,0,2,0,0,0,0,0,0,2],"20300711":[2599,"0020300711","02/06/2004","BOS","Celtics","ATL","Hawks",1,0,0,2,0,1,1,0,1,0,0],"20300939":[2599,"0020300939","03/12/2004","BOS","Celtics","IND","Pacers",1,0,0,5,0,0,2,0,0,4,4],"20300783":[2599,"0020300783","02/19/2004","BOS","Celtics","LAC","Clippers",1,0,0,0,0,0,1,0,0,0,2],"20301060":[2599,"0020301060","03/28/2004","BOS","Celtics","PHI","76ers",0,4,2,5,0,0,0,0,1,1,5],"20300609":[2599,"0020300609","01/23/2004","BOS","Celtics","WAS","Wizards",1,6,3,3,0,0,0,0,1,0,4],"20300723":[2599,"0020300723","02/07/2004","BOS","Celtics","PHI","76ers",0,1,0,0,0,0,2,0,0,0,0],"20300508":[2599,"0020300508","01/09/2004","BOS","Celtics","CLE","Cavaliers",1,2,1,1,0,0,1,0,0,1,1],"20300627":[2599,"0020300627","01/25/2004","BOS","Celtics","NJN","Nets",1,7,3,9,0,0,1,0,1,0,9],"20301001":[2599,"0020301001","03/20/2004","BOS","Celtics","SAS","Spurs",0,0,0,0,0,0,0,0,0,0,0],"20300645":[2599,"0020300645","01/28/2004","BOS","Celtics","DET","Pistons",0,2,1,1,0,0,1,0,0,1,2],"20301125":[2599,"0020301125","04/07/2004","BOS","Celtics","MIA","Heat",0,0,0,1,0,0,3,0,0,0,2],"20300663":[2599,"0020300663","01/30/2004","BOS","Celtics","NYK","Knicks",0,4,2,2,0,0,0,0,0,0,1],"20300889":[2599,"0020300889","03/05/2004","BOS","Celtics","WAS","Wizards",1,4,2,3,0,0,2,0,1,0,5],"20300824":[2599,"0020300824","02/25/2004","BOS","Celtics","MIL","Bucks",0,17,6,12,0,0,3,0,0,1,9],"20300908":[2599,"0020300908","03/07/2004","BOS","Celtics","MIN","Timberwolves",1,2,1,7,0,1,1,0,0,1,6],"20300800":[2599,"0020300800","02/21/2004","BOS","Celtics","POR","Trail Blazers",0,10,3,5,0,0,1,0,1,0,8],"20300926":[2599,"0020300926","03/10/2004","BOS","Celtics","LAL","Lakers",1,3,1,1,0,0,1,0,0,0,2],"20300949":[2599,"0020300949","03/13/2004","BOS","Celtics","WAS","Wizards",2,2,1,1,0,0,3,0,0,0,2],"20300576":[2599,"0020300576","01/18/2004","BOS","Celtics","SAS","Spurs",0,6,3,5,0,0,0,0,1,0,2],"20300698":[2599,"0020300698","02/04/2004","BOS","Celtics","LAC","Clippers",0,0,0,0,0,0,0,0,0,0,0],"20301076":[2599,"0020301076","03/31/2004","BOS","Celtics","POR","Trail Blazers",0,2,1,5,0,0,0,0,0,0,1],"20301161":[2599,"0020301161","04/12/2004","BOS","Celtics","MIA","Heat",1,3,1,5,0,0,2,1,1,2,2],"20301176":[2599,"0020301176","04/14/2004","BOS","Celtics","ATL","Hawks",0,5,2,4,0,0,1,0,0,0,5],"20300863":[2599,"0020300863","03/01/2004","BOS","Celtics","ORL","Magic",1,7,2,7,0,1,1,0,0,1,12]},"data":[23.0,36,12,11.3,1.5,3.2,0.457,0.0,0.1,0.0,0.5,1.2,0.442,1.4,1.9,3.3,0.5,0.4,0.0,0.6,1.1,3.5],"rank":{"PerGame":[null,null,null,null,null,null,null,null,null,null,null,null,null,null,null,null,null,null,null],"Totals":[341,325,334,null,289,286,null,333,298,null,202,308,282,329,319,378,332,332,328]},"team":"BOS"},"2004":{"shotchart":{"Averages":{"header":["SHOT_ZONE_BASIC","SHOT_ZONE_AREA","SHOT_ZONE_RANGE","FGA","FGM","FG_PCT"],"row":[["Above the Break 3","Back Court(BC)","Back Court Shot",115,2,0.017],["Above the Break 3","Center(C)","24+ ft.",5850,2027,0.346],["Above the Break 3","Left Side Center(LC)","24+ ft.",10956,3840,0.35],["Above the Break 3","Right Side Center(RC)","24+ ft.",10539,3717,0.353],["Backcourt","Back Court(BC)","Back Court Shot",363,3,0.008],["In The Paint (Non-RA)","Center(C)","8-16 ft.",5303,2099,0.396],["In The Paint (Non-RA)","Center(C)","Less Than 8 ft.",16703,6636,0.397],["In The Paint (Non-RA)","Left Side(L)","8-16 ft.",1918,787,0.41],["In The Paint (Non-RA)","Right Side(R)","8-16 ft.",1834,725,0.395],["Left Corner 3","Left Side(L)","24+ ft.",5541,2090,0.377],["Mid-Range","Center(C)","16-24 ft.",6879,2790,0.406],["Mid-Range","Center(C)","8-16 ft.",1894,817,0.431],["Mid-Range","Left Side Center(LC)","16-24 ft.",10027,4066,0.406],["Mid-Range","Left Side(L)","16-24 ft.",10301,4043,0.392],["Mid-Range","Left Side(L)","8-16 ft.",11101,4131,0.372],["Mid-Range","Right Side Center(RC)","16-24 ft.",10601,4255,0.401],["Mid-Range","Right Side(R)","16-24 ft.",8849,3516,0.397],["Mid-Range","Right Side(R)","8-16 ft.",10381,3850,0.371],["Restricted Area","Center(C)","Less Than 8 ft.",63160,36973,0.585],["Right Corner 3","Right Side(R)","24+ ft.",5307,2066,0.389]]},"Details":{"header":["GAME_ID","GAME_EVENT_ID","PERIOD","MINUTES_REMAINING","SECONDS_REMAINING","EVENT_TYPE","ACTION_TYPE","SHOT_TYPE","SHOT_ZONE_BASIC","SHOT_ZONE_AREA","SHOT_ZONE_RANGE","SHOT_DISTANCE","LOC_X","LOC_Y","SHOT_ATTEMPTED_FLAG","SHOT_MADE_FLAG"],"row":[["0020400174",517,4,0,26,"Made Shot","Dunk Shot","2PT Field Goal","Restricted Area","Center(C)","Less Than 8 ft.",0,0,0,1,1],["0020400199",512,4,3,28,"Made Shot","Dunk Shot","2PT Field Goal","Restricted Area","Center(C)","Less Than 8 ft.",0,0,0,1,1],["0020400199",555,4,0,34,"Made Shot","Dunk Shot","2PT Field Goal","Restricted Area","Center(C)","Less Than 8 ft.",0,0,0,1,1],["0020400199",558,4,0,8,"Missed Shot","Layup Shot","2PT Field Goal","Restricted Area","Center(C)","Less Than 8 ft.",0,0,0,1,0],["0020400213",482,4,5,4,"Missed Shot","Layup Shot","2PT Field Goal","Restricted Area","Center(C)","Less Than 8 ft.",0,0,0,1,0],["0020400213",483,4,5,2,"Made Shot","Tip Shot","2PT Field Goal","Restricted Area","Center(C)","Less Than 8 ft.",0,0,0,1,1],["0020400213",515,4,3,5,"Missed Shot","Jump Shot","2PT Field Goal","In The Paint (Non-RA)","Center(C)","Less Than 8 ft.",7,36,69,1,0],["0020400213",519,4,2,28,"Missed Shot","Layup Shot","2PT Field Goal","Restricted Area","Center(C)","Less Than 8 ft.",0,0,0,1,0],["0020400252",112,1,0,45,"Missed Shot","Layup Shot","2PT Field Goal","Restricted Area","Center(C)","Less Than 8 ft.",0,0,0,1,0],["0020400252",410,4,9,17,"Made Shot","Layup Shot","2PT Field Goal","Restricted Area","Center(C)","Less Than 8 ft.",0,0,0,1,1],["0020400252",421,4,8,27,"Missed Shot","Layup Shot","2PT Field Goal","Restricted Area","Center(C)","Less Than 8 ft.",0,0,0,1,0],["0020400762",356,3,1,59,"Missed Shot","Jump Shot","2PT Field Goal","Restricted Area","Center(C)","Less Than 8 ft.",3,-36,13,1,0],["0020400762",367,3,1,5,"Missed Shot","Jump Shot","2PT Field Goal","Mid-Range","Right Side(R)","8-16 ft.",12,123,15,1,0],["0020400783",494,4,3,49,"Missed Shot","Jump Shot","2PT Field Goal","In The Paint (Non-RA)","Center(C)","Less Than 8 ft.",6,5,64,1,0],["0020400783",504,4,2,54,"Missed Shot","Hook Shot","2PT Field Goal","In The Paint (Non-RA)","Left Side(L)","8-16 ft.",8,-69,53,1,0],["0020400783",516,4,2,16,"Missed Shot","Layup Shot","2PT Field Goal","Restricted Area","Center(C)","Less Than 8 ft.",0,0,0,1,0],["0020400783",533,4,0,42,"Made Shot","Layup Shot","2PT Field Goal","Restricted Area","Center(C)","Less Than 8 ft.",0,0,0,1,1],["0020400856",457,4,3,8,"Made Shot","Jump Hook Shot","2PT Field Goal","In The Paint (Non-RA)","Center(C)","Less Than 8 ft.",5,5,59,1,1],["0020400856",472,4,2,13,"Missed Shot","Jump Shot","2PT Field Goal","In The Paint (Non-RA)","Center(C)","Less Than 8 ft.",6,-67,17,1,0],["0020400856",475,4,1,42,"Missed Shot","Reverse Layup Shot","2PT Field Goal","Restricted Area","Center(C)","Less Than 8 ft.",0,0,0,1,0],["0020400856",493,4,0,12,"Made Shot","Layup Shot","2PT Field Goal","Restricted Area","Center(C)","Less Than 8 ft.",0,0,0,1,1],["0020400869",438,4,0,50,"Made Shot","Layup Shot","2PT Field Goal","Restricted Area","Center(C)","Less Than 8 ft.",0,0,0,1,1],["0020400887",431,4,5,21,"Made Shot","Hook Shot","2PT Field Goal","In The Paint (Non-RA)","Center(C)","Less Than 8 ft.",7,-46,61,1,1],["0020400887",474,4,1,49,"Made Shot","Jump Bank Shot","2PT Field Goal","Restricted Area","Center(C)","Less Than 8 ft.",3,-39,0,1,1],["0020400887",484,4,0,36,"Missed Shot","Turnaround Jump Shot","2PT Field Goal","In The Paint (Non-RA)","Center(C)","Less Than 8 ft.",4,36,18,1,0],["0020400926",476,4,1,5,"Made Shot","Driving Layup Shot","2PT Field Goal","Restricted Area","Center(C)","Less Than 8 ft.",0,0,0,1,1],["0020400969",122,2,10,56,"Made Shot","Driving Layup Shot","2PT Field Goal","Restricted Area","Center(C)","Less Than 8 ft.",0,0,0,1,1],["0020400985",99,1,2,20,"Made Shot","Hook Shot","2PT Field Goal","Mid-Range","Left Side(L)","8-16 ft.",8,-82,7,1,1],["0020400985",101,1,1,44,"Made Shot","Layup Shot","2PT Field Goal","Restricted Area","Center(C)","Less Than 8 ft.",0,0,0,1,1],["0020400985",367,3,1,39,"Missed Shot","Jump Shot","2PT Field Goal","In The Paint (Non-RA)","Center(C)","8-16 ft.",10,11,104,1,0],["0020400985",386,4,11,44,"Made Shot","Hook Shot","2PT Field Goal","In The Paint (Non-RA)","Center(C)","Less Than 8 ft.",7,74,5,1,1],["0020400985",397,4,10,50,"Missed Shot","Jump Shot","2PT Field Goal","In The Paint (Non-RA)","Center(C)","Less Than 8 ft.",6,62,25,1,0],["0020401006",199,2,6,27,"Made Shot","Slam Dunk Shot","2PT Field Goal","Restricted Area","Center(C)","Less Than 8 ft.",0,0,0,1,1],["0020401038",117,1,1,29,"Made Shot","Layup Shot","2PT Field Goal","Restricted Area","Center(C)","Less Than 8 ft.",0,0,0,1,1],["0020401038",125,1,0,42,"Made Shot","Layup Shot","2PT Field Goal","Restricted Area","Center(C)","Less Than 8 ft.",0,0,0,1,1],["0020401068",334,3,4,47,"Missed Shot","Hook Shot","2PT Field Goal","In The Paint (Non-RA)","Center(C)","Less Than 8 ft.",5,0,51,1,0],["0020401068",339,3,4,9,"Made Shot","Dunk Shot","2PT Field Goal","Restricted Area","Center(C)","Less Than 8 ft.",0,0,0,1,1],["0020401068",370,3,2,31,"Made Shot","Driving Layup Shot","2PT Field Goal","Restricted Area","Center(C)","Less Than 8 ft.",0,0,0,1,1],["0020401101",448,4,2,12,"Missed Shot","Layup Shot","2PT Field Goal","Restricted Area","Center(C)","Less Than 8 ft.",0,0,0,1,0],["0020401101",457,4,1,40,"Made Shot","Hook Shot","2PT Field Goal","In The Paint (Non-RA)","Center(C)","Less Than 8 ft.",5,-41,36,1,1],["0020401101",460,4,1,13,"Made Shot","Reverse Layup Shot","2PT Field Goal","Restricted Area","Center(C)","Less Than 8 ft.",0,0,0,1,1],["0020401121",366,4,8,16,"Made Shot","Reverse Layup Shot","2PT Field Goal","Restricted Area","Center(C)","Less Than 8 ft.",0,0,0,1,1],["0020401148",184,2,4,37,"Made Shot","Jump Shot","2PT Field Goal","In The Paint (Non-RA)","Left Side(L)","8-16 ft.",13,-71,110,1,1],["0020401148",349,3,2,45,"Missed Shot","Layup Shot","2PT Field Goal","Restricted Area","Center(C)","Less Than 8 ft.",0,0,0,1,0],["0020401162",355,4,9,55,"Missed Shot","Hook Shot","2PT Field Goal","In The Paint (Non-RA)","Center(C)","Less Than 8 ft.",4,20,35,1,0],["0020401162",370,4,8,42,"Missed Shot","Jump Shot","2PT Field Goal","Mid-Range","Right Side Center(RC)","16-24 ft.",18,67,173,1,0],["0020401162",375,4,8,1,"Missed Shot","Jump Shot","2PT Field Goal","Mid-Range","Right Side(R)","16-24 ft.",18,184,0,1,0],["0020401162",383,4,7,47,"Missed Shot","Jump Shot","2PT Field Goal","Mid-Range","Left Side(L)","8-16 ft.",8,-89,3,1,0],["0020401162",406,4,6,0,"Missed Shot","Jump Shot","2PT Field Goal","In The Paint (Non-RA)","Center(C)","Less Than 8 ft.",5,39,43,1,0],["0020401162",419,4,5,3,"Made Shot","Hook Shot","2PT Field Goal","In The Paint (Non-RA)","Center(C)","Less Than 8 ft.",6,11,64,1,1],["0020401162",462,4,1,16,"Made Shot","Dunk Shot","2PT Field Goal","Restricted Area","Center(C)","Less Than 8 ft.",0,0,0,1,1],["0020401162",468,4,1,11,"Made Shot","Layup Shot","2PT Field Goal","Restricted Area","Center(C)","Less Than 8 ft.",0,0,0,1,1],["0020401178",342,3,2,49,"Made Shot","Hook Shot","2PT Field Goal","In The Paint (Non-RA)","Center(C)","Less Than 8 ft.",7,-51,53,1,1],["0020401178",394,4,10,47,"Missed Shot","Jump Shot","2PT Field Goal","In The Paint (Non-RA)","Center(C)","Less Than 8 ft.",6,-10,63,1,0],["0020401178",454,4,5,26,"Missed Shot","Jump Shot","2PT Field Goal","In The Paint (Non-RA)","Right Side(R)","8-16 ft.",8,71,46,1,0],["0020401178",461,4,4,50,"Missed Shot","Jump Shot","2PT Field Goal","Mid-Range","Left Side Center(LC)","16-24 ft.",16,-59,153,1,0],["0020401188",103,1,2,1,"Missed Shot","Hook Shot","2PT Field Goal","Restricted Area","Center(C)","Less Than 8 ft.",3,28,17,1,0],["0020401188",110,1,1,38,"Made Shot","Dunk Shot","2PT Field Goal","Restricted Area","Center(C)","Less Than 8 ft.",0,0,0,1,1],["0020401188",143,2,10,47,"Missed Shot","Layup Shot","2PT Field Goal","Restricted Area","Center(C)","Less Than 8 ft.",0,0,0,1,0],["0020401188",359,3,2,40,"Made Shot","Slam Dunk Shot","2PT Field Goal","Restricted Area","Center(C)","Less Than 8 ft.",0,0,0,1,1],["0020401188",363,3,2,6,"Missed Shot","Hook Shot","2PT Field Goal","In The Paint (Non-RA)","Center(C)","Less Than 8 ft.",5,-57,-3,1,0],["0020401188",385,3,0,39,"Made Shot","Layup Shot","2PT Field Goal","Restricted Area","Center(C)","Less Than 8 ft.",0,0,0,1,1],["0020401188",460,4,4,47,"Made Shot","Dunk Shot","2PT Field Goal","Restricted Area","Center(C)","Less Than 8 ft.",0,0,0,1,1],["0020401188",482,4,2,45,"Made Shot","Jump Shot","2PT Field Goal","Mid-Range","Left Side(L)","16-24 ft.",17,-168,63,1,1],["0020401188",499,4,1,40,"Missed Shot","Layup Shot","2PT Field Goal","Restricted Area","Center(C)","Less Than 8 ft.",0,0,0,1,0],["0020401202",82,1,2,40,"Missed Shot","Running Jump Shot","2PT Field Goal","In The Paint (Non-RA)","Center(C)","Less Than 8 ft.",4,21,36,1,0],["0020401202",317,3,3,23,"Missed Shot","Layup Shot","2PT Field Goal","Restricted Area","Center(C)","Less Than 8 ft.",0,0,0,1,0],["0020401202",319,3,3,20,"Made Shot","Layup Shot","2PT Field Goal","Restricted Area","Center(C)","Less Than 8 ft.",0,0,0,1,1],["0020401202",339,3,0,38,"Missed Shot","Hook Shot","2PT Field Goal","In The Paint (Non-RA)","Center(C)","Less Than 8 ft.",4,11,48,1,0],["0020401221",143,2,6,52,"Made Shot","Turnaround Jump Shot","2PT Field Goal","In The Paint (Non-RA)","Left Side(L)","8-16 ft.",8,-79,33,1,1],["0020401221",149,2,6,2,"Made Shot","Jump Hook Shot","2PT Field Goal","In The Paint (Non-RA)","Left Side(L)","8-16 ft.",8,-74,45,1,1],["0020401221",151,2,5,29,"Missed Shot","Layup Shot","2PT Field Goal","Restricted Area","Center(C)","Less Than 8 ft.",0,0,0,1,0],["0020401221",152,2,5,26,"Missed Shot","Dunk Shot","2PT Field Goal","Restricted Area","Center(C)","Less Than 8 ft.",0,0,0,1,0]]}},"GameList":{"20400762":[2599,"0020400762","02/15/2005","ORL","Magic","LAC","Clippers",1,1,0,2,0,0,1,1,0,0,4],"20401055":[2599,"0020401055","03/30/2005","ORL","Magic","TOR","Raptors",0,0,0,0,0,0,0,1,0,0,1],"20401202":[2599,"0020401202","04/18/2005","ORL","Magic","IND","Pacers",0,3,1,4,0,0,1,0,0,0,5],"20401079":[2599,"0020401079","04/02/2005","ORL","Magic","NJN","Nets",0,1,0,0,0,0,1,0,0,0,0],"20401121":[2599,"0020401121","04/08/2005","ORL","Magic","DET","Pistons",0,2,1,1,0,0,0,0,0,0,0],"20400783":[2599,"0020400783","02/22/2005","ORL","Magic","IND","Pacers",1,4,1,4,0,0,0,1,0,0,1],"20400856":[2599,"0020400856","03/04/2005","ORL","Magic","NYK","Knicks",0,4,2,4,0,0,1,0,0,0,1],"20400825":[2599,"0020400825","02/27/2005","ORL","Magic","MIA","Heat",0,0,0,0,0,0,2,0,0,0,0],"20401006":[2599,"0020401006","03/24/2005","ORL","Magic","CHA","Bobcats",0,2,1,1,0,0,2,0,0,0,2],"20401109":[2599,"0020401109","04/06/2005","ORL","Magic","CHI","Bulls",1,0,0,0,0,0,1,1,0,0,0],"20400174":[2599,"0020400174","11/26/2004","ORL","Magic","ATL","Hawks",0,2,1,1,0,0,1,0,0,0,0],"20400869":[2599,"0020400869","03/05/2005","ORL","Magic","NJN","Nets",1,2,1,1,0,0,0,1,0,0,0],"20400887":[2599,"0020400887","03/08/2005","ORL","Magic","CLE","Cavaliers",0,7,2,3,0,0,1,1,0,0,1],"20401162":[2599,"0020401162","04/13/2005","ORL","Magic","DET","Pistons",0,9,3,8,0,0,4,0,1,0,4],"20401148":[2599,"0020401148","04/11/2005","ORL","Magic","CLE","Cavaliers",3,2,1,2,0,0,4,0,0,1,8],"20401068":[2599,"0020401068","04/01/2005","ORL","Magic","WAS","Wizards",0,4,2,3,0,0,2,0,0,0,2],"20400271":[2599,"0020400271","12/08/2004","ORL","Magic","UTA","Jazz",0,0,0,0,0,0,0,0,0,0,0],"20400199":[2599,"0020400199","11/29/2004","ORL","Magic","BOS","Celtics",0,7,2,3,0,0,0,0,0,0,2],"20400252":[2599,"0020400252","12/06/2004","ORL","Magic","DEN","Nuggets",2,2,1,3,0,0,5,0,0,0,5],"20400213":[2599,"0020400213","12/01/2004","ORL","Magic","TOR","Raptors",0,2,1,4,0,0,3,0,0,0,1],"20401188":[2599,"0020401188","04/16/2005","ORL","Magic","MIL","Bucks",3,13,5,9,0,0,5,1,2,2,12],"20400969":[2599,"0020400969","03/18/2005","ORL","Magic","SEA","SuperSonics",1,4,1,1,0,0,0,0,0,0,5],"20400985":[2599,"0020400985","03/21/2005","ORL","Magic","CHA","Bobcats",1,6,3,5,0,0,2,0,0,0,3],"20401101":[2599,"0020401101","04/05/2005","ORL","Magic","DAL","Mavericks",1,4,2,3,0,0,0,0,0,0,1],"20401178":[2599,"0020401178","04/15/2005","ORL","Magic","CHI","Bulls",2,3,1,4,0,0,2,0,0,0,4],"20401038":[2599,"0020401038","03/28/2005","ORL","Magic","ATL","Hawks",3,5,2,2,0,0,1,0,0,0,4],"20400942":[2599,"0020400942","03/15/2005","ORL","Magic","SAC","Kings",1,0,0,0,0,0,0,0,0,0,0],"20400926":[2599,"0020400926","03/13/2005","ORL","Magic","NJN","Nets",0,2,1,1,0,0,0,0,1,0,0],"20400742":[2599,"0020400742","02/12/2005","ORL","Magic","PHI","76ers",0,0,0,0,0,0,0,0,0,0,0],"20401221":[2599,"0020401221","04/20/2005","ORL","Magic","MIA","Heat",1,4,2,4,0,0,2,0,0,0,3],"20400906":[2599,"0020400906","03/11/2005","ORL","Magic","MIN","Timberwolves",0,0,0,0,0,0,1,0,0,0,0]},"data":[24.0,31,0,7.2,1.2,2.4,0.507,0.0,0.0,0.0,0.7,1.3,0.538,0.8,1.4,2.2,0.1,0.1,0.2,0.7,1.4,3.1],"rank":{"PerGame":[null,null,null,null,null,null,null,null,null,null,null,null,null,null,null,null,null,null,null],"Totals":[384,358,373,null,301,384,null,341,328,null,298,352,343,421,394,287,341,359,368]},"team":"ORL"}},"headerData":["PLAYER_AGE","GP","GS","MIN","FGM","FGA","FG_PCT","FG3M","FG3A","FG3_PCT","FTM","FTA","FT_PCT","OREB","DREB","REB","AST","STL","BLK","TOV","PF","PTS"],"PostSeason":{"2003":{"shotchart":{"Averages":{"header":["SHOT_ZONE_BASIC","SHOT_ZONE_AREA","SHOT_ZONE_RANGE","FGA","FGM","FG_PCT"],"row":[["Above the Break 3","Back Court(BC)","Back Court Shot",3,1,0.333],["Above the Break 3","Center(C)","24+ ft.",373,109,0.292],["Above the Break 3","Left Side Center(LC)","24+ ft.",775,242,0.312],["Above the Break 3","Right Side Center(RC)","24+ ft.",696,241,0.346],["Backcourt","Back Court(BC)","Back Court Shot",24,0,0.0],["In The Paint (Non-RA)","Center(C)","8-16 ft.",360,122,0.339],["In The Paint (Non-RA)","Center(C)","Less Than 8 ft.",1048,401,0.383],["In The Paint (Non-RA)","Left Side(L)","8-16 ft.",126,45,0.357],["In The Paint (Non-RA)","Right Side(R)","8-16 ft.",112,43,0.384],["Left Corner 3","Left Side(L)","24+ ft.",372,124,0.333],["Mid-Range","Center(C)","8-16 ft.",85,32,0.376],["Mid-Range","Center(C)","16-24 ft.",376,144,0.383],["Mid-Range","Left Side Center(LC)","16-24 ft.",627,219,0.349],["Mid-Range","Left Side(L)","16-24 ft.",690,244,0.354],["Mid-Range","Left Side(L)","8-16 ft.",781,267,0.342],["Mid-Range","Right Side Center(RC)","16-24 ft.",599,225,0.376],["Mid-Range","Right Side(R)","16-24 ft.",557,210,0.377],["Mid-Range","Right Side(R)","8-16 ft.",790,310,0.392],["Restricted Area","Center(C)","Less Than 8 ft.",3905,2217,0.568],["Right Corner 3","Right Side(R)","24+ ft.",318,113,0.355]]},"Details":{"header":["GAME_ID","GAME_EVENT_ID","PERIOD","MINUTES_REMAINING","SECONDS_REMAINING","EVENT_TYPE","ACTION_TYPE","SHOT_TYPE","SHOT_ZONE_BASIC","SHOT_ZONE_AREA","SHOT_ZONE_RANGE","SHOT_DISTANCE","LOC_X","LOC_Y","SHOT_ATTEMPTED_FLAG","SHOT_MADE_FLAG"],"row":[["0040300101",399,4,10,11,"Made Shot","Layup Shot","2PT Field Goal","Restricted Area","Center(C)","Less Than 8 ft.",2,-23,18,1,1]]}},"GameList":{"40300104":[2599,"0040300104","04/25/2004","BOS","Celtics","IND","Pacers",0,0,0,0,0,0,0,0,0,1,1],"40300101":[2599,"0040300101","04/17/2004","BOS","Celtics","IND","Pacers",0,2,1,1,0,0,2,0,0,0,1],"40300103":[2599,"0040300103","04/23/2004","BOS","Celtics","IND","Pacers",1,0,0,0,0,0,0,1,0,0,1]},"data":[23.0,3,0,3.3,0.3,0.3,1.0,0.0,0.0,0.0,0.0,0.0,0.0,0.7,0.3,1.0,0.3,0.0,0.3,0.3,0.7,0.7],"rank":{"PerGame":[null,null,null,null,null,null,null,null,null,null,null,null,null,null,null,null,null,null,null],"Totals":[173,163,175,null,96,128,null,157,159,null,133,166,158,149,158,100,158,166,156]},"team":"BOS"}}}}